**************************************************
Report         : matched_points

Reference      : r:/WORK/g03_top_IO
Implementation : i:/WORK/g03_top_IO
Version        : Q-2019.12-SP5
Date           : Thu Aug  6 10:51:56 2026
**************************************************

4733 Matched points:

  Ref  LAT        Name(Last) r:/WORK/g03_top_IO/u_g03_soc/u_global_clk_sel/u_icg_hjx/u_enable_latch
  Impl LAT        Name(Last) i:/WORK/g03_top_IO/u_g03_soc/u_global_clk_sel/u_icg_hjx/u_enable_latch

  Ref  LAT        Name(Last) r:/WORK/g03_top_IO/u_g03_soc/u_global_clk_sel/u_icg_wzc/u_enable_latch
  Impl LAT        Name(Last) i:/WORK/g03_top_IO/u_g03_soc/u_global_clk_sel/u_icg_wzc/u_enable_latch

  Ref  LAT        Name(Last) r:/WORK/g03_top_IO/u_g03_soc/u_global_clk_sel/u_icg_xyh/u_enable_latch
  Impl LAT        Name(Last) i:/WORK/g03_top_IO/u_g03_soc/u_global_clk_sel/u_icg_xyh/u_enable_latch

  Ref  LAT        Name(Last) r:/WORK/g03_top_IO/u_g03_soc/u_global_clk_sel/u_icg_xzr/u_enable_latch
  Impl LAT        Name(Last) i:/WORK/g03_top_IO/u_g03_soc/u_global_clk_sel/u_icg_xzr/u_enable_latch

  Ref  DFF        Name(Last) r:/WORK/g03_top_IO/u_g03_soc/u_core_hjx/core_bus_owner_r_reg
  Impl DFF        Name(Last) i:/WORK/g03_top_IO/u_g03_soc/u_core_hjx/core_bus_owner_r_reg

  Ref  DFF        Name(Last) r:/WORK/g03_top_IO/u_g03_soc/u_core_hjx/core_bus_pending_r_reg
  Impl DFF        Name(Last) i:/WORK/g03_top_IO/u_g03_soc/u_core_hjx/core_bus_pending_r_reg

  Ref  DFF        Name(Last) r:/WORK/g03_top_IO/u_g03_soc/u_core_hjx/u_exu/u_exu_ext_if/done_seen_reg
  Impl DFF        Name(Last) i:/WORK/g03_top_IO/u_g03_soc/u_core_hjx/u_exu/u_exu_ext_if/done_seen_reg

  Ref  DFF        Name(Last) r:/WORK/g03_top_IO/u_g03_soc/u_core_hjx/u_exu/u_exu_ext_if/send_done_r_reg
  Impl DFF        Name(Last) i:/WORK/g03_top_IO/u_g03_soc/u_core_hjx/u_exu/u_exu_ext_if/send_done_r_reg

  Ref  DFF        Name(Last) r:/WORK/g03_top_IO/u_g03_soc/u_core_hjx/u_exu/u_exu_ext_if/state_reg[0]
  Impl DFF        Name(Last) i:/WORK/g03_top_IO/u_g03_soc/u_core_hjx/u_exu/u_exu_ext_if/state_reg[0]

  Ref  DFF        Name(Last) r:/WORK/g03_top_IO/u_g03_soc/u_core_hjx/u_exu/u_exu_ext_if/state_reg[1]
  Impl DFF        Name(Last) i:/WORK/g03_top_IO/u_g03_soc/u_core_hjx/u_exu/u_exu_ext_if/state_reg[1]

  Ref  DFF        Name(Last) r:/WORK/g03_top_IO/u_g03_soc/u_core_hjx/u_exu/u_exu_ext_if/state_reg[2]
  Impl DFF        Name(Last) i:/WORK/g03_top_IO/u_g03_soc/u_core_hjx/u_exu/u_exu_ext_if/state_reg[2]

  Ref  DFF        Name(Last) r:/WORK/g03_top_IO/u_g03_soc/u_core_hjx/u_exu/u_exu_ext_if/state_reg[3]
  Impl DFF        Name(Last) i:/WORK/g03_top_IO/u_g03_soc/u_core_hjx/u_exu/u_exu_ext_if/state_reg[3]

  Ref  DFF        Name(Last) r:/WORK/g03_top_IO/u_g03_soc/u_core_hjx/u_exu/u_exu_ext_if/tx_data_reg[0]
  Impl DFF        Name(Last) i:/WORK/g03_top_IO/u_g03_soc/u_core_hjx/u_exu/u_exu_ext_if/tx_data_reg[0]

  Ref  DFF        Name(Last) r:/WORK/g03_top_IO/u_g03_soc/u_core_hjx/u_exu/u_exu_ext_if/tx_data_reg[1]
  Impl DFF        Name(Last) i:/WORK/g03_top_IO/u_g03_soc/u_core_hjx/u_exu/u_exu_ext_if/tx_data_reg[1]

  Ref  DFF        Name(Last) r:/WORK/g03_top_IO/u_g03_soc/u_core_hjx/u_exu/u_exu_ext_if/tx_data_reg[2]
  Impl DFF        Name(Last) i:/WORK/g03_top_IO/u_g03_soc/u_core_hjx/u_exu/u_exu_ext_if/tx_data_reg[2]

  Ref  DFF        Name(Last) r:/WORK/g03_top_IO/u_g03_soc/u_core_hjx/u_exu/u_exu_ext_if/tx_data_reg[3]
  Impl DFF        Name(Last) i:/WORK/g03_top_IO/u_g03_soc/u_core_hjx/u_exu/u_exu_ext_if/tx_data_reg[3]

  Ref  DFF        Name(Last) r:/WORK/g03_top_IO/u_g03_soc/u_core_hjx/u_exu/u_exu_ext_if/tx_data_reg[4]
  Impl DFF        Name(Last) i:/WORK/g03_top_IO/u_g03_soc/u_core_hjx/u_exu/u_exu_ext_if/tx_data_reg[4]

  Ref  DFF        Name(Last) r:/WORK/g03_top_IO/u_g03_soc/u_core_hjx/u_exu/u_exu_ext_if/tx_data_reg[5]
  Impl DFF        Name(Last) i:/WORK/g03_top_IO/u_g03_soc/u_core_hjx/u_exu/u_exu_ext_if/tx_data_reg[5]

  Ref  DFF        Name(Last) r:/WORK/g03_top_IO/u_g03_soc/u_core_hjx/u_exu/u_exu_ext_if/tx_data_reg[6]
  Impl DFF        Name(Last) i:/WORK/g03_top_IO/u_g03_soc/u_core_hjx/u_exu/u_exu_ext_if/tx_data_reg[6]

  Ref  DFF        Name(Last) r:/WORK/g03_top_IO/u_g03_soc/u_core_hjx/u_exu/u_exu_ext_if/tx_data_reg[7]
  Impl DFF        Name(Last) i:/WORK/g03_top_IO/u_g03_soc/u_core_hjx/u_exu/u_exu_ext_if/tx_data_reg[7]

  Ref  DFF        Name(Last) r:/WORK/g03_top_IO/u_g03_soc/u_core_hjx/u_exu/u_exu_ext_rt/done_seen_reg
  Impl DFF        Name(Last) i:/WORK/g03_top_IO/u_g03_soc/u_core_hjx/u_exu/u_exu_ext_rt/done_seen_reg

  Ref  DFF        Name(Last) r:/WORK/g03_top_IO/u_g03_soc/u_core_hjx/u_exu/u_exu_ext_rt/input_done_r_reg
  Impl DFF        Name(Last) i:/WORK/g03_top_IO/u_g03_soc/u_core_hjx/u_exu/u_exu_ext_rt/input_done_r_reg

  Ref  DFF        Name(Last) r:/WORK/g03_top_IO/u_g03_soc/u_core_hjx/u_exu/u_exu_ext_rt/state_reg[0]
  Impl DFF        Name(Last) i:/WORK/g03_top_IO/u_g03_soc/u_core_hjx/u_exu/u_exu_ext_rt/state_reg[0]

  Ref  DFF        Name(Last) r:/WORK/g03_top_IO/u_g03_soc/u_core_hjx/u_exu/u_exu_ext_rt/state_reg[1]
  Impl DFF        Name(Last) i:/WORK/g03_top_IO/u_g03_soc/u_core_hjx/u_exu/u_exu_ext_rt/state_reg[1]

  Ref  DFF        Name(Last) r:/WORK/g03_top_IO/u_g03_soc/u_core_hjx/u_exu/u_exu_ext_rt/state_reg[2]
  Impl DFF        Name(Last) i:/WORK/g03_top_IO/u_g03_soc/u_core_hjx/u_exu/u_exu_ext_rt/state_reg[2]

  Ref  DFF        Name(Last) r:/WORK/g03_top_IO/u_g03_soc/u_core_hjx/u_exu/u_exu_ext_rt/state_reg[3]
  Impl DFF        Name(Last) i:/WORK/g03_top_IO/u_g03_soc/u_core_hjx/u_exu/u_exu_ext_rt/state_reg[3]

  Ref  DFF        Name(Last) r:/WORK/g03_top_IO/u_g03_soc/u_core_hjx/u_exu/u_exu_ext_rt/temp_data_reg[10]
  Impl DFF        Name(Last) i:/WORK/g03_top_IO/u_g03_soc/u_core_hjx/u_exu/u_exu_ext_rt/temp_data_reg[10]

  Ref  DFF        Name(Last) r:/WORK/g03_top_IO/u_g03_soc/u_core_hjx/u_exu/u_exu_ext_rt/temp_data_reg[11]
  Impl DFF        Name(Last) i:/WORK/g03_top_IO/u_g03_soc/u_core_hjx/u_exu/u_exu_ext_rt/temp_data_reg[11]

  Ref  DFF        Name(Last) r:/WORK/g03_top_IO/u_g03_soc/u_core_hjx/u_exu/u_exu_ext_rt/temp_data_reg[12]
  Impl DFF        Name(Last) i:/WORK/g03_top_IO/u_g03_soc/u_core_hjx/u_exu/u_exu_ext_rt/temp_data_reg[12]

  Ref  DFF        Name(Last) r:/WORK/g03_top_IO/u_g03_soc/u_core_hjx/u_exu/u_exu_ext_rt/temp_data_reg[13]
  Impl DFF        Name(Last) i:/WORK/g03_top_IO/u_g03_soc/u_core_hjx/u_exu/u_exu_ext_rt/temp_data_reg[13]

  Ref  DFF        Name(Last) r:/WORK/g03_top_IO/u_g03_soc/u_core_hjx/u_exu/u_exu_ext_rt/temp_data_reg[14]
  Impl DFF        Name(Last) i:/WORK/g03_top_IO/u_g03_soc/u_core_hjx/u_exu/u_exu_ext_rt/temp_data_reg[14]

  Ref  DFF        Name(Last) r:/WORK/g03_top_IO/u_g03_soc/u_core_hjx/u_exu/u_exu_ext_rt/temp_data_reg[7]
  Impl DFF        Name(Last) i:/WORK/g03_top_IO/u_g03_soc/u_core_hjx/u_exu/u_exu_ext_rt/temp_data_reg[7]

  Ref  DFF        Name(Last) r:/WORK/g03_top_IO/u_g03_soc/u_core_hjx/u_exu/u_exu_ext_rt/temp_data_reg[8]
  Impl DFF        Name(Last) i:/WORK/g03_top_IO/u_g03_soc/u_core_hjx/u_exu/u_exu_ext_rt/temp_data_reg[8]

  Ref  DFF        Name(Last) r:/WORK/g03_top_IO/u_g03_soc/u_core_hjx/u_exu/u_exu_ext_rt/temp_data_reg[9]
  Impl DFF        Name(Last) i:/WORK/g03_top_IO/u_g03_soc/u_core_hjx/u_exu/u_exu_ext_rt/temp_data_reg[9]

  Ref  DFF        Name(Last) r:/WORK/g03_top_IO/u_g03_soc/u_core_hjx/u_exu/u_exu_ext_sid/char_idx_reg[0]
  Impl DFF        Name(Last) i:/WORK/g03_top_IO/u_g03_soc/u_core_hjx/u_exu/u_exu_ext_sid/char_idx_reg[0]

  Ref  DFF        Name(Last) r:/WORK/g03_top_IO/u_g03_soc/u_core_hjx/u_exu/u_exu_ext_sid/char_idx_reg[1]
  Impl DFF        Name(Last) i:/WORK/g03_top_IO/u_g03_soc/u_core_hjx/u_exu/u_exu_ext_sid/char_idx_reg[1]

  Ref  DFF        Name(Last) r:/WORK/g03_top_IO/u_g03_soc/u_core_hjx/u_exu/u_exu_ext_sid/char_idx_reg[2]
  Impl DFF        Name(Last) i:/WORK/g03_top_IO/u_g03_soc/u_core_hjx/u_exu/u_exu_ext_sid/char_idx_reg[2]

  Ref  DFF        Name(Last) r:/WORK/g03_top_IO/u_g03_soc/u_core_hjx/u_exu/u_exu_ext_sid/char_idx_reg[3]
  Impl DFF        Name(Last) i:/WORK/g03_top_IO/u_g03_soc/u_core_hjx/u_exu/u_exu_ext_sid/char_idx_reg[3]

  Ref  DFF        Name(Last) r:/WORK/g03_top_IO/u_g03_soc/u_core_hjx/u_exu/u_exu_ext_sid/done_seen_reg
  Impl DFF        Name(Last) i:/WORK/g03_top_IO/u_g03_soc/u_core_hjx/u_exu/u_exu_ext_sid/done_seen_reg

  Ref  DFF        Name(Last) r:/WORK/g03_top_IO/u_g03_soc/u_core_hjx/u_exu/u_exu_ext_sid/state_reg[0]
  Impl DFF        Name(Last) i:/WORK/g03_top_IO/u_g03_soc/u_core_hjx/u_exu/u_exu_ext_sid/state_reg[0]

  Ref  DFF        Name(Last) r:/WORK/g03_top_IO/u_g03_soc/u_core_hjx/u_exu/u_exu_ext_sid/state_reg[1]
  Impl DFF        Name(Last) i:/WORK/g03_top_IO/u_g03_soc/u_core_hjx/u_exu/u_exu_ext_sid/state_reg[1]

  Ref  DFF        Name(Last) r:/WORK/g03_top_IO/u_g03_soc/u_core_hjx/u_exu/u_exu_ext_sid/state_reg[2]
  Impl DFF        Name(Last) i:/WORK/g03_top_IO/u_g03_soc/u_core_hjx/u_exu/u_exu_ext_sid/state_reg[2]

  Ref  DFF        Name(Last) r:/WORK/g03_top_IO/u_g03_soc/u_core_hjx/u_exu/u_exu_ext_sid/state_reg[3]
  Impl DFF        Name(Last) i:/WORK/g03_top_IO/u_g03_soc/u_core_hjx/u_exu/u_exu_ext_sid/state_reg[3]

  Ref  DFF        Name(Last) r:/WORK/g03_top_IO/u_g03_soc/u_core_hjx/u_exu/u_exu_mem/mem_rsp_hsked_r_reg
  Impl DFF        Name(Last) i:/WORK/g03_top_IO/u_g03_soc/u_core_hjx/u_exu/u_exu_mem/mem_rsp_hsked_r_reg

  Ref  DFF        Name(Last) r:/WORK/g03_top_IO/u_g03_soc/u_core_hjx/u_idu_exu/imm_ff/qout_r_reg[0]
  Impl DFF        Name(Last) i:/WORK/g03_top_IO/u_g03_soc/u_core_hjx/u_idu_exu/imm_ff/qout_r_reg[0]

  Ref  DFF        Name(Last) r:/WORK/g03_top_IO/u_g03_soc/u_core_hjx/u_idu_exu/imm_ff/qout_r_reg[10]
  Impl DFF        Name(Last) i:/WORK/g03_top_IO/u_g03_soc/u_core_hjx/u_idu_exu/imm_ff/qout_r_reg[10]

  Ref  DFF        Name(Last) r:/WORK/g03_top_IO/u_g03_soc/u_core_hjx/u_idu_exu/imm_ff/qout_r_reg[11]
  Impl DFF        Name(Last) i:/WORK/g03_top_IO/u_g03_soc/u_core_hjx/u_idu_exu/imm_ff/qout_r_reg[11]

  Ref  DFF        Name(Last) r:/WORK/g03_top_IO/u_g03_soc/u_core_hjx/u_idu_exu/imm_ff/qout_r_reg[12]
  Impl DFF        Name(Last) i:/WORK/g03_top_IO/u_g03_soc/u_core_hjx/u_idu_exu/imm_ff/qout_r_reg[12]

  Ref  DFF        Name(Last) r:/WORK/g03_top_IO/u_g03_soc/u_core_hjx/u_idu_exu/imm_ff/qout_r_reg[13]
  Impl DFF        Name(Last) i:/WORK/g03_top_IO/u_g03_soc/u_core_hjx/u_idu_exu/imm_ff/qout_r_reg[13]

  Ref  DFF        Name(Last) r:/WORK/g03_top_IO/u_g03_soc/u_core_hjx/u_idu_exu/imm_ff/qout_r_reg[14]
  Impl DFF        Name(Last) i:/WORK/g03_top_IO/u_g03_soc/u_core_hjx/u_idu_exu/imm_ff/qout_r_reg[14]

  Ref  DFF        Name(Last) r:/WORK/g03_top_IO/u_g03_soc/u_core_hjx/u_idu_exu/imm_ff/qout_r_reg[15]
  Impl DFF        Name(Last) i:/WORK/g03_top_IO/u_g03_soc/u_core_hjx/u_idu_exu/imm_ff/qout_r_reg[15]

  Ref  DFF        Name(Last) r:/WORK/g03_top_IO/u_g03_soc/u_core_hjx/u_idu_exu/imm_ff/qout_r_reg[16]
  Impl DFF        Name(Last) i:/WORK/g03_top_IO/u_g03_soc/u_core_hjx/u_idu_exu/imm_ff/qout_r_reg[16]

  Ref  DFF        Name(Last) r:/WORK/g03_top_IO/u_g03_soc/u_core_hjx/u_idu_exu/imm_ff/qout_r_reg[17]
  Impl DFF        Name(Last) i:/WORK/g03_top_IO/u_g03_soc/u_core_hjx/u_idu_exu/imm_ff/qout_r_reg[17]

  Ref  DFF        Name(Last) r:/WORK/g03_top_IO/u_g03_soc/u_core_hjx/u_idu_exu/imm_ff/qout_r_reg[18]
  Impl DFF        Name(Last) i:/WORK/g03_top_IO/u_g03_soc/u_core_hjx/u_idu_exu/imm_ff/qout_r_reg[18]

  Ref  DFF        Name(Last) r:/WORK/g03_top_IO/u_g03_soc/u_core_hjx/u_idu_exu/imm_ff/qout_r_reg[19]
  Impl DFF        Name(Last) i:/WORK/g03_top_IO/u_g03_soc/u_core_hjx/u_idu_exu/imm_ff/qout_r_reg[19]

  Ref  DFF        Name(Last) r:/WORK/g03_top_IO/u_g03_soc/u_core_hjx/u_idu_exu/imm_ff/qout_r_reg[1]
  Impl DFF        Name(Last) i:/WORK/g03_top_IO/u_g03_soc/u_core_hjx/u_idu_exu/imm_ff/qout_r_reg[1]

  Ref  DFF        Name(Last) r:/WORK/g03_top_IO/u_g03_soc/u_core_hjx/u_idu_exu/imm_ff/qout_r_reg[20]
  Impl DFF        Name(Last) i:/WORK/g03_top_IO/u_g03_soc/u_core_hjx/u_idu_exu/imm_ff/qout_r_reg[20]

  Ref  DFF        Name(Last) r:/WORK/g03_top_IO/u_g03_soc/u_core_hjx/u_idu_exu/imm_ff/qout_r_reg[21]
  Impl DFF        Name(Last) i:/WORK/g03_top_IO/u_g03_soc/u_core_hjx/u_idu_exu/imm_ff/qout_r_reg[21]

  Ref  DFF        Name(Last) r:/WORK/g03_top_IO/u_g03_soc/u_core_hjx/u_idu_exu/imm_ff/qout_r_reg[22]
  Impl DFF        Name(Last) i:/WORK/g03_top_IO/u_g03_soc/u_core_hjx/u_idu_exu/imm_ff/qout_r_reg[22]

  Ref  DFF        Name(Last) r:/WORK/g03_top_IO/u_g03_soc/u_core_hjx/u_idu_exu/imm_ff/qout_r_reg[23]
  Impl DFF        Name(Last) i:/WORK/g03_top_IO/u_g03_soc/u_core_hjx/u_idu_exu/imm_ff/qout_r_reg[23]

  Ref  DFF        Name(Last) r:/WORK/g03_top_IO/u_g03_soc/u_core_hjx/u_idu_exu/imm_ff/qout_r_reg[24]
  Impl DFF        Name(Last) i:/WORK/g03_top_IO/u_g03_soc/u_core_hjx/u_idu_exu/imm_ff/qout_r_reg[24]

  Ref  DFF        Name(Last) r:/WORK/g03_top_IO/u_g03_soc/u_core_hjx/u_idu_exu/imm_ff/qout_r_reg[25]
  Impl DFF        Name(Last) i:/WORK/g03_top_IO/u_g03_soc/u_core_hjx/u_idu_exu/imm_ff/qout_r_reg[25]

  Ref  DFF        Name(Last) r:/WORK/g03_top_IO/u_g03_soc/u_core_hjx/u_idu_exu/imm_ff/qout_r_reg[26]
  Impl DFF        Name(Last) i:/WORK/g03_top_IO/u_g03_soc/u_core_hjx/u_idu_exu/imm_ff/qout_r_reg[26]

  Ref  DFF        Name(Last) r:/WORK/g03_top_IO/u_g03_soc/u_core_hjx/u_idu_exu/imm_ff/qout_r_reg[27]
  Impl DFF        Name(Last) i:/WORK/g03_top_IO/u_g03_soc/u_core_hjx/u_idu_exu/imm_ff/qout_r_reg[27]

  Ref  DFF        Name(Last) r:/WORK/g03_top_IO/u_g03_soc/u_core_hjx/u_idu_exu/imm_ff/qout_r_reg[28]
  Impl DFF        Name(Last) i:/WORK/g03_top_IO/u_g03_soc/u_core_hjx/u_idu_exu/imm_ff/qout_r_reg[28]

  Ref  DFF        Name(Last) r:/WORK/g03_top_IO/u_g03_soc/u_core_hjx/u_idu_exu/imm_ff/qout_r_reg[29]
  Impl DFF        Name(Last) i:/WORK/g03_top_IO/u_g03_soc/u_core_hjx/u_idu_exu/imm_ff/qout_r_reg[29]

  Ref  DFF        Name(Last) r:/WORK/g03_top_IO/u_g03_soc/u_core_hjx/u_idu_exu/imm_ff/qout_r_reg[2]
  Impl DFF        Name(Last) i:/WORK/g03_top_IO/u_g03_soc/u_core_hjx/u_idu_exu/imm_ff/qout_r_reg[2]

  Ref  DFF        Name(Last) r:/WORK/g03_top_IO/u_g03_soc/u_core_hjx/u_idu_exu/imm_ff/qout_r_reg[30]
  Impl DFF        Name(Last) i:/WORK/g03_top_IO/u_g03_soc/u_core_hjx/u_idu_exu/imm_ff/qout_r_reg[30]

  Ref  DFF        Name(Last) r:/WORK/g03_top_IO/u_g03_soc/u_core_hjx/u_idu_exu/imm_ff/qout_r_reg[31]
  Impl DFF        Name(Last) i:/WORK/g03_top_IO/u_g03_soc/u_core_hjx/u_idu_exu/imm_ff/qout_r_reg[31]

  Ref  DFF        Name(Last) r:/WORK/g03_top_IO/u_g03_soc/u_core_hjx/u_idu_exu/imm_ff/qout_r_reg[3]
  Impl DFF        Name(Last) i:/WORK/g03_top_IO/u_g03_soc/u_core_hjx/u_idu_exu/imm_ff/qout_r_reg[3]

  Ref  DFF        Name(Last) r:/WORK/g03_top_IO/u_g03_soc/u_core_hjx/u_idu_exu/imm_ff/qout_r_reg[4]
  Impl DFF        Name(Last) i:/WORK/g03_top_IO/u_g03_soc/u_core_hjx/u_idu_exu/imm_ff/qout_r_reg[4]

  Ref  DFF        Name(Last) r:/WORK/g03_top_IO/u_g03_soc/u_core_hjx/u_idu_exu/imm_ff/qout_r_reg[5]
  Impl DFF        Name(Last) i:/WORK/g03_top_IO/u_g03_soc/u_core_hjx/u_idu_exu/imm_ff/qout_r_reg[5]

  Ref  DFF        Name(Last) r:/WORK/g03_top_IO/u_g03_soc/u_core_hjx/u_idu_exu/imm_ff/qout_r_reg[6]
  Impl DFF        Name(Last) i:/WORK/g03_top_IO/u_g03_soc/u_core_hjx/u_idu_exu/imm_ff/qout_r_reg[6]

  Ref  DFF        Name(Last) r:/WORK/g03_top_IO/u_g03_soc/u_core_hjx/u_idu_exu/imm_ff/qout_r_reg[7]
  Impl DFF        Name(Last) i:/WORK/g03_top_IO/u_g03_soc/u_core_hjx/u_idu_exu/imm_ff/qout_r_reg[7]

  Ref  DFF        Name(Last) r:/WORK/g03_top_IO/u_g03_soc/u_core_hjx/u_idu_exu/imm_ff/qout_r_reg[8]
  Impl DFF        Name(Last) i:/WORK/g03_top_IO/u_g03_soc/u_core_hjx/u_idu_exu/imm_ff/qout_r_reg[8]

  Ref  DFF        Name(Last) r:/WORK/g03_top_IO/u_g03_soc/u_core_hjx/u_idu_exu/imm_ff/qout_r_reg[9]
  Impl DFF        Name(Last) i:/WORK/g03_top_IO/u_g03_soc/u_core_hjx/u_idu_exu/imm_ff/qout_r_reg[9]

  Ref  DFF        Name(Last) r:/WORK/g03_top_IO/u_g03_soc/u_core_hjx/u_idu_exu/info_bus_ff/qout_r_reg[0]
  Impl DFF        Name(Last) i:/WORK/g03_top_IO/u_g03_soc/u_core_hjx/u_idu_exu/info_bus_ff/qout_r_reg[0]

  Ref  DFF        Name(Last) r:/WORK/g03_top_IO/u_g03_soc/u_core_hjx/u_idu_exu/info_bus_ff/qout_r_reg[10]
  Impl DFF        Name(Last) i:/WORK/g03_top_IO/u_g03_soc/u_core_hjx/u_idu_exu/info_bus_ff/qout_r_reg[10]

  Ref  DFF        Name(Last) r:/WORK/g03_top_IO/u_g03_soc/u_core_hjx/u_idu_exu/info_bus_ff/qout_r_reg[11]
  Impl DFF        Name(Last) i:/WORK/g03_top_IO/u_g03_soc/u_core_hjx/u_idu_exu/info_bus_ff/qout_r_reg[11]

  Ref  DFF        Name(Last) r:/WORK/g03_top_IO/u_g03_soc/u_core_hjx/u_idu_exu/info_bus_ff/qout_r_reg[12]
  Impl DFF        Name(Last) i:/WORK/g03_top_IO/u_g03_soc/u_core_hjx/u_idu_exu/info_bus_ff/qout_r_reg[12]

  Ref  DFF        Name(Last) r:/WORK/g03_top_IO/u_g03_soc/u_core_hjx/u_idu_exu/info_bus_ff/qout_r_reg[13]
  Impl DFF        Name(Last) i:/WORK/g03_top_IO/u_g03_soc/u_core_hjx/u_idu_exu/info_bus_ff/qout_r_reg[13]

  Ref  DFF        Name(Last) r:/WORK/g03_top_IO/u_g03_soc/u_core_hjx/u_idu_exu/info_bus_ff/qout_r_reg[14]
  Impl DFF        Name(Last) i:/WORK/g03_top_IO/u_g03_soc/u_core_hjx/u_idu_exu/info_bus_ff/qout_r_reg[14]

  Ref  DFF        Name(Last) r:/WORK/g03_top_IO/u_g03_soc/u_core_hjx/u_idu_exu/info_bus_ff/qout_r_reg[15]
  Impl DFF        Name(Last) i:/WORK/g03_top_IO/u_g03_soc/u_core_hjx/u_idu_exu/info_bus_ff/qout_r_reg[15]

  Ref  DFF        Name(Last) r:/WORK/g03_top_IO/u_g03_soc/u_core_hjx/u_idu_exu/info_bus_ff/qout_r_reg[16]
  Impl DFF        Name(Last) i:/WORK/g03_top_IO/u_g03_soc/u_core_hjx/u_idu_exu/info_bus_ff/qout_r_reg[16]

  Ref  DFF        Name(Last) r:/WORK/g03_top_IO/u_g03_soc/u_core_hjx/u_idu_exu/info_bus_ff/qout_r_reg[1]
  Impl DFF        Name(Last) i:/WORK/g03_top_IO/u_g03_soc/u_core_hjx/u_idu_exu/info_bus_ff/qout_r_reg[1]

  Ref  DFF        Name(Last) r:/WORK/g03_top_IO/u_g03_soc/u_core_hjx/u_idu_exu/info_bus_ff/qout_r_reg[2]
  Impl DFF        Name(Last) i:/WORK/g03_top_IO/u_g03_soc/u_core_hjx/u_idu_exu/info_bus_ff/qout_r_reg[2]

  Ref  DFF        Name(Last) r:/WORK/g03_top_IO/u_g03_soc/u_core_hjx/u_idu_exu/info_bus_ff/qout_r_reg[3]
  Impl DFF        Name(Last) i:/WORK/g03_top_IO/u_g03_soc/u_core_hjx/u_idu_exu/info_bus_ff/qout_r_reg[3]

  Ref  DFF        Name(Last) r:/WORK/g03_top_IO/u_g03_soc/u_core_hjx/u_idu_exu/info_bus_ff/qout_r_reg[4]
  Impl DFF        Name(Last) i:/WORK/g03_top_IO/u_g03_soc/u_core_hjx/u_idu_exu/info_bus_ff/qout_r_reg[4]

  Ref  DFF        Name(Last) r:/WORK/g03_top_IO/u_g03_soc/u_core_hjx/u_idu_exu/info_bus_ff/qout_r_reg[5]
  Impl DFF        Name(Last) i:/WORK/g03_top_IO/u_g03_soc/u_core_hjx/u_idu_exu/info_bus_ff/qout_r_reg[5]

  Ref  DFF        Name(Last) r:/WORK/g03_top_IO/u_g03_soc/u_core_hjx/u_idu_exu/info_bus_ff/qout_r_reg[6]
  Impl DFF        Name(Last) i:/WORK/g03_top_IO/u_g03_soc/u_core_hjx/u_idu_exu/info_bus_ff/qout_r_reg[6]

  Ref  DFF        Name(Last) r:/WORK/g03_top_IO/u_g03_soc/u_core_hjx/u_idu_exu/info_bus_ff/qout_r_reg[7]
  Impl DFF        Name(Last) i:/WORK/g03_top_IO/u_g03_soc/u_core_hjx/u_idu_exu/info_bus_ff/qout_r_reg[7]

  Ref  DFF        Name(Last) r:/WORK/g03_top_IO/u_g03_soc/u_core_hjx/u_idu_exu/info_bus_ff/qout_r_reg[8]
  Impl DFF        Name(Last) i:/WORK/g03_top_IO/u_g03_soc/u_core_hjx/u_idu_exu/info_bus_ff/qout_r_reg[8]

  Ref  DFF        Name(Last) r:/WORK/g03_top_IO/u_g03_soc/u_core_hjx/u_idu_exu/info_bus_ff/qout_r_reg[9]
  Impl DFF        Name(Last) i:/WORK/g03_top_IO/u_g03_soc/u_core_hjx/u_idu_exu/info_bus_ff/qout_r_reg[9]

  Ref  DFF        Name(Last) r:/WORK/g03_top_IO/u_g03_soc/u_core_hjx/u_idu_exu/pc_ff/qout_r_reg[0]
  Impl DFF        Name(Last) i:/WORK/g03_top_IO/u_g03_soc/u_core_hjx/u_idu_exu/pc_ff/qout_r_reg[0]

  Ref  DFF        Name(Last) r:/WORK/g03_top_IO/u_g03_soc/u_core_hjx/u_idu_exu/pc_ff/qout_r_reg[10]
  Impl DFF        Name(Last) i:/WORK/g03_top_IO/u_g03_soc/u_core_hjx/u_idu_exu/pc_ff/qout_r_reg[10]

  Ref  DFF        Name(Last) r:/WORK/g03_top_IO/u_g03_soc/u_core_hjx/u_idu_exu/pc_ff/qout_r_reg[11]
  Impl DFF        Name(Last) i:/WORK/g03_top_IO/u_g03_soc/u_core_hjx/u_idu_exu/pc_ff/qout_r_reg[11]

  Ref  DFF        Name(Last) r:/WORK/g03_top_IO/u_g03_soc/u_core_hjx/u_idu_exu/pc_ff/qout_r_reg[12]
  Impl DFF        Name(Last) i:/WORK/g03_top_IO/u_g03_soc/u_core_hjx/u_idu_exu/pc_ff/qout_r_reg[12]

  Ref  DFF        Name(Last) r:/WORK/g03_top_IO/u_g03_soc/u_core_hjx/u_idu_exu/pc_ff/qout_r_reg[13]
  Impl DFF        Name(Last) i:/WORK/g03_top_IO/u_g03_soc/u_core_hjx/u_idu_exu/pc_ff/qout_r_reg[13]

  Ref  DFF        Name(Last) r:/WORK/g03_top_IO/u_g03_soc/u_core_hjx/u_idu_exu/pc_ff/qout_r_reg[14]
  Impl DFF        Name(Last) i:/WORK/g03_top_IO/u_g03_soc/u_core_hjx/u_idu_exu/pc_ff/qout_r_reg[14]

  Ref  DFF        Name(Last) r:/WORK/g03_top_IO/u_g03_soc/u_core_hjx/u_idu_exu/pc_ff/qout_r_reg[15]
  Impl DFF        Name(Last) i:/WORK/g03_top_IO/u_g03_soc/u_core_hjx/u_idu_exu/pc_ff/qout_r_reg[15]

  Ref  DFF        Name(Last) r:/WORK/g03_top_IO/u_g03_soc/u_core_hjx/u_idu_exu/pc_ff/qout_r_reg[16]
  Impl DFF        Name(Last) i:/WORK/g03_top_IO/u_g03_soc/u_core_hjx/u_idu_exu/pc_ff/qout_r_reg[16]

  Ref  DFF        Name(Last) r:/WORK/g03_top_IO/u_g03_soc/u_core_hjx/u_idu_exu/pc_ff/qout_r_reg[17]
  Impl DFF        Name(Last) i:/WORK/g03_top_IO/u_g03_soc/u_core_hjx/u_idu_exu/pc_ff/qout_r_reg[17]

  Ref  DFF        Name(Last) r:/WORK/g03_top_IO/u_g03_soc/u_core_hjx/u_idu_exu/pc_ff/qout_r_reg[18]
  Impl DFF        Name(Last) i:/WORK/g03_top_IO/u_g03_soc/u_core_hjx/u_idu_exu/pc_ff/qout_r_reg[18]

  Ref  DFF        Name(Last) r:/WORK/g03_top_IO/u_g03_soc/u_core_hjx/u_idu_exu/pc_ff/qout_r_reg[19]
  Impl DFF        Name(Last) i:/WORK/g03_top_IO/u_g03_soc/u_core_hjx/u_idu_exu/pc_ff/qout_r_reg[19]

  Ref  DFF        Name(Last) r:/WORK/g03_top_IO/u_g03_soc/u_core_hjx/u_idu_exu/pc_ff/qout_r_reg[1]
  Impl DFF        Name(Last) i:/WORK/g03_top_IO/u_g03_soc/u_core_hjx/u_idu_exu/pc_ff/qout_r_reg[1]

  Ref  DFF        Name(Last) r:/WORK/g03_top_IO/u_g03_soc/u_core_hjx/u_idu_exu/pc_ff/qout_r_reg[20]
  Impl DFF        Name(Last) i:/WORK/g03_top_IO/u_g03_soc/u_core_hjx/u_idu_exu/pc_ff/qout_r_reg[20]

  Ref  DFF        Name(Last) r:/WORK/g03_top_IO/u_g03_soc/u_core_hjx/u_idu_exu/pc_ff/qout_r_reg[21]
  Impl DFF        Name(Last) i:/WORK/g03_top_IO/u_g03_soc/u_core_hjx/u_idu_exu/pc_ff/qout_r_reg[21]

  Ref  DFF        Name(Last) r:/WORK/g03_top_IO/u_g03_soc/u_core_hjx/u_idu_exu/pc_ff/qout_r_reg[22]
  Impl DFF        Name(Last) i:/WORK/g03_top_IO/u_g03_soc/u_core_hjx/u_idu_exu/pc_ff/qout_r_reg[22]

  Ref  DFF        Name(Last) r:/WORK/g03_top_IO/u_g03_soc/u_core_hjx/u_idu_exu/pc_ff/qout_r_reg[23]
  Impl DFF        Name(Last) i:/WORK/g03_top_IO/u_g03_soc/u_core_hjx/u_idu_exu/pc_ff/qout_r_reg[23]

  Ref  DFF        Name(Last) r:/WORK/g03_top_IO/u_g03_soc/u_core_hjx/u_idu_exu/pc_ff/qout_r_reg[24]
  Impl DFF        Name(Last) i:/WORK/g03_top_IO/u_g03_soc/u_core_hjx/u_idu_exu/pc_ff/qout_r_reg[24]

  Ref  DFF        Name(Last) r:/WORK/g03_top_IO/u_g03_soc/u_core_hjx/u_idu_exu/pc_ff/qout_r_reg[25]
  Impl DFF        Name(Last) i:/WORK/g03_top_IO/u_g03_soc/u_core_hjx/u_idu_exu/pc_ff/qout_r_reg[25]

  Ref  DFF        Name(Last) r:/WORK/g03_top_IO/u_g03_soc/u_core_hjx/u_idu_exu/pc_ff/qout_r_reg[26]
  Impl DFF        Name(Last) i:/WORK/g03_top_IO/u_g03_soc/u_core_hjx/u_idu_exu/pc_ff/qout_r_reg[26]

  Ref  DFF        Name(Last) r:/WORK/g03_top_IO/u_g03_soc/u_core_hjx/u_idu_exu/pc_ff/qout_r_reg[27]
  Impl DFF        Name(Last) i:/WORK/g03_top_IO/u_g03_soc/u_core_hjx/u_idu_exu/pc_ff/qout_r_reg[27]

  Ref  DFF        Name(Last) r:/WORK/g03_top_IO/u_g03_soc/u_core_hjx/u_idu_exu/pc_ff/qout_r_reg[28]
  Impl DFF        Name(Last) i:/WORK/g03_top_IO/u_g03_soc/u_core_hjx/u_idu_exu/pc_ff/qout_r_reg[28]

  Ref  DFF        Name(Last) r:/WORK/g03_top_IO/u_g03_soc/u_core_hjx/u_idu_exu/pc_ff/qout_r_reg[29]
  Impl DFF        Name(Last) i:/WORK/g03_top_IO/u_g03_soc/u_core_hjx/u_idu_exu/pc_ff/qout_r_reg[29]

  Ref  DFF        Name(Last) r:/WORK/g03_top_IO/u_g03_soc/u_core_hjx/u_idu_exu/pc_ff/qout_r_reg[2]
  Impl DFF        Name(Last) i:/WORK/g03_top_IO/u_g03_soc/u_core_hjx/u_idu_exu/pc_ff/qout_r_reg[2]

  Ref  DFF        Name(Last) r:/WORK/g03_top_IO/u_g03_soc/u_core_hjx/u_idu_exu/pc_ff/qout_r_reg[30]
  Impl DFF        Name(Last) i:/WORK/g03_top_IO/u_g03_soc/u_core_hjx/u_idu_exu/pc_ff/qout_r_reg[30]

  Ref  DFF        Name(Last) r:/WORK/g03_top_IO/u_g03_soc/u_core_hjx/u_idu_exu/pc_ff/qout_r_reg[3]
  Impl DFF        Name(Last) i:/WORK/g03_top_IO/u_g03_soc/u_core_hjx/u_idu_exu/pc_ff/qout_r_reg[3]

  Ref  DFF        Name(Last) r:/WORK/g03_top_IO/u_g03_soc/u_core_hjx/u_idu_exu/pc_ff/qout_r_reg[4]
  Impl DFF        Name(Last) i:/WORK/g03_top_IO/u_g03_soc/u_core_hjx/u_idu_exu/pc_ff/qout_r_reg[4]

  Ref  DFF        Name(Last) r:/WORK/g03_top_IO/u_g03_soc/u_core_hjx/u_idu_exu/pc_ff/qout_r_reg[5]
  Impl DFF        Name(Last) i:/WORK/g03_top_IO/u_g03_soc/u_core_hjx/u_idu_exu/pc_ff/qout_r_reg[5]

  Ref  DFF        Name(Last) r:/WORK/g03_top_IO/u_g03_soc/u_core_hjx/u_idu_exu/pc_ff/qout_r_reg[6]
  Impl DFF        Name(Last) i:/WORK/g03_top_IO/u_g03_soc/u_core_hjx/u_idu_exu/pc_ff/qout_r_reg[6]

  Ref  DFF        Name(Last) r:/WORK/g03_top_IO/u_g03_soc/u_core_hjx/u_idu_exu/pc_ff/qout_r_reg[7]
  Impl DFF        Name(Last) i:/WORK/g03_top_IO/u_g03_soc/u_core_hjx/u_idu_exu/pc_ff/qout_r_reg[7]

  Ref  DFF        Name(Last) r:/WORK/g03_top_IO/u_g03_soc/u_core_hjx/u_idu_exu/pc_ff/qout_r_reg[8]
  Impl DFF        Name(Last) i:/WORK/g03_top_IO/u_g03_soc/u_core_hjx/u_idu_exu/pc_ff/qout_r_reg[8]

  Ref  DFF        Name(Last) r:/WORK/g03_top_IO/u_g03_soc/u_core_hjx/u_idu_exu/pc_ff/qout_r_reg[9]
  Impl DFF        Name(Last) i:/WORK/g03_top_IO/u_g03_soc/u_core_hjx/u_idu_exu/pc_ff/qout_r_reg[9]

  Ref  DFF        Name(Last) r:/WORK/g03_top_IO/u_g03_soc/u_core_hjx/u_idu_exu/rd_waddr_ff/qout_r_reg[0]
  Impl DFF        Name(Last) i:/WORK/g03_top_IO/u_g03_soc/u_core_hjx/u_idu_exu/rd_waddr_ff/qout_r_reg[0]

  Ref  DFF        Name(Last) r:/WORK/g03_top_IO/u_g03_soc/u_core_hjx/u_idu_exu/rd_waddr_ff/qout_r_reg[1]
  Impl DFF        Name(Last) i:/WORK/g03_top_IO/u_g03_soc/u_core_hjx/u_idu_exu/rd_waddr_ff/qout_r_reg[1]

  Ref  DFF        Name(Last) r:/WORK/g03_top_IO/u_g03_soc/u_core_hjx/u_idu_exu/rd_waddr_ff/qout_r_reg[2]
  Impl DFF        Name(Last) i:/WORK/g03_top_IO/u_g03_soc/u_core_hjx/u_idu_exu/rd_waddr_ff/qout_r_reg[2]

  Ref  DFF        Name(Last) r:/WORK/g03_top_IO/u_g03_soc/u_core_hjx/u_idu_exu/rd_waddr_ff/qout_r_reg[3]
  Impl DFF        Name(Last) i:/WORK/g03_top_IO/u_g03_soc/u_core_hjx/u_idu_exu/rd_waddr_ff/qout_r_reg[3]

  Ref  DFF        Name(Last) r:/WORK/g03_top_IO/u_g03_soc/u_core_hjx/u_idu_exu/rd_waddr_ff/qout_r_reg[4]
  Impl DFF        Name(Last) i:/WORK/g03_top_IO/u_g03_soc/u_core_hjx/u_idu_exu/rd_waddr_ff/qout_r_reg[4]

  Ref  DFF        Name(Last) r:/WORK/g03_top_IO/u_g03_soc/u_core_hjx/u_idu_exu/rd_we_ff/qout_r_reg[0]
  Impl DFF        Name(Last) i:/WORK/g03_top_IO/u_g03_soc/u_core_hjx/u_idu_exu/rd_we_ff/qout_r_reg[0]

  Ref  DFF        Name(Last) r:/WORK/g03_top_IO/u_g03_soc/u_core_hjx/u_idu_exu/rs1_rdata_ff/qout_r_reg[0]
  Impl DFF        Name(Last) i:/WORK/g03_top_IO/u_g03_soc/u_core_hjx/u_idu_exu/rs1_rdata_ff/qout_r_reg[0]

  Ref  DFF        Name(Last) r:/WORK/g03_top_IO/u_g03_soc/u_core_hjx/u_idu_exu/rs1_rdata_ff/qout_r_reg[10]
  Impl DFF        Name(Last) i:/WORK/g03_top_IO/u_g03_soc/u_core_hjx/u_idu_exu/rs1_rdata_ff/qout_r_reg[10]

  Ref  DFF        Name(Last) r:/WORK/g03_top_IO/u_g03_soc/u_core_hjx/u_idu_exu/rs1_rdata_ff/qout_r_reg[11]
  Impl DFF        Name(Last) i:/WORK/g03_top_IO/u_g03_soc/u_core_hjx/u_idu_exu/rs1_rdata_ff/qout_r_reg[11]

  Ref  DFF        Name(Last) r:/WORK/g03_top_IO/u_g03_soc/u_core_hjx/u_idu_exu/rs1_rdata_ff/qout_r_reg[12]
  Impl DFF        Name(Last) i:/WORK/g03_top_IO/u_g03_soc/u_core_hjx/u_idu_exu/rs1_rdata_ff/qout_r_reg[12]

  Ref  DFF        Name(Last) r:/WORK/g03_top_IO/u_g03_soc/u_core_hjx/u_idu_exu/rs1_rdata_ff/qout_r_reg[13]
  Impl DFF        Name(Last) i:/WORK/g03_top_IO/u_g03_soc/u_core_hjx/u_idu_exu/rs1_rdata_ff/qout_r_reg[13]

  Ref  DFF        Name(Last) r:/WORK/g03_top_IO/u_g03_soc/u_core_hjx/u_idu_exu/rs1_rdata_ff/qout_r_reg[14]
  Impl DFF        Name(Last) i:/WORK/g03_top_IO/u_g03_soc/u_core_hjx/u_idu_exu/rs1_rdata_ff/qout_r_reg[14]

  Ref  DFF        Name(Last) r:/WORK/g03_top_IO/u_g03_soc/u_core_hjx/u_idu_exu/rs1_rdata_ff/qout_r_reg[15]
  Impl DFF        Name(Last) i:/WORK/g03_top_IO/u_g03_soc/u_core_hjx/u_idu_exu/rs1_rdata_ff/qout_r_reg[15]

  Ref  DFF        Name(Last) r:/WORK/g03_top_IO/u_g03_soc/u_core_hjx/u_idu_exu/rs1_rdata_ff/qout_r_reg[16]
  Impl DFF        Name(Last) i:/WORK/g03_top_IO/u_g03_soc/u_core_hjx/u_idu_exu/rs1_rdata_ff/qout_r_reg[16]

  Ref  DFF        Name(Last) r:/WORK/g03_top_IO/u_g03_soc/u_core_hjx/u_idu_exu/rs1_rdata_ff/qout_r_reg[17]
  Impl DFF        Name(Last) i:/WORK/g03_top_IO/u_g03_soc/u_core_hjx/u_idu_exu/rs1_rdata_ff/qout_r_reg[17]

  Ref  DFF        Name(Last) r:/WORK/g03_top_IO/u_g03_soc/u_core_hjx/u_idu_exu/rs1_rdata_ff/qout_r_reg[18]
  Impl DFF        Name(Last) i:/WORK/g03_top_IO/u_g03_soc/u_core_hjx/u_idu_exu/rs1_rdata_ff/qout_r_reg[18]

  Ref  DFF        Name(Last) r:/WORK/g03_top_IO/u_g03_soc/u_core_hjx/u_idu_exu/rs1_rdata_ff/qout_r_reg[19]
  Impl DFF        Name(Last) i:/WORK/g03_top_IO/u_g03_soc/u_core_hjx/u_idu_exu/rs1_rdata_ff/qout_r_reg[19]

  Ref  DFF        Name(Last) r:/WORK/g03_top_IO/u_g03_soc/u_core_hjx/u_idu_exu/rs1_rdata_ff/qout_r_reg[1]
  Impl DFF        Name(Last) i:/WORK/g03_top_IO/u_g03_soc/u_core_hjx/u_idu_exu/rs1_rdata_ff/qout_r_reg[1]

  Ref  DFF        Name(Last) r:/WORK/g03_top_IO/u_g03_soc/u_core_hjx/u_idu_exu/rs1_rdata_ff/qout_r_reg[20]
  Impl DFF        Name(Last) i:/WORK/g03_top_IO/u_g03_soc/u_core_hjx/u_idu_exu/rs1_rdata_ff/qout_r_reg[20]

  Ref  DFF        Name(Last) r:/WORK/g03_top_IO/u_g03_soc/u_core_hjx/u_idu_exu/rs1_rdata_ff/qout_r_reg[21]
  Impl DFF        Name(Last) i:/WORK/g03_top_IO/u_g03_soc/u_core_hjx/u_idu_exu/rs1_rdata_ff/qout_r_reg[21]

  Ref  DFF        Name(Last) r:/WORK/g03_top_IO/u_g03_soc/u_core_hjx/u_idu_exu/rs1_rdata_ff/qout_r_reg[22]
  Impl DFF        Name(Last) i:/WORK/g03_top_IO/u_g03_soc/u_core_hjx/u_idu_exu/rs1_rdata_ff/qout_r_reg[22]

  Ref  DFF        Name(Last) r:/WORK/g03_top_IO/u_g03_soc/u_core_hjx/u_idu_exu/rs1_rdata_ff/qout_r_reg[23]
  Impl DFF        Name(Last) i:/WORK/g03_top_IO/u_g03_soc/u_core_hjx/u_idu_exu/rs1_rdata_ff/qout_r_reg[23]

  Ref  DFF        Name(Last) r:/WORK/g03_top_IO/u_g03_soc/u_core_hjx/u_idu_exu/rs1_rdata_ff/qout_r_reg[24]
  Impl DFF        Name(Last) i:/WORK/g03_top_IO/u_g03_soc/u_core_hjx/u_idu_exu/rs1_rdata_ff/qout_r_reg[24]

  Ref  DFF        Name(Last) r:/WORK/g03_top_IO/u_g03_soc/u_core_hjx/u_idu_exu/rs1_rdata_ff/qout_r_reg[25]
  Impl DFF        Name(Last) i:/WORK/g03_top_IO/u_g03_soc/u_core_hjx/u_idu_exu/rs1_rdata_ff/qout_r_reg[25]

  Ref  DFF        Name(Last) r:/WORK/g03_top_IO/u_g03_soc/u_core_hjx/u_idu_exu/rs1_rdata_ff/qout_r_reg[26]
  Impl DFF        Name(Last) i:/WORK/g03_top_IO/u_g03_soc/u_core_hjx/u_idu_exu/rs1_rdata_ff/qout_r_reg[26]

  Ref  DFF        Name(Last) r:/WORK/g03_top_IO/u_g03_soc/u_core_hjx/u_idu_exu/rs1_rdata_ff/qout_r_reg[27]
  Impl DFF        Name(Last) i:/WORK/g03_top_IO/u_g03_soc/u_core_hjx/u_idu_exu/rs1_rdata_ff/qout_r_reg[27]

  Ref  DFF        Name(Last) r:/WORK/g03_top_IO/u_g03_soc/u_core_hjx/u_idu_exu/rs1_rdata_ff/qout_r_reg[28]
  Impl DFF        Name(Last) i:/WORK/g03_top_IO/u_g03_soc/u_core_hjx/u_idu_exu/rs1_rdata_ff/qout_r_reg[28]

  Ref  DFF        Name(Last) r:/WORK/g03_top_IO/u_g03_soc/u_core_hjx/u_idu_exu/rs1_rdata_ff/qout_r_reg[29]
  Impl DFF        Name(Last) i:/WORK/g03_top_IO/u_g03_soc/u_core_hjx/u_idu_exu/rs1_rdata_ff/qout_r_reg[29]

  Ref  DFF        Name(Last) r:/WORK/g03_top_IO/u_g03_soc/u_core_hjx/u_idu_exu/rs1_rdata_ff/qout_r_reg[2]
  Impl DFF        Name(Last) i:/WORK/g03_top_IO/u_g03_soc/u_core_hjx/u_idu_exu/rs1_rdata_ff/qout_r_reg[2]

  Ref  DFF        Name(Last) r:/WORK/g03_top_IO/u_g03_soc/u_core_hjx/u_idu_exu/rs1_rdata_ff/qout_r_reg[30]
  Impl DFF        Name(Last) i:/WORK/g03_top_IO/u_g03_soc/u_core_hjx/u_idu_exu/rs1_rdata_ff/qout_r_reg[30]

  Ref  DFF        Name(Last) r:/WORK/g03_top_IO/u_g03_soc/u_core_hjx/u_idu_exu/rs1_rdata_ff/qout_r_reg[31]
  Impl DFF        Name(Last) i:/WORK/g03_top_IO/u_g03_soc/u_core_hjx/u_idu_exu/rs1_rdata_ff/qout_r_reg[31]

  Ref  DFF        Name(Last) r:/WORK/g03_top_IO/u_g03_soc/u_core_hjx/u_idu_exu/rs1_rdata_ff/qout_r_reg[3]
  Impl DFF        Name(Last) i:/WORK/g03_top_IO/u_g03_soc/u_core_hjx/u_idu_exu/rs1_rdata_ff/qout_r_reg[3]

  Ref  DFF        Name(Last) r:/WORK/g03_top_IO/u_g03_soc/u_core_hjx/u_idu_exu/rs1_rdata_ff/qout_r_reg[4]
  Impl DFF        Name(Last) i:/WORK/g03_top_IO/u_g03_soc/u_core_hjx/u_idu_exu/rs1_rdata_ff/qout_r_reg[4]

  Ref  DFF        Name(Last) r:/WORK/g03_top_IO/u_g03_soc/u_core_hjx/u_idu_exu/rs1_rdata_ff/qout_r_reg[5]
  Impl DFF        Name(Last) i:/WORK/g03_top_IO/u_g03_soc/u_core_hjx/u_idu_exu/rs1_rdata_ff/qout_r_reg[5]

  Ref  DFF        Name(Last) r:/WORK/g03_top_IO/u_g03_soc/u_core_hjx/u_idu_exu/rs1_rdata_ff/qout_r_reg[6]
  Impl DFF        Name(Last) i:/WORK/g03_top_IO/u_g03_soc/u_core_hjx/u_idu_exu/rs1_rdata_ff/qout_r_reg[6]

  Ref  DFF        Name(Last) r:/WORK/g03_top_IO/u_g03_soc/u_core_hjx/u_idu_exu/rs1_rdata_ff/qout_r_reg[7]
  Impl DFF        Name(Last) i:/WORK/g03_top_IO/u_g03_soc/u_core_hjx/u_idu_exu/rs1_rdata_ff/qout_r_reg[7]

  Ref  DFF        Name(Last) r:/WORK/g03_top_IO/u_g03_soc/u_core_hjx/u_idu_exu/rs1_rdata_ff/qout_r_reg[8]
  Impl DFF        Name(Last) i:/WORK/g03_top_IO/u_g03_soc/u_core_hjx/u_idu_exu/rs1_rdata_ff/qout_r_reg[8]

  Ref  DFF        Name(Last) r:/WORK/g03_top_IO/u_g03_soc/u_core_hjx/u_idu_exu/rs1_rdata_ff/qout_r_reg[9]
  Impl DFF        Name(Last) i:/WORK/g03_top_IO/u_g03_soc/u_core_hjx/u_idu_exu/rs1_rdata_ff/qout_r_reg[9]

  Ref  DFF        Name(Last) r:/WORK/g03_top_IO/u_g03_soc/u_core_hjx/u_idu_exu/rs2_rdata_ff/qout_r_reg[0]
  Impl DFF        Name(Last) i:/WORK/g03_top_IO/u_g03_soc/u_core_hjx/u_idu_exu/rs2_rdata_ff/qout_r_reg[0]

  Ref  DFF        Name(Last) r:/WORK/g03_top_IO/u_g03_soc/u_core_hjx/u_idu_exu/rs2_rdata_ff/qout_r_reg[10]
  Impl DFF        Name(Last) i:/WORK/g03_top_IO/u_g03_soc/u_core_hjx/u_idu_exu/rs2_rdata_ff/qout_r_reg[10]

  Ref  DFF        Name(Last) r:/WORK/g03_top_IO/u_g03_soc/u_core_hjx/u_idu_exu/rs2_rdata_ff/qout_r_reg[11]
  Impl DFF        Name(Last) i:/WORK/g03_top_IO/u_g03_soc/u_core_hjx/u_idu_exu/rs2_rdata_ff/qout_r_reg[11]

  Ref  DFF        Name(Last) r:/WORK/g03_top_IO/u_g03_soc/u_core_hjx/u_idu_exu/rs2_rdata_ff/qout_r_reg[12]
  Impl DFF        Name(Last) i:/WORK/g03_top_IO/u_g03_soc/u_core_hjx/u_idu_exu/rs2_rdata_ff/qout_r_reg[12]

  Ref  DFF        Name(Last) r:/WORK/g03_top_IO/u_g03_soc/u_core_hjx/u_idu_exu/rs2_rdata_ff/qout_r_reg[13]
  Impl DFF        Name(Last) i:/WORK/g03_top_IO/u_g03_soc/u_core_hjx/u_idu_exu/rs2_rdata_ff/qout_r_reg[13]

  Ref  DFF        Name(Last) r:/WORK/g03_top_IO/u_g03_soc/u_core_hjx/u_idu_exu/rs2_rdata_ff/qout_r_reg[14]
  Impl DFF        Name(Last) i:/WORK/g03_top_IO/u_g03_soc/u_core_hjx/u_idu_exu/rs2_rdata_ff/qout_r_reg[14]

  Ref  DFF        Name(Last) r:/WORK/g03_top_IO/u_g03_soc/u_core_hjx/u_idu_exu/rs2_rdata_ff/qout_r_reg[15]
  Impl DFF        Name(Last) i:/WORK/g03_top_IO/u_g03_soc/u_core_hjx/u_idu_exu/rs2_rdata_ff/qout_r_reg[15]

  Ref  DFF        Name(Last) r:/WORK/g03_top_IO/u_g03_soc/u_core_hjx/u_idu_exu/rs2_rdata_ff/qout_r_reg[16]
  Impl DFF        Name(Last) i:/WORK/g03_top_IO/u_g03_soc/u_core_hjx/u_idu_exu/rs2_rdata_ff/qout_r_reg[16]

  Ref  DFF        Name(Last) r:/WORK/g03_top_IO/u_g03_soc/u_core_hjx/u_idu_exu/rs2_rdata_ff/qout_r_reg[17]
  Impl DFF        Name(Last) i:/WORK/g03_top_IO/u_g03_soc/u_core_hjx/u_idu_exu/rs2_rdata_ff/qout_r_reg[17]

  Ref  DFF        Name(Last) r:/WORK/g03_top_IO/u_g03_soc/u_core_hjx/u_idu_exu/rs2_rdata_ff/qout_r_reg[18]
  Impl DFF        Name(Last) i:/WORK/g03_top_IO/u_g03_soc/u_core_hjx/u_idu_exu/rs2_rdata_ff/qout_r_reg[18]

  Ref  DFF        Name(Last) r:/WORK/g03_top_IO/u_g03_soc/u_core_hjx/u_idu_exu/rs2_rdata_ff/qout_r_reg[19]
  Impl DFF        Name(Last) i:/WORK/g03_top_IO/u_g03_soc/u_core_hjx/u_idu_exu/rs2_rdata_ff/qout_r_reg[19]

  Ref  DFF        Name(Last) r:/WORK/g03_top_IO/u_g03_soc/u_core_hjx/u_idu_exu/rs2_rdata_ff/qout_r_reg[1]
  Impl DFF        Name(Last) i:/WORK/g03_top_IO/u_g03_soc/u_core_hjx/u_idu_exu/rs2_rdata_ff/qout_r_reg[1]

  Ref  DFF        Name(Last) r:/WORK/g03_top_IO/u_g03_soc/u_core_hjx/u_idu_exu/rs2_rdata_ff/qout_r_reg[20]
  Impl DFF        Name(Last) i:/WORK/g03_top_IO/u_g03_soc/u_core_hjx/u_idu_exu/rs2_rdata_ff/qout_r_reg[20]

  Ref  DFF        Name(Last) r:/WORK/g03_top_IO/u_g03_soc/u_core_hjx/u_idu_exu/rs2_rdata_ff/qout_r_reg[21]
  Impl DFF        Name(Last) i:/WORK/g03_top_IO/u_g03_soc/u_core_hjx/u_idu_exu/rs2_rdata_ff/qout_r_reg[21]

  Ref  DFF        Name(Last) r:/WORK/g03_top_IO/u_g03_soc/u_core_hjx/u_idu_exu/rs2_rdata_ff/qout_r_reg[22]
  Impl DFF        Name(Last) i:/WORK/g03_top_IO/u_g03_soc/u_core_hjx/u_idu_exu/rs2_rdata_ff/qout_r_reg[22]

  Ref  DFF        Name(Last) r:/WORK/g03_top_IO/u_g03_soc/u_core_hjx/u_idu_exu/rs2_rdata_ff/qout_r_reg[23]
  Impl DFF        Name(Last) i:/WORK/g03_top_IO/u_g03_soc/u_core_hjx/u_idu_exu/rs2_rdata_ff/qout_r_reg[23]

  Ref  DFF        Name(Last) r:/WORK/g03_top_IO/u_g03_soc/u_core_hjx/u_idu_exu/rs2_rdata_ff/qout_r_reg[24]
  Impl DFF        Name(Last) i:/WORK/g03_top_IO/u_g03_soc/u_core_hjx/u_idu_exu/rs2_rdata_ff/qout_r_reg[24]

  Ref  DFF        Name(Last) r:/WORK/g03_top_IO/u_g03_soc/u_core_hjx/u_idu_exu/rs2_rdata_ff/qout_r_reg[25]
  Impl DFF        Name(Last) i:/WORK/g03_top_IO/u_g03_soc/u_core_hjx/u_idu_exu/rs2_rdata_ff/qout_r_reg[25]

  Ref  DFF        Name(Last) r:/WORK/g03_top_IO/u_g03_soc/u_core_hjx/u_idu_exu/rs2_rdata_ff/qout_r_reg[26]
  Impl DFF        Name(Last) i:/WORK/g03_top_IO/u_g03_soc/u_core_hjx/u_idu_exu/rs2_rdata_ff/qout_r_reg[26]

  Ref  DFF        Name(Last) r:/WORK/g03_top_IO/u_g03_soc/u_core_hjx/u_idu_exu/rs2_rdata_ff/qout_r_reg[27]
  Impl DFF        Name(Last) i:/WORK/g03_top_IO/u_g03_soc/u_core_hjx/u_idu_exu/rs2_rdata_ff/qout_r_reg[27]

  Ref  DFF        Name(Last) r:/WORK/g03_top_IO/u_g03_soc/u_core_hjx/u_idu_exu/rs2_rdata_ff/qout_r_reg[28]
  Impl DFF        Name(Last) i:/WORK/g03_top_IO/u_g03_soc/u_core_hjx/u_idu_exu/rs2_rdata_ff/qout_r_reg[28]

  Ref  DFF        Name(Last) r:/WORK/g03_top_IO/u_g03_soc/u_core_hjx/u_idu_exu/rs2_rdata_ff/qout_r_reg[29]
  Impl DFF        Name(Last) i:/WORK/g03_top_IO/u_g03_soc/u_core_hjx/u_idu_exu/rs2_rdata_ff/qout_r_reg[29]

  Ref  DFF        Name(Last) r:/WORK/g03_top_IO/u_g03_soc/u_core_hjx/u_idu_exu/rs2_rdata_ff/qout_r_reg[2]
  Impl DFF        Name(Last) i:/WORK/g03_top_IO/u_g03_soc/u_core_hjx/u_idu_exu/rs2_rdata_ff/qout_r_reg[2]

  Ref  DFF        Name(Last) r:/WORK/g03_top_IO/u_g03_soc/u_core_hjx/u_idu_exu/rs2_rdata_ff/qout_r_reg[30]
  Impl DFF        Name(Last) i:/WORK/g03_top_IO/u_g03_soc/u_core_hjx/u_idu_exu/rs2_rdata_ff/qout_r_reg[30]

  Ref  DFF        Name(Last) r:/WORK/g03_top_IO/u_g03_soc/u_core_hjx/u_idu_exu/rs2_rdata_ff/qout_r_reg[31]
  Impl DFF        Name(Last) i:/WORK/g03_top_IO/u_g03_soc/u_core_hjx/u_idu_exu/rs2_rdata_ff/qout_r_reg[31]

  Ref  DFF        Name(Last) r:/WORK/g03_top_IO/u_g03_soc/u_core_hjx/u_idu_exu/rs2_rdata_ff/qout_r_reg[3]
  Impl DFF        Name(Last) i:/WORK/g03_top_IO/u_g03_soc/u_core_hjx/u_idu_exu/rs2_rdata_ff/qout_r_reg[3]

  Ref  DFF        Name(Last) r:/WORK/g03_top_IO/u_g03_soc/u_core_hjx/u_idu_exu/rs2_rdata_ff/qout_r_reg[4]
  Impl DFF        Name(Last) i:/WORK/g03_top_IO/u_g03_soc/u_core_hjx/u_idu_exu/rs2_rdata_ff/qout_r_reg[4]

  Ref  DFF        Name(Last) r:/WORK/g03_top_IO/u_g03_soc/u_core_hjx/u_idu_exu/rs2_rdata_ff/qout_r_reg[5]
  Impl DFF        Name(Last) i:/WORK/g03_top_IO/u_g03_soc/u_core_hjx/u_idu_exu/rs2_rdata_ff/qout_r_reg[5]

  Ref  DFF        Name(Last) r:/WORK/g03_top_IO/u_g03_soc/u_core_hjx/u_idu_exu/rs2_rdata_ff/qout_r_reg[6]
  Impl DFF        Name(Last) i:/WORK/g03_top_IO/u_g03_soc/u_core_hjx/u_idu_exu/rs2_rdata_ff/qout_r_reg[6]

  Ref  DFF        Name(Last) r:/WORK/g03_top_IO/u_g03_soc/u_core_hjx/u_idu_exu/rs2_rdata_ff/qout_r_reg[7]
  Impl DFF        Name(Last) i:/WORK/g03_top_IO/u_g03_soc/u_core_hjx/u_idu_exu/rs2_rdata_ff/qout_r_reg[7]

  Ref  DFF        Name(Last) r:/WORK/g03_top_IO/u_g03_soc/u_core_hjx/u_idu_exu/rs2_rdata_ff/qout_r_reg[8]
  Impl DFF        Name(Last) i:/WORK/g03_top_IO/u_g03_soc/u_core_hjx/u_idu_exu/rs2_rdata_ff/qout_r_reg[8]

  Ref  DFF        Name(Last) r:/WORK/g03_top_IO/u_g03_soc/u_core_hjx/u_idu_exu/rs2_rdata_ff/qout_r_reg[9]
  Impl DFF        Name(Last) i:/WORK/g03_top_IO/u_g03_soc/u_core_hjx/u_idu_exu/rs2_rdata_ff/qout_r_reg[9]

  Ref  DFF        Name(Last) r:/WORK/g03_top_IO/u_g03_soc/u_core_hjx/u_ifu/discard_rsp_reg
  Impl DFF        Name(Last) i:/WORK/g03_top_IO/u_g03_soc/u_core_hjx/u_ifu/discard_rsp_reg

  Ref  DFF        Name(Last) r:/WORK/g03_top_IO/u_g03_soc/u_core_hjx/u_ifu/pc_dff/qout_r_reg[0]
  Impl DFF        Name(Last) i:/WORK/g03_top_IO/u_g03_soc/u_core_hjx/u_ifu/pc_dff/qout_r_reg[0]

  Ref  DFF        Name(Last) r:/WORK/g03_top_IO/u_g03_soc/u_core_hjx/u_ifu/pc_dff/qout_r_reg[10]
  Impl DFF        Name(Last) i:/WORK/g03_top_IO/u_g03_soc/u_core_hjx/u_ifu/pc_dff/qout_r_reg[10]

  Ref  DFF        Name(Last) r:/WORK/g03_top_IO/u_g03_soc/u_core_hjx/u_ifu/pc_dff/qout_r_reg[11]
  Impl DFF        Name(Last) i:/WORK/g03_top_IO/u_g03_soc/u_core_hjx/u_ifu/pc_dff/qout_r_reg[11]

  Ref  DFF        Name(Last) r:/WORK/g03_top_IO/u_g03_soc/u_core_hjx/u_ifu/pc_dff/qout_r_reg[12]
  Impl DFF        Name(Last) i:/WORK/g03_top_IO/u_g03_soc/u_core_hjx/u_ifu/pc_dff/qout_r_reg[12]

  Ref  DFF        Name(Last) r:/WORK/g03_top_IO/u_g03_soc/u_core_hjx/u_ifu/pc_dff/qout_r_reg[13]
  Impl DFF        Name(Last) i:/WORK/g03_top_IO/u_g03_soc/u_core_hjx/u_ifu/pc_dff/qout_r_reg[13]

  Ref  DFF        Name(Last) r:/WORK/g03_top_IO/u_g03_soc/u_core_hjx/u_ifu/pc_dff/qout_r_reg[14]
  Impl DFF        Name(Last) i:/WORK/g03_top_IO/u_g03_soc/u_core_hjx/u_ifu/pc_dff/qout_r_reg[14]

  Ref  DFF        Name(Last) r:/WORK/g03_top_IO/u_g03_soc/u_core_hjx/u_ifu/pc_dff/qout_r_reg[15]
  Impl DFF        Name(Last) i:/WORK/g03_top_IO/u_g03_soc/u_core_hjx/u_ifu/pc_dff/qout_r_reg[15]

  Ref  DFF        Name(Last) r:/WORK/g03_top_IO/u_g03_soc/u_core_hjx/u_ifu/pc_dff/qout_r_reg[16]
  Impl DFF        Name(Last) i:/WORK/g03_top_IO/u_g03_soc/u_core_hjx/u_ifu/pc_dff/qout_r_reg[16]

  Ref  DFF        Name(Last) r:/WORK/g03_top_IO/u_g03_soc/u_core_hjx/u_ifu/pc_dff/qout_r_reg[17]
  Impl DFF        Name(Last) i:/WORK/g03_top_IO/u_g03_soc/u_core_hjx/u_ifu/pc_dff/qout_r_reg[17]

  Ref  DFF        Name(Last) r:/WORK/g03_top_IO/u_g03_soc/u_core_hjx/u_ifu/pc_dff/qout_r_reg[18]
  Impl DFF        Name(Last) i:/WORK/g03_top_IO/u_g03_soc/u_core_hjx/u_ifu/pc_dff/qout_r_reg[18]

  Ref  DFF        Name(Last) r:/WORK/g03_top_IO/u_g03_soc/u_core_hjx/u_ifu/pc_dff/qout_r_reg[19]
  Impl DFF        Name(Last) i:/WORK/g03_top_IO/u_g03_soc/u_core_hjx/u_ifu/pc_dff/qout_r_reg[19]

  Ref  DFF        Name(Last) r:/WORK/g03_top_IO/u_g03_soc/u_core_hjx/u_ifu/pc_dff/qout_r_reg[1]
  Impl DFF        Name(Last) i:/WORK/g03_top_IO/u_g03_soc/u_core_hjx/u_ifu/pc_dff/qout_r_reg[1]

  Ref  DFF        Name(Last) r:/WORK/g03_top_IO/u_g03_soc/u_core_hjx/u_ifu/pc_dff/qout_r_reg[20]
  Impl DFF        Name(Last) i:/WORK/g03_top_IO/u_g03_soc/u_core_hjx/u_ifu/pc_dff/qout_r_reg[20]

  Ref  DFF        Name(Last) r:/WORK/g03_top_IO/u_g03_soc/u_core_hjx/u_ifu/pc_dff/qout_r_reg[21]
  Impl DFF        Name(Last) i:/WORK/g03_top_IO/u_g03_soc/u_core_hjx/u_ifu/pc_dff/qout_r_reg[21]

  Ref  DFF        Name(Last) r:/WORK/g03_top_IO/u_g03_soc/u_core_hjx/u_ifu/pc_dff/qout_r_reg[22]
  Impl DFF        Name(Last) i:/WORK/g03_top_IO/u_g03_soc/u_core_hjx/u_ifu/pc_dff/qout_r_reg[22]

  Ref  DFF        Name(Last) r:/WORK/g03_top_IO/u_g03_soc/u_core_hjx/u_ifu/pc_dff/qout_r_reg[23]
  Impl DFF        Name(Last) i:/WORK/g03_top_IO/u_g03_soc/u_core_hjx/u_ifu/pc_dff/qout_r_reg[23]

  Ref  DFF        Name(Last) r:/WORK/g03_top_IO/u_g03_soc/u_core_hjx/u_ifu/pc_dff/qout_r_reg[24]
  Impl DFF        Name(Last) i:/WORK/g03_top_IO/u_g03_soc/u_core_hjx/u_ifu/pc_dff/qout_r_reg[24]

  Ref  DFF        Name(Last) r:/WORK/g03_top_IO/u_g03_soc/u_core_hjx/u_ifu/pc_dff/qout_r_reg[25]
  Impl DFF        Name(Last) i:/WORK/g03_top_IO/u_g03_soc/u_core_hjx/u_ifu/pc_dff/qout_r_reg[25]

  Ref  DFF        Name(Last) r:/WORK/g03_top_IO/u_g03_soc/u_core_hjx/u_ifu/pc_dff/qout_r_reg[26]
  Impl DFF        Name(Last) i:/WORK/g03_top_IO/u_g03_soc/u_core_hjx/u_ifu/pc_dff/qout_r_reg[26]

  Ref  DFF        Name(Last) r:/WORK/g03_top_IO/u_g03_soc/u_core_hjx/u_ifu/pc_dff/qout_r_reg[27]
  Impl DFF        Name(Last) i:/WORK/g03_top_IO/u_g03_soc/u_core_hjx/u_ifu/pc_dff/qout_r_reg[27]

  Ref  DFF        Name(Last) r:/WORK/g03_top_IO/u_g03_soc/u_core_hjx/u_ifu/pc_dff/qout_r_reg[28]
  Impl DFF        Name(Last) i:/WORK/g03_top_IO/u_g03_soc/u_core_hjx/u_ifu/pc_dff/qout_r_reg[28]

  Ref  DFF        Name(Last) r:/WORK/g03_top_IO/u_g03_soc/u_core_hjx/u_ifu/pc_dff/qout_r_reg[29]
  Impl DFF        Name(Last) i:/WORK/g03_top_IO/u_g03_soc/u_core_hjx/u_ifu/pc_dff/qout_r_reg[29]

  Ref  DFF        Name(Last) r:/WORK/g03_top_IO/u_g03_soc/u_core_hjx/u_ifu/pc_dff/qout_r_reg[2]
  Impl DFF        Name(Last) i:/WORK/g03_top_IO/u_g03_soc/u_core_hjx/u_ifu/pc_dff/qout_r_reg[2]

  Ref  DFF        Name(Last) r:/WORK/g03_top_IO/u_g03_soc/u_core_hjx/u_ifu/pc_dff/qout_r_reg[30]
  Impl DFF        Name(Last) i:/WORK/g03_top_IO/u_g03_soc/u_core_hjx/u_ifu/pc_dff/qout_r_reg[30]

  Ref  DFF        Name(Last) r:/WORK/g03_top_IO/u_g03_soc/u_core_hjx/u_ifu/pc_dff/qout_r_reg[3]
  Impl DFF        Name(Last) i:/WORK/g03_top_IO/u_g03_soc/u_core_hjx/u_ifu/pc_dff/qout_r_reg[3]

  Ref  DFF        Name(Last) r:/WORK/g03_top_IO/u_g03_soc/u_core_hjx/u_ifu/pc_dff/qout_r_reg[4]
  Impl DFF        Name(Last) i:/WORK/g03_top_IO/u_g03_soc/u_core_hjx/u_ifu/pc_dff/qout_r_reg[4]

  Ref  DFF        Name(Last) r:/WORK/g03_top_IO/u_g03_soc/u_core_hjx/u_ifu/pc_dff/qout_r_reg[5]
  Impl DFF        Name(Last) i:/WORK/g03_top_IO/u_g03_soc/u_core_hjx/u_ifu/pc_dff/qout_r_reg[5]

  Ref  DFF        Name(Last) r:/WORK/g03_top_IO/u_g03_soc/u_core_hjx/u_ifu/pc_dff/qout_r_reg[6]
  Impl DFF        Name(Last) i:/WORK/g03_top_IO/u_g03_soc/u_core_hjx/u_ifu/pc_dff/qout_r_reg[6]

  Ref  DFF        Name(Last) r:/WORK/g03_top_IO/u_g03_soc/u_core_hjx/u_ifu/pc_dff/qout_r_reg[7]
  Impl DFF        Name(Last) i:/WORK/g03_top_IO/u_g03_soc/u_core_hjx/u_ifu/pc_dff/qout_r_reg[7]

  Ref  DFF        Name(Last) r:/WORK/g03_top_IO/u_g03_soc/u_core_hjx/u_ifu/pc_dff/qout_r_reg[8]
  Impl DFF        Name(Last) i:/WORK/g03_top_IO/u_g03_soc/u_core_hjx/u_ifu/pc_dff/qout_r_reg[8]

  Ref  DFF        Name(Last) r:/WORK/g03_top_IO/u_g03_soc/u_core_hjx/u_ifu/pc_dff/qout_r_reg[9]
  Impl DFF        Name(Last) i:/WORK/g03_top_IO/u_g03_soc/u_core_hjx/u_ifu/pc_dff/qout_r_reg[9]

  Ref  DFF        Name(Last) r:/WORK/g03_top_IO/u_g03_soc/u_core_hjx/u_ifu/pc_prev_reg[0]
  Impl DFF        Name(Last) i:/WORK/g03_top_IO/u_g03_soc/u_core_hjx/u_ifu/pc_prev_reg[0]

  Ref  DFF        Name(Last) r:/WORK/g03_top_IO/u_g03_soc/u_core_hjx/u_ifu/pc_prev_reg[10]
  Impl DFF        Name(Last) i:/WORK/g03_top_IO/u_g03_soc/u_core_hjx/u_ifu/pc_prev_reg[10]

  Ref  DFF        Name(Last) r:/WORK/g03_top_IO/u_g03_soc/u_core_hjx/u_ifu/pc_prev_reg[11]
  Impl DFF        Name(Last) i:/WORK/g03_top_IO/u_g03_soc/u_core_hjx/u_ifu/pc_prev_reg[11]

  Ref  DFF        Name(Last) r:/WORK/g03_top_IO/u_g03_soc/u_core_hjx/u_ifu/pc_prev_reg[12]
  Impl DFF        Name(Last) i:/WORK/g03_top_IO/u_g03_soc/u_core_hjx/u_ifu/pc_prev_reg[12]

  Ref  DFF        Name(Last) r:/WORK/g03_top_IO/u_g03_soc/u_core_hjx/u_ifu/pc_prev_reg[13]
  Impl DFF        Name(Last) i:/WORK/g03_top_IO/u_g03_soc/u_core_hjx/u_ifu/pc_prev_reg[13]

  Ref  DFF        Name(Last) r:/WORK/g03_top_IO/u_g03_soc/u_core_hjx/u_ifu/pc_prev_reg[14]
  Impl DFF        Name(Last) i:/WORK/g03_top_IO/u_g03_soc/u_core_hjx/u_ifu/pc_prev_reg[14]

  Ref  DFF        Name(Last) r:/WORK/g03_top_IO/u_g03_soc/u_core_hjx/u_ifu/pc_prev_reg[15]
  Impl DFF        Name(Last) i:/WORK/g03_top_IO/u_g03_soc/u_core_hjx/u_ifu/pc_prev_reg[15]

  Ref  DFF        Name(Last) r:/WORK/g03_top_IO/u_g03_soc/u_core_hjx/u_ifu/pc_prev_reg[16]
  Impl DFF        Name(Last) i:/WORK/g03_top_IO/u_g03_soc/u_core_hjx/u_ifu/pc_prev_reg[16]

  Ref  DFF        Name(Last) r:/WORK/g03_top_IO/u_g03_soc/u_core_hjx/u_ifu/pc_prev_reg[17]
  Impl DFF        Name(Last) i:/WORK/g03_top_IO/u_g03_soc/u_core_hjx/u_ifu/pc_prev_reg[17]

  Ref  DFF        Name(Last) r:/WORK/g03_top_IO/u_g03_soc/u_core_hjx/u_ifu/pc_prev_reg[18]
  Impl DFF        Name(Last) i:/WORK/g03_top_IO/u_g03_soc/u_core_hjx/u_ifu/pc_prev_reg[18]

  Ref  DFF        Name(Last) r:/WORK/g03_top_IO/u_g03_soc/u_core_hjx/u_ifu/pc_prev_reg[19]
  Impl DFF        Name(Last) i:/WORK/g03_top_IO/u_g03_soc/u_core_hjx/u_ifu/pc_prev_reg[19]

  Ref  DFF        Name(Last) r:/WORK/g03_top_IO/u_g03_soc/u_core_hjx/u_ifu/pc_prev_reg[1]
  Impl DFF        Name(Last) i:/WORK/g03_top_IO/u_g03_soc/u_core_hjx/u_ifu/pc_prev_reg[1]

  Ref  DFF        Name(Last) r:/WORK/g03_top_IO/u_g03_soc/u_core_hjx/u_ifu/pc_prev_reg[20]
  Impl DFF        Name(Last) i:/WORK/g03_top_IO/u_g03_soc/u_core_hjx/u_ifu/pc_prev_reg[20]

  Ref  DFF        Name(Last) r:/WORK/g03_top_IO/u_g03_soc/u_core_hjx/u_ifu/pc_prev_reg[21]
  Impl DFF        Name(Last) i:/WORK/g03_top_IO/u_g03_soc/u_core_hjx/u_ifu/pc_prev_reg[21]

  Ref  DFF        Name(Last) r:/WORK/g03_top_IO/u_g03_soc/u_core_hjx/u_ifu/pc_prev_reg[22]
  Impl DFF        Name(Last) i:/WORK/g03_top_IO/u_g03_soc/u_core_hjx/u_ifu/pc_prev_reg[22]

  Ref  DFF        Name(Last) r:/WORK/g03_top_IO/u_g03_soc/u_core_hjx/u_ifu/pc_prev_reg[23]
  Impl DFF        Name(Last) i:/WORK/g03_top_IO/u_g03_soc/u_core_hjx/u_ifu/pc_prev_reg[23]

  Ref  DFF        Name(Last) r:/WORK/g03_top_IO/u_g03_soc/u_core_hjx/u_ifu/pc_prev_reg[24]
  Impl DFF        Name(Last) i:/WORK/g03_top_IO/u_g03_soc/u_core_hjx/u_ifu/pc_prev_reg[24]

  Ref  DFF        Name(Last) r:/WORK/g03_top_IO/u_g03_soc/u_core_hjx/u_ifu/pc_prev_reg[25]
  Impl DFF        Name(Last) i:/WORK/g03_top_IO/u_g03_soc/u_core_hjx/u_ifu/pc_prev_reg[25]

  Ref  DFF        Name(Last) r:/WORK/g03_top_IO/u_g03_soc/u_core_hjx/u_ifu/pc_prev_reg[26]
  Impl DFF        Name(Last) i:/WORK/g03_top_IO/u_g03_soc/u_core_hjx/u_ifu/pc_prev_reg[26]

  Ref  DFF        Name(Last) r:/WORK/g03_top_IO/u_g03_soc/u_core_hjx/u_ifu/pc_prev_reg[27]
  Impl DFF        Name(Last) i:/WORK/g03_top_IO/u_g03_soc/u_core_hjx/u_ifu/pc_prev_reg[27]

  Ref  DFF        Name(Last) r:/WORK/g03_top_IO/u_g03_soc/u_core_hjx/u_ifu/pc_prev_reg[28]
  Impl DFF        Name(Last) i:/WORK/g03_top_IO/u_g03_soc/u_core_hjx/u_ifu/pc_prev_reg[28]

  Ref  DFF        Name(Last) r:/WORK/g03_top_IO/u_g03_soc/u_core_hjx/u_ifu/pc_prev_reg[29]
  Impl DFF        Name(Last) i:/WORK/g03_top_IO/u_g03_soc/u_core_hjx/u_ifu/pc_prev_reg[29]

  Ref  DFF        Name(Last) r:/WORK/g03_top_IO/u_g03_soc/u_core_hjx/u_ifu/pc_prev_reg[2]
  Impl DFF        Name(Last) i:/WORK/g03_top_IO/u_g03_soc/u_core_hjx/u_ifu/pc_prev_reg[2]

  Ref  DFF        Name(Last) r:/WORK/g03_top_IO/u_g03_soc/u_core_hjx/u_ifu/pc_prev_reg[30]
  Impl DFF        Name(Last) i:/WORK/g03_top_IO/u_g03_soc/u_core_hjx/u_ifu/pc_prev_reg[30]

  Ref  DFF        Name(Last) r:/WORK/g03_top_IO/u_g03_soc/u_core_hjx/u_ifu/pc_prev_reg[31]
  Impl DFF        Name(Last) i:/WORK/g03_top_IO/u_g03_soc/u_core_hjx/u_ifu/pc_prev_reg[31]

  Ref  DFF        Name(Last) r:/WORK/g03_top_IO/u_g03_soc/u_core_hjx/u_ifu/pc_prev_reg[3]
  Impl DFF        Name(Last) i:/WORK/g03_top_IO/u_g03_soc/u_core_hjx/u_ifu/pc_prev_reg[3]

  Ref  DFF        Name(Last) r:/WORK/g03_top_IO/u_g03_soc/u_core_hjx/u_ifu/pc_prev_reg[4]
  Impl DFF        Name(Last) i:/WORK/g03_top_IO/u_g03_soc/u_core_hjx/u_ifu/pc_prev_reg[4]

  Ref  DFF        Name(Last) r:/WORK/g03_top_IO/u_g03_soc/u_core_hjx/u_ifu/pc_prev_reg[5]
  Impl DFF        Name(Last) i:/WORK/g03_top_IO/u_g03_soc/u_core_hjx/u_ifu/pc_prev_reg[5]

  Ref  DFF        Name(Last) r:/WORK/g03_top_IO/u_g03_soc/u_core_hjx/u_ifu/pc_prev_reg[6]
  Impl DFF        Name(Last) i:/WORK/g03_top_IO/u_g03_soc/u_core_hjx/u_ifu/pc_prev_reg[6]

  Ref  DFF        Name(Last) r:/WORK/g03_top_IO/u_g03_soc/u_core_hjx/u_ifu/pc_prev_reg[7]
  Impl DFF        Name(Last) i:/WORK/g03_top_IO/u_g03_soc/u_core_hjx/u_ifu/pc_prev_reg[7]

  Ref  DFF        Name(Last) r:/WORK/g03_top_IO/u_g03_soc/u_core_hjx/u_ifu/pc_prev_reg[8]
  Impl DFF        Name(Last) i:/WORK/g03_top_IO/u_g03_soc/u_core_hjx/u_ifu/pc_prev_reg[8]

  Ref  DFF        Name(Last) r:/WORK/g03_top_IO/u_g03_soc/u_core_hjx/u_ifu/pc_prev_reg[9]
  Impl DFF        Name(Last) i:/WORK/g03_top_IO/u_g03_soc/u_core_hjx/u_ifu/pc_prev_reg[9]

  Ref  DFF        Name(Last) r:/WORK/g03_top_IO/u_g03_soc/u_core_hjx/u_ifu/pc_reg[0]
  Impl DFF        Name(Last) i:/WORK/g03_top_IO/u_g03_soc/u_core_hjx/u_ifu/pc_reg[0]

  Ref  DFF        Name(Last) r:/WORK/g03_top_IO/u_g03_soc/u_core_hjx/u_ifu/pc_reg[10]
  Impl DFF        Name(Last) i:/WORK/g03_top_IO/u_g03_soc/u_core_hjx/u_ifu/pc_reg[10]

  Ref  DFF        Name(Last) r:/WORK/g03_top_IO/u_g03_soc/u_core_hjx/u_ifu/pc_reg[11]
  Impl DFF        Name(Last) i:/WORK/g03_top_IO/u_g03_soc/u_core_hjx/u_ifu/pc_reg[11]

  Ref  DFF        Name(Last) r:/WORK/g03_top_IO/u_g03_soc/u_core_hjx/u_ifu/pc_reg[12]
  Impl DFF        Name(Last) i:/WORK/g03_top_IO/u_g03_soc/u_core_hjx/u_ifu/pc_reg[12]

  Ref  DFF        Name(Last) r:/WORK/g03_top_IO/u_g03_soc/u_core_hjx/u_ifu/pc_reg[13]
  Impl DFF        Name(Last) i:/WORK/g03_top_IO/u_g03_soc/u_core_hjx/u_ifu/pc_reg[13]

  Ref  DFF        Name(Last) r:/WORK/g03_top_IO/u_g03_soc/u_core_hjx/u_ifu/pc_reg[14]
  Impl DFF        Name(Last) i:/WORK/g03_top_IO/u_g03_soc/u_core_hjx/u_ifu/pc_reg[14]

  Ref  DFF        Name(Last) r:/WORK/g03_top_IO/u_g03_soc/u_core_hjx/u_ifu/pc_reg[15]
  Impl DFF        Name(Last) i:/WORK/g03_top_IO/u_g03_soc/u_core_hjx/u_ifu/pc_reg[15]

  Ref  DFF        Name(Last) r:/WORK/g03_top_IO/u_g03_soc/u_core_hjx/u_ifu/pc_reg[16]
  Impl DFF        Name(Last) i:/WORK/g03_top_IO/u_g03_soc/u_core_hjx/u_ifu/pc_reg[16]

  Ref  DFF        Name(Last) r:/WORK/g03_top_IO/u_g03_soc/u_core_hjx/u_ifu/pc_reg[17]
  Impl DFF        Name(Last) i:/WORK/g03_top_IO/u_g03_soc/u_core_hjx/u_ifu/pc_reg[17]

  Ref  DFF        Name(Last) r:/WORK/g03_top_IO/u_g03_soc/u_core_hjx/u_ifu/pc_reg[18]
  Impl DFF        Name(Last) i:/WORK/g03_top_IO/u_g03_soc/u_core_hjx/u_ifu/pc_reg[18]

  Ref  DFF        Name(Last) r:/WORK/g03_top_IO/u_g03_soc/u_core_hjx/u_ifu/pc_reg[19]
  Impl DFF        Name(Last) i:/WORK/g03_top_IO/u_g03_soc/u_core_hjx/u_ifu/pc_reg[19]

  Ref  DFF        Name(Last) r:/WORK/g03_top_IO/u_g03_soc/u_core_hjx/u_ifu/pc_reg[1]
  Impl DFF        Name(Last) i:/WORK/g03_top_IO/u_g03_soc/u_core_hjx/u_ifu/pc_reg[1]

  Ref  DFF        Name(Last) r:/WORK/g03_top_IO/u_g03_soc/u_core_hjx/u_ifu/pc_reg[20]
  Impl DFF        Name(Last) i:/WORK/g03_top_IO/u_g03_soc/u_core_hjx/u_ifu/pc_reg[20]

  Ref  DFF        Name(Last) r:/WORK/g03_top_IO/u_g03_soc/u_core_hjx/u_ifu/pc_reg[21]
  Impl DFF        Name(Last) i:/WORK/g03_top_IO/u_g03_soc/u_core_hjx/u_ifu/pc_reg[21]

  Ref  DFF        Name(Last) r:/WORK/g03_top_IO/u_g03_soc/u_core_hjx/u_ifu/pc_reg[22]
  Impl DFF        Name(Last) i:/WORK/g03_top_IO/u_g03_soc/u_core_hjx/u_ifu/pc_reg[22]

  Ref  DFF        Name(Last) r:/WORK/g03_top_IO/u_g03_soc/u_core_hjx/u_ifu/pc_reg[23]
  Impl DFF        Name(Last) i:/WORK/g03_top_IO/u_g03_soc/u_core_hjx/u_ifu/pc_reg[23]

  Ref  DFF        Name(Last) r:/WORK/g03_top_IO/u_g03_soc/u_core_hjx/u_ifu/pc_reg[24]
  Impl DFF        Name(Last) i:/WORK/g03_top_IO/u_g03_soc/u_core_hjx/u_ifu/pc_reg[24]

  Ref  DFF        Name(Last) r:/WORK/g03_top_IO/u_g03_soc/u_core_hjx/u_ifu/pc_reg[25]
  Impl DFF        Name(Last) i:/WORK/g03_top_IO/u_g03_soc/u_core_hjx/u_ifu/pc_reg[25]

  Ref  DFF        Name(Last) r:/WORK/g03_top_IO/u_g03_soc/u_core_hjx/u_ifu/pc_reg[26]
  Impl DFF        Name(Last) i:/WORK/g03_top_IO/u_g03_soc/u_core_hjx/u_ifu/pc_reg[26]

  Ref  DFF        Name(Last) r:/WORK/g03_top_IO/u_g03_soc/u_core_hjx/u_ifu/pc_reg[27]
  Impl DFF        Name(Last) i:/WORK/g03_top_IO/u_g03_soc/u_core_hjx/u_ifu/pc_reg[27]

  Ref  DFF        Name(Last) r:/WORK/g03_top_IO/u_g03_soc/u_core_hjx/u_ifu/pc_reg[28]
  Impl DFF        Name(Last) i:/WORK/g03_top_IO/u_g03_soc/u_core_hjx/u_ifu/pc_reg[28]

  Ref  DFF        Name(Last) r:/WORK/g03_top_IO/u_g03_soc/u_core_hjx/u_ifu/pc_reg[29]
  Impl DFF        Name(Last) i:/WORK/g03_top_IO/u_g03_soc/u_core_hjx/u_ifu/pc_reg[29]

  Ref  DFF        Name(Last) r:/WORK/g03_top_IO/u_g03_soc/u_core_hjx/u_ifu/pc_reg[2]
  Impl DFF        Name(Last) i:/WORK/g03_top_IO/u_g03_soc/u_core_hjx/u_ifu/pc_reg[2]

  Ref  DFF        Name(Last) r:/WORK/g03_top_IO/u_g03_soc/u_core_hjx/u_ifu/pc_reg[30]
  Impl DFF        Name(Last) i:/WORK/g03_top_IO/u_g03_soc/u_core_hjx/u_ifu/pc_reg[30]

  Ref  DFF        Name(Last) r:/WORK/g03_top_IO/u_g03_soc/u_core_hjx/u_ifu/pc_reg[31]
  Impl DFF        Name(Last) i:/WORK/g03_top_IO/u_g03_soc/u_core_hjx/u_ifu/pc_reg[31]

  Ref  DFF        Name(Last) r:/WORK/g03_top_IO/u_g03_soc/u_core_hjx/u_ifu/pc_reg[3]
  Impl DFF        Name(Last) i:/WORK/g03_top_IO/u_g03_soc/u_core_hjx/u_ifu/pc_reg[3]

  Ref  DFF        Name(Last) r:/WORK/g03_top_IO/u_g03_soc/u_core_hjx/u_ifu/pc_reg[4]
  Impl DFF        Name(Last) i:/WORK/g03_top_IO/u_g03_soc/u_core_hjx/u_ifu/pc_reg[4]

  Ref  DFF        Name(Last) r:/WORK/g03_top_IO/u_g03_soc/u_core_hjx/u_ifu/pc_reg[5]
  Impl DFF        Name(Last) i:/WORK/g03_top_IO/u_g03_soc/u_core_hjx/u_ifu/pc_reg[5]

  Ref  DFF        Name(Last) r:/WORK/g03_top_IO/u_g03_soc/u_core_hjx/u_ifu/pc_reg[6]
  Impl DFF        Name(Last) i:/WORK/g03_top_IO/u_g03_soc/u_core_hjx/u_ifu/pc_reg[6]

  Ref  DFF        Name(Last) r:/WORK/g03_top_IO/u_g03_soc/u_core_hjx/u_ifu/pc_reg[7]
  Impl DFF        Name(Last) i:/WORK/g03_top_IO/u_g03_soc/u_core_hjx/u_ifu/pc_reg[7]

  Ref  DFF        Name(Last) r:/WORK/g03_top_IO/u_g03_soc/u_core_hjx/u_ifu/pc_reg[8]
  Impl DFF        Name(Last) i:/WORK/g03_top_IO/u_g03_soc/u_core_hjx/u_ifu/pc_reg[8]

  Ref  DFF        Name(Last) r:/WORK/g03_top_IO/u_g03_soc/u_core_hjx/u_ifu/pc_reg[9]
  Impl DFF        Name(Last) i:/WORK/g03_top_IO/u_g03_soc/u_core_hjx/u_ifu/pc_reg[9]

  Ref  DFF        Name(Last) r:/WORK/g03_top_IO/u_g03_soc/u_core_hjx/u_ifu_idu/inst_addr_ff/qout_r_reg[0]
  Impl DFF        Name(Last) i:/WORK/g03_top_IO/u_g03_soc/u_core_hjx/u_ifu_idu/inst_addr_ff/qout_r_reg[0]

  Ref  DFF        Name(Last) r:/WORK/g03_top_IO/u_g03_soc/u_core_hjx/u_ifu_idu/inst_addr_ff/qout_r_reg[10]
  Impl DFF        Name(Last) i:/WORK/g03_top_IO/u_g03_soc/u_core_hjx/u_ifu_idu/inst_addr_ff/qout_r_reg[10]

  Ref  DFF        Name(Last) r:/WORK/g03_top_IO/u_g03_soc/u_core_hjx/u_ifu_idu/inst_addr_ff/qout_r_reg[11]
  Impl DFF        Name(Last) i:/WORK/g03_top_IO/u_g03_soc/u_core_hjx/u_ifu_idu/inst_addr_ff/qout_r_reg[11]

  Ref  DFF        Name(Last) r:/WORK/g03_top_IO/u_g03_soc/u_core_hjx/u_ifu_idu/inst_addr_ff/qout_r_reg[12]
  Impl DFF        Name(Last) i:/WORK/g03_top_IO/u_g03_soc/u_core_hjx/u_ifu_idu/inst_addr_ff/qout_r_reg[12]

  Ref  DFF        Name(Last) r:/WORK/g03_top_IO/u_g03_soc/u_core_hjx/u_ifu_idu/inst_addr_ff/qout_r_reg[13]
  Impl DFF        Name(Last) i:/WORK/g03_top_IO/u_g03_soc/u_core_hjx/u_ifu_idu/inst_addr_ff/qout_r_reg[13]

  Ref  DFF        Name(Last) r:/WORK/g03_top_IO/u_g03_soc/u_core_hjx/u_ifu_idu/inst_addr_ff/qout_r_reg[14]
  Impl DFF        Name(Last) i:/WORK/g03_top_IO/u_g03_soc/u_core_hjx/u_ifu_idu/inst_addr_ff/qout_r_reg[14]

  Ref  DFF        Name(Last) r:/WORK/g03_top_IO/u_g03_soc/u_core_hjx/u_ifu_idu/inst_addr_ff/qout_r_reg[15]
  Impl DFF        Name(Last) i:/WORK/g03_top_IO/u_g03_soc/u_core_hjx/u_ifu_idu/inst_addr_ff/qout_r_reg[15]

  Ref  DFF        Name(Last) r:/WORK/g03_top_IO/u_g03_soc/u_core_hjx/u_ifu_idu/inst_addr_ff/qout_r_reg[16]
  Impl DFF        Name(Last) i:/WORK/g03_top_IO/u_g03_soc/u_core_hjx/u_ifu_idu/inst_addr_ff/qout_r_reg[16]

  Ref  DFF        Name(Last) r:/WORK/g03_top_IO/u_g03_soc/u_core_hjx/u_ifu_idu/inst_addr_ff/qout_r_reg[17]
  Impl DFF        Name(Last) i:/WORK/g03_top_IO/u_g03_soc/u_core_hjx/u_ifu_idu/inst_addr_ff/qout_r_reg[17]

  Ref  DFF        Name(Last) r:/WORK/g03_top_IO/u_g03_soc/u_core_hjx/u_ifu_idu/inst_addr_ff/qout_r_reg[18]
  Impl DFF        Name(Last) i:/WORK/g03_top_IO/u_g03_soc/u_core_hjx/u_ifu_idu/inst_addr_ff/qout_r_reg[18]

  Ref  DFF        Name(Last) r:/WORK/g03_top_IO/u_g03_soc/u_core_hjx/u_ifu_idu/inst_addr_ff/qout_r_reg[19]
  Impl DFF        Name(Last) i:/WORK/g03_top_IO/u_g03_soc/u_core_hjx/u_ifu_idu/inst_addr_ff/qout_r_reg[19]

  Ref  DFF        Name(Last) r:/WORK/g03_top_IO/u_g03_soc/u_core_hjx/u_ifu_idu/inst_addr_ff/qout_r_reg[1]
  Impl DFF        Name(Last) i:/WORK/g03_top_IO/u_g03_soc/u_core_hjx/u_ifu_idu/inst_addr_ff/qout_r_reg[1]

  Ref  DFF        Name(Last) r:/WORK/g03_top_IO/u_g03_soc/u_core_hjx/u_ifu_idu/inst_addr_ff/qout_r_reg[20]
  Impl DFF        Name(Last) i:/WORK/g03_top_IO/u_g03_soc/u_core_hjx/u_ifu_idu/inst_addr_ff/qout_r_reg[20]

  Ref  DFF        Name(Last) r:/WORK/g03_top_IO/u_g03_soc/u_core_hjx/u_ifu_idu/inst_addr_ff/qout_r_reg[21]
  Impl DFF        Name(Last) i:/WORK/g03_top_IO/u_g03_soc/u_core_hjx/u_ifu_idu/inst_addr_ff/qout_r_reg[21]

  Ref  DFF        Name(Last) r:/WORK/g03_top_IO/u_g03_soc/u_core_hjx/u_ifu_idu/inst_addr_ff/qout_r_reg[22]
  Impl DFF        Name(Last) i:/WORK/g03_top_IO/u_g03_soc/u_core_hjx/u_ifu_idu/inst_addr_ff/qout_r_reg[22]

  Ref  DFF        Name(Last) r:/WORK/g03_top_IO/u_g03_soc/u_core_hjx/u_ifu_idu/inst_addr_ff/qout_r_reg[23]
  Impl DFF        Name(Last) i:/WORK/g03_top_IO/u_g03_soc/u_core_hjx/u_ifu_idu/inst_addr_ff/qout_r_reg[23]

  Ref  DFF        Name(Last) r:/WORK/g03_top_IO/u_g03_soc/u_core_hjx/u_ifu_idu/inst_addr_ff/qout_r_reg[24]
  Impl DFF        Name(Last) i:/WORK/g03_top_IO/u_g03_soc/u_core_hjx/u_ifu_idu/inst_addr_ff/qout_r_reg[24]

  Ref  DFF        Name(Last) r:/WORK/g03_top_IO/u_g03_soc/u_core_hjx/u_ifu_idu/inst_addr_ff/qout_r_reg[25]
  Impl DFF        Name(Last) i:/WORK/g03_top_IO/u_g03_soc/u_core_hjx/u_ifu_idu/inst_addr_ff/qout_r_reg[25]

  Ref  DFF        Name(Last) r:/WORK/g03_top_IO/u_g03_soc/u_core_hjx/u_ifu_idu/inst_addr_ff/qout_r_reg[26]
  Impl DFF        Name(Last) i:/WORK/g03_top_IO/u_g03_soc/u_core_hjx/u_ifu_idu/inst_addr_ff/qout_r_reg[26]

  Ref  DFF        Name(Last) r:/WORK/g03_top_IO/u_g03_soc/u_core_hjx/u_ifu_idu/inst_addr_ff/qout_r_reg[27]
  Impl DFF        Name(Last) i:/WORK/g03_top_IO/u_g03_soc/u_core_hjx/u_ifu_idu/inst_addr_ff/qout_r_reg[27]

  Ref  DFF        Name(Last) r:/WORK/g03_top_IO/u_g03_soc/u_core_hjx/u_ifu_idu/inst_addr_ff/qout_r_reg[28]
  Impl DFF        Name(Last) i:/WORK/g03_top_IO/u_g03_soc/u_core_hjx/u_ifu_idu/inst_addr_ff/qout_r_reg[28]

  Ref  DFF        Name(Last) r:/WORK/g03_top_IO/u_g03_soc/u_core_hjx/u_ifu_idu/inst_addr_ff/qout_r_reg[29]
  Impl DFF        Name(Last) i:/WORK/g03_top_IO/u_g03_soc/u_core_hjx/u_ifu_idu/inst_addr_ff/qout_r_reg[29]

  Ref  DFF        Name(Last) r:/WORK/g03_top_IO/u_g03_soc/u_core_hjx/u_ifu_idu/inst_addr_ff/qout_r_reg[2]
  Impl DFF        Name(Last) i:/WORK/g03_top_IO/u_g03_soc/u_core_hjx/u_ifu_idu/inst_addr_ff/qout_r_reg[2]

  Ref  DFF        Name(Last) r:/WORK/g03_top_IO/u_g03_soc/u_core_hjx/u_ifu_idu/inst_addr_ff/qout_r_reg[30]
  Impl DFF        Name(Last) i:/WORK/g03_top_IO/u_g03_soc/u_core_hjx/u_ifu_idu/inst_addr_ff/qout_r_reg[30]

  Ref  DFF        Name(Last) r:/WORK/g03_top_IO/u_g03_soc/u_core_hjx/u_ifu_idu/inst_addr_ff/qout_r_reg[3]
  Impl DFF        Name(Last) i:/WORK/g03_top_IO/u_g03_soc/u_core_hjx/u_ifu_idu/inst_addr_ff/qout_r_reg[3]

  Ref  DFF        Name(Last) r:/WORK/g03_top_IO/u_g03_soc/u_core_hjx/u_ifu_idu/inst_addr_ff/qout_r_reg[4]
  Impl DFF        Name(Last) i:/WORK/g03_top_IO/u_g03_soc/u_core_hjx/u_ifu_idu/inst_addr_ff/qout_r_reg[4]

  Ref  DFF        Name(Last) r:/WORK/g03_top_IO/u_g03_soc/u_core_hjx/u_ifu_idu/inst_addr_ff/qout_r_reg[5]
  Impl DFF        Name(Last) i:/WORK/g03_top_IO/u_g03_soc/u_core_hjx/u_ifu_idu/inst_addr_ff/qout_r_reg[5]

  Ref  DFF        Name(Last) r:/WORK/g03_top_IO/u_g03_soc/u_core_hjx/u_ifu_idu/inst_addr_ff/qout_r_reg[6]
  Impl DFF        Name(Last) i:/WORK/g03_top_IO/u_g03_soc/u_core_hjx/u_ifu_idu/inst_addr_ff/qout_r_reg[6]

  Ref  DFF        Name(Last) r:/WORK/g03_top_IO/u_g03_soc/u_core_hjx/u_ifu_idu/inst_addr_ff/qout_r_reg[7]
  Impl DFF        Name(Last) i:/WORK/g03_top_IO/u_g03_soc/u_core_hjx/u_ifu_idu/inst_addr_ff/qout_r_reg[7]

  Ref  DFF        Name(Last) r:/WORK/g03_top_IO/u_g03_soc/u_core_hjx/u_ifu_idu/inst_addr_ff/qout_r_reg[8]
  Impl DFF        Name(Last) i:/WORK/g03_top_IO/u_g03_soc/u_core_hjx/u_ifu_idu/inst_addr_ff/qout_r_reg[8]

  Ref  DFF        Name(Last) r:/WORK/g03_top_IO/u_g03_soc/u_core_hjx/u_ifu_idu/inst_addr_ff/qout_r_reg[9]
  Impl DFF        Name(Last) i:/WORK/g03_top_IO/u_g03_soc/u_core_hjx/u_ifu_idu/inst_addr_ff/qout_r_reg[9]

  Ref  DFF        Name(Last) r:/WORK/g03_top_IO/u_g03_soc/u_core_hjx/u_ifu_idu/inst_ff/qout_r_reg[0]
  Impl DFF        Name(Last) i:/WORK/g03_top_IO/u_g03_soc/u_core_hjx/u_ifu_idu/inst_ff/qout_r_reg[0]

  Ref  DFF        Name(Last) r:/WORK/g03_top_IO/u_g03_soc/u_core_hjx/u_ifu_idu/inst_ff/qout_r_reg[10]
  Impl DFF        Name(Last) i:/WORK/g03_top_IO/u_g03_soc/u_core_hjx/u_ifu_idu/inst_ff/qout_r_reg[10]

  Ref  DFF        Name(Last) r:/WORK/g03_top_IO/u_g03_soc/u_core_hjx/u_ifu_idu/inst_ff/qout_r_reg[11]
  Impl DFF        Name(Last) i:/WORK/g03_top_IO/u_g03_soc/u_core_hjx/u_ifu_idu/inst_ff/qout_r_reg[11]

  Ref  DFF        Name(Last) r:/WORK/g03_top_IO/u_g03_soc/u_core_hjx/u_ifu_idu/inst_ff/qout_r_reg[12]
  Impl DFF        Name(Last) i:/WORK/g03_top_IO/u_g03_soc/u_core_hjx/u_ifu_idu/inst_ff/qout_r_reg[12]

  Ref  DFF        Name(Last) r:/WORK/g03_top_IO/u_g03_soc/u_core_hjx/u_ifu_idu/inst_ff/qout_r_reg[13]
  Impl DFF        Name(Last) i:/WORK/g03_top_IO/u_g03_soc/u_core_hjx/u_ifu_idu/inst_ff/qout_r_reg[13]

  Ref  DFF        Name(Last) r:/WORK/g03_top_IO/u_g03_soc/u_core_hjx/u_ifu_idu/inst_ff/qout_r_reg[14]
  Impl DFF        Name(Last) i:/WORK/g03_top_IO/u_g03_soc/u_core_hjx/u_ifu_idu/inst_ff/qout_r_reg[14]

  Ref  DFF        Name(Last) r:/WORK/g03_top_IO/u_g03_soc/u_core_hjx/u_ifu_idu/inst_ff/qout_r_reg[15]
  Impl DFF        Name(Last) i:/WORK/g03_top_IO/u_g03_soc/u_core_hjx/u_ifu_idu/inst_ff/qout_r_reg[15]

  Ref  DFF        Name(Last) r:/WORK/g03_top_IO/u_g03_soc/u_core_hjx/u_ifu_idu/inst_ff/qout_r_reg[16]
  Impl DFF        Name(Last) i:/WORK/g03_top_IO/u_g03_soc/u_core_hjx/u_ifu_idu/inst_ff/qout_r_reg[16]

  Ref  DFF        Name(Last) r:/WORK/g03_top_IO/u_g03_soc/u_core_hjx/u_ifu_idu/inst_ff/qout_r_reg[17]
  Impl DFF        Name(Last) i:/WORK/g03_top_IO/u_g03_soc/u_core_hjx/u_ifu_idu/inst_ff/qout_r_reg[17]

  Ref  DFF        Name(Last) r:/WORK/g03_top_IO/u_g03_soc/u_core_hjx/u_ifu_idu/inst_ff/qout_r_reg[18]
  Impl DFF        Name(Last) i:/WORK/g03_top_IO/u_g03_soc/u_core_hjx/u_ifu_idu/inst_ff/qout_r_reg[18]

  Ref  DFF        Name(Last) r:/WORK/g03_top_IO/u_g03_soc/u_core_hjx/u_ifu_idu/inst_ff/qout_r_reg[19]
  Impl DFF        Name(Last) i:/WORK/g03_top_IO/u_g03_soc/u_core_hjx/u_ifu_idu/inst_ff/qout_r_reg[19]

  Ref  DFF        Name(Last) r:/WORK/g03_top_IO/u_g03_soc/u_core_hjx/u_ifu_idu/inst_ff/qout_r_reg[1]
  Impl DFF        Name(Last) i:/WORK/g03_top_IO/u_g03_soc/u_core_hjx/u_ifu_idu/inst_ff/qout_r_reg[1]

  Ref  DFF        Name(Last) r:/WORK/g03_top_IO/u_g03_soc/u_core_hjx/u_ifu_idu/inst_ff/qout_r_reg[20]
  Impl DFF        Name(Last) i:/WORK/g03_top_IO/u_g03_soc/u_core_hjx/u_ifu_idu/inst_ff/qout_r_reg[20]

  Ref  DFF        Name(Last) r:/WORK/g03_top_IO/u_g03_soc/u_core_hjx/u_ifu_idu/inst_ff/qout_r_reg[21]
  Impl DFF        Name(Last) i:/WORK/g03_top_IO/u_g03_soc/u_core_hjx/u_ifu_idu/inst_ff/qout_r_reg[21]

  Ref  DFF        Name(Last) r:/WORK/g03_top_IO/u_g03_soc/u_core_hjx/u_ifu_idu/inst_ff/qout_r_reg[22]
  Impl DFF        Name(Last) i:/WORK/g03_top_IO/u_g03_soc/u_core_hjx/u_ifu_idu/inst_ff/qout_r_reg[22]

  Ref  DFF        Name(Last) r:/WORK/g03_top_IO/u_g03_soc/u_core_hjx/u_ifu_idu/inst_ff/qout_r_reg[23]
  Impl DFF        Name(Last) i:/WORK/g03_top_IO/u_g03_soc/u_core_hjx/u_ifu_idu/inst_ff/qout_r_reg[23]

  Ref  DFF        Name(Last) r:/WORK/g03_top_IO/u_g03_soc/u_core_hjx/u_ifu_idu/inst_ff/qout_r_reg[24]
  Impl DFF        Name(Last) i:/WORK/g03_top_IO/u_g03_soc/u_core_hjx/u_ifu_idu/inst_ff/qout_r_reg[24]

  Ref  DFF        Name(Last) r:/WORK/g03_top_IO/u_g03_soc/u_core_hjx/u_ifu_idu/inst_ff/qout_r_reg[25]
  Impl DFF        Name(Last) i:/WORK/g03_top_IO/u_g03_soc/u_core_hjx/u_ifu_idu/inst_ff/qout_r_reg[25]

  Ref  DFF        Name(Last) r:/WORK/g03_top_IO/u_g03_soc/u_core_hjx/u_ifu_idu/inst_ff/qout_r_reg[26]
  Impl DFF        Name(Last) i:/WORK/g03_top_IO/u_g03_soc/u_core_hjx/u_ifu_idu/inst_ff/qout_r_reg[26]

  Ref  DFF        Name(Last) r:/WORK/g03_top_IO/u_g03_soc/u_core_hjx/u_ifu_idu/inst_ff/qout_r_reg[27]
  Impl DFF        Name(Last) i:/WORK/g03_top_IO/u_g03_soc/u_core_hjx/u_ifu_idu/inst_ff/qout_r_reg[27]

  Ref  DFF        Name(Last) r:/WORK/g03_top_IO/u_g03_soc/u_core_hjx/u_ifu_idu/inst_ff/qout_r_reg[28]
  Impl DFF        Name(Last) i:/WORK/g03_top_IO/u_g03_soc/u_core_hjx/u_ifu_idu/inst_ff/qout_r_reg[28]

  Ref  DFF        Name(Last) r:/WORK/g03_top_IO/u_g03_soc/u_core_hjx/u_ifu_idu/inst_ff/qout_r_reg[29]
  Impl DFF        Name(Last) i:/WORK/g03_top_IO/u_g03_soc/u_core_hjx/u_ifu_idu/inst_ff/qout_r_reg[29]

  Ref  DFF        Name(Last) r:/WORK/g03_top_IO/u_g03_soc/u_core_hjx/u_ifu_idu/inst_ff/qout_r_reg[2]
  Impl DFF        Name(Last) i:/WORK/g03_top_IO/u_g03_soc/u_core_hjx/u_ifu_idu/inst_ff/qout_r_reg[2]

  Ref  DFF        Name(Last) r:/WORK/g03_top_IO/u_g03_soc/u_core_hjx/u_ifu_idu/inst_ff/qout_r_reg[30]
  Impl DFF        Name(Last) i:/WORK/g03_top_IO/u_g03_soc/u_core_hjx/u_ifu_idu/inst_ff/qout_r_reg[30]

  Ref  DFF        Name(Last) r:/WORK/g03_top_IO/u_g03_soc/u_core_hjx/u_ifu_idu/inst_ff/qout_r_reg[31]
  Impl DFF        Name(Last) i:/WORK/g03_top_IO/u_g03_soc/u_core_hjx/u_ifu_idu/inst_ff/qout_r_reg[31]

  Ref  DFF        Name(Last) r:/WORK/g03_top_IO/u_g03_soc/u_core_hjx/u_ifu_idu/inst_ff/qout_r_reg[3]
  Impl DFF        Name(Last) i:/WORK/g03_top_IO/u_g03_soc/u_core_hjx/u_ifu_idu/inst_ff/qout_r_reg[3]

  Ref  DFF        Name(Last) r:/WORK/g03_top_IO/u_g03_soc/u_core_hjx/u_ifu_idu/inst_ff/qout_r_reg[4]
  Impl DFF        Name(Last) i:/WORK/g03_top_IO/u_g03_soc/u_core_hjx/u_ifu_idu/inst_ff/qout_r_reg[4]

  Ref  DFF        Name(Last) r:/WORK/g03_top_IO/u_g03_soc/u_core_hjx/u_ifu_idu/inst_ff/qout_r_reg[5]
  Impl DFF        Name(Last) i:/WORK/g03_top_IO/u_g03_soc/u_core_hjx/u_ifu_idu/inst_ff/qout_r_reg[5]

  Ref  DFF        Name(Last) r:/WORK/g03_top_IO/u_g03_soc/u_core_hjx/u_ifu_idu/inst_ff/qout_r_reg[6]
  Impl DFF        Name(Last) i:/WORK/g03_top_IO/u_g03_soc/u_core_hjx/u_ifu_idu/inst_ff/qout_r_reg[6]

  Ref  DFF        Name(Last) r:/WORK/g03_top_IO/u_g03_soc/u_core_hjx/u_ifu_idu/inst_ff/qout_r_reg[7]
  Impl DFF        Name(Last) i:/WORK/g03_top_IO/u_g03_soc/u_core_hjx/u_ifu_idu/inst_ff/qout_r_reg[7]

  Ref  DFF        Name(Last) r:/WORK/g03_top_IO/u_g03_soc/u_core_hjx/u_ifu_idu/inst_ff/qout_r_reg[8]
  Impl DFF        Name(Last) i:/WORK/g03_top_IO/u_g03_soc/u_core_hjx/u_ifu_idu/inst_ff/qout_r_reg[8]

  Ref  DFF        Name(Last) r:/WORK/g03_top_IO/u_g03_soc/u_core_hjx/u_ifu_idu/inst_ff/qout_r_reg[9]
  Impl DFF        Name(Last) i:/WORK/g03_top_IO/u_g03_soc/u_core_hjx/u_ifu_idu/inst_ff/qout_r_reg[9]

  Ref  DFF        Name(Last) r:/WORK/g03_top_IO/u_g03_soc/u_core_wzc/u_kalsit_core/u_ex_mem/custom_ctrl_o_reg[0]
  Impl DFF        Name(Last) i:/WORK/g03_top_IO/u_g03_soc/u_core_wzc/u_kalsit_core/u_ex_mem/custom_ctrl_o_reg[0]

  Ref  DFF        Name(Last) r:/WORK/g03_top_IO/u_g03_soc/u_core_wzc/u_kalsit_core/u_ex_mem/custom_ctrl_o_reg[1]
  Impl DFF        Name(Last) i:/WORK/g03_top_IO/u_g03_soc/u_core_wzc/u_kalsit_core/u_ex_mem/custom_ctrl_o_reg[1]

  Ref  DFF        Name(Last) r:/WORK/g03_top_IO/u_g03_soc/u_core_wzc/u_kalsit_core/u_ex_mem/mem_ctrl_o_reg[0]
  Impl DFF        Name(Last) i:/WORK/g03_top_IO/u_g03_soc/u_core_wzc/u_kalsit_core/u_ex_mem/mem_ctrl_o_reg[0]

  Ref  DFF        Name(Last) r:/WORK/g03_top_IO/u_g03_soc/u_core_wzc/u_kalsit_core/u_ex_mem/mem_ctrl_o_reg[1]
  Impl DFF        Name(Last) i:/WORK/g03_top_IO/u_g03_soc/u_core_wzc/u_kalsit_core/u_ex_mem/mem_ctrl_o_reg[1]

  Ref  DFF        Name(Last) r:/WORK/g03_top_IO/u_g03_soc/u_core_wzc/u_kalsit_core/u_ex_mem/mem_ctrl_o_reg[2]
  Impl DFF        Name(Last) i:/WORK/g03_top_IO/u_g03_soc/u_core_wzc/u_kalsit_core/u_ex_mem/mem_ctrl_o_reg[2]

  Ref  DFF        Name(Last) r:/WORK/g03_top_IO/u_g03_soc/u_core_wzc/u_kalsit_core/u_ex_mem/mem_read_o_reg
  Impl DFF        Name(Last) i:/WORK/g03_top_IO/u_g03_soc/u_core_wzc/u_kalsit_core/u_ex_mem/mem_read_o_reg

  Ref  DFF        Name(Last) r:/WORK/g03_top_IO/u_g03_soc/u_core_wzc/u_kalsit_core/u_ex_mem/mem_to_reg_o_reg
  Impl DFF        Name(Last) i:/WORK/g03_top_IO/u_g03_soc/u_core_wzc/u_kalsit_core/u_ex_mem/mem_to_reg_o_reg

  Ref  DFF        Name(Last) r:/WORK/g03_top_IO/u_g03_soc/u_core_wzc/u_kalsit_core/u_ex_mem/mem_wdata_o_reg[0]
  Impl DFF        Name(Last) i:/WORK/g03_top_IO/u_g03_soc/u_core_wzc/u_kalsit_core/u_ex_mem/mem_wdata_o_reg[0]

  Ref  DFF        Name(Last) r:/WORK/g03_top_IO/u_g03_soc/u_core_wzc/u_kalsit_core/u_ex_mem/mem_wdata_o_reg[10]
  Impl DFF        Name(Last) i:/WORK/g03_top_IO/u_g03_soc/u_core_wzc/u_kalsit_core/u_ex_mem/mem_wdata_o_reg[10]

  Ref  DFF        Name(Last) r:/WORK/g03_top_IO/u_g03_soc/u_core_wzc/u_kalsit_core/u_ex_mem/mem_wdata_o_reg[11]
  Impl DFF        Name(Last) i:/WORK/g03_top_IO/u_g03_soc/u_core_wzc/u_kalsit_core/u_ex_mem/mem_wdata_o_reg[11]

  Ref  DFF        Name(Last) r:/WORK/g03_top_IO/u_g03_soc/u_core_wzc/u_kalsit_core/u_ex_mem/mem_wdata_o_reg[12]
  Impl DFF        Name(Last) i:/WORK/g03_top_IO/u_g03_soc/u_core_wzc/u_kalsit_core/u_ex_mem/mem_wdata_o_reg[12]

  Ref  DFF        Name(Last) r:/WORK/g03_top_IO/u_g03_soc/u_core_wzc/u_kalsit_core/u_ex_mem/mem_wdata_o_reg[13]
  Impl DFF        Name(Last) i:/WORK/g03_top_IO/u_g03_soc/u_core_wzc/u_kalsit_core/u_ex_mem/mem_wdata_o_reg[13]

  Ref  DFF        Name(Last) r:/WORK/g03_top_IO/u_g03_soc/u_core_wzc/u_kalsit_core/u_ex_mem/mem_wdata_o_reg[14]
  Impl DFF        Name(Last) i:/WORK/g03_top_IO/u_g03_soc/u_core_wzc/u_kalsit_core/u_ex_mem/mem_wdata_o_reg[14]

  Ref  DFF        Name(Last) r:/WORK/g03_top_IO/u_g03_soc/u_core_wzc/u_kalsit_core/u_ex_mem/mem_wdata_o_reg[15]
  Impl DFF        Name(Last) i:/WORK/g03_top_IO/u_g03_soc/u_core_wzc/u_kalsit_core/u_ex_mem/mem_wdata_o_reg[15]

  Ref  DFF        Name(Last) r:/WORK/g03_top_IO/u_g03_soc/u_core_wzc/u_kalsit_core/u_ex_mem/mem_wdata_o_reg[16]
  Impl DFF        Name(Last) i:/WORK/g03_top_IO/u_g03_soc/u_core_wzc/u_kalsit_core/u_ex_mem/mem_wdata_o_reg[16]

  Ref  DFF        Name(Last) r:/WORK/g03_top_IO/u_g03_soc/u_core_wzc/u_kalsit_core/u_ex_mem/mem_wdata_o_reg[17]
  Impl DFF        Name(Last) i:/WORK/g03_top_IO/u_g03_soc/u_core_wzc/u_kalsit_core/u_ex_mem/mem_wdata_o_reg[17]

  Ref  DFF        Name(Last) r:/WORK/g03_top_IO/u_g03_soc/u_core_wzc/u_kalsit_core/u_ex_mem/mem_wdata_o_reg[18]
  Impl DFF        Name(Last) i:/WORK/g03_top_IO/u_g03_soc/u_core_wzc/u_kalsit_core/u_ex_mem/mem_wdata_o_reg[18]

  Ref  DFF        Name(Last) r:/WORK/g03_top_IO/u_g03_soc/u_core_wzc/u_kalsit_core/u_ex_mem/mem_wdata_o_reg[19]
  Impl DFF        Name(Last) i:/WORK/g03_top_IO/u_g03_soc/u_core_wzc/u_kalsit_core/u_ex_mem/mem_wdata_o_reg[19]

  Ref  DFF        Name(Last) r:/WORK/g03_top_IO/u_g03_soc/u_core_wzc/u_kalsit_core/u_ex_mem/mem_wdata_o_reg[1]
  Impl DFF        Name(Last) i:/WORK/g03_top_IO/u_g03_soc/u_core_wzc/u_kalsit_core/u_ex_mem/mem_wdata_o_reg[1]

  Ref  DFF        Name(Last) r:/WORK/g03_top_IO/u_g03_soc/u_core_wzc/u_kalsit_core/u_ex_mem/mem_wdata_o_reg[20]
  Impl DFF        Name(Last) i:/WORK/g03_top_IO/u_g03_soc/u_core_wzc/u_kalsit_core/u_ex_mem/mem_wdata_o_reg[20]

  Ref  DFF        Name(Last) r:/WORK/g03_top_IO/u_g03_soc/u_core_wzc/u_kalsit_core/u_ex_mem/mem_wdata_o_reg[21]
  Impl DFF        Name(Last) i:/WORK/g03_top_IO/u_g03_soc/u_core_wzc/u_kalsit_core/u_ex_mem/mem_wdata_o_reg[21]

  Ref  DFF        Name(Last) r:/WORK/g03_top_IO/u_g03_soc/u_core_wzc/u_kalsit_core/u_ex_mem/mem_wdata_o_reg[22]
  Impl DFF        Name(Last) i:/WORK/g03_top_IO/u_g03_soc/u_core_wzc/u_kalsit_core/u_ex_mem/mem_wdata_o_reg[22]

  Ref  DFF        Name(Last) r:/WORK/g03_top_IO/u_g03_soc/u_core_wzc/u_kalsit_core/u_ex_mem/mem_wdata_o_reg[23]
  Impl DFF        Name(Last) i:/WORK/g03_top_IO/u_g03_soc/u_core_wzc/u_kalsit_core/u_ex_mem/mem_wdata_o_reg[23]

  Ref  DFF        Name(Last) r:/WORK/g03_top_IO/u_g03_soc/u_core_wzc/u_kalsit_core/u_ex_mem/mem_wdata_o_reg[24]
  Impl DFF        Name(Last) i:/WORK/g03_top_IO/u_g03_soc/u_core_wzc/u_kalsit_core/u_ex_mem/mem_wdata_o_reg[24]

  Ref  DFF        Name(Last) r:/WORK/g03_top_IO/u_g03_soc/u_core_wzc/u_kalsit_core/u_ex_mem/mem_wdata_o_reg[25]
  Impl DFF        Name(Last) i:/WORK/g03_top_IO/u_g03_soc/u_core_wzc/u_kalsit_core/u_ex_mem/mem_wdata_o_reg[25]

  Ref  DFF        Name(Last) r:/WORK/g03_top_IO/u_g03_soc/u_core_wzc/u_kalsit_core/u_ex_mem/mem_wdata_o_reg[26]
  Impl DFF        Name(Last) i:/WORK/g03_top_IO/u_g03_soc/u_core_wzc/u_kalsit_core/u_ex_mem/mem_wdata_o_reg[26]

  Ref  DFF        Name(Last) r:/WORK/g03_top_IO/u_g03_soc/u_core_wzc/u_kalsit_core/u_ex_mem/mem_wdata_o_reg[27]
  Impl DFF        Name(Last) i:/WORK/g03_top_IO/u_g03_soc/u_core_wzc/u_kalsit_core/u_ex_mem/mem_wdata_o_reg[27]

  Ref  DFF        Name(Last) r:/WORK/g03_top_IO/u_g03_soc/u_core_wzc/u_kalsit_core/u_ex_mem/mem_wdata_o_reg[28]
  Impl DFF        Name(Last) i:/WORK/g03_top_IO/u_g03_soc/u_core_wzc/u_kalsit_core/u_ex_mem/mem_wdata_o_reg[28]

  Ref  DFF        Name(Last) r:/WORK/g03_top_IO/u_g03_soc/u_core_wzc/u_kalsit_core/u_ex_mem/mem_wdata_o_reg[29]
  Impl DFF        Name(Last) i:/WORK/g03_top_IO/u_g03_soc/u_core_wzc/u_kalsit_core/u_ex_mem/mem_wdata_o_reg[29]

  Ref  DFF        Name(Last) r:/WORK/g03_top_IO/u_g03_soc/u_core_wzc/u_kalsit_core/u_ex_mem/mem_wdata_o_reg[2]
  Impl DFF        Name(Last) i:/WORK/g03_top_IO/u_g03_soc/u_core_wzc/u_kalsit_core/u_ex_mem/mem_wdata_o_reg[2]

  Ref  DFF        Name(Last) r:/WORK/g03_top_IO/u_g03_soc/u_core_wzc/u_kalsit_core/u_ex_mem/mem_wdata_o_reg[30]
  Impl DFF        Name(Last) i:/WORK/g03_top_IO/u_g03_soc/u_core_wzc/u_kalsit_core/u_ex_mem/mem_wdata_o_reg[30]

  Ref  DFF        Name(Last) r:/WORK/g03_top_IO/u_g03_soc/u_core_wzc/u_kalsit_core/u_ex_mem/mem_wdata_o_reg[31]
  Impl DFF        Name(Last) i:/WORK/g03_top_IO/u_g03_soc/u_core_wzc/u_kalsit_core/u_ex_mem/mem_wdata_o_reg[31]

  Ref  DFF        Name(Last) r:/WORK/g03_top_IO/u_g03_soc/u_core_wzc/u_kalsit_core/u_ex_mem/mem_wdata_o_reg[3]
  Impl DFF        Name(Last) i:/WORK/g03_top_IO/u_g03_soc/u_core_wzc/u_kalsit_core/u_ex_mem/mem_wdata_o_reg[3]

  Ref  DFF        Name(Last) r:/WORK/g03_top_IO/u_g03_soc/u_core_wzc/u_kalsit_core/u_ex_mem/mem_wdata_o_reg[4]
  Impl DFF        Name(Last) i:/WORK/g03_top_IO/u_g03_soc/u_core_wzc/u_kalsit_core/u_ex_mem/mem_wdata_o_reg[4]

  Ref  DFF        Name(Last) r:/WORK/g03_top_IO/u_g03_soc/u_core_wzc/u_kalsit_core/u_ex_mem/mem_wdata_o_reg[5]
  Impl DFF        Name(Last) i:/WORK/g03_top_IO/u_g03_soc/u_core_wzc/u_kalsit_core/u_ex_mem/mem_wdata_o_reg[5]

  Ref  DFF        Name(Last) r:/WORK/g03_top_IO/u_g03_soc/u_core_wzc/u_kalsit_core/u_ex_mem/mem_wdata_o_reg[6]
  Impl DFF        Name(Last) i:/WORK/g03_top_IO/u_g03_soc/u_core_wzc/u_kalsit_core/u_ex_mem/mem_wdata_o_reg[6]

  Ref  DFF        Name(Last) r:/WORK/g03_top_IO/u_g03_soc/u_core_wzc/u_kalsit_core/u_ex_mem/mem_wdata_o_reg[7]
  Impl DFF        Name(Last) i:/WORK/g03_top_IO/u_g03_soc/u_core_wzc/u_kalsit_core/u_ex_mem/mem_wdata_o_reg[7]

  Ref  DFF        Name(Last) r:/WORK/g03_top_IO/u_g03_soc/u_core_wzc/u_kalsit_core/u_ex_mem/mem_wdata_o_reg[8]
  Impl DFF        Name(Last) i:/WORK/g03_top_IO/u_g03_soc/u_core_wzc/u_kalsit_core/u_ex_mem/mem_wdata_o_reg[8]

  Ref  DFF        Name(Last) r:/WORK/g03_top_IO/u_g03_soc/u_core_wzc/u_kalsit_core/u_ex_mem/mem_wdata_o_reg[9]
  Impl DFF        Name(Last) i:/WORK/g03_top_IO/u_g03_soc/u_core_wzc/u_kalsit_core/u_ex_mem/mem_wdata_o_reg[9]

  Ref  DFF        Name(Last) r:/WORK/g03_top_IO/u_g03_soc/u_core_wzc/u_kalsit_core/u_ex_mem/mem_write_o_reg
  Impl DFF        Name(Last) i:/WORK/g03_top_IO/u_g03_soc/u_core_wzc/u_kalsit_core/u_ex_mem/mem_write_o_reg

  Ref  DFF        Name(Last) r:/WORK/g03_top_IO/u_g03_soc/u_core_wzc/u_kalsit_core/u_ex_mem/rd_waddr_o_reg[0]
  Impl DFF        Name(Last) i:/WORK/g03_top_IO/u_g03_soc/u_core_wzc/u_kalsit_core/u_ex_mem/rd_waddr_o_reg[0]

  Ref  DFF        Name(Last) r:/WORK/g03_top_IO/u_g03_soc/u_core_wzc/u_kalsit_core/u_ex_mem/rd_waddr_o_reg[1]
  Impl DFF        Name(Last) i:/WORK/g03_top_IO/u_g03_soc/u_core_wzc/u_kalsit_core/u_ex_mem/rd_waddr_o_reg[1]

  Ref  DFF        Name(Last) r:/WORK/g03_top_IO/u_g03_soc/u_core_wzc/u_kalsit_core/u_ex_mem/rd_waddr_o_reg[2]
  Impl DFF        Name(Last) i:/WORK/g03_top_IO/u_g03_soc/u_core_wzc/u_kalsit_core/u_ex_mem/rd_waddr_o_reg[2]

  Ref  DFF        Name(Last) r:/WORK/g03_top_IO/u_g03_soc/u_core_wzc/u_kalsit_core/u_ex_mem/rd_waddr_o_reg[3]
  Impl DFF        Name(Last) i:/WORK/g03_top_IO/u_g03_soc/u_core_wzc/u_kalsit_core/u_ex_mem/rd_waddr_o_reg[3]

  Ref  DFF        Name(Last) r:/WORK/g03_top_IO/u_g03_soc/u_core_wzc/u_kalsit_core/u_ex_mem/rd_waddr_o_reg[4]
  Impl DFF        Name(Last) i:/WORK/g03_top_IO/u_g03_soc/u_core_wzc/u_kalsit_core/u_ex_mem/rd_waddr_o_reg[4]

  Ref  DFF        Name(Last) r:/WORK/g03_top_IO/u_g03_soc/u_core_wzc/u_kalsit_core/u_ex_mem/reg_write_o_reg
  Impl DFF        Name(Last) i:/WORK/g03_top_IO/u_g03_soc/u_core_wzc/u_kalsit_core/u_ex_mem/reg_write_o_reg

  Ref  DFF        Name(Last) r:/WORK/g03_top_IO/u_g03_soc/u_core_wzc/u_kalsit_core/u_ex_mem/result_o_reg[0]
  Impl DFF        Name(Last) i:/WORK/g03_top_IO/u_g03_soc/u_core_wzc/u_kalsit_core/u_ex_mem/result_o_reg[0]

  Ref  DFF        Name(Last) r:/WORK/g03_top_IO/u_g03_soc/u_core_wzc/u_kalsit_core/u_ex_mem/result_o_reg[10]
  Impl DFF        Name(Last) i:/WORK/g03_top_IO/u_g03_soc/u_core_wzc/u_kalsit_core/u_ex_mem/result_o_reg[10]

  Ref  DFF        Name(Last) r:/WORK/g03_top_IO/u_g03_soc/u_core_wzc/u_kalsit_core/u_ex_mem/result_o_reg[11]
  Impl DFF        Name(Last) i:/WORK/g03_top_IO/u_g03_soc/u_core_wzc/u_kalsit_core/u_ex_mem/result_o_reg[11]

  Ref  DFF        Name(Last) r:/WORK/g03_top_IO/u_g03_soc/u_core_wzc/u_kalsit_core/u_ex_mem/result_o_reg[12]
  Impl DFF        Name(Last) i:/WORK/g03_top_IO/u_g03_soc/u_core_wzc/u_kalsit_core/u_ex_mem/result_o_reg[12]

  Ref  DFF        Name(Last) r:/WORK/g03_top_IO/u_g03_soc/u_core_wzc/u_kalsit_core/u_ex_mem/result_o_reg[13]
  Impl DFF        Name(Last) i:/WORK/g03_top_IO/u_g03_soc/u_core_wzc/u_kalsit_core/u_ex_mem/result_o_reg[13]

  Ref  DFF        Name(Last) r:/WORK/g03_top_IO/u_g03_soc/u_core_wzc/u_kalsit_core/u_ex_mem/result_o_reg[14]
  Impl DFF        Name(Last) i:/WORK/g03_top_IO/u_g03_soc/u_core_wzc/u_kalsit_core/u_ex_mem/result_o_reg[14]

  Ref  DFF        Name(Last) r:/WORK/g03_top_IO/u_g03_soc/u_core_wzc/u_kalsit_core/u_ex_mem/result_o_reg[15]
  Impl DFF        Name(Last) i:/WORK/g03_top_IO/u_g03_soc/u_core_wzc/u_kalsit_core/u_ex_mem/result_o_reg[15]

  Ref  DFF        Name(Last) r:/WORK/g03_top_IO/u_g03_soc/u_core_wzc/u_kalsit_core/u_ex_mem/result_o_reg[16]
  Impl DFF        Name(Last) i:/WORK/g03_top_IO/u_g03_soc/u_core_wzc/u_kalsit_core/u_ex_mem/result_o_reg[16]

  Ref  DFF        Name(Last) r:/WORK/g03_top_IO/u_g03_soc/u_core_wzc/u_kalsit_core/u_ex_mem/result_o_reg[17]
  Impl DFF        Name(Last) i:/WORK/g03_top_IO/u_g03_soc/u_core_wzc/u_kalsit_core/u_ex_mem/result_o_reg[17]

  Ref  DFF        Name(Last) r:/WORK/g03_top_IO/u_g03_soc/u_core_wzc/u_kalsit_core/u_ex_mem/result_o_reg[18]
  Impl DFF        Name(Last) i:/WORK/g03_top_IO/u_g03_soc/u_core_wzc/u_kalsit_core/u_ex_mem/result_o_reg[18]

  Ref  DFF        Name(Last) r:/WORK/g03_top_IO/u_g03_soc/u_core_wzc/u_kalsit_core/u_ex_mem/result_o_reg[19]
  Impl DFF        Name(Last) i:/WORK/g03_top_IO/u_g03_soc/u_core_wzc/u_kalsit_core/u_ex_mem/result_o_reg[19]

  Ref  DFF        Name(Last) r:/WORK/g03_top_IO/u_g03_soc/u_core_wzc/u_kalsit_core/u_ex_mem/result_o_reg[1]
  Impl DFF        Name(Last) i:/WORK/g03_top_IO/u_g03_soc/u_core_wzc/u_kalsit_core/u_ex_mem/result_o_reg[1]

  Ref  DFF        Name(Last) r:/WORK/g03_top_IO/u_g03_soc/u_core_wzc/u_kalsit_core/u_ex_mem/result_o_reg[20]
  Impl DFF        Name(Last) i:/WORK/g03_top_IO/u_g03_soc/u_core_wzc/u_kalsit_core/u_ex_mem/result_o_reg[20]

  Ref  DFF        Name(Last) r:/WORK/g03_top_IO/u_g03_soc/u_core_wzc/u_kalsit_core/u_ex_mem/result_o_reg[21]
  Impl DFF        Name(Last) i:/WORK/g03_top_IO/u_g03_soc/u_core_wzc/u_kalsit_core/u_ex_mem/result_o_reg[21]

  Ref  DFF        Name(Last) r:/WORK/g03_top_IO/u_g03_soc/u_core_wzc/u_kalsit_core/u_ex_mem/result_o_reg[22]
  Impl DFF        Name(Last) i:/WORK/g03_top_IO/u_g03_soc/u_core_wzc/u_kalsit_core/u_ex_mem/result_o_reg[22]

  Ref  DFF        Name(Last) r:/WORK/g03_top_IO/u_g03_soc/u_core_wzc/u_kalsit_core/u_ex_mem/result_o_reg[23]
  Impl DFF        Name(Last) i:/WORK/g03_top_IO/u_g03_soc/u_core_wzc/u_kalsit_core/u_ex_mem/result_o_reg[23]

  Ref  DFF        Name(Last) r:/WORK/g03_top_IO/u_g03_soc/u_core_wzc/u_kalsit_core/u_ex_mem/result_o_reg[24]
  Impl DFF        Name(Last) i:/WORK/g03_top_IO/u_g03_soc/u_core_wzc/u_kalsit_core/u_ex_mem/result_o_reg[24]

  Ref  DFF        Name(Last) r:/WORK/g03_top_IO/u_g03_soc/u_core_wzc/u_kalsit_core/u_ex_mem/result_o_reg[25]
  Impl DFF        Name(Last) i:/WORK/g03_top_IO/u_g03_soc/u_core_wzc/u_kalsit_core/u_ex_mem/result_o_reg[25]

  Ref  DFF        Name(Last) r:/WORK/g03_top_IO/u_g03_soc/u_core_wzc/u_kalsit_core/u_ex_mem/result_o_reg[26]
  Impl DFF        Name(Last) i:/WORK/g03_top_IO/u_g03_soc/u_core_wzc/u_kalsit_core/u_ex_mem/result_o_reg[26]

  Ref  DFF        Name(Last) r:/WORK/g03_top_IO/u_g03_soc/u_core_wzc/u_kalsit_core/u_ex_mem/result_o_reg[27]
  Impl DFF        Name(Last) i:/WORK/g03_top_IO/u_g03_soc/u_core_wzc/u_kalsit_core/u_ex_mem/result_o_reg[27]

  Ref  DFF        Name(Last) r:/WORK/g03_top_IO/u_g03_soc/u_core_wzc/u_kalsit_core/u_ex_mem/result_o_reg[28]
  Impl DFF        Name(Last) i:/WORK/g03_top_IO/u_g03_soc/u_core_wzc/u_kalsit_core/u_ex_mem/result_o_reg[28]

  Ref  DFF        Name(Last) r:/WORK/g03_top_IO/u_g03_soc/u_core_wzc/u_kalsit_core/u_ex_mem/result_o_reg[29]
  Impl DFF        Name(Last) i:/WORK/g03_top_IO/u_g03_soc/u_core_wzc/u_kalsit_core/u_ex_mem/result_o_reg[29]

  Ref  DFF        Name(Last) r:/WORK/g03_top_IO/u_g03_soc/u_core_wzc/u_kalsit_core/u_ex_mem/result_o_reg[2]
  Impl DFF        Name(Last) i:/WORK/g03_top_IO/u_g03_soc/u_core_wzc/u_kalsit_core/u_ex_mem/result_o_reg[2]

  Ref  DFF        Name(Last) r:/WORK/g03_top_IO/u_g03_soc/u_core_wzc/u_kalsit_core/u_ex_mem/result_o_reg[30]
  Impl DFF        Name(Last) i:/WORK/g03_top_IO/u_g03_soc/u_core_wzc/u_kalsit_core/u_ex_mem/result_o_reg[30]

  Ref  DFF        Name(Last) r:/WORK/g03_top_IO/u_g03_soc/u_core_wzc/u_kalsit_core/u_ex_mem/result_o_reg[31]
  Impl DFF        Name(Last) i:/WORK/g03_top_IO/u_g03_soc/u_core_wzc/u_kalsit_core/u_ex_mem/result_o_reg[31]

  Ref  DFF        Name(Last) r:/WORK/g03_top_IO/u_g03_soc/u_core_wzc/u_kalsit_core/u_ex_mem/result_o_reg[3]
  Impl DFF        Name(Last) i:/WORK/g03_top_IO/u_g03_soc/u_core_wzc/u_kalsit_core/u_ex_mem/result_o_reg[3]

  Ref  DFF        Name(Last) r:/WORK/g03_top_IO/u_g03_soc/u_core_wzc/u_kalsit_core/u_ex_mem/result_o_reg[4]
  Impl DFF        Name(Last) i:/WORK/g03_top_IO/u_g03_soc/u_core_wzc/u_kalsit_core/u_ex_mem/result_o_reg[4]

  Ref  DFF        Name(Last) r:/WORK/g03_top_IO/u_g03_soc/u_core_wzc/u_kalsit_core/u_ex_mem/result_o_reg[5]
  Impl DFF        Name(Last) i:/WORK/g03_top_IO/u_g03_soc/u_core_wzc/u_kalsit_core/u_ex_mem/result_o_reg[5]

  Ref  DFF        Name(Last) r:/WORK/g03_top_IO/u_g03_soc/u_core_wzc/u_kalsit_core/u_ex_mem/result_o_reg[6]
  Impl DFF        Name(Last) i:/WORK/g03_top_IO/u_g03_soc/u_core_wzc/u_kalsit_core/u_ex_mem/result_o_reg[6]

  Ref  DFF        Name(Last) r:/WORK/g03_top_IO/u_g03_soc/u_core_wzc/u_kalsit_core/u_ex_mem/result_o_reg[7]
  Impl DFF        Name(Last) i:/WORK/g03_top_IO/u_g03_soc/u_core_wzc/u_kalsit_core/u_ex_mem/result_o_reg[7]

  Ref  DFF        Name(Last) r:/WORK/g03_top_IO/u_g03_soc/u_core_wzc/u_kalsit_core/u_ex_mem/result_o_reg[8]
  Impl DFF        Name(Last) i:/WORK/g03_top_IO/u_g03_soc/u_core_wzc/u_kalsit_core/u_ex_mem/result_o_reg[8]

  Ref  DFF        Name(Last) r:/WORK/g03_top_IO/u_g03_soc/u_core_wzc/u_kalsit_core/u_ex_mem/result_o_reg[9]
  Impl DFF        Name(Last) i:/WORK/g03_top_IO/u_g03_soc/u_core_wzc/u_kalsit_core/u_ex_mem/result_o_reg[9]

  Ref  DFF        Name(Last) r:/WORK/g03_top_IO/u_g03_soc/u_core_wzc/u_kalsit_core/u_id_ex/alu_ctrl_o_reg[0]
  Impl DFF        Name(Last) i:/WORK/g03_top_IO/u_g03_soc/u_core_wzc/u_kalsit_core/u_id_ex/alu_ctrl_o_reg[0]

  Ref  DFF        Name(Last) r:/WORK/g03_top_IO/u_g03_soc/u_core_wzc/u_kalsit_core/u_id_ex/alu_ctrl_o_reg[1]
  Impl DFF        Name(Last) i:/WORK/g03_top_IO/u_g03_soc/u_core_wzc/u_kalsit_core/u_id_ex/alu_ctrl_o_reg[1]

  Ref  DFF        Name(Last) r:/WORK/g03_top_IO/u_g03_soc/u_core_wzc/u_kalsit_core/u_id_ex/alu_ctrl_o_reg[2]
  Impl DFF        Name(Last) i:/WORK/g03_top_IO/u_g03_soc/u_core_wzc/u_kalsit_core/u_id_ex/alu_ctrl_o_reg[2]

  Ref  DFF        Name(Last) r:/WORK/g03_top_IO/u_g03_soc/u_core_wzc/u_kalsit_core/u_id_ex/alu_ctrl_o_reg[3]
  Impl DFF        Name(Last) i:/WORK/g03_top_IO/u_g03_soc/u_core_wzc/u_kalsit_core/u_id_ex/alu_ctrl_o_reg[3]

  Ref  DFF        Name(Last) r:/WORK/g03_top_IO/u_g03_soc/u_core_wzc/u_kalsit_core/u_id_ex/alu_ctrl_o_reg[4]
  Impl DFF        Name(Last) i:/WORK/g03_top_IO/u_g03_soc/u_core_wzc/u_kalsit_core/u_id_ex/alu_ctrl_o_reg[4]

  Ref  DFF        Name(Last) r:/WORK/g03_top_IO/u_g03_soc/u_core_wzc/u_kalsit_core/u_id_ex/alu_src_o_reg
  Impl DFF        Name(Last) i:/WORK/g03_top_IO/u_g03_soc/u_core_wzc/u_kalsit_core/u_id_ex/alu_src_o_reg

  Ref  DFF        Name(Last) r:/WORK/g03_top_IO/u_g03_soc/u_core_wzc/u_kalsit_core/u_id_ex/custom_ctrl_o_reg[0]
  Impl DFF        Name(Last) i:/WORK/g03_top_IO/u_g03_soc/u_core_wzc/u_kalsit_core/u_id_ex/custom_ctrl_o_reg[0]

  Ref  DFF        Name(Last) r:/WORK/g03_top_IO/u_g03_soc/u_core_wzc/u_kalsit_core/u_id_ex/custom_ctrl_o_reg[1]
  Impl DFF        Name(Last) i:/WORK/g03_top_IO/u_g03_soc/u_core_wzc/u_kalsit_core/u_id_ex/custom_ctrl_o_reg[1]

  Ref  DFF        Name(Last) r:/WORK/g03_top_IO/u_g03_soc/u_core_wzc/u_kalsit_core/u_id_ex/data_rs1_o_reg[0]
  Impl DFF        Name(Last) i:/WORK/g03_top_IO/u_g03_soc/u_core_wzc/u_kalsit_core/u_id_ex/data_rs1_o_reg[0]

  Ref  DFF        Name(Last) r:/WORK/g03_top_IO/u_g03_soc/u_core_wzc/u_kalsit_core/u_id_ex/data_rs1_o_reg[10]
  Impl DFF        Name(Last) i:/WORK/g03_top_IO/u_g03_soc/u_core_wzc/u_kalsit_core/u_id_ex/data_rs1_o_reg[10]

  Ref  DFF        Name(Last) r:/WORK/g03_top_IO/u_g03_soc/u_core_wzc/u_kalsit_core/u_id_ex/data_rs1_o_reg[11]
  Impl DFF        Name(Last) i:/WORK/g03_top_IO/u_g03_soc/u_core_wzc/u_kalsit_core/u_id_ex/data_rs1_o_reg[11]

  Ref  DFF        Name(Last) r:/WORK/g03_top_IO/u_g03_soc/u_core_wzc/u_kalsit_core/u_id_ex/data_rs1_o_reg[12]
  Impl DFF        Name(Last) i:/WORK/g03_top_IO/u_g03_soc/u_core_wzc/u_kalsit_core/u_id_ex/data_rs1_o_reg[12]

  Ref  DFF        Name(Last) r:/WORK/g03_top_IO/u_g03_soc/u_core_wzc/u_kalsit_core/u_id_ex/data_rs1_o_reg[13]
  Impl DFF        Name(Last) i:/WORK/g03_top_IO/u_g03_soc/u_core_wzc/u_kalsit_core/u_id_ex/data_rs1_o_reg[13]

  Ref  DFF        Name(Last) r:/WORK/g03_top_IO/u_g03_soc/u_core_wzc/u_kalsit_core/u_id_ex/data_rs1_o_reg[14]
  Impl DFF        Name(Last) i:/WORK/g03_top_IO/u_g03_soc/u_core_wzc/u_kalsit_core/u_id_ex/data_rs1_o_reg[14]

  Ref  DFF        Name(Last) r:/WORK/g03_top_IO/u_g03_soc/u_core_wzc/u_kalsit_core/u_id_ex/data_rs1_o_reg[15]
  Impl DFF        Name(Last) i:/WORK/g03_top_IO/u_g03_soc/u_core_wzc/u_kalsit_core/u_id_ex/data_rs1_o_reg[15]

  Ref  DFF        Name(Last) r:/WORK/g03_top_IO/u_g03_soc/u_core_wzc/u_kalsit_core/u_id_ex/data_rs1_o_reg[16]
  Impl DFF        Name(Last) i:/WORK/g03_top_IO/u_g03_soc/u_core_wzc/u_kalsit_core/u_id_ex/data_rs1_o_reg[16]

  Ref  DFF        Name(Last) r:/WORK/g03_top_IO/u_g03_soc/u_core_wzc/u_kalsit_core/u_id_ex/data_rs1_o_reg[17]
  Impl DFF        Name(Last) i:/WORK/g03_top_IO/u_g03_soc/u_core_wzc/u_kalsit_core/u_id_ex/data_rs1_o_reg[17]

  Ref  DFF        Name(Last) r:/WORK/g03_top_IO/u_g03_soc/u_core_wzc/u_kalsit_core/u_id_ex/data_rs1_o_reg[18]
  Impl DFF        Name(Last) i:/WORK/g03_top_IO/u_g03_soc/u_core_wzc/u_kalsit_core/u_id_ex/data_rs1_o_reg[18]

  Ref  DFF        Name(Last) r:/WORK/g03_top_IO/u_g03_soc/u_core_wzc/u_kalsit_core/u_id_ex/data_rs1_o_reg[19]
  Impl DFF        Name(Last) i:/WORK/g03_top_IO/u_g03_soc/u_core_wzc/u_kalsit_core/u_id_ex/data_rs1_o_reg[19]

  Ref  DFF        Name(Last) r:/WORK/g03_top_IO/u_g03_soc/u_core_wzc/u_kalsit_core/u_id_ex/data_rs1_o_reg[1]
  Impl DFF        Name(Last) i:/WORK/g03_top_IO/u_g03_soc/u_core_wzc/u_kalsit_core/u_id_ex/data_rs1_o_reg[1]

  Ref  DFF        Name(Last) r:/WORK/g03_top_IO/u_g03_soc/u_core_wzc/u_kalsit_core/u_id_ex/data_rs1_o_reg[20]
  Impl DFF        Name(Last) i:/WORK/g03_top_IO/u_g03_soc/u_core_wzc/u_kalsit_core/u_id_ex/data_rs1_o_reg[20]

  Ref  DFF        Name(Last) r:/WORK/g03_top_IO/u_g03_soc/u_core_wzc/u_kalsit_core/u_id_ex/data_rs1_o_reg[21]
  Impl DFF        Name(Last) i:/WORK/g03_top_IO/u_g03_soc/u_core_wzc/u_kalsit_core/u_id_ex/data_rs1_o_reg[21]

  Ref  DFF        Name(Last) r:/WORK/g03_top_IO/u_g03_soc/u_core_wzc/u_kalsit_core/u_id_ex/data_rs1_o_reg[22]
  Impl DFF        Name(Last) i:/WORK/g03_top_IO/u_g03_soc/u_core_wzc/u_kalsit_core/u_id_ex/data_rs1_o_reg[22]

  Ref  DFF        Name(Last) r:/WORK/g03_top_IO/u_g03_soc/u_core_wzc/u_kalsit_core/u_id_ex/data_rs1_o_reg[23]
  Impl DFF        Name(Last) i:/WORK/g03_top_IO/u_g03_soc/u_core_wzc/u_kalsit_core/u_id_ex/data_rs1_o_reg[23]

  Ref  DFF        Name(Last) r:/WORK/g03_top_IO/u_g03_soc/u_core_wzc/u_kalsit_core/u_id_ex/data_rs1_o_reg[24]
  Impl DFF        Name(Last) i:/WORK/g03_top_IO/u_g03_soc/u_core_wzc/u_kalsit_core/u_id_ex/data_rs1_o_reg[24]

  Ref  DFF        Name(Last) r:/WORK/g03_top_IO/u_g03_soc/u_core_wzc/u_kalsit_core/u_id_ex/data_rs1_o_reg[25]
  Impl DFF        Name(Last) i:/WORK/g03_top_IO/u_g03_soc/u_core_wzc/u_kalsit_core/u_id_ex/data_rs1_o_reg[25]

  Ref  DFF        Name(Last) r:/WORK/g03_top_IO/u_g03_soc/u_core_wzc/u_kalsit_core/u_id_ex/data_rs1_o_reg[26]
  Impl DFF        Name(Last) i:/WORK/g03_top_IO/u_g03_soc/u_core_wzc/u_kalsit_core/u_id_ex/data_rs1_o_reg[26]

  Ref  DFF        Name(Last) r:/WORK/g03_top_IO/u_g03_soc/u_core_wzc/u_kalsit_core/u_id_ex/data_rs1_o_reg[27]
  Impl DFF        Name(Last) i:/WORK/g03_top_IO/u_g03_soc/u_core_wzc/u_kalsit_core/u_id_ex/data_rs1_o_reg[27]

  Ref  DFF        Name(Last) r:/WORK/g03_top_IO/u_g03_soc/u_core_wzc/u_kalsit_core/u_id_ex/data_rs1_o_reg[28]
  Impl DFF        Name(Last) i:/WORK/g03_top_IO/u_g03_soc/u_core_wzc/u_kalsit_core/u_id_ex/data_rs1_o_reg[28]

  Ref  DFF        Name(Last) r:/WORK/g03_top_IO/u_g03_soc/u_core_wzc/u_kalsit_core/u_id_ex/data_rs1_o_reg[29]
  Impl DFF        Name(Last) i:/WORK/g03_top_IO/u_g03_soc/u_core_wzc/u_kalsit_core/u_id_ex/data_rs1_o_reg[29]

  Ref  DFF        Name(Last) r:/WORK/g03_top_IO/u_g03_soc/u_core_wzc/u_kalsit_core/u_id_ex/data_rs1_o_reg[2]
  Impl DFF        Name(Last) i:/WORK/g03_top_IO/u_g03_soc/u_core_wzc/u_kalsit_core/u_id_ex/data_rs1_o_reg[2]

  Ref  DFF        Name(Last) r:/WORK/g03_top_IO/u_g03_soc/u_core_wzc/u_kalsit_core/u_id_ex/data_rs1_o_reg[30]
  Impl DFF        Name(Last) i:/WORK/g03_top_IO/u_g03_soc/u_core_wzc/u_kalsit_core/u_id_ex/data_rs1_o_reg[30]

  Ref  DFF        Name(Last) r:/WORK/g03_top_IO/u_g03_soc/u_core_wzc/u_kalsit_core/u_id_ex/data_rs1_o_reg[31]
  Impl DFF        Name(Last) i:/WORK/g03_top_IO/u_g03_soc/u_core_wzc/u_kalsit_core/u_id_ex/data_rs1_o_reg[31]

  Ref  DFF        Name(Last) r:/WORK/g03_top_IO/u_g03_soc/u_core_wzc/u_kalsit_core/u_id_ex/data_rs1_o_reg[3]
  Impl DFF        Name(Last) i:/WORK/g03_top_IO/u_g03_soc/u_core_wzc/u_kalsit_core/u_id_ex/data_rs1_o_reg[3]

  Ref  DFF        Name(Last) r:/WORK/g03_top_IO/u_g03_soc/u_core_wzc/u_kalsit_core/u_id_ex/data_rs1_o_reg[4]
  Impl DFF        Name(Last) i:/WORK/g03_top_IO/u_g03_soc/u_core_wzc/u_kalsit_core/u_id_ex/data_rs1_o_reg[4]

  Ref  DFF        Name(Last) r:/WORK/g03_top_IO/u_g03_soc/u_core_wzc/u_kalsit_core/u_id_ex/data_rs1_o_reg[5]
  Impl DFF        Name(Last) i:/WORK/g03_top_IO/u_g03_soc/u_core_wzc/u_kalsit_core/u_id_ex/data_rs1_o_reg[5]

  Ref  DFF        Name(Last) r:/WORK/g03_top_IO/u_g03_soc/u_core_wzc/u_kalsit_core/u_id_ex/data_rs1_o_reg[6]
  Impl DFF        Name(Last) i:/WORK/g03_top_IO/u_g03_soc/u_core_wzc/u_kalsit_core/u_id_ex/data_rs1_o_reg[6]

  Ref  DFF        Name(Last) r:/WORK/g03_top_IO/u_g03_soc/u_core_wzc/u_kalsit_core/u_id_ex/data_rs1_o_reg[7]
  Impl DFF        Name(Last) i:/WORK/g03_top_IO/u_g03_soc/u_core_wzc/u_kalsit_core/u_id_ex/data_rs1_o_reg[7]

  Ref  DFF        Name(Last) r:/WORK/g03_top_IO/u_g03_soc/u_core_wzc/u_kalsit_core/u_id_ex/data_rs1_o_reg[8]
  Impl DFF        Name(Last) i:/WORK/g03_top_IO/u_g03_soc/u_core_wzc/u_kalsit_core/u_id_ex/data_rs1_o_reg[8]

  Ref  DFF        Name(Last) r:/WORK/g03_top_IO/u_g03_soc/u_core_wzc/u_kalsit_core/u_id_ex/data_rs1_o_reg[9]
  Impl DFF        Name(Last) i:/WORK/g03_top_IO/u_g03_soc/u_core_wzc/u_kalsit_core/u_id_ex/data_rs1_o_reg[9]

  Ref  DFF        Name(Last) r:/WORK/g03_top_IO/u_g03_soc/u_core_wzc/u_kalsit_core/u_id_ex/data_rs2_o_reg[0]
  Impl DFF        Name(Last) i:/WORK/g03_top_IO/u_g03_soc/u_core_wzc/u_kalsit_core/u_id_ex/data_rs2_o_reg[0]

  Ref  DFF        Name(Last) r:/WORK/g03_top_IO/u_g03_soc/u_core_wzc/u_kalsit_core/u_id_ex/data_rs2_o_reg[10]
  Impl DFF        Name(Last) i:/WORK/g03_top_IO/u_g03_soc/u_core_wzc/u_kalsit_core/u_id_ex/data_rs2_o_reg[10]

  Ref  DFF        Name(Last) r:/WORK/g03_top_IO/u_g03_soc/u_core_wzc/u_kalsit_core/u_id_ex/data_rs2_o_reg[11]
  Impl DFF        Name(Last) i:/WORK/g03_top_IO/u_g03_soc/u_core_wzc/u_kalsit_core/u_id_ex/data_rs2_o_reg[11]

  Ref  DFF        Name(Last) r:/WORK/g03_top_IO/u_g03_soc/u_core_wzc/u_kalsit_core/u_id_ex/data_rs2_o_reg[12]
  Impl DFF        Name(Last) i:/WORK/g03_top_IO/u_g03_soc/u_core_wzc/u_kalsit_core/u_id_ex/data_rs2_o_reg[12]

  Ref  DFF        Name(Last) r:/WORK/g03_top_IO/u_g03_soc/u_core_wzc/u_kalsit_core/u_id_ex/data_rs2_o_reg[13]
  Impl DFF        Name(Last) i:/WORK/g03_top_IO/u_g03_soc/u_core_wzc/u_kalsit_core/u_id_ex/data_rs2_o_reg[13]

  Ref  DFF        Name(Last) r:/WORK/g03_top_IO/u_g03_soc/u_core_wzc/u_kalsit_core/u_id_ex/data_rs2_o_reg[14]
  Impl DFF        Name(Last) i:/WORK/g03_top_IO/u_g03_soc/u_core_wzc/u_kalsit_core/u_id_ex/data_rs2_o_reg[14]

  Ref  DFF        Name(Last) r:/WORK/g03_top_IO/u_g03_soc/u_core_wzc/u_kalsit_core/u_id_ex/data_rs2_o_reg[15]
  Impl DFF        Name(Last) i:/WORK/g03_top_IO/u_g03_soc/u_core_wzc/u_kalsit_core/u_id_ex/data_rs2_o_reg[15]

  Ref  DFF        Name(Last) r:/WORK/g03_top_IO/u_g03_soc/u_core_wzc/u_kalsit_core/u_id_ex/data_rs2_o_reg[16]
  Impl DFF        Name(Last) i:/WORK/g03_top_IO/u_g03_soc/u_core_wzc/u_kalsit_core/u_id_ex/data_rs2_o_reg[16]

  Ref  DFF        Name(Last) r:/WORK/g03_top_IO/u_g03_soc/u_core_wzc/u_kalsit_core/u_id_ex/data_rs2_o_reg[17]
  Impl DFF        Name(Last) i:/WORK/g03_top_IO/u_g03_soc/u_core_wzc/u_kalsit_core/u_id_ex/data_rs2_o_reg[17]

  Ref  DFF        Name(Last) r:/WORK/g03_top_IO/u_g03_soc/u_core_wzc/u_kalsit_core/u_id_ex/data_rs2_o_reg[18]
  Impl DFF        Name(Last) i:/WORK/g03_top_IO/u_g03_soc/u_core_wzc/u_kalsit_core/u_id_ex/data_rs2_o_reg[18]

  Ref  DFF        Name(Last) r:/WORK/g03_top_IO/u_g03_soc/u_core_wzc/u_kalsit_core/u_id_ex/data_rs2_o_reg[19]
  Impl DFF        Name(Last) i:/WORK/g03_top_IO/u_g03_soc/u_core_wzc/u_kalsit_core/u_id_ex/data_rs2_o_reg[19]

  Ref  DFF        Name(Last) r:/WORK/g03_top_IO/u_g03_soc/u_core_wzc/u_kalsit_core/u_id_ex/data_rs2_o_reg[1]
  Impl DFF        Name(Last) i:/WORK/g03_top_IO/u_g03_soc/u_core_wzc/u_kalsit_core/u_id_ex/data_rs2_o_reg[1]

  Ref  DFF        Name(Last) r:/WORK/g03_top_IO/u_g03_soc/u_core_wzc/u_kalsit_core/u_id_ex/data_rs2_o_reg[20]
  Impl DFF        Name(Last) i:/WORK/g03_top_IO/u_g03_soc/u_core_wzc/u_kalsit_core/u_id_ex/data_rs2_o_reg[20]

  Ref  DFF        Name(Last) r:/WORK/g03_top_IO/u_g03_soc/u_core_wzc/u_kalsit_core/u_id_ex/data_rs2_o_reg[21]
  Impl DFF        Name(Last) i:/WORK/g03_top_IO/u_g03_soc/u_core_wzc/u_kalsit_core/u_id_ex/data_rs2_o_reg[21]

  Ref  DFF        Name(Last) r:/WORK/g03_top_IO/u_g03_soc/u_core_wzc/u_kalsit_core/u_id_ex/data_rs2_o_reg[22]
  Impl DFF        Name(Last) i:/WORK/g03_top_IO/u_g03_soc/u_core_wzc/u_kalsit_core/u_id_ex/data_rs2_o_reg[22]

  Ref  DFF        Name(Last) r:/WORK/g03_top_IO/u_g03_soc/u_core_wzc/u_kalsit_core/u_id_ex/data_rs2_o_reg[23]
  Impl DFF        Name(Last) i:/WORK/g03_top_IO/u_g03_soc/u_core_wzc/u_kalsit_core/u_id_ex/data_rs2_o_reg[23]

  Ref  DFF        Name(Last) r:/WORK/g03_top_IO/u_g03_soc/u_core_wzc/u_kalsit_core/u_id_ex/data_rs2_o_reg[24]
  Impl DFF        Name(Last) i:/WORK/g03_top_IO/u_g03_soc/u_core_wzc/u_kalsit_core/u_id_ex/data_rs2_o_reg[24]

  Ref  DFF        Name(Last) r:/WORK/g03_top_IO/u_g03_soc/u_core_wzc/u_kalsit_core/u_id_ex/data_rs2_o_reg[25]
  Impl DFF        Name(Last) i:/WORK/g03_top_IO/u_g03_soc/u_core_wzc/u_kalsit_core/u_id_ex/data_rs2_o_reg[25]

  Ref  DFF        Name(Last) r:/WORK/g03_top_IO/u_g03_soc/u_core_wzc/u_kalsit_core/u_id_ex/data_rs2_o_reg[26]
  Impl DFF        Name(Last) i:/WORK/g03_top_IO/u_g03_soc/u_core_wzc/u_kalsit_core/u_id_ex/data_rs2_o_reg[26]

  Ref  DFF        Name(Last) r:/WORK/g03_top_IO/u_g03_soc/u_core_wzc/u_kalsit_core/u_id_ex/data_rs2_o_reg[27]
  Impl DFF        Name(Last) i:/WORK/g03_top_IO/u_g03_soc/u_core_wzc/u_kalsit_core/u_id_ex/data_rs2_o_reg[27]

  Ref  DFF        Name(Last) r:/WORK/g03_top_IO/u_g03_soc/u_core_wzc/u_kalsit_core/u_id_ex/data_rs2_o_reg[28]
  Impl DFF        Name(Last) i:/WORK/g03_top_IO/u_g03_soc/u_core_wzc/u_kalsit_core/u_id_ex/data_rs2_o_reg[28]

  Ref  DFF        Name(Last) r:/WORK/g03_top_IO/u_g03_soc/u_core_wzc/u_kalsit_core/u_id_ex/data_rs2_o_reg[29]
  Impl DFF        Name(Last) i:/WORK/g03_top_IO/u_g03_soc/u_core_wzc/u_kalsit_core/u_id_ex/data_rs2_o_reg[29]

  Ref  DFF        Name(Last) r:/WORK/g03_top_IO/u_g03_soc/u_core_wzc/u_kalsit_core/u_id_ex/data_rs2_o_reg[2]
  Impl DFF        Name(Last) i:/WORK/g03_top_IO/u_g03_soc/u_core_wzc/u_kalsit_core/u_id_ex/data_rs2_o_reg[2]

  Ref  DFF        Name(Last) r:/WORK/g03_top_IO/u_g03_soc/u_core_wzc/u_kalsit_core/u_id_ex/data_rs2_o_reg[30]
  Impl DFF        Name(Last) i:/WORK/g03_top_IO/u_g03_soc/u_core_wzc/u_kalsit_core/u_id_ex/data_rs2_o_reg[30]

  Ref  DFF        Name(Last) r:/WORK/g03_top_IO/u_g03_soc/u_core_wzc/u_kalsit_core/u_id_ex/data_rs2_o_reg[31]
  Impl DFF        Name(Last) i:/WORK/g03_top_IO/u_g03_soc/u_core_wzc/u_kalsit_core/u_id_ex/data_rs2_o_reg[31]

  Ref  DFF        Name(Last) r:/WORK/g03_top_IO/u_g03_soc/u_core_wzc/u_kalsit_core/u_id_ex/data_rs2_o_reg[3]
  Impl DFF        Name(Last) i:/WORK/g03_top_IO/u_g03_soc/u_core_wzc/u_kalsit_core/u_id_ex/data_rs2_o_reg[3]

  Ref  DFF        Name(Last) r:/WORK/g03_top_IO/u_g03_soc/u_core_wzc/u_kalsit_core/u_id_ex/data_rs2_o_reg[4]
  Impl DFF        Name(Last) i:/WORK/g03_top_IO/u_g03_soc/u_core_wzc/u_kalsit_core/u_id_ex/data_rs2_o_reg[4]

  Ref  DFF        Name(Last) r:/WORK/g03_top_IO/u_g03_soc/u_core_wzc/u_kalsit_core/u_id_ex/data_rs2_o_reg[5]
  Impl DFF        Name(Last) i:/WORK/g03_top_IO/u_g03_soc/u_core_wzc/u_kalsit_core/u_id_ex/data_rs2_o_reg[5]

  Ref  DFF        Name(Last) r:/WORK/g03_top_IO/u_g03_soc/u_core_wzc/u_kalsit_core/u_id_ex/data_rs2_o_reg[6]
  Impl DFF        Name(Last) i:/WORK/g03_top_IO/u_g03_soc/u_core_wzc/u_kalsit_core/u_id_ex/data_rs2_o_reg[6]

  Ref  DFF        Name(Last) r:/WORK/g03_top_IO/u_g03_soc/u_core_wzc/u_kalsit_core/u_id_ex/data_rs2_o_reg[7]
  Impl DFF        Name(Last) i:/WORK/g03_top_IO/u_g03_soc/u_core_wzc/u_kalsit_core/u_id_ex/data_rs2_o_reg[7]

  Ref  DFF        Name(Last) r:/WORK/g03_top_IO/u_g03_soc/u_core_wzc/u_kalsit_core/u_id_ex/data_rs2_o_reg[8]
  Impl DFF        Name(Last) i:/WORK/g03_top_IO/u_g03_soc/u_core_wzc/u_kalsit_core/u_id_ex/data_rs2_o_reg[8]

  Ref  DFF        Name(Last) r:/WORK/g03_top_IO/u_g03_soc/u_core_wzc/u_kalsit_core/u_id_ex/data_rs2_o_reg[9]
  Impl DFF        Name(Last) i:/WORK/g03_top_IO/u_g03_soc/u_core_wzc/u_kalsit_core/u_id_ex/data_rs2_o_reg[9]

  Ref  DFF        Name(Last) r:/WORK/g03_top_IO/u_g03_soc/u_core_wzc/u_kalsit_core/u_id_ex/imm_o_reg[0]
  Impl DFF        Name(Last) i:/WORK/g03_top_IO/u_g03_soc/u_core_wzc/u_kalsit_core/u_id_ex/imm_o_reg[0]

  Ref  DFF        Name(Last) r:/WORK/g03_top_IO/u_g03_soc/u_core_wzc/u_kalsit_core/u_id_ex/imm_o_reg[10]
  Impl DFF        Name(Last) i:/WORK/g03_top_IO/u_g03_soc/u_core_wzc/u_kalsit_core/u_id_ex/imm_o_reg[10]

  Ref  DFF        Name(Last) r:/WORK/g03_top_IO/u_g03_soc/u_core_wzc/u_kalsit_core/u_id_ex/imm_o_reg[11]
  Impl DFF        Name(Last) i:/WORK/g03_top_IO/u_g03_soc/u_core_wzc/u_kalsit_core/u_id_ex/imm_o_reg[11]

  Ref  DFF        Name(Last) r:/WORK/g03_top_IO/u_g03_soc/u_core_wzc/u_kalsit_core/u_id_ex/imm_o_reg[12]
  Impl DFF        Name(Last) i:/WORK/g03_top_IO/u_g03_soc/u_core_wzc/u_kalsit_core/u_id_ex/imm_o_reg[12]

  Ref  DFF        Name(Last) r:/WORK/g03_top_IO/u_g03_soc/u_core_wzc/u_kalsit_core/u_id_ex/imm_o_reg[13]
  Impl DFF        Name(Last) i:/WORK/g03_top_IO/u_g03_soc/u_core_wzc/u_kalsit_core/u_id_ex/imm_o_reg[13]

  Ref  DFF        Name(Last) r:/WORK/g03_top_IO/u_g03_soc/u_core_wzc/u_kalsit_core/u_id_ex/imm_o_reg[14]
  Impl DFF        Name(Last) i:/WORK/g03_top_IO/u_g03_soc/u_core_wzc/u_kalsit_core/u_id_ex/imm_o_reg[14]

  Ref  DFF        Name(Last) r:/WORK/g03_top_IO/u_g03_soc/u_core_wzc/u_kalsit_core/u_id_ex/imm_o_reg[15]
  Impl DFF        Name(Last) i:/WORK/g03_top_IO/u_g03_soc/u_core_wzc/u_kalsit_core/u_id_ex/imm_o_reg[15]

  Ref  DFF        Name(Last) r:/WORK/g03_top_IO/u_g03_soc/u_core_wzc/u_kalsit_core/u_id_ex/imm_o_reg[16]
  Impl DFF        Name(Last) i:/WORK/g03_top_IO/u_g03_soc/u_core_wzc/u_kalsit_core/u_id_ex/imm_o_reg[16]

  Ref  DFF        Name(Last) r:/WORK/g03_top_IO/u_g03_soc/u_core_wzc/u_kalsit_core/u_id_ex/imm_o_reg[17]
  Impl DFF        Name(Last) i:/WORK/g03_top_IO/u_g03_soc/u_core_wzc/u_kalsit_core/u_id_ex/imm_o_reg[17]

  Ref  DFF        Name(Last) r:/WORK/g03_top_IO/u_g03_soc/u_core_wzc/u_kalsit_core/u_id_ex/imm_o_reg[18]
  Impl DFF        Name(Last) i:/WORK/g03_top_IO/u_g03_soc/u_core_wzc/u_kalsit_core/u_id_ex/imm_o_reg[18]

  Ref  DFF        Name(Last) r:/WORK/g03_top_IO/u_g03_soc/u_core_wzc/u_kalsit_core/u_id_ex/imm_o_reg[19]
  Impl DFF        Name(Last) i:/WORK/g03_top_IO/u_g03_soc/u_core_wzc/u_kalsit_core/u_id_ex/imm_o_reg[19]

  Ref  DFF        Name(Last) r:/WORK/g03_top_IO/u_g03_soc/u_core_wzc/u_kalsit_core/u_id_ex/imm_o_reg[1]
  Impl DFF        Name(Last) i:/WORK/g03_top_IO/u_g03_soc/u_core_wzc/u_kalsit_core/u_id_ex/imm_o_reg[1]

  Ref  DFF        Name(Last) r:/WORK/g03_top_IO/u_g03_soc/u_core_wzc/u_kalsit_core/u_id_ex/imm_o_reg[20]
  Impl DFF        Name(Last) i:/WORK/g03_top_IO/u_g03_soc/u_core_wzc/u_kalsit_core/u_id_ex/imm_o_reg[20]

  Ref  DFF        Name(Last) r:/WORK/g03_top_IO/u_g03_soc/u_core_wzc/u_kalsit_core/u_id_ex/imm_o_reg[21]
  Impl DFF        Name(Last) i:/WORK/g03_top_IO/u_g03_soc/u_core_wzc/u_kalsit_core/u_id_ex/imm_o_reg[21]

  Ref  DFF        Name(Last) r:/WORK/g03_top_IO/u_g03_soc/u_core_wzc/u_kalsit_core/u_id_ex/imm_o_reg[22]
  Impl DFF        Name(Last) i:/WORK/g03_top_IO/u_g03_soc/u_core_wzc/u_kalsit_core/u_id_ex/imm_o_reg[22]

  Ref  DFF        Name(Last) r:/WORK/g03_top_IO/u_g03_soc/u_core_wzc/u_kalsit_core/u_id_ex/imm_o_reg[23]
  Impl DFF        Name(Last) i:/WORK/g03_top_IO/u_g03_soc/u_core_wzc/u_kalsit_core/u_id_ex/imm_o_reg[23]

  Ref  DFF        Name(Last) r:/WORK/g03_top_IO/u_g03_soc/u_core_wzc/u_kalsit_core/u_id_ex/imm_o_reg[24]
  Impl DFF        Name(Last) i:/WORK/g03_top_IO/u_g03_soc/u_core_wzc/u_kalsit_core/u_id_ex/imm_o_reg[24]

  Ref  DFF        Name(Last) r:/WORK/g03_top_IO/u_g03_soc/u_core_wzc/u_kalsit_core/u_id_ex/imm_o_reg[25]
  Impl DFF        Name(Last) i:/WORK/g03_top_IO/u_g03_soc/u_core_wzc/u_kalsit_core/u_id_ex/imm_o_reg[25]

  Ref  DFF        Name(Last) r:/WORK/g03_top_IO/u_g03_soc/u_core_wzc/u_kalsit_core/u_id_ex/imm_o_reg[26]
  Impl DFF        Name(Last) i:/WORK/g03_top_IO/u_g03_soc/u_core_wzc/u_kalsit_core/u_id_ex/imm_o_reg[26]

  Ref  DFF        Name(Last) r:/WORK/g03_top_IO/u_g03_soc/u_core_wzc/u_kalsit_core/u_id_ex/imm_o_reg[27]
  Impl DFF        Name(Last) i:/WORK/g03_top_IO/u_g03_soc/u_core_wzc/u_kalsit_core/u_id_ex/imm_o_reg[27]

  Ref  DFF        Name(Last) r:/WORK/g03_top_IO/u_g03_soc/u_core_wzc/u_kalsit_core/u_id_ex/imm_o_reg[28]
  Impl DFF        Name(Last) i:/WORK/g03_top_IO/u_g03_soc/u_core_wzc/u_kalsit_core/u_id_ex/imm_o_reg[28]

  Ref  DFF        Name(Last) r:/WORK/g03_top_IO/u_g03_soc/u_core_wzc/u_kalsit_core/u_id_ex/imm_o_reg[29]
  Impl DFF        Name(Last) i:/WORK/g03_top_IO/u_g03_soc/u_core_wzc/u_kalsit_core/u_id_ex/imm_o_reg[29]

  Ref  DFF        Name(Last) r:/WORK/g03_top_IO/u_g03_soc/u_core_wzc/u_kalsit_core/u_id_ex/imm_o_reg[2]
  Impl DFF        Name(Last) i:/WORK/g03_top_IO/u_g03_soc/u_core_wzc/u_kalsit_core/u_id_ex/imm_o_reg[2]

  Ref  DFF        Name(Last) r:/WORK/g03_top_IO/u_g03_soc/u_core_wzc/u_kalsit_core/u_id_ex/imm_o_reg[30]
  Impl DFF        Name(Last) i:/WORK/g03_top_IO/u_g03_soc/u_core_wzc/u_kalsit_core/u_id_ex/imm_o_reg[30]

  Ref  DFF        Name(Last) r:/WORK/g03_top_IO/u_g03_soc/u_core_wzc/u_kalsit_core/u_id_ex/imm_o_reg[31]
  Impl DFF        Name(Last) i:/WORK/g03_top_IO/u_g03_soc/u_core_wzc/u_kalsit_core/u_id_ex/imm_o_reg[31]

  Ref  DFF        Name(Last) r:/WORK/g03_top_IO/u_g03_soc/u_core_wzc/u_kalsit_core/u_id_ex/imm_o_reg[3]
  Impl DFF        Name(Last) i:/WORK/g03_top_IO/u_g03_soc/u_core_wzc/u_kalsit_core/u_id_ex/imm_o_reg[3]

  Ref  DFF        Name(Last) r:/WORK/g03_top_IO/u_g03_soc/u_core_wzc/u_kalsit_core/u_id_ex/imm_o_reg[4]
  Impl DFF        Name(Last) i:/WORK/g03_top_IO/u_g03_soc/u_core_wzc/u_kalsit_core/u_id_ex/imm_o_reg[4]

  Ref  DFF        Name(Last) r:/WORK/g03_top_IO/u_g03_soc/u_core_wzc/u_kalsit_core/u_id_ex/imm_o_reg[5]
  Impl DFF        Name(Last) i:/WORK/g03_top_IO/u_g03_soc/u_core_wzc/u_kalsit_core/u_id_ex/imm_o_reg[5]

  Ref  DFF        Name(Last) r:/WORK/g03_top_IO/u_g03_soc/u_core_wzc/u_kalsit_core/u_id_ex/imm_o_reg[6]
  Impl DFF        Name(Last) i:/WORK/g03_top_IO/u_g03_soc/u_core_wzc/u_kalsit_core/u_id_ex/imm_o_reg[6]

  Ref  DFF        Name(Last) r:/WORK/g03_top_IO/u_g03_soc/u_core_wzc/u_kalsit_core/u_id_ex/imm_o_reg[7]
  Impl DFF        Name(Last) i:/WORK/g03_top_IO/u_g03_soc/u_core_wzc/u_kalsit_core/u_id_ex/imm_o_reg[7]

  Ref  DFF        Name(Last) r:/WORK/g03_top_IO/u_g03_soc/u_core_wzc/u_kalsit_core/u_id_ex/imm_o_reg[8]
  Impl DFF        Name(Last) i:/WORK/g03_top_IO/u_g03_soc/u_core_wzc/u_kalsit_core/u_id_ex/imm_o_reg[8]

  Ref  DFF        Name(Last) r:/WORK/g03_top_IO/u_g03_soc/u_core_wzc/u_kalsit_core/u_id_ex/imm_o_reg[9]
  Impl DFF        Name(Last) i:/WORK/g03_top_IO/u_g03_soc/u_core_wzc/u_kalsit_core/u_id_ex/imm_o_reg[9]

  Ref  DFF        Name(Last) r:/WORK/g03_top_IO/u_g03_soc/u_core_wzc/u_kalsit_core/u_id_ex/mem_ctrl_o_reg[0]
  Impl DFF        Name(Last) i:/WORK/g03_top_IO/u_g03_soc/u_core_wzc/u_kalsit_core/u_id_ex/mem_ctrl_o_reg[0]

  Ref  DFF        Name(Last) r:/WORK/g03_top_IO/u_g03_soc/u_core_wzc/u_kalsit_core/u_id_ex/mem_ctrl_o_reg[1]
  Impl DFF        Name(Last) i:/WORK/g03_top_IO/u_g03_soc/u_core_wzc/u_kalsit_core/u_id_ex/mem_ctrl_o_reg[1]

  Ref  DFF        Name(Last) r:/WORK/g03_top_IO/u_g03_soc/u_core_wzc/u_kalsit_core/u_id_ex/mem_ctrl_o_reg[2]
  Impl DFF        Name(Last) i:/WORK/g03_top_IO/u_g03_soc/u_core_wzc/u_kalsit_core/u_id_ex/mem_ctrl_o_reg[2]

  Ref  DFF        Name(Last) r:/WORK/g03_top_IO/u_g03_soc/u_core_wzc/u_kalsit_core/u_id_ex/mem_read_o_reg
  Impl DFF        Name(Last) i:/WORK/g03_top_IO/u_g03_soc/u_core_wzc/u_kalsit_core/u_id_ex/mem_read_o_reg

  Ref  DFF        Name(Last) r:/WORK/g03_top_IO/u_g03_soc/u_core_wzc/u_kalsit_core/u_id_ex/mem_to_reg_o_reg
  Impl DFF        Name(Last) i:/WORK/g03_top_IO/u_g03_soc/u_core_wzc/u_kalsit_core/u_id_ex/mem_to_reg_o_reg

  Ref  DFF        Name(Last) r:/WORK/g03_top_IO/u_g03_soc/u_core_wzc/u_kalsit_core/u_id_ex/mem_write_o_reg
  Impl DFF        Name(Last) i:/WORK/g03_top_IO/u_g03_soc/u_core_wzc/u_kalsit_core/u_id_ex/mem_write_o_reg

  Ref  DFF        Name(Last) r:/WORK/g03_top_IO/u_g03_soc/u_core_wzc/u_kalsit_core/u_id_ex/rd_waddr_o_reg[0]
  Impl DFF        Name(Last) i:/WORK/g03_top_IO/u_g03_soc/u_core_wzc/u_kalsit_core/u_id_ex/rd_waddr_o_reg[0]

  Ref  DFF        Name(Last) r:/WORK/g03_top_IO/u_g03_soc/u_core_wzc/u_kalsit_core/u_id_ex/rd_waddr_o_reg[1]
  Impl DFF        Name(Last) i:/WORK/g03_top_IO/u_g03_soc/u_core_wzc/u_kalsit_core/u_id_ex/rd_waddr_o_reg[1]

  Ref  DFF        Name(Last) r:/WORK/g03_top_IO/u_g03_soc/u_core_wzc/u_kalsit_core/u_id_ex/rd_waddr_o_reg[2]
  Impl DFF        Name(Last) i:/WORK/g03_top_IO/u_g03_soc/u_core_wzc/u_kalsit_core/u_id_ex/rd_waddr_o_reg[2]

  Ref  DFF        Name(Last) r:/WORK/g03_top_IO/u_g03_soc/u_core_wzc/u_kalsit_core/u_id_ex/rd_waddr_o_reg[3]
  Impl DFF        Name(Last) i:/WORK/g03_top_IO/u_g03_soc/u_core_wzc/u_kalsit_core/u_id_ex/rd_waddr_o_reg[3]

  Ref  DFF        Name(Last) r:/WORK/g03_top_IO/u_g03_soc/u_core_wzc/u_kalsit_core/u_id_ex/rd_waddr_o_reg[4]
  Impl DFF        Name(Last) i:/WORK/g03_top_IO/u_g03_soc/u_core_wzc/u_kalsit_core/u_id_ex/rd_waddr_o_reg[4]

  Ref  DFF        Name(Last) r:/WORK/g03_top_IO/u_g03_soc/u_core_wzc/u_kalsit_core/u_id_ex/reg_write_o_reg
  Impl DFF        Name(Last) i:/WORK/g03_top_IO/u_g03_soc/u_core_wzc/u_kalsit_core/u_id_ex/reg_write_o_reg

  Ref  DFF        Name(Last) r:/WORK/g03_top_IO/u_g03_soc/u_core_wzc/u_kalsit_core/u_id_ex/rs1_raddr_o_reg[0]
  Impl DFF        Name(Last) i:/WORK/g03_top_IO/u_g03_soc/u_core_wzc/u_kalsit_core/u_id_ex/rs1_raddr_o_reg[0]

  Ref  DFF        Name(Last) r:/WORK/g03_top_IO/u_g03_soc/u_core_wzc/u_kalsit_core/u_id_ex/rs1_raddr_o_reg[1]
  Impl DFF        Name(Last) i:/WORK/g03_top_IO/u_g03_soc/u_core_wzc/u_kalsit_core/u_id_ex/rs1_raddr_o_reg[1]

  Ref  DFF        Name(Last) r:/WORK/g03_top_IO/u_g03_soc/u_core_wzc/u_kalsit_core/u_id_ex/rs1_raddr_o_reg[2]
  Impl DFF        Name(Last) i:/WORK/g03_top_IO/u_g03_soc/u_core_wzc/u_kalsit_core/u_id_ex/rs1_raddr_o_reg[2]

  Ref  DFF        Name(Last) r:/WORK/g03_top_IO/u_g03_soc/u_core_wzc/u_kalsit_core/u_id_ex/rs1_raddr_o_reg[3]
  Impl DFF        Name(Last) i:/WORK/g03_top_IO/u_g03_soc/u_core_wzc/u_kalsit_core/u_id_ex/rs1_raddr_o_reg[3]

  Ref  DFF        Name(Last) r:/WORK/g03_top_IO/u_g03_soc/u_core_wzc/u_kalsit_core/u_id_ex/rs1_raddr_o_reg[4]
  Impl DFF        Name(Last) i:/WORK/g03_top_IO/u_g03_soc/u_core_wzc/u_kalsit_core/u_id_ex/rs1_raddr_o_reg[4]

  Ref  DFF        Name(Last) r:/WORK/g03_top_IO/u_g03_soc/u_core_wzc/u_kalsit_core/u_id_ex/rs2_raddr_o_reg[0]
  Impl DFF        Name(Last) i:/WORK/g03_top_IO/u_g03_soc/u_core_wzc/u_kalsit_core/u_id_ex/rs2_raddr_o_reg[0]

  Ref  DFF        Name(Last) r:/WORK/g03_top_IO/u_g03_soc/u_core_wzc/u_kalsit_core/u_id_ex/rs2_raddr_o_reg[1]
  Impl DFF        Name(Last) i:/WORK/g03_top_IO/u_g03_soc/u_core_wzc/u_kalsit_core/u_id_ex/rs2_raddr_o_reg[1]

  Ref  DFF        Name(Last) r:/WORK/g03_top_IO/u_g03_soc/u_core_wzc/u_kalsit_core/u_id_ex/rs2_raddr_o_reg[2]
  Impl DFF        Name(Last) i:/WORK/g03_top_IO/u_g03_soc/u_core_wzc/u_kalsit_core/u_id_ex/rs2_raddr_o_reg[2]

  Ref  DFF        Name(Last) r:/WORK/g03_top_IO/u_g03_soc/u_core_wzc/u_kalsit_core/u_id_ex/rs2_raddr_o_reg[3]
  Impl DFF        Name(Last) i:/WORK/g03_top_IO/u_g03_soc/u_core_wzc/u_kalsit_core/u_id_ex/rs2_raddr_o_reg[3]

  Ref  DFF        Name(Last) r:/WORK/g03_top_IO/u_g03_soc/u_core_wzc/u_kalsit_core/u_id_ex/rs2_raddr_o_reg[4]
  Impl DFF        Name(Last) i:/WORK/g03_top_IO/u_g03_soc/u_core_wzc/u_kalsit_core/u_id_ex/rs2_raddr_o_reg[4]

  Ref  DFF        Name(Last) r:/WORK/g03_top_IO/u_g03_soc/u_core_wzc/u_kalsit_core/u_if_id/inst_reg[0]
  Impl DFF        Name(Last) i:/WORK/g03_top_IO/u_g03_soc/u_core_wzc/u_kalsit_core/u_if_id/inst_reg[0]

  Ref  DFF        Name(Last) r:/WORK/g03_top_IO/u_g03_soc/u_core_wzc/u_kalsit_core/u_if_id/inst_reg[10]
  Impl DFF        Name(Last) i:/WORK/g03_top_IO/u_g03_soc/u_core_wzc/u_kalsit_core/u_if_id/inst_reg[10]

  Ref  DFF        Name(Last) r:/WORK/g03_top_IO/u_g03_soc/u_core_wzc/u_kalsit_core/u_if_id/inst_reg[11]
  Impl DFF        Name(Last) i:/WORK/g03_top_IO/u_g03_soc/u_core_wzc/u_kalsit_core/u_if_id/inst_reg[11]

  Ref  DFF        Name(Last) r:/WORK/g03_top_IO/u_g03_soc/u_core_wzc/u_kalsit_core/u_if_id/inst_reg[12]
  Impl DFF        Name(Last) i:/WORK/g03_top_IO/u_g03_soc/u_core_wzc/u_kalsit_core/u_if_id/inst_reg[12]

  Ref  DFF        Name(Last) r:/WORK/g03_top_IO/u_g03_soc/u_core_wzc/u_kalsit_core/u_if_id/inst_reg[13]
  Impl DFF        Name(Last) i:/WORK/g03_top_IO/u_g03_soc/u_core_wzc/u_kalsit_core/u_if_id/inst_reg[13]

  Ref  DFF        Name(Last) r:/WORK/g03_top_IO/u_g03_soc/u_core_wzc/u_kalsit_core/u_if_id/inst_reg[14]
  Impl DFF        Name(Last) i:/WORK/g03_top_IO/u_g03_soc/u_core_wzc/u_kalsit_core/u_if_id/inst_reg[14]

  Ref  DFF        Name(Last) r:/WORK/g03_top_IO/u_g03_soc/u_core_wzc/u_kalsit_core/u_if_id/inst_reg[15]
  Impl DFF        Name(Last) i:/WORK/g03_top_IO/u_g03_soc/u_core_wzc/u_kalsit_core/u_if_id/inst_reg[15]

  Ref  DFF        Name(Last) r:/WORK/g03_top_IO/u_g03_soc/u_core_wzc/u_kalsit_core/u_if_id/inst_reg[16]
  Impl DFF        Name(Last) i:/WORK/g03_top_IO/u_g03_soc/u_core_wzc/u_kalsit_core/u_if_id/inst_reg[16]

  Ref  DFF        Name(Last) r:/WORK/g03_top_IO/u_g03_soc/u_core_wzc/u_kalsit_core/u_if_id/inst_reg[17]
  Impl DFF        Name(Last) i:/WORK/g03_top_IO/u_g03_soc/u_core_wzc/u_kalsit_core/u_if_id/inst_reg[17]

  Ref  DFF        Name(Last) r:/WORK/g03_top_IO/u_g03_soc/u_core_wzc/u_kalsit_core/u_if_id/inst_reg[18]
  Impl DFF        Name(Last) i:/WORK/g03_top_IO/u_g03_soc/u_core_wzc/u_kalsit_core/u_if_id/inst_reg[18]

  Ref  DFF        Name(Last) r:/WORK/g03_top_IO/u_g03_soc/u_core_wzc/u_kalsit_core/u_if_id/inst_reg[19]
  Impl DFF        Name(Last) i:/WORK/g03_top_IO/u_g03_soc/u_core_wzc/u_kalsit_core/u_if_id/inst_reg[19]

  Ref  DFF        Name(Last) r:/WORK/g03_top_IO/u_g03_soc/u_core_wzc/u_kalsit_core/u_if_id/inst_reg[1]
  Impl DFF        Name(Last) i:/WORK/g03_top_IO/u_g03_soc/u_core_wzc/u_kalsit_core/u_if_id/inst_reg[1]

  Ref  DFF        Name(Last) r:/WORK/g03_top_IO/u_g03_soc/u_core_wzc/u_kalsit_core/u_if_id/inst_reg[20]
  Impl DFF        Name(Last) i:/WORK/g03_top_IO/u_g03_soc/u_core_wzc/u_kalsit_core/u_if_id/inst_reg[20]

  Ref  DFF        Name(Last) r:/WORK/g03_top_IO/u_g03_soc/u_core_wzc/u_kalsit_core/u_if_id/inst_reg[21]
  Impl DFF        Name(Last) i:/WORK/g03_top_IO/u_g03_soc/u_core_wzc/u_kalsit_core/u_if_id/inst_reg[21]

  Ref  DFF        Name(Last) r:/WORK/g03_top_IO/u_g03_soc/u_core_wzc/u_kalsit_core/u_if_id/inst_reg[22]
  Impl DFF        Name(Last) i:/WORK/g03_top_IO/u_g03_soc/u_core_wzc/u_kalsit_core/u_if_id/inst_reg[22]

  Ref  DFF        Name(Last) r:/WORK/g03_top_IO/u_g03_soc/u_core_wzc/u_kalsit_core/u_if_id/inst_reg[23]
  Impl DFF        Name(Last) i:/WORK/g03_top_IO/u_g03_soc/u_core_wzc/u_kalsit_core/u_if_id/inst_reg[23]

  Ref  DFF        Name(Last) r:/WORK/g03_top_IO/u_g03_soc/u_core_wzc/u_kalsit_core/u_if_id/inst_reg[24]
  Impl DFF        Name(Last) i:/WORK/g03_top_IO/u_g03_soc/u_core_wzc/u_kalsit_core/u_if_id/inst_reg[24]

  Ref  DFF        Name(Last) r:/WORK/g03_top_IO/u_g03_soc/u_core_wzc/u_kalsit_core/u_if_id/inst_reg[25]
  Impl DFF        Name(Last) i:/WORK/g03_top_IO/u_g03_soc/u_core_wzc/u_kalsit_core/u_if_id/inst_reg[25]

  Ref  DFF        Name(Last) r:/WORK/g03_top_IO/u_g03_soc/u_core_wzc/u_kalsit_core/u_if_id/inst_reg[26]
  Impl DFF        Name(Last) i:/WORK/g03_top_IO/u_g03_soc/u_core_wzc/u_kalsit_core/u_if_id/inst_reg[26]

  Ref  DFF        Name(Last) r:/WORK/g03_top_IO/u_g03_soc/u_core_wzc/u_kalsit_core/u_if_id/inst_reg[27]
  Impl DFF        Name(Last) i:/WORK/g03_top_IO/u_g03_soc/u_core_wzc/u_kalsit_core/u_if_id/inst_reg[27]

  Ref  DFF        Name(Last) r:/WORK/g03_top_IO/u_g03_soc/u_core_wzc/u_kalsit_core/u_if_id/inst_reg[28]
  Impl DFF        Name(Last) i:/WORK/g03_top_IO/u_g03_soc/u_core_wzc/u_kalsit_core/u_if_id/inst_reg[28]

  Ref  DFF        Name(Last) r:/WORK/g03_top_IO/u_g03_soc/u_core_wzc/u_kalsit_core/u_if_id/inst_reg[29]
  Impl DFF        Name(Last) i:/WORK/g03_top_IO/u_g03_soc/u_core_wzc/u_kalsit_core/u_if_id/inst_reg[29]

  Ref  DFF        Name(Last) r:/WORK/g03_top_IO/u_g03_soc/u_core_wzc/u_kalsit_core/u_if_id/inst_reg[2]
  Impl DFF        Name(Last) i:/WORK/g03_top_IO/u_g03_soc/u_core_wzc/u_kalsit_core/u_if_id/inst_reg[2]

  Ref  DFF        Name(Last) r:/WORK/g03_top_IO/u_g03_soc/u_core_wzc/u_kalsit_core/u_if_id/inst_reg[30]
  Impl DFF        Name(Last) i:/WORK/g03_top_IO/u_g03_soc/u_core_wzc/u_kalsit_core/u_if_id/inst_reg[30]

  Ref  DFF        Name(Last) r:/WORK/g03_top_IO/u_g03_soc/u_core_wzc/u_kalsit_core/u_if_id/inst_reg[31]
  Impl DFF        Name(Last) i:/WORK/g03_top_IO/u_g03_soc/u_core_wzc/u_kalsit_core/u_if_id/inst_reg[31]

  Ref  DFF        Name(Last) r:/WORK/g03_top_IO/u_g03_soc/u_core_wzc/u_kalsit_core/u_if_id/inst_reg[3]
  Impl DFF        Name(Last) i:/WORK/g03_top_IO/u_g03_soc/u_core_wzc/u_kalsit_core/u_if_id/inst_reg[3]

  Ref  DFF        Name(Last) r:/WORK/g03_top_IO/u_g03_soc/u_core_wzc/u_kalsit_core/u_if_id/inst_reg[4]
  Impl DFF        Name(Last) i:/WORK/g03_top_IO/u_g03_soc/u_core_wzc/u_kalsit_core/u_if_id/inst_reg[4]

  Ref  DFF        Name(Last) r:/WORK/g03_top_IO/u_g03_soc/u_core_wzc/u_kalsit_core/u_if_id/inst_reg[5]
  Impl DFF        Name(Last) i:/WORK/g03_top_IO/u_g03_soc/u_core_wzc/u_kalsit_core/u_if_id/inst_reg[5]

  Ref  DFF        Name(Last) r:/WORK/g03_top_IO/u_g03_soc/u_core_wzc/u_kalsit_core/u_if_id/inst_reg[6]
  Impl DFF        Name(Last) i:/WORK/g03_top_IO/u_g03_soc/u_core_wzc/u_kalsit_core/u_if_id/inst_reg[6]

  Ref  DFF        Name(Last) r:/WORK/g03_top_IO/u_g03_soc/u_core_wzc/u_kalsit_core/u_if_id/inst_reg[7]
  Impl DFF        Name(Last) i:/WORK/g03_top_IO/u_g03_soc/u_core_wzc/u_kalsit_core/u_if_id/inst_reg[7]

  Ref  DFF        Name(Last) r:/WORK/g03_top_IO/u_g03_soc/u_core_wzc/u_kalsit_core/u_if_id/inst_reg[8]
  Impl DFF        Name(Last) i:/WORK/g03_top_IO/u_g03_soc/u_core_wzc/u_kalsit_core/u_if_id/inst_reg[8]

  Ref  DFF        Name(Last) r:/WORK/g03_top_IO/u_g03_soc/u_core_wzc/u_kalsit_core/u_if_id/inst_reg[9]
  Impl DFF        Name(Last) i:/WORK/g03_top_IO/u_g03_soc/u_core_wzc/u_kalsit_core/u_if_id/inst_reg[9]

  Ref  DFF        Name(Last) r:/WORK/g03_top_IO/u_g03_soc/u_core_wzc/u_kalsit_core/u_if_id/pc_reg[0]
  Impl DFF        Name(Last) i:/WORK/g03_top_IO/u_g03_soc/u_core_wzc/u_kalsit_core/u_if_id/pc_reg[0]

  Ref  DFF        Name(Last) r:/WORK/g03_top_IO/u_g03_soc/u_core_wzc/u_kalsit_core/u_if_id/pc_reg[10]
  Impl DFF        Name(Last) i:/WORK/g03_top_IO/u_g03_soc/u_core_wzc/u_kalsit_core/u_if_id/pc_reg[10]

  Ref  DFF        Name(Last) r:/WORK/g03_top_IO/u_g03_soc/u_core_wzc/u_kalsit_core/u_if_id/pc_reg[11]
  Impl DFF        Name(Last) i:/WORK/g03_top_IO/u_g03_soc/u_core_wzc/u_kalsit_core/u_if_id/pc_reg[11]

  Ref  DFF        Name(Last) r:/WORK/g03_top_IO/u_g03_soc/u_core_wzc/u_kalsit_core/u_if_id/pc_reg[12]
  Impl DFF        Name(Last) i:/WORK/g03_top_IO/u_g03_soc/u_core_wzc/u_kalsit_core/u_if_id/pc_reg[12]

  Ref  DFF        Name(Last) r:/WORK/g03_top_IO/u_g03_soc/u_core_wzc/u_kalsit_core/u_if_id/pc_reg[13]
  Impl DFF        Name(Last) i:/WORK/g03_top_IO/u_g03_soc/u_core_wzc/u_kalsit_core/u_if_id/pc_reg[13]

  Ref  DFF        Name(Last) r:/WORK/g03_top_IO/u_g03_soc/u_core_wzc/u_kalsit_core/u_if_id/pc_reg[14]
  Impl DFF        Name(Last) i:/WORK/g03_top_IO/u_g03_soc/u_core_wzc/u_kalsit_core/u_if_id/pc_reg[14]

  Ref  DFF        Name(Last) r:/WORK/g03_top_IO/u_g03_soc/u_core_wzc/u_kalsit_core/u_if_id/pc_reg[15]
  Impl DFF        Name(Last) i:/WORK/g03_top_IO/u_g03_soc/u_core_wzc/u_kalsit_core/u_if_id/pc_reg[15]

  Ref  DFF        Name(Last) r:/WORK/g03_top_IO/u_g03_soc/u_core_wzc/u_kalsit_core/u_if_id/pc_reg[16]
  Impl DFF        Name(Last) i:/WORK/g03_top_IO/u_g03_soc/u_core_wzc/u_kalsit_core/u_if_id/pc_reg[16]

  Ref  DFF        Name(Last) r:/WORK/g03_top_IO/u_g03_soc/u_core_wzc/u_kalsit_core/u_if_id/pc_reg[17]
  Impl DFF        Name(Last) i:/WORK/g03_top_IO/u_g03_soc/u_core_wzc/u_kalsit_core/u_if_id/pc_reg[17]

  Ref  DFF        Name(Last) r:/WORK/g03_top_IO/u_g03_soc/u_core_wzc/u_kalsit_core/u_if_id/pc_reg[18]
  Impl DFF        Name(Last) i:/WORK/g03_top_IO/u_g03_soc/u_core_wzc/u_kalsit_core/u_if_id/pc_reg[18]

  Ref  DFF        Name(Last) r:/WORK/g03_top_IO/u_g03_soc/u_core_wzc/u_kalsit_core/u_if_id/pc_reg[19]
  Impl DFF        Name(Last) i:/WORK/g03_top_IO/u_g03_soc/u_core_wzc/u_kalsit_core/u_if_id/pc_reg[19]

  Ref  DFF        Name(Last) r:/WORK/g03_top_IO/u_g03_soc/u_core_wzc/u_kalsit_core/u_if_id/pc_reg[1]
  Impl DFF        Name(Last) i:/WORK/g03_top_IO/u_g03_soc/u_core_wzc/u_kalsit_core/u_if_id/pc_reg[1]

  Ref  DFF        Name(Last) r:/WORK/g03_top_IO/u_g03_soc/u_core_wzc/u_kalsit_core/u_if_id/pc_reg[20]
  Impl DFF        Name(Last) i:/WORK/g03_top_IO/u_g03_soc/u_core_wzc/u_kalsit_core/u_if_id/pc_reg[20]

  Ref  DFF        Name(Last) r:/WORK/g03_top_IO/u_g03_soc/u_core_wzc/u_kalsit_core/u_if_id/pc_reg[21]
  Impl DFF        Name(Last) i:/WORK/g03_top_IO/u_g03_soc/u_core_wzc/u_kalsit_core/u_if_id/pc_reg[21]

  Ref  DFF        Name(Last) r:/WORK/g03_top_IO/u_g03_soc/u_core_wzc/u_kalsit_core/u_if_id/pc_reg[22]
  Impl DFF        Name(Last) i:/WORK/g03_top_IO/u_g03_soc/u_core_wzc/u_kalsit_core/u_if_id/pc_reg[22]

  Ref  DFF        Name(Last) r:/WORK/g03_top_IO/u_g03_soc/u_core_wzc/u_kalsit_core/u_if_id/pc_reg[23]
  Impl DFF        Name(Last) i:/WORK/g03_top_IO/u_g03_soc/u_core_wzc/u_kalsit_core/u_if_id/pc_reg[23]

  Ref  DFF        Name(Last) r:/WORK/g03_top_IO/u_g03_soc/u_core_wzc/u_kalsit_core/u_if_id/pc_reg[24]
  Impl DFF        Name(Last) i:/WORK/g03_top_IO/u_g03_soc/u_core_wzc/u_kalsit_core/u_if_id/pc_reg[24]

  Ref  DFF        Name(Last) r:/WORK/g03_top_IO/u_g03_soc/u_core_wzc/u_kalsit_core/u_if_id/pc_reg[25]
  Impl DFF        Name(Last) i:/WORK/g03_top_IO/u_g03_soc/u_core_wzc/u_kalsit_core/u_if_id/pc_reg[25]

  Ref  DFF        Name(Last) r:/WORK/g03_top_IO/u_g03_soc/u_core_wzc/u_kalsit_core/u_if_id/pc_reg[26]
  Impl DFF        Name(Last) i:/WORK/g03_top_IO/u_g03_soc/u_core_wzc/u_kalsit_core/u_if_id/pc_reg[26]

  Ref  DFF        Name(Last) r:/WORK/g03_top_IO/u_g03_soc/u_core_wzc/u_kalsit_core/u_if_id/pc_reg[27]
  Impl DFF        Name(Last) i:/WORK/g03_top_IO/u_g03_soc/u_core_wzc/u_kalsit_core/u_if_id/pc_reg[27]

  Ref  DFF        Name(Last) r:/WORK/g03_top_IO/u_g03_soc/u_core_wzc/u_kalsit_core/u_if_id/pc_reg[28]
  Impl DFF        Name(Last) i:/WORK/g03_top_IO/u_g03_soc/u_core_wzc/u_kalsit_core/u_if_id/pc_reg[28]

  Ref  DFF        Name(Last) r:/WORK/g03_top_IO/u_g03_soc/u_core_wzc/u_kalsit_core/u_if_id/pc_reg[29]
  Impl DFF        Name(Last) i:/WORK/g03_top_IO/u_g03_soc/u_core_wzc/u_kalsit_core/u_if_id/pc_reg[29]

  Ref  DFF        Name(Last) r:/WORK/g03_top_IO/u_g03_soc/u_core_wzc/u_kalsit_core/u_if_id/pc_reg[2]
  Impl DFF        Name(Last) i:/WORK/g03_top_IO/u_g03_soc/u_core_wzc/u_kalsit_core/u_if_id/pc_reg[2]

  Ref  DFF        Name(Last) r:/WORK/g03_top_IO/u_g03_soc/u_core_wzc/u_kalsit_core/u_if_id/pc_reg[30]
  Impl DFF        Name(Last) i:/WORK/g03_top_IO/u_g03_soc/u_core_wzc/u_kalsit_core/u_if_id/pc_reg[30]

  Ref  DFF        Name(Last) r:/WORK/g03_top_IO/u_g03_soc/u_core_wzc/u_kalsit_core/u_if_id/pc_reg[31]
  Impl DFF        Name(Last) i:/WORK/g03_top_IO/u_g03_soc/u_core_wzc/u_kalsit_core/u_if_id/pc_reg[31]

  Ref  DFF        Name(Last) r:/WORK/g03_top_IO/u_g03_soc/u_core_wzc/u_kalsit_core/u_if_id/pc_reg[3]
  Impl DFF        Name(Last) i:/WORK/g03_top_IO/u_g03_soc/u_core_wzc/u_kalsit_core/u_if_id/pc_reg[3]

  Ref  DFF        Name(Last) r:/WORK/g03_top_IO/u_g03_soc/u_core_wzc/u_kalsit_core/u_if_id/pc_reg[4]
  Impl DFF        Name(Last) i:/WORK/g03_top_IO/u_g03_soc/u_core_wzc/u_kalsit_core/u_if_id/pc_reg[4]

  Ref  DFF        Name(Last) r:/WORK/g03_top_IO/u_g03_soc/u_core_wzc/u_kalsit_core/u_if_id/pc_reg[5]
  Impl DFF        Name(Last) i:/WORK/g03_top_IO/u_g03_soc/u_core_wzc/u_kalsit_core/u_if_id/pc_reg[5]

  Ref  DFF        Name(Last) r:/WORK/g03_top_IO/u_g03_soc/u_core_wzc/u_kalsit_core/u_if_id/pc_reg[6]
  Impl DFF        Name(Last) i:/WORK/g03_top_IO/u_g03_soc/u_core_wzc/u_kalsit_core/u_if_id/pc_reg[6]

  Ref  DFF        Name(Last) r:/WORK/g03_top_IO/u_g03_soc/u_core_wzc/u_kalsit_core/u_if_id/pc_reg[7]
  Impl DFF        Name(Last) i:/WORK/g03_top_IO/u_g03_soc/u_core_wzc/u_kalsit_core/u_if_id/pc_reg[7]

  Ref  DFF        Name(Last) r:/WORK/g03_top_IO/u_g03_soc/u_core_wzc/u_kalsit_core/u_if_id/pc_reg[8]
  Impl DFF        Name(Last) i:/WORK/g03_top_IO/u_g03_soc/u_core_wzc/u_kalsit_core/u_if_id/pc_reg[8]

  Ref  DFF        Name(Last) r:/WORK/g03_top_IO/u_g03_soc/u_core_wzc/u_kalsit_core/u_if_id/pc_reg[9]
  Impl DFF        Name(Last) i:/WORK/g03_top_IO/u_g03_soc/u_core_wzc/u_kalsit_core/u_if_id/pc_reg[9]

  Ref  DFF        Name(Last) r:/WORK/g03_top_IO/u_g03_soc/u_core_wzc/u_kalsit_core/u_ifu/u_ifu_ifetch/icache_base_word_reg[0]
  Impl DFF        Name(Last) i:/WORK/g03_top_IO/u_g03_soc/u_core_wzc/u_kalsit_core/u_ifu/u_ifu_ifetch/icache_base_word_reg[0]

  Ref  DFF        Name(Last) r:/WORK/g03_top_IO/u_g03_soc/u_core_wzc/u_kalsit_core/u_ifu/u_ifu_ifetch/icache_base_word_reg[10]
  Impl DFF        Name(Last) i:/WORK/g03_top_IO/u_g03_soc/u_core_wzc/u_kalsit_core/u_ifu/u_ifu_ifetch/icache_base_word_reg[10]

  Ref  DFF        Name(Last) r:/WORK/g03_top_IO/u_g03_soc/u_core_wzc/u_kalsit_core/u_ifu/u_ifu_ifetch/icache_base_word_reg[11]
  Impl DFF        Name(Last) i:/WORK/g03_top_IO/u_g03_soc/u_core_wzc/u_kalsit_core/u_ifu/u_ifu_ifetch/icache_base_word_reg[11]

  Ref  DFF        Name(Last) r:/WORK/g03_top_IO/u_g03_soc/u_core_wzc/u_kalsit_core/u_ifu/u_ifu_ifetch/icache_base_word_reg[12]
  Impl DFF        Name(Last) i:/WORK/g03_top_IO/u_g03_soc/u_core_wzc/u_kalsit_core/u_ifu/u_ifu_ifetch/icache_base_word_reg[12]

  Ref  DFF        Name(Last) r:/WORK/g03_top_IO/u_g03_soc/u_core_wzc/u_kalsit_core/u_ifu/u_ifu_ifetch/icache_base_word_reg[13]
  Impl DFF        Name(Last) i:/WORK/g03_top_IO/u_g03_soc/u_core_wzc/u_kalsit_core/u_ifu/u_ifu_ifetch/icache_base_word_reg[13]

  Ref  DFF        Name(Last) r:/WORK/g03_top_IO/u_g03_soc/u_core_wzc/u_kalsit_core/u_ifu/u_ifu_ifetch/icache_base_word_reg[14]
  Impl DFF        Name(Last) i:/WORK/g03_top_IO/u_g03_soc/u_core_wzc/u_kalsit_core/u_ifu/u_ifu_ifetch/icache_base_word_reg[14]

  Ref  DFF        Name(Last) r:/WORK/g03_top_IO/u_g03_soc/u_core_wzc/u_kalsit_core/u_ifu/u_ifu_ifetch/icache_base_word_reg[15]
  Impl DFF        Name(Last) i:/WORK/g03_top_IO/u_g03_soc/u_core_wzc/u_kalsit_core/u_ifu/u_ifu_ifetch/icache_base_word_reg[15]

  Ref  DFF        Name(Last) r:/WORK/g03_top_IO/u_g03_soc/u_core_wzc/u_kalsit_core/u_ifu/u_ifu_ifetch/icache_base_word_reg[16]
  Impl DFF        Name(Last) i:/WORK/g03_top_IO/u_g03_soc/u_core_wzc/u_kalsit_core/u_ifu/u_ifu_ifetch/icache_base_word_reg[16]

  Ref  DFF        Name(Last) r:/WORK/g03_top_IO/u_g03_soc/u_core_wzc/u_kalsit_core/u_ifu/u_ifu_ifetch/icache_base_word_reg[17]
  Impl DFF        Name(Last) i:/WORK/g03_top_IO/u_g03_soc/u_core_wzc/u_kalsit_core/u_ifu/u_ifu_ifetch/icache_base_word_reg[17]

  Ref  DFF        Name(Last) r:/WORK/g03_top_IO/u_g03_soc/u_core_wzc/u_kalsit_core/u_ifu/u_ifu_ifetch/icache_base_word_reg[18]
  Impl DFF        Name(Last) i:/WORK/g03_top_IO/u_g03_soc/u_core_wzc/u_kalsit_core/u_ifu/u_ifu_ifetch/icache_base_word_reg[18]

  Ref  DFF        Name(Last) r:/WORK/g03_top_IO/u_g03_soc/u_core_wzc/u_kalsit_core/u_ifu/u_ifu_ifetch/icache_base_word_reg[19]
  Impl DFF        Name(Last) i:/WORK/g03_top_IO/u_g03_soc/u_core_wzc/u_kalsit_core/u_ifu/u_ifu_ifetch/icache_base_word_reg[19]

  Ref  DFF        Name(Last) r:/WORK/g03_top_IO/u_g03_soc/u_core_wzc/u_kalsit_core/u_ifu/u_ifu_ifetch/icache_base_word_reg[1]
  Impl DFF        Name(Last) i:/WORK/g03_top_IO/u_g03_soc/u_core_wzc/u_kalsit_core/u_ifu/u_ifu_ifetch/icache_base_word_reg[1]

  Ref  DFF        Name(Last) r:/WORK/g03_top_IO/u_g03_soc/u_core_wzc/u_kalsit_core/u_ifu/u_ifu_ifetch/icache_base_word_reg[20]
  Impl DFF        Name(Last) i:/WORK/g03_top_IO/u_g03_soc/u_core_wzc/u_kalsit_core/u_ifu/u_ifu_ifetch/icache_base_word_reg[20]

  Ref  DFF        Name(Last) r:/WORK/g03_top_IO/u_g03_soc/u_core_wzc/u_kalsit_core/u_ifu/u_ifu_ifetch/icache_base_word_reg[21]
  Impl DFF        Name(Last) i:/WORK/g03_top_IO/u_g03_soc/u_core_wzc/u_kalsit_core/u_ifu/u_ifu_ifetch/icache_base_word_reg[21]

  Ref  DFF        Name(Last) r:/WORK/g03_top_IO/u_g03_soc/u_core_wzc/u_kalsit_core/u_ifu/u_ifu_ifetch/icache_base_word_reg[22]
  Impl DFF        Name(Last) i:/WORK/g03_top_IO/u_g03_soc/u_core_wzc/u_kalsit_core/u_ifu/u_ifu_ifetch/icache_base_word_reg[22]

  Ref  DFF        Name(Last) r:/WORK/g03_top_IO/u_g03_soc/u_core_wzc/u_kalsit_core/u_ifu/u_ifu_ifetch/icache_base_word_reg[23]
  Impl DFF        Name(Last) i:/WORK/g03_top_IO/u_g03_soc/u_core_wzc/u_kalsit_core/u_ifu/u_ifu_ifetch/icache_base_word_reg[23]

  Ref  DFF        Name(Last) r:/WORK/g03_top_IO/u_g03_soc/u_core_wzc/u_kalsit_core/u_ifu/u_ifu_ifetch/icache_base_word_reg[24]
  Impl DFF        Name(Last) i:/WORK/g03_top_IO/u_g03_soc/u_core_wzc/u_kalsit_core/u_ifu/u_ifu_ifetch/icache_base_word_reg[24]

  Ref  DFF        Name(Last) r:/WORK/g03_top_IO/u_g03_soc/u_core_wzc/u_kalsit_core/u_ifu/u_ifu_ifetch/icache_base_word_reg[25]
  Impl DFF        Name(Last) i:/WORK/g03_top_IO/u_g03_soc/u_core_wzc/u_kalsit_core/u_ifu/u_ifu_ifetch/icache_base_word_reg[25]

  Ref  DFF        Name(Last) r:/WORK/g03_top_IO/u_g03_soc/u_core_wzc/u_kalsit_core/u_ifu/u_ifu_ifetch/icache_base_word_reg[26]
  Impl DFF        Name(Last) i:/WORK/g03_top_IO/u_g03_soc/u_core_wzc/u_kalsit_core/u_ifu/u_ifu_ifetch/icache_base_word_reg[26]

  Ref  DFF        Name(Last) r:/WORK/g03_top_IO/u_g03_soc/u_core_wzc/u_kalsit_core/u_ifu/u_ifu_ifetch/icache_base_word_reg[27]
  Impl DFF        Name(Last) i:/WORK/g03_top_IO/u_g03_soc/u_core_wzc/u_kalsit_core/u_ifu/u_ifu_ifetch/icache_base_word_reg[27]

  Ref  DFF        Name(Last) r:/WORK/g03_top_IO/u_g03_soc/u_core_wzc/u_kalsit_core/u_ifu/u_ifu_ifetch/icache_base_word_reg[28]
  Impl DFF        Name(Last) i:/WORK/g03_top_IO/u_g03_soc/u_core_wzc/u_kalsit_core/u_ifu/u_ifu_ifetch/icache_base_word_reg[28]

  Ref  DFF        Name(Last) r:/WORK/g03_top_IO/u_g03_soc/u_core_wzc/u_kalsit_core/u_ifu/u_ifu_ifetch/icache_base_word_reg[29]
  Impl DFF        Name(Last) i:/WORK/g03_top_IO/u_g03_soc/u_core_wzc/u_kalsit_core/u_ifu/u_ifu_ifetch/icache_base_word_reg[29]

  Ref  DFF        Name(Last) r:/WORK/g03_top_IO/u_g03_soc/u_core_wzc/u_kalsit_core/u_ifu/u_ifu_ifetch/icache_base_word_reg[2]
  Impl DFF        Name(Last) i:/WORK/g03_top_IO/u_g03_soc/u_core_wzc/u_kalsit_core/u_ifu/u_ifu_ifetch/icache_base_word_reg[2]

  Ref  DFF        Name(Last) r:/WORK/g03_top_IO/u_g03_soc/u_core_wzc/u_kalsit_core/u_ifu/u_ifu_ifetch/icache_base_word_reg[3]
  Impl DFF        Name(Last) i:/WORK/g03_top_IO/u_g03_soc/u_core_wzc/u_kalsit_core/u_ifu/u_ifu_ifetch/icache_base_word_reg[3]

  Ref  DFF        Name(Last) r:/WORK/g03_top_IO/u_g03_soc/u_core_wzc/u_kalsit_core/u_ifu/u_ifu_ifetch/icache_base_word_reg[4]
  Impl DFF        Name(Last) i:/WORK/g03_top_IO/u_g03_soc/u_core_wzc/u_kalsit_core/u_ifu/u_ifu_ifetch/icache_base_word_reg[4]

  Ref  DFF        Name(Last) r:/WORK/g03_top_IO/u_g03_soc/u_core_wzc/u_kalsit_core/u_ifu/u_ifu_ifetch/icache_base_word_reg[5]
  Impl DFF        Name(Last) i:/WORK/g03_top_IO/u_g03_soc/u_core_wzc/u_kalsit_core/u_ifu/u_ifu_ifetch/icache_base_word_reg[5]

  Ref  DFF        Name(Last) r:/WORK/g03_top_IO/u_g03_soc/u_core_wzc/u_kalsit_core/u_ifu/u_ifu_ifetch/icache_base_word_reg[6]
  Impl DFF        Name(Last) i:/WORK/g03_top_IO/u_g03_soc/u_core_wzc/u_kalsit_core/u_ifu/u_ifu_ifetch/icache_base_word_reg[6]

  Ref  DFF        Name(Last) r:/WORK/g03_top_IO/u_g03_soc/u_core_wzc/u_kalsit_core/u_ifu/u_ifu_ifetch/icache_base_word_reg[7]
  Impl DFF        Name(Last) i:/WORK/g03_top_IO/u_g03_soc/u_core_wzc/u_kalsit_core/u_ifu/u_ifu_ifetch/icache_base_word_reg[7]

  Ref  DFF        Name(Last) r:/WORK/g03_top_IO/u_g03_soc/u_core_wzc/u_kalsit_core/u_ifu/u_ifu_ifetch/icache_base_word_reg[8]
  Impl DFF        Name(Last) i:/WORK/g03_top_IO/u_g03_soc/u_core_wzc/u_kalsit_core/u_ifu/u_ifu_ifetch/icache_base_word_reg[8]

  Ref  DFF        Name(Last) r:/WORK/g03_top_IO/u_g03_soc/u_core_wzc/u_kalsit_core/u_ifu/u_ifu_ifetch/icache_base_word_reg[9]
  Impl DFF        Name(Last) i:/WORK/g03_top_IO/u_g03_soc/u_core_wzc/u_kalsit_core/u_ifu/u_ifu_ifetch/icache_base_word_reg[9]

  Ref  DFF        Name(Last) r:/WORK/g03_top_IO/u_g03_soc/u_core_wzc/u_kalsit_core/u_ifu/u_ifu_ifetch/icache_data_reg[0][0]
  Impl DFF        Name(Last) i:/WORK/g03_top_IO/u_g03_soc/u_core_wzc/u_kalsit_core/u_ifu/u_ifu_ifetch/icache_data_reg[0][0]

  Ref  DFF        Name(Last) r:/WORK/g03_top_IO/u_g03_soc/u_core_wzc/u_kalsit_core/u_ifu/u_ifu_ifetch/icache_data_reg[0][10]
  Impl DFF        Name(Last) i:/WORK/g03_top_IO/u_g03_soc/u_core_wzc/u_kalsit_core/u_ifu/u_ifu_ifetch/icache_data_reg[0][10]

  Ref  DFF        Name(Last) r:/WORK/g03_top_IO/u_g03_soc/u_core_wzc/u_kalsit_core/u_ifu/u_ifu_ifetch/icache_data_reg[0][11]
  Impl DFF        Name(Last) i:/WORK/g03_top_IO/u_g03_soc/u_core_wzc/u_kalsit_core/u_ifu/u_ifu_ifetch/icache_data_reg[0][11]

  Ref  DFF        Name(Last) r:/WORK/g03_top_IO/u_g03_soc/u_core_wzc/u_kalsit_core/u_ifu/u_ifu_ifetch/icache_data_reg[0][12]
  Impl DFF        Name(Last) i:/WORK/g03_top_IO/u_g03_soc/u_core_wzc/u_kalsit_core/u_ifu/u_ifu_ifetch/icache_data_reg[0][12]

  Ref  DFF        Name(Last) r:/WORK/g03_top_IO/u_g03_soc/u_core_wzc/u_kalsit_core/u_ifu/u_ifu_ifetch/icache_data_reg[0][13]
  Impl DFF        Name(Last) i:/WORK/g03_top_IO/u_g03_soc/u_core_wzc/u_kalsit_core/u_ifu/u_ifu_ifetch/icache_data_reg[0][13]

  Ref  DFF        Name(Last) r:/WORK/g03_top_IO/u_g03_soc/u_core_wzc/u_kalsit_core/u_ifu/u_ifu_ifetch/icache_data_reg[0][14]
  Impl DFF        Name(Last) i:/WORK/g03_top_IO/u_g03_soc/u_core_wzc/u_kalsit_core/u_ifu/u_ifu_ifetch/icache_data_reg[0][14]

  Ref  DFF        Name(Last) r:/WORK/g03_top_IO/u_g03_soc/u_core_wzc/u_kalsit_core/u_ifu/u_ifu_ifetch/icache_data_reg[0][15]
  Impl DFF        Name(Last) i:/WORK/g03_top_IO/u_g03_soc/u_core_wzc/u_kalsit_core/u_ifu/u_ifu_ifetch/icache_data_reg[0][15]

  Ref  DFF        Name(Last) r:/WORK/g03_top_IO/u_g03_soc/u_core_wzc/u_kalsit_core/u_ifu/u_ifu_ifetch/icache_data_reg[0][16]
  Impl DFF        Name(Last) i:/WORK/g03_top_IO/u_g03_soc/u_core_wzc/u_kalsit_core/u_ifu/u_ifu_ifetch/icache_data_reg[0][16]

  Ref  DFF        Name(Last) r:/WORK/g03_top_IO/u_g03_soc/u_core_wzc/u_kalsit_core/u_ifu/u_ifu_ifetch/icache_data_reg[0][17]
  Impl DFF        Name(Last) i:/WORK/g03_top_IO/u_g03_soc/u_core_wzc/u_kalsit_core/u_ifu/u_ifu_ifetch/icache_data_reg[0][17]

  Ref  DFF        Name(Last) r:/WORK/g03_top_IO/u_g03_soc/u_core_wzc/u_kalsit_core/u_ifu/u_ifu_ifetch/icache_data_reg[0][18]
  Impl DFF        Name(Last) i:/WORK/g03_top_IO/u_g03_soc/u_core_wzc/u_kalsit_core/u_ifu/u_ifu_ifetch/icache_data_reg[0][18]

  Ref  DFF        Name(Last) r:/WORK/g03_top_IO/u_g03_soc/u_core_wzc/u_kalsit_core/u_ifu/u_ifu_ifetch/icache_data_reg[0][19]
  Impl DFF        Name(Last) i:/WORK/g03_top_IO/u_g03_soc/u_core_wzc/u_kalsit_core/u_ifu/u_ifu_ifetch/icache_data_reg[0][19]

  Ref  DFF        Name(Last) r:/WORK/g03_top_IO/u_g03_soc/u_core_wzc/u_kalsit_core/u_ifu/u_ifu_ifetch/icache_data_reg[0][1]
  Impl DFF        Name(Last) i:/WORK/g03_top_IO/u_g03_soc/u_core_wzc/u_kalsit_core/u_ifu/u_ifu_ifetch/icache_data_reg[0][1]

  Ref  DFF        Name(Last) r:/WORK/g03_top_IO/u_g03_soc/u_core_wzc/u_kalsit_core/u_ifu/u_ifu_ifetch/icache_data_reg[0][20]
  Impl DFF        Name(Last) i:/WORK/g03_top_IO/u_g03_soc/u_core_wzc/u_kalsit_core/u_ifu/u_ifu_ifetch/icache_data_reg[0][20]

  Ref  DFF        Name(Last) r:/WORK/g03_top_IO/u_g03_soc/u_core_wzc/u_kalsit_core/u_ifu/u_ifu_ifetch/icache_data_reg[0][21]
  Impl DFF        Name(Last) i:/WORK/g03_top_IO/u_g03_soc/u_core_wzc/u_kalsit_core/u_ifu/u_ifu_ifetch/icache_data_reg[0][21]

  Ref  DFF        Name(Last) r:/WORK/g03_top_IO/u_g03_soc/u_core_wzc/u_kalsit_core/u_ifu/u_ifu_ifetch/icache_data_reg[0][22]
  Impl DFF        Name(Last) i:/WORK/g03_top_IO/u_g03_soc/u_core_wzc/u_kalsit_core/u_ifu/u_ifu_ifetch/icache_data_reg[0][22]

  Ref  DFF        Name(Last) r:/WORK/g03_top_IO/u_g03_soc/u_core_wzc/u_kalsit_core/u_ifu/u_ifu_ifetch/icache_data_reg[0][23]
  Impl DFF        Name(Last) i:/WORK/g03_top_IO/u_g03_soc/u_core_wzc/u_kalsit_core/u_ifu/u_ifu_ifetch/icache_data_reg[0][23]

  Ref  DFF        Name(Last) r:/WORK/g03_top_IO/u_g03_soc/u_core_wzc/u_kalsit_core/u_ifu/u_ifu_ifetch/icache_data_reg[0][24]
  Impl DFF        Name(Last) i:/WORK/g03_top_IO/u_g03_soc/u_core_wzc/u_kalsit_core/u_ifu/u_ifu_ifetch/icache_data_reg[0][24]

  Ref  DFF        Name(Last) r:/WORK/g03_top_IO/u_g03_soc/u_core_wzc/u_kalsit_core/u_ifu/u_ifu_ifetch/icache_data_reg[0][25]
  Impl DFF        Name(Last) i:/WORK/g03_top_IO/u_g03_soc/u_core_wzc/u_kalsit_core/u_ifu/u_ifu_ifetch/icache_data_reg[0][25]

  Ref  DFF        Name(Last) r:/WORK/g03_top_IO/u_g03_soc/u_core_wzc/u_kalsit_core/u_ifu/u_ifu_ifetch/icache_data_reg[0][26]
  Impl DFF        Name(Last) i:/WORK/g03_top_IO/u_g03_soc/u_core_wzc/u_kalsit_core/u_ifu/u_ifu_ifetch/icache_data_reg[0][26]

  Ref  DFF        Name(Last) r:/WORK/g03_top_IO/u_g03_soc/u_core_wzc/u_kalsit_core/u_ifu/u_ifu_ifetch/icache_data_reg[0][27]
  Impl DFF        Name(Last) i:/WORK/g03_top_IO/u_g03_soc/u_core_wzc/u_kalsit_core/u_ifu/u_ifu_ifetch/icache_data_reg[0][27]

  Ref  DFF        Name(Last) r:/WORK/g03_top_IO/u_g03_soc/u_core_wzc/u_kalsit_core/u_ifu/u_ifu_ifetch/icache_data_reg[0][28]
  Impl DFF        Name(Last) i:/WORK/g03_top_IO/u_g03_soc/u_core_wzc/u_kalsit_core/u_ifu/u_ifu_ifetch/icache_data_reg[0][28]

  Ref  DFF        Name(Last) r:/WORK/g03_top_IO/u_g03_soc/u_core_wzc/u_kalsit_core/u_ifu/u_ifu_ifetch/icache_data_reg[0][29]
  Impl DFF        Name(Last) i:/WORK/g03_top_IO/u_g03_soc/u_core_wzc/u_kalsit_core/u_ifu/u_ifu_ifetch/icache_data_reg[0][29]

  Ref  DFF        Name(Last) r:/WORK/g03_top_IO/u_g03_soc/u_core_wzc/u_kalsit_core/u_ifu/u_ifu_ifetch/icache_data_reg[0][2]
  Impl DFF        Name(Last) i:/WORK/g03_top_IO/u_g03_soc/u_core_wzc/u_kalsit_core/u_ifu/u_ifu_ifetch/icache_data_reg[0][2]

  Ref  DFF        Name(Last) r:/WORK/g03_top_IO/u_g03_soc/u_core_wzc/u_kalsit_core/u_ifu/u_ifu_ifetch/icache_data_reg[0][30]
  Impl DFF        Name(Last) i:/WORK/g03_top_IO/u_g03_soc/u_core_wzc/u_kalsit_core/u_ifu/u_ifu_ifetch/icache_data_reg[0][30]

  Ref  DFF        Name(Last) r:/WORK/g03_top_IO/u_g03_soc/u_core_wzc/u_kalsit_core/u_ifu/u_ifu_ifetch/icache_data_reg[0][31]
  Impl DFF        Name(Last) i:/WORK/g03_top_IO/u_g03_soc/u_core_wzc/u_kalsit_core/u_ifu/u_ifu_ifetch/icache_data_reg[0][31]

  Ref  DFF        Name(Last) r:/WORK/g03_top_IO/u_g03_soc/u_core_wzc/u_kalsit_core/u_ifu/u_ifu_ifetch/icache_data_reg[0][3]
  Impl DFF        Name(Last) i:/WORK/g03_top_IO/u_g03_soc/u_core_wzc/u_kalsit_core/u_ifu/u_ifu_ifetch/icache_data_reg[0][3]

  Ref  DFF        Name(Last) r:/WORK/g03_top_IO/u_g03_soc/u_core_wzc/u_kalsit_core/u_ifu/u_ifu_ifetch/icache_data_reg[0][4]
  Impl DFF        Name(Last) i:/WORK/g03_top_IO/u_g03_soc/u_core_wzc/u_kalsit_core/u_ifu/u_ifu_ifetch/icache_data_reg[0][4]

  Ref  DFF        Name(Last) r:/WORK/g03_top_IO/u_g03_soc/u_core_wzc/u_kalsit_core/u_ifu/u_ifu_ifetch/icache_data_reg[0][5]
  Impl DFF        Name(Last) i:/WORK/g03_top_IO/u_g03_soc/u_core_wzc/u_kalsit_core/u_ifu/u_ifu_ifetch/icache_data_reg[0][5]

  Ref  DFF        Name(Last) r:/WORK/g03_top_IO/u_g03_soc/u_core_wzc/u_kalsit_core/u_ifu/u_ifu_ifetch/icache_data_reg[0][6]
  Impl DFF        Name(Last) i:/WORK/g03_top_IO/u_g03_soc/u_core_wzc/u_kalsit_core/u_ifu/u_ifu_ifetch/icache_data_reg[0][6]

  Ref  DFF        Name(Last) r:/WORK/g03_top_IO/u_g03_soc/u_core_wzc/u_kalsit_core/u_ifu/u_ifu_ifetch/icache_data_reg[0][7]
  Impl DFF        Name(Last) i:/WORK/g03_top_IO/u_g03_soc/u_core_wzc/u_kalsit_core/u_ifu/u_ifu_ifetch/icache_data_reg[0][7]

  Ref  DFF        Name(Last) r:/WORK/g03_top_IO/u_g03_soc/u_core_wzc/u_kalsit_core/u_ifu/u_ifu_ifetch/icache_data_reg[0][8]
  Impl DFF        Name(Last) i:/WORK/g03_top_IO/u_g03_soc/u_core_wzc/u_kalsit_core/u_ifu/u_ifu_ifetch/icache_data_reg[0][8]

  Ref  DFF        Name(Last) r:/WORK/g03_top_IO/u_g03_soc/u_core_wzc/u_kalsit_core/u_ifu/u_ifu_ifetch/icache_data_reg[0][9]
  Impl DFF        Name(Last) i:/WORK/g03_top_IO/u_g03_soc/u_core_wzc/u_kalsit_core/u_ifu/u_ifu_ifetch/icache_data_reg[0][9]

  Ref  DFF        Name(Last) r:/WORK/g03_top_IO/u_g03_soc/u_core_wzc/u_kalsit_core/u_ifu/u_ifu_ifetch/icache_data_reg[1][0]
  Impl DFF        Name(Last) i:/WORK/g03_top_IO/u_g03_soc/u_core_wzc/u_kalsit_core/u_ifu/u_ifu_ifetch/icache_data_reg[1][0]

  Ref  DFF        Name(Last) r:/WORK/g03_top_IO/u_g03_soc/u_core_wzc/u_kalsit_core/u_ifu/u_ifu_ifetch/icache_data_reg[1][10]
  Impl DFF        Name(Last) i:/WORK/g03_top_IO/u_g03_soc/u_core_wzc/u_kalsit_core/u_ifu/u_ifu_ifetch/icache_data_reg[1][10]

  Ref  DFF        Name(Last) r:/WORK/g03_top_IO/u_g03_soc/u_core_wzc/u_kalsit_core/u_ifu/u_ifu_ifetch/icache_data_reg[1][11]
  Impl DFF        Name(Last) i:/WORK/g03_top_IO/u_g03_soc/u_core_wzc/u_kalsit_core/u_ifu/u_ifu_ifetch/icache_data_reg[1][11]

  Ref  DFF        Name(Last) r:/WORK/g03_top_IO/u_g03_soc/u_core_wzc/u_kalsit_core/u_ifu/u_ifu_ifetch/icache_data_reg[1][12]
  Impl DFF        Name(Last) i:/WORK/g03_top_IO/u_g03_soc/u_core_wzc/u_kalsit_core/u_ifu/u_ifu_ifetch/icache_data_reg[1][12]

  Ref  DFF        Name(Last) r:/WORK/g03_top_IO/u_g03_soc/u_core_wzc/u_kalsit_core/u_ifu/u_ifu_ifetch/icache_data_reg[1][13]
  Impl DFF        Name(Last) i:/WORK/g03_top_IO/u_g03_soc/u_core_wzc/u_kalsit_core/u_ifu/u_ifu_ifetch/icache_data_reg[1][13]

  Ref  DFF        Name(Last) r:/WORK/g03_top_IO/u_g03_soc/u_core_wzc/u_kalsit_core/u_ifu/u_ifu_ifetch/icache_data_reg[1][14]
  Impl DFF        Name(Last) i:/WORK/g03_top_IO/u_g03_soc/u_core_wzc/u_kalsit_core/u_ifu/u_ifu_ifetch/icache_data_reg[1][14]

  Ref  DFF        Name(Last) r:/WORK/g03_top_IO/u_g03_soc/u_core_wzc/u_kalsit_core/u_ifu/u_ifu_ifetch/icache_data_reg[1][15]
  Impl DFF        Name(Last) i:/WORK/g03_top_IO/u_g03_soc/u_core_wzc/u_kalsit_core/u_ifu/u_ifu_ifetch/icache_data_reg[1][15]

  Ref  DFF        Name(Last) r:/WORK/g03_top_IO/u_g03_soc/u_core_wzc/u_kalsit_core/u_ifu/u_ifu_ifetch/icache_data_reg[1][16]
  Impl DFF        Name(Last) i:/WORK/g03_top_IO/u_g03_soc/u_core_wzc/u_kalsit_core/u_ifu/u_ifu_ifetch/icache_data_reg[1][16]

  Ref  DFF        Name(Last) r:/WORK/g03_top_IO/u_g03_soc/u_core_wzc/u_kalsit_core/u_ifu/u_ifu_ifetch/icache_data_reg[1][17]
  Impl DFF        Name(Last) i:/WORK/g03_top_IO/u_g03_soc/u_core_wzc/u_kalsit_core/u_ifu/u_ifu_ifetch/icache_data_reg[1][17]

  Ref  DFF        Name(Last) r:/WORK/g03_top_IO/u_g03_soc/u_core_wzc/u_kalsit_core/u_ifu/u_ifu_ifetch/icache_data_reg[1][18]
  Impl DFF        Name(Last) i:/WORK/g03_top_IO/u_g03_soc/u_core_wzc/u_kalsit_core/u_ifu/u_ifu_ifetch/icache_data_reg[1][18]

  Ref  DFF        Name(Last) r:/WORK/g03_top_IO/u_g03_soc/u_core_wzc/u_kalsit_core/u_ifu/u_ifu_ifetch/icache_data_reg[1][19]
  Impl DFF        Name(Last) i:/WORK/g03_top_IO/u_g03_soc/u_core_wzc/u_kalsit_core/u_ifu/u_ifu_ifetch/icache_data_reg[1][19]

  Ref  DFF        Name(Last) r:/WORK/g03_top_IO/u_g03_soc/u_core_wzc/u_kalsit_core/u_ifu/u_ifu_ifetch/icache_data_reg[1][1]
  Impl DFF        Name(Last) i:/WORK/g03_top_IO/u_g03_soc/u_core_wzc/u_kalsit_core/u_ifu/u_ifu_ifetch/icache_data_reg[1][1]

  Ref  DFF        Name(Last) r:/WORK/g03_top_IO/u_g03_soc/u_core_wzc/u_kalsit_core/u_ifu/u_ifu_ifetch/icache_data_reg[1][20]
  Impl DFF        Name(Last) i:/WORK/g03_top_IO/u_g03_soc/u_core_wzc/u_kalsit_core/u_ifu/u_ifu_ifetch/icache_data_reg[1][20]

  Ref  DFF        Name(Last) r:/WORK/g03_top_IO/u_g03_soc/u_core_wzc/u_kalsit_core/u_ifu/u_ifu_ifetch/icache_data_reg[1][21]
  Impl DFF        Name(Last) i:/WORK/g03_top_IO/u_g03_soc/u_core_wzc/u_kalsit_core/u_ifu/u_ifu_ifetch/icache_data_reg[1][21]

  Ref  DFF        Name(Last) r:/WORK/g03_top_IO/u_g03_soc/u_core_wzc/u_kalsit_core/u_ifu/u_ifu_ifetch/icache_data_reg[1][22]
  Impl DFF        Name(Last) i:/WORK/g03_top_IO/u_g03_soc/u_core_wzc/u_kalsit_core/u_ifu/u_ifu_ifetch/icache_data_reg[1][22]

  Ref  DFF        Name(Last) r:/WORK/g03_top_IO/u_g03_soc/u_core_wzc/u_kalsit_core/u_ifu/u_ifu_ifetch/icache_data_reg[1][23]
  Impl DFF        Name(Last) i:/WORK/g03_top_IO/u_g03_soc/u_core_wzc/u_kalsit_core/u_ifu/u_ifu_ifetch/icache_data_reg[1][23]

  Ref  DFF        Name(Last) r:/WORK/g03_top_IO/u_g03_soc/u_core_wzc/u_kalsit_core/u_ifu/u_ifu_ifetch/icache_data_reg[1][24]
  Impl DFF        Name(Last) i:/WORK/g03_top_IO/u_g03_soc/u_core_wzc/u_kalsit_core/u_ifu/u_ifu_ifetch/icache_data_reg[1][24]

  Ref  DFF        Name(Last) r:/WORK/g03_top_IO/u_g03_soc/u_core_wzc/u_kalsit_core/u_ifu/u_ifu_ifetch/icache_data_reg[1][25]
  Impl DFF        Name(Last) i:/WORK/g03_top_IO/u_g03_soc/u_core_wzc/u_kalsit_core/u_ifu/u_ifu_ifetch/icache_data_reg[1][25]

  Ref  DFF        Name(Last) r:/WORK/g03_top_IO/u_g03_soc/u_core_wzc/u_kalsit_core/u_ifu/u_ifu_ifetch/icache_data_reg[1][26]
  Impl DFF        Name(Last) i:/WORK/g03_top_IO/u_g03_soc/u_core_wzc/u_kalsit_core/u_ifu/u_ifu_ifetch/icache_data_reg[1][26]

  Ref  DFF        Name(Last) r:/WORK/g03_top_IO/u_g03_soc/u_core_wzc/u_kalsit_core/u_ifu/u_ifu_ifetch/icache_data_reg[1][27]
  Impl DFF        Name(Last) i:/WORK/g03_top_IO/u_g03_soc/u_core_wzc/u_kalsit_core/u_ifu/u_ifu_ifetch/icache_data_reg[1][27]

  Ref  DFF        Name(Last) r:/WORK/g03_top_IO/u_g03_soc/u_core_wzc/u_kalsit_core/u_ifu/u_ifu_ifetch/icache_data_reg[1][28]
  Impl DFF        Name(Last) i:/WORK/g03_top_IO/u_g03_soc/u_core_wzc/u_kalsit_core/u_ifu/u_ifu_ifetch/icache_data_reg[1][28]

  Ref  DFF        Name(Last) r:/WORK/g03_top_IO/u_g03_soc/u_core_wzc/u_kalsit_core/u_ifu/u_ifu_ifetch/icache_data_reg[1][29]
  Impl DFF        Name(Last) i:/WORK/g03_top_IO/u_g03_soc/u_core_wzc/u_kalsit_core/u_ifu/u_ifu_ifetch/icache_data_reg[1][29]

  Ref  DFF        Name(Last) r:/WORK/g03_top_IO/u_g03_soc/u_core_wzc/u_kalsit_core/u_ifu/u_ifu_ifetch/icache_data_reg[1][2]
  Impl DFF        Name(Last) i:/WORK/g03_top_IO/u_g03_soc/u_core_wzc/u_kalsit_core/u_ifu/u_ifu_ifetch/icache_data_reg[1][2]

  Ref  DFF        Name(Last) r:/WORK/g03_top_IO/u_g03_soc/u_core_wzc/u_kalsit_core/u_ifu/u_ifu_ifetch/icache_data_reg[1][30]
  Impl DFF        Name(Last) i:/WORK/g03_top_IO/u_g03_soc/u_core_wzc/u_kalsit_core/u_ifu/u_ifu_ifetch/icache_data_reg[1][30]

  Ref  DFF        Name(Last) r:/WORK/g03_top_IO/u_g03_soc/u_core_wzc/u_kalsit_core/u_ifu/u_ifu_ifetch/icache_data_reg[1][31]
  Impl DFF        Name(Last) i:/WORK/g03_top_IO/u_g03_soc/u_core_wzc/u_kalsit_core/u_ifu/u_ifu_ifetch/icache_data_reg[1][31]

  Ref  DFF        Name(Last) r:/WORK/g03_top_IO/u_g03_soc/u_core_wzc/u_kalsit_core/u_ifu/u_ifu_ifetch/icache_data_reg[1][3]
  Impl DFF        Name(Last) i:/WORK/g03_top_IO/u_g03_soc/u_core_wzc/u_kalsit_core/u_ifu/u_ifu_ifetch/icache_data_reg[1][3]

  Ref  DFF        Name(Last) r:/WORK/g03_top_IO/u_g03_soc/u_core_wzc/u_kalsit_core/u_ifu/u_ifu_ifetch/icache_data_reg[1][4]
  Impl DFF        Name(Last) i:/WORK/g03_top_IO/u_g03_soc/u_core_wzc/u_kalsit_core/u_ifu/u_ifu_ifetch/icache_data_reg[1][4]

  Ref  DFF        Name(Last) r:/WORK/g03_top_IO/u_g03_soc/u_core_wzc/u_kalsit_core/u_ifu/u_ifu_ifetch/icache_data_reg[1][5]
  Impl DFF        Name(Last) i:/WORK/g03_top_IO/u_g03_soc/u_core_wzc/u_kalsit_core/u_ifu/u_ifu_ifetch/icache_data_reg[1][5]

  Ref  DFF        Name(Last) r:/WORK/g03_top_IO/u_g03_soc/u_core_wzc/u_kalsit_core/u_ifu/u_ifu_ifetch/icache_data_reg[1][6]
  Impl DFF        Name(Last) i:/WORK/g03_top_IO/u_g03_soc/u_core_wzc/u_kalsit_core/u_ifu/u_ifu_ifetch/icache_data_reg[1][6]

  Ref  DFF        Name(Last) r:/WORK/g03_top_IO/u_g03_soc/u_core_wzc/u_kalsit_core/u_ifu/u_ifu_ifetch/icache_data_reg[1][7]
  Impl DFF        Name(Last) i:/WORK/g03_top_IO/u_g03_soc/u_core_wzc/u_kalsit_core/u_ifu/u_ifu_ifetch/icache_data_reg[1][7]

  Ref  DFF        Name(Last) r:/WORK/g03_top_IO/u_g03_soc/u_core_wzc/u_kalsit_core/u_ifu/u_ifu_ifetch/icache_data_reg[1][8]
  Impl DFF        Name(Last) i:/WORK/g03_top_IO/u_g03_soc/u_core_wzc/u_kalsit_core/u_ifu/u_ifu_ifetch/icache_data_reg[1][8]

  Ref  DFF        Name(Last) r:/WORK/g03_top_IO/u_g03_soc/u_core_wzc/u_kalsit_core/u_ifu/u_ifu_ifetch/icache_data_reg[1][9]
  Impl DFF        Name(Last) i:/WORK/g03_top_IO/u_g03_soc/u_core_wzc/u_kalsit_core/u_ifu/u_ifu_ifetch/icache_data_reg[1][9]

  Ref  DFF        Name(Last) r:/WORK/g03_top_IO/u_g03_soc/u_core_wzc/u_kalsit_core/u_ifu/u_ifu_ifetch/icache_data_reg[2][0]
  Impl DFF        Name(Last) i:/WORK/g03_top_IO/u_g03_soc/u_core_wzc/u_kalsit_core/u_ifu/u_ifu_ifetch/icache_data_reg[2][0]

  Ref  DFF        Name(Last) r:/WORK/g03_top_IO/u_g03_soc/u_core_wzc/u_kalsit_core/u_ifu/u_ifu_ifetch/icache_data_reg[2][10]
  Impl DFF        Name(Last) i:/WORK/g03_top_IO/u_g03_soc/u_core_wzc/u_kalsit_core/u_ifu/u_ifu_ifetch/icache_data_reg[2][10]

  Ref  DFF        Name(Last) r:/WORK/g03_top_IO/u_g03_soc/u_core_wzc/u_kalsit_core/u_ifu/u_ifu_ifetch/icache_data_reg[2][11]
  Impl DFF        Name(Last) i:/WORK/g03_top_IO/u_g03_soc/u_core_wzc/u_kalsit_core/u_ifu/u_ifu_ifetch/icache_data_reg[2][11]

  Ref  DFF        Name(Last) r:/WORK/g03_top_IO/u_g03_soc/u_core_wzc/u_kalsit_core/u_ifu/u_ifu_ifetch/icache_data_reg[2][12]
  Impl DFF        Name(Last) i:/WORK/g03_top_IO/u_g03_soc/u_core_wzc/u_kalsit_core/u_ifu/u_ifu_ifetch/icache_data_reg[2][12]

  Ref  DFF        Name(Last) r:/WORK/g03_top_IO/u_g03_soc/u_core_wzc/u_kalsit_core/u_ifu/u_ifu_ifetch/icache_data_reg[2][13]
  Impl DFF        Name(Last) i:/WORK/g03_top_IO/u_g03_soc/u_core_wzc/u_kalsit_core/u_ifu/u_ifu_ifetch/icache_data_reg[2][13]

  Ref  DFF        Name(Last) r:/WORK/g03_top_IO/u_g03_soc/u_core_wzc/u_kalsit_core/u_ifu/u_ifu_ifetch/icache_data_reg[2][14]
  Impl DFF        Name(Last) i:/WORK/g03_top_IO/u_g03_soc/u_core_wzc/u_kalsit_core/u_ifu/u_ifu_ifetch/icache_data_reg[2][14]

  Ref  DFF        Name(Last) r:/WORK/g03_top_IO/u_g03_soc/u_core_wzc/u_kalsit_core/u_ifu/u_ifu_ifetch/icache_data_reg[2][15]
  Impl DFF        Name(Last) i:/WORK/g03_top_IO/u_g03_soc/u_core_wzc/u_kalsit_core/u_ifu/u_ifu_ifetch/icache_data_reg[2][15]

  Ref  DFF        Name(Last) r:/WORK/g03_top_IO/u_g03_soc/u_core_wzc/u_kalsit_core/u_ifu/u_ifu_ifetch/icache_data_reg[2][16]
  Impl DFF        Name(Last) i:/WORK/g03_top_IO/u_g03_soc/u_core_wzc/u_kalsit_core/u_ifu/u_ifu_ifetch/icache_data_reg[2][16]

  Ref  DFF        Name(Last) r:/WORK/g03_top_IO/u_g03_soc/u_core_wzc/u_kalsit_core/u_ifu/u_ifu_ifetch/icache_data_reg[2][17]
  Impl DFF        Name(Last) i:/WORK/g03_top_IO/u_g03_soc/u_core_wzc/u_kalsit_core/u_ifu/u_ifu_ifetch/icache_data_reg[2][17]

  Ref  DFF        Name(Last) r:/WORK/g03_top_IO/u_g03_soc/u_core_wzc/u_kalsit_core/u_ifu/u_ifu_ifetch/icache_data_reg[2][18]
  Impl DFF        Name(Last) i:/WORK/g03_top_IO/u_g03_soc/u_core_wzc/u_kalsit_core/u_ifu/u_ifu_ifetch/icache_data_reg[2][18]

  Ref  DFF        Name(Last) r:/WORK/g03_top_IO/u_g03_soc/u_core_wzc/u_kalsit_core/u_ifu/u_ifu_ifetch/icache_data_reg[2][19]
  Impl DFF        Name(Last) i:/WORK/g03_top_IO/u_g03_soc/u_core_wzc/u_kalsit_core/u_ifu/u_ifu_ifetch/icache_data_reg[2][19]

  Ref  DFF        Name(Last) r:/WORK/g03_top_IO/u_g03_soc/u_core_wzc/u_kalsit_core/u_ifu/u_ifu_ifetch/icache_data_reg[2][1]
  Impl DFF        Name(Last) i:/WORK/g03_top_IO/u_g03_soc/u_core_wzc/u_kalsit_core/u_ifu/u_ifu_ifetch/icache_data_reg[2][1]

  Ref  DFF        Name(Last) r:/WORK/g03_top_IO/u_g03_soc/u_core_wzc/u_kalsit_core/u_ifu/u_ifu_ifetch/icache_data_reg[2][20]
  Impl DFF        Name(Last) i:/WORK/g03_top_IO/u_g03_soc/u_core_wzc/u_kalsit_core/u_ifu/u_ifu_ifetch/icache_data_reg[2][20]

  Ref  DFF        Name(Last) r:/WORK/g03_top_IO/u_g03_soc/u_core_wzc/u_kalsit_core/u_ifu/u_ifu_ifetch/icache_data_reg[2][21]
  Impl DFF        Name(Last) i:/WORK/g03_top_IO/u_g03_soc/u_core_wzc/u_kalsit_core/u_ifu/u_ifu_ifetch/icache_data_reg[2][21]

  Ref  DFF        Name(Last) r:/WORK/g03_top_IO/u_g03_soc/u_core_wzc/u_kalsit_core/u_ifu/u_ifu_ifetch/icache_data_reg[2][22]
  Impl DFF        Name(Last) i:/WORK/g03_top_IO/u_g03_soc/u_core_wzc/u_kalsit_core/u_ifu/u_ifu_ifetch/icache_data_reg[2][22]

  Ref  DFF        Name(Last) r:/WORK/g03_top_IO/u_g03_soc/u_core_wzc/u_kalsit_core/u_ifu/u_ifu_ifetch/icache_data_reg[2][23]
  Impl DFF        Name(Last) i:/WORK/g03_top_IO/u_g03_soc/u_core_wzc/u_kalsit_core/u_ifu/u_ifu_ifetch/icache_data_reg[2][23]

  Ref  DFF        Name(Last) r:/WORK/g03_top_IO/u_g03_soc/u_core_wzc/u_kalsit_core/u_ifu/u_ifu_ifetch/icache_data_reg[2][24]
  Impl DFF        Name(Last) i:/WORK/g03_top_IO/u_g03_soc/u_core_wzc/u_kalsit_core/u_ifu/u_ifu_ifetch/icache_data_reg[2][24]

  Ref  DFF        Name(Last) r:/WORK/g03_top_IO/u_g03_soc/u_core_wzc/u_kalsit_core/u_ifu/u_ifu_ifetch/icache_data_reg[2][25]
  Impl DFF        Name(Last) i:/WORK/g03_top_IO/u_g03_soc/u_core_wzc/u_kalsit_core/u_ifu/u_ifu_ifetch/icache_data_reg[2][25]

  Ref  DFF        Name(Last) r:/WORK/g03_top_IO/u_g03_soc/u_core_wzc/u_kalsit_core/u_ifu/u_ifu_ifetch/icache_data_reg[2][26]
  Impl DFF        Name(Last) i:/WORK/g03_top_IO/u_g03_soc/u_core_wzc/u_kalsit_core/u_ifu/u_ifu_ifetch/icache_data_reg[2][26]

  Ref  DFF        Name(Last) r:/WORK/g03_top_IO/u_g03_soc/u_core_wzc/u_kalsit_core/u_ifu/u_ifu_ifetch/icache_data_reg[2][27]
  Impl DFF        Name(Last) i:/WORK/g03_top_IO/u_g03_soc/u_core_wzc/u_kalsit_core/u_ifu/u_ifu_ifetch/icache_data_reg[2][27]

  Ref  DFF        Name(Last) r:/WORK/g03_top_IO/u_g03_soc/u_core_wzc/u_kalsit_core/u_ifu/u_ifu_ifetch/icache_data_reg[2][28]
  Impl DFF        Name(Last) i:/WORK/g03_top_IO/u_g03_soc/u_core_wzc/u_kalsit_core/u_ifu/u_ifu_ifetch/icache_data_reg[2][28]

  Ref  DFF        Name(Last) r:/WORK/g03_top_IO/u_g03_soc/u_core_wzc/u_kalsit_core/u_ifu/u_ifu_ifetch/icache_data_reg[2][29]
  Impl DFF        Name(Last) i:/WORK/g03_top_IO/u_g03_soc/u_core_wzc/u_kalsit_core/u_ifu/u_ifu_ifetch/icache_data_reg[2][29]

  Ref  DFF        Name(Last) r:/WORK/g03_top_IO/u_g03_soc/u_core_wzc/u_kalsit_core/u_ifu/u_ifu_ifetch/icache_data_reg[2][2]
  Impl DFF        Name(Last) i:/WORK/g03_top_IO/u_g03_soc/u_core_wzc/u_kalsit_core/u_ifu/u_ifu_ifetch/icache_data_reg[2][2]

  Ref  DFF        Name(Last) r:/WORK/g03_top_IO/u_g03_soc/u_core_wzc/u_kalsit_core/u_ifu/u_ifu_ifetch/icache_data_reg[2][30]
  Impl DFF        Name(Last) i:/WORK/g03_top_IO/u_g03_soc/u_core_wzc/u_kalsit_core/u_ifu/u_ifu_ifetch/icache_data_reg[2][30]

  Ref  DFF        Name(Last) r:/WORK/g03_top_IO/u_g03_soc/u_core_wzc/u_kalsit_core/u_ifu/u_ifu_ifetch/icache_data_reg[2][31]
  Impl DFF        Name(Last) i:/WORK/g03_top_IO/u_g03_soc/u_core_wzc/u_kalsit_core/u_ifu/u_ifu_ifetch/icache_data_reg[2][31]

  Ref  DFF        Name(Last) r:/WORK/g03_top_IO/u_g03_soc/u_core_wzc/u_kalsit_core/u_ifu/u_ifu_ifetch/icache_data_reg[2][3]
  Impl DFF        Name(Last) i:/WORK/g03_top_IO/u_g03_soc/u_core_wzc/u_kalsit_core/u_ifu/u_ifu_ifetch/icache_data_reg[2][3]

  Ref  DFF        Name(Last) r:/WORK/g03_top_IO/u_g03_soc/u_core_wzc/u_kalsit_core/u_ifu/u_ifu_ifetch/icache_data_reg[2][4]
  Impl DFF        Name(Last) i:/WORK/g03_top_IO/u_g03_soc/u_core_wzc/u_kalsit_core/u_ifu/u_ifu_ifetch/icache_data_reg[2][4]

  Ref  DFF        Name(Last) r:/WORK/g03_top_IO/u_g03_soc/u_core_wzc/u_kalsit_core/u_ifu/u_ifu_ifetch/icache_data_reg[2][5]
  Impl DFF        Name(Last) i:/WORK/g03_top_IO/u_g03_soc/u_core_wzc/u_kalsit_core/u_ifu/u_ifu_ifetch/icache_data_reg[2][5]

  Ref  DFF        Name(Last) r:/WORK/g03_top_IO/u_g03_soc/u_core_wzc/u_kalsit_core/u_ifu/u_ifu_ifetch/icache_data_reg[2][6]
  Impl DFF        Name(Last) i:/WORK/g03_top_IO/u_g03_soc/u_core_wzc/u_kalsit_core/u_ifu/u_ifu_ifetch/icache_data_reg[2][6]

  Ref  DFF        Name(Last) r:/WORK/g03_top_IO/u_g03_soc/u_core_wzc/u_kalsit_core/u_ifu/u_ifu_ifetch/icache_data_reg[2][7]
  Impl DFF        Name(Last) i:/WORK/g03_top_IO/u_g03_soc/u_core_wzc/u_kalsit_core/u_ifu/u_ifu_ifetch/icache_data_reg[2][7]

  Ref  DFF        Name(Last) r:/WORK/g03_top_IO/u_g03_soc/u_core_wzc/u_kalsit_core/u_ifu/u_ifu_ifetch/icache_data_reg[2][8]
  Impl DFF        Name(Last) i:/WORK/g03_top_IO/u_g03_soc/u_core_wzc/u_kalsit_core/u_ifu/u_ifu_ifetch/icache_data_reg[2][8]

  Ref  DFF        Name(Last) r:/WORK/g03_top_IO/u_g03_soc/u_core_wzc/u_kalsit_core/u_ifu/u_ifu_ifetch/icache_data_reg[2][9]
  Impl DFF        Name(Last) i:/WORK/g03_top_IO/u_g03_soc/u_core_wzc/u_kalsit_core/u_ifu/u_ifu_ifetch/icache_data_reg[2][9]

  Ref  DFF        Name(Last) r:/WORK/g03_top_IO/u_g03_soc/u_core_wzc/u_kalsit_core/u_ifu/u_ifu_ifetch/icache_data_reg[3][0]
  Impl DFF        Name(Last) i:/WORK/g03_top_IO/u_g03_soc/u_core_wzc/u_kalsit_core/u_ifu/u_ifu_ifetch/icache_data_reg[3][0]

  Ref  DFF        Name(Last) r:/WORK/g03_top_IO/u_g03_soc/u_core_wzc/u_kalsit_core/u_ifu/u_ifu_ifetch/icache_data_reg[3][10]
  Impl DFF        Name(Last) i:/WORK/g03_top_IO/u_g03_soc/u_core_wzc/u_kalsit_core/u_ifu/u_ifu_ifetch/icache_data_reg[3][10]

  Ref  DFF        Name(Last) r:/WORK/g03_top_IO/u_g03_soc/u_core_wzc/u_kalsit_core/u_ifu/u_ifu_ifetch/icache_data_reg[3][11]
  Impl DFF        Name(Last) i:/WORK/g03_top_IO/u_g03_soc/u_core_wzc/u_kalsit_core/u_ifu/u_ifu_ifetch/icache_data_reg[3][11]

  Ref  DFF        Name(Last) r:/WORK/g03_top_IO/u_g03_soc/u_core_wzc/u_kalsit_core/u_ifu/u_ifu_ifetch/icache_data_reg[3][12]
  Impl DFF        Name(Last) i:/WORK/g03_top_IO/u_g03_soc/u_core_wzc/u_kalsit_core/u_ifu/u_ifu_ifetch/icache_data_reg[3][12]

  Ref  DFF        Name(Last) r:/WORK/g03_top_IO/u_g03_soc/u_core_wzc/u_kalsit_core/u_ifu/u_ifu_ifetch/icache_data_reg[3][13]
  Impl DFF        Name(Last) i:/WORK/g03_top_IO/u_g03_soc/u_core_wzc/u_kalsit_core/u_ifu/u_ifu_ifetch/icache_data_reg[3][13]

  Ref  DFF        Name(Last) r:/WORK/g03_top_IO/u_g03_soc/u_core_wzc/u_kalsit_core/u_ifu/u_ifu_ifetch/icache_data_reg[3][14]
  Impl DFF        Name(Last) i:/WORK/g03_top_IO/u_g03_soc/u_core_wzc/u_kalsit_core/u_ifu/u_ifu_ifetch/icache_data_reg[3][14]

  Ref  DFF        Name(Last) r:/WORK/g03_top_IO/u_g03_soc/u_core_wzc/u_kalsit_core/u_ifu/u_ifu_ifetch/icache_data_reg[3][15]
  Impl DFF        Name(Last) i:/WORK/g03_top_IO/u_g03_soc/u_core_wzc/u_kalsit_core/u_ifu/u_ifu_ifetch/icache_data_reg[3][15]

  Ref  DFF        Name(Last) r:/WORK/g03_top_IO/u_g03_soc/u_core_wzc/u_kalsit_core/u_ifu/u_ifu_ifetch/icache_data_reg[3][16]
  Impl DFF        Name(Last) i:/WORK/g03_top_IO/u_g03_soc/u_core_wzc/u_kalsit_core/u_ifu/u_ifu_ifetch/icache_data_reg[3][16]

  Ref  DFF        Name(Last) r:/WORK/g03_top_IO/u_g03_soc/u_core_wzc/u_kalsit_core/u_ifu/u_ifu_ifetch/icache_data_reg[3][17]
  Impl DFF        Name(Last) i:/WORK/g03_top_IO/u_g03_soc/u_core_wzc/u_kalsit_core/u_ifu/u_ifu_ifetch/icache_data_reg[3][17]

  Ref  DFF        Name(Last) r:/WORK/g03_top_IO/u_g03_soc/u_core_wzc/u_kalsit_core/u_ifu/u_ifu_ifetch/icache_data_reg[3][18]
  Impl DFF        Name(Last) i:/WORK/g03_top_IO/u_g03_soc/u_core_wzc/u_kalsit_core/u_ifu/u_ifu_ifetch/icache_data_reg[3][18]

  Ref  DFF        Name(Last) r:/WORK/g03_top_IO/u_g03_soc/u_core_wzc/u_kalsit_core/u_ifu/u_ifu_ifetch/icache_data_reg[3][19]
  Impl DFF        Name(Last) i:/WORK/g03_top_IO/u_g03_soc/u_core_wzc/u_kalsit_core/u_ifu/u_ifu_ifetch/icache_data_reg[3][19]

  Ref  DFF        Name(Last) r:/WORK/g03_top_IO/u_g03_soc/u_core_wzc/u_kalsit_core/u_ifu/u_ifu_ifetch/icache_data_reg[3][1]
  Impl DFF        Name(Last) i:/WORK/g03_top_IO/u_g03_soc/u_core_wzc/u_kalsit_core/u_ifu/u_ifu_ifetch/icache_data_reg[3][1]

  Ref  DFF        Name(Last) r:/WORK/g03_top_IO/u_g03_soc/u_core_wzc/u_kalsit_core/u_ifu/u_ifu_ifetch/icache_data_reg[3][20]
  Impl DFF        Name(Last) i:/WORK/g03_top_IO/u_g03_soc/u_core_wzc/u_kalsit_core/u_ifu/u_ifu_ifetch/icache_data_reg[3][20]

  Ref  DFF        Name(Last) r:/WORK/g03_top_IO/u_g03_soc/u_core_wzc/u_kalsit_core/u_ifu/u_ifu_ifetch/icache_data_reg[3][21]
  Impl DFF        Name(Last) i:/WORK/g03_top_IO/u_g03_soc/u_core_wzc/u_kalsit_core/u_ifu/u_ifu_ifetch/icache_data_reg[3][21]

  Ref  DFF        Name(Last) r:/WORK/g03_top_IO/u_g03_soc/u_core_wzc/u_kalsit_core/u_ifu/u_ifu_ifetch/icache_data_reg[3][22]
  Impl DFF        Name(Last) i:/WORK/g03_top_IO/u_g03_soc/u_core_wzc/u_kalsit_core/u_ifu/u_ifu_ifetch/icache_data_reg[3][22]

  Ref  DFF        Name(Last) r:/WORK/g03_top_IO/u_g03_soc/u_core_wzc/u_kalsit_core/u_ifu/u_ifu_ifetch/icache_data_reg[3][23]
  Impl DFF        Name(Last) i:/WORK/g03_top_IO/u_g03_soc/u_core_wzc/u_kalsit_core/u_ifu/u_ifu_ifetch/icache_data_reg[3][23]

  Ref  DFF        Name(Last) r:/WORK/g03_top_IO/u_g03_soc/u_core_wzc/u_kalsit_core/u_ifu/u_ifu_ifetch/icache_data_reg[3][24]
  Impl DFF        Name(Last) i:/WORK/g03_top_IO/u_g03_soc/u_core_wzc/u_kalsit_core/u_ifu/u_ifu_ifetch/icache_data_reg[3][24]

  Ref  DFF        Name(Last) r:/WORK/g03_top_IO/u_g03_soc/u_core_wzc/u_kalsit_core/u_ifu/u_ifu_ifetch/icache_data_reg[3][25]
  Impl DFF        Name(Last) i:/WORK/g03_top_IO/u_g03_soc/u_core_wzc/u_kalsit_core/u_ifu/u_ifu_ifetch/icache_data_reg[3][25]

  Ref  DFF        Name(Last) r:/WORK/g03_top_IO/u_g03_soc/u_core_wzc/u_kalsit_core/u_ifu/u_ifu_ifetch/icache_data_reg[3][26]
  Impl DFF        Name(Last) i:/WORK/g03_top_IO/u_g03_soc/u_core_wzc/u_kalsit_core/u_ifu/u_ifu_ifetch/icache_data_reg[3][26]

  Ref  DFF        Name(Last) r:/WORK/g03_top_IO/u_g03_soc/u_core_wzc/u_kalsit_core/u_ifu/u_ifu_ifetch/icache_data_reg[3][27]
  Impl DFF        Name(Last) i:/WORK/g03_top_IO/u_g03_soc/u_core_wzc/u_kalsit_core/u_ifu/u_ifu_ifetch/icache_data_reg[3][27]

  Ref  DFF        Name(Last) r:/WORK/g03_top_IO/u_g03_soc/u_core_wzc/u_kalsit_core/u_ifu/u_ifu_ifetch/icache_data_reg[3][28]
  Impl DFF        Name(Last) i:/WORK/g03_top_IO/u_g03_soc/u_core_wzc/u_kalsit_core/u_ifu/u_ifu_ifetch/icache_data_reg[3][28]

  Ref  DFF        Name(Last) r:/WORK/g03_top_IO/u_g03_soc/u_core_wzc/u_kalsit_core/u_ifu/u_ifu_ifetch/icache_data_reg[3][29]
  Impl DFF        Name(Last) i:/WORK/g03_top_IO/u_g03_soc/u_core_wzc/u_kalsit_core/u_ifu/u_ifu_ifetch/icache_data_reg[3][29]

  Ref  DFF        Name(Last) r:/WORK/g03_top_IO/u_g03_soc/u_core_wzc/u_kalsit_core/u_ifu/u_ifu_ifetch/icache_data_reg[3][2]
  Impl DFF        Name(Last) i:/WORK/g03_top_IO/u_g03_soc/u_core_wzc/u_kalsit_core/u_ifu/u_ifu_ifetch/icache_data_reg[3][2]

  Ref  DFF        Name(Last) r:/WORK/g03_top_IO/u_g03_soc/u_core_wzc/u_kalsit_core/u_ifu/u_ifu_ifetch/icache_data_reg[3][30]
  Impl DFF        Name(Last) i:/WORK/g03_top_IO/u_g03_soc/u_core_wzc/u_kalsit_core/u_ifu/u_ifu_ifetch/icache_data_reg[3][30]

  Ref  DFF        Name(Last) r:/WORK/g03_top_IO/u_g03_soc/u_core_wzc/u_kalsit_core/u_ifu/u_ifu_ifetch/icache_data_reg[3][31]
  Impl DFF        Name(Last) i:/WORK/g03_top_IO/u_g03_soc/u_core_wzc/u_kalsit_core/u_ifu/u_ifu_ifetch/icache_data_reg[3][31]

  Ref  DFF        Name(Last) r:/WORK/g03_top_IO/u_g03_soc/u_core_wzc/u_kalsit_core/u_ifu/u_ifu_ifetch/icache_data_reg[3][3]
  Impl DFF        Name(Last) i:/WORK/g03_top_IO/u_g03_soc/u_core_wzc/u_kalsit_core/u_ifu/u_ifu_ifetch/icache_data_reg[3][3]

  Ref  DFF        Name(Last) r:/WORK/g03_top_IO/u_g03_soc/u_core_wzc/u_kalsit_core/u_ifu/u_ifu_ifetch/icache_data_reg[3][4]
  Impl DFF        Name(Last) i:/WORK/g03_top_IO/u_g03_soc/u_core_wzc/u_kalsit_core/u_ifu/u_ifu_ifetch/icache_data_reg[3][4]

  Ref  DFF        Name(Last) r:/WORK/g03_top_IO/u_g03_soc/u_core_wzc/u_kalsit_core/u_ifu/u_ifu_ifetch/icache_data_reg[3][5]
  Impl DFF        Name(Last) i:/WORK/g03_top_IO/u_g03_soc/u_core_wzc/u_kalsit_core/u_ifu/u_ifu_ifetch/icache_data_reg[3][5]

  Ref  DFF        Name(Last) r:/WORK/g03_top_IO/u_g03_soc/u_core_wzc/u_kalsit_core/u_ifu/u_ifu_ifetch/icache_data_reg[3][6]
  Impl DFF        Name(Last) i:/WORK/g03_top_IO/u_g03_soc/u_core_wzc/u_kalsit_core/u_ifu/u_ifu_ifetch/icache_data_reg[3][6]

  Ref  DFF        Name(Last) r:/WORK/g03_top_IO/u_g03_soc/u_core_wzc/u_kalsit_core/u_ifu/u_ifu_ifetch/icache_data_reg[3][7]
  Impl DFF        Name(Last) i:/WORK/g03_top_IO/u_g03_soc/u_core_wzc/u_kalsit_core/u_ifu/u_ifu_ifetch/icache_data_reg[3][7]

  Ref  DFF        Name(Last) r:/WORK/g03_top_IO/u_g03_soc/u_core_wzc/u_kalsit_core/u_ifu/u_ifu_ifetch/icache_data_reg[3][8]
  Impl DFF        Name(Last) i:/WORK/g03_top_IO/u_g03_soc/u_core_wzc/u_kalsit_core/u_ifu/u_ifu_ifetch/icache_data_reg[3][8]

  Ref  DFF        Name(Last) r:/WORK/g03_top_IO/u_g03_soc/u_core_wzc/u_kalsit_core/u_ifu/u_ifu_ifetch/icache_data_reg[3][9]
  Impl DFF        Name(Last) i:/WORK/g03_top_IO/u_g03_soc/u_core_wzc/u_kalsit_core/u_ifu/u_ifu_ifetch/icache_data_reg[3][9]

  Ref  DFF        Name(Last) r:/WORK/g03_top_IO/u_g03_soc/u_core_wzc/u_kalsit_core/u_ifu/u_ifu_ifetch/icache_valid_reg[0]
  Impl DFF        Name(Last) i:/WORK/g03_top_IO/u_g03_soc/u_core_wzc/u_kalsit_core/u_ifu/u_ifu_ifetch/icache_valid_reg[0]

  Ref  DFF        Name(Last) r:/WORK/g03_top_IO/u_g03_soc/u_core_wzc/u_kalsit_core/u_ifu/u_ifu_ifetch/icache_valid_reg[1]
  Impl DFF        Name(Last) i:/WORK/g03_top_IO/u_g03_soc/u_core_wzc/u_kalsit_core/u_ifu/u_ifu_ifetch/icache_valid_reg[1]

  Ref  DFF        Name(Last) r:/WORK/g03_top_IO/u_g03_soc/u_core_wzc/u_kalsit_core/u_ifu/u_ifu_ifetch/icache_valid_reg[2]
  Impl DFF        Name(Last) i:/WORK/g03_top_IO/u_g03_soc/u_core_wzc/u_kalsit_core/u_ifu/u_ifu_ifetch/icache_valid_reg[2]

  Ref  DFF        Name(Last) r:/WORK/g03_top_IO/u_g03_soc/u_core_wzc/u_kalsit_core/u_ifu/u_ifu_ifetch/icache_valid_reg[3]
  Impl DFF        Name(Last) i:/WORK/g03_top_IO/u_g03_soc/u_core_wzc/u_kalsit_core/u_ifu/u_ifu_ifetch/icache_valid_reg[3]

  Ref  DFF        Name(Last) r:/WORK/g03_top_IO/u_g03_soc/u_core_wzc/u_kalsit_core/u_ifu/u_ifu_ifetch/icache_wr_addr_reg[0]
  Impl DFF        Name(Last) i:/WORK/g03_top_IO/u_g03_soc/u_core_wzc/u_kalsit_core/u_ifu/u_ifu_ifetch/icache_wr_addr_reg[0]

  Ref  DFF        Name(Last) r:/WORK/g03_top_IO/u_g03_soc/u_core_wzc/u_kalsit_core/u_ifu/u_ifu_ifetch/icache_wr_addr_reg[1]
  Impl DFF        Name(Last) i:/WORK/g03_top_IO/u_g03_soc/u_core_wzc/u_kalsit_core/u_ifu/u_ifu_ifetch/icache_wr_addr_reg[1]

  Ref  DFF        Name(Last) r:/WORK/g03_top_IO/u_g03_soc/u_core_wzc/u_kalsit_core/u_ifu/u_ifu_ifetch/request_base_word_reg[0]
  Impl DFF        Name(Last) i:/WORK/g03_top_IO/u_g03_soc/u_core_wzc/u_kalsit_core/u_ifu/u_ifu_ifetch/request_base_word_reg[0]

  Ref  DFF        Name(Last) r:/WORK/g03_top_IO/u_g03_soc/u_core_wzc/u_kalsit_core/u_ifu/u_ifu_ifetch/request_base_word_reg[14]
  Impl DFF        Name(Last) i:/WORK/g03_top_IO/u_g03_soc/u_core_wzc/u_kalsit_core/u_ifu/u_ifu_ifetch/request_base_word_reg[14]

  Ref  DFF        Name(Last) r:/WORK/g03_top_IO/u_g03_soc/u_core_wzc/u_kalsit_core/u_ifu/u_ifu_ifetch/request_base_word_reg[15]
  Impl DFF        Name(Last) i:/WORK/g03_top_IO/u_g03_soc/u_core_wzc/u_kalsit_core/u_ifu/u_ifu_ifetch/request_base_word_reg[15]

  Ref  DFF        Name(Last) r:/WORK/g03_top_IO/u_g03_soc/u_core_wzc/u_kalsit_core/u_ifu/u_ifu_ifetch/request_base_word_reg[16]
  Impl DFF        Name(Last) i:/WORK/g03_top_IO/u_g03_soc/u_core_wzc/u_kalsit_core/u_ifu/u_ifu_ifetch/request_base_word_reg[16]

  Ref  DFF        Name(Last) r:/WORK/g03_top_IO/u_g03_soc/u_core_wzc/u_kalsit_core/u_ifu/u_ifu_ifetch/request_base_word_reg[17]
  Impl DFF        Name(Last) i:/WORK/g03_top_IO/u_g03_soc/u_core_wzc/u_kalsit_core/u_ifu/u_ifu_ifetch/request_base_word_reg[17]

  Ref  DFF        Name(Last) r:/WORK/g03_top_IO/u_g03_soc/u_core_wzc/u_kalsit_core/u_ifu/u_ifu_ifetch/request_base_word_reg[18]
  Impl DFF        Name(Last) i:/WORK/g03_top_IO/u_g03_soc/u_core_wzc/u_kalsit_core/u_ifu/u_ifu_ifetch/request_base_word_reg[18]

  Ref  DFF        Name(Last) r:/WORK/g03_top_IO/u_g03_soc/u_core_wzc/u_kalsit_core/u_ifu/u_ifu_ifetch/request_base_word_reg[19]
  Impl DFF        Name(Last) i:/WORK/g03_top_IO/u_g03_soc/u_core_wzc/u_kalsit_core/u_ifu/u_ifu_ifetch/request_base_word_reg[19]

  Ref  DFF        Name(Last) r:/WORK/g03_top_IO/u_g03_soc/u_core_wzc/u_kalsit_core/u_ifu/u_ifu_ifetch/request_base_word_reg[1]
  Impl DFF        Name(Last) i:/WORK/g03_top_IO/u_g03_soc/u_core_wzc/u_kalsit_core/u_ifu/u_ifu_ifetch/request_base_word_reg[1]

  Ref  DFF        Name(Last) r:/WORK/g03_top_IO/u_g03_soc/u_core_wzc/u_kalsit_core/u_ifu/u_ifu_ifetch/request_base_word_reg[20]
  Impl DFF        Name(Last) i:/WORK/g03_top_IO/u_g03_soc/u_core_wzc/u_kalsit_core/u_ifu/u_ifu_ifetch/request_base_word_reg[20]

  Ref  DFF        Name(Last) r:/WORK/g03_top_IO/u_g03_soc/u_core_wzc/u_kalsit_core/u_ifu/u_ifu_ifetch/request_base_word_reg[21]
  Impl DFF        Name(Last) i:/WORK/g03_top_IO/u_g03_soc/u_core_wzc/u_kalsit_core/u_ifu/u_ifu_ifetch/request_base_word_reg[21]

  Ref  DFF        Name(Last) r:/WORK/g03_top_IO/u_g03_soc/u_core_wzc/u_kalsit_core/u_ifu/u_ifu_ifetch/request_base_word_reg[26]
  Impl DFF        Name(Last) i:/WORK/g03_top_IO/u_g03_soc/u_core_wzc/u_kalsit_core/u_ifu/u_ifu_ifetch/request_base_word_reg[26]

  Ref  DFF        Name(Last) r:/WORK/g03_top_IO/u_g03_soc/u_core_wzc/u_kalsit_core/u_ifu/u_ifu_ifetch/request_base_word_reg[27]
  Impl DFF        Name(Last) i:/WORK/g03_top_IO/u_g03_soc/u_core_wzc/u_kalsit_core/u_ifu/u_ifu_ifetch/request_base_word_reg[27]

  Ref  DFF        Name(Last) r:/WORK/g03_top_IO/u_g03_soc/u_core_wzc/u_kalsit_core/u_ifu/u_ifu_ifetch/request_base_word_reg[28]
  Impl DFF        Name(Last) i:/WORK/g03_top_IO/u_g03_soc/u_core_wzc/u_kalsit_core/u_ifu/u_ifu_ifetch/request_base_word_reg[28]

  Ref  DFF        Name(Last) r:/WORK/g03_top_IO/u_g03_soc/u_core_wzc/u_kalsit_core/u_ifu/u_ifu_ifetch/request_base_word_reg[29]
  Impl DFF        Name(Last) i:/WORK/g03_top_IO/u_g03_soc/u_core_wzc/u_kalsit_core/u_ifu/u_ifu_ifetch/request_base_word_reg[29]

  Ref  DFF        Name(Last) r:/WORK/g03_top_IO/u_g03_soc/u_core_wzc/u_kalsit_core/u_ifu/u_ifu_ifetch/request_base_word_reg[2]
  Impl DFF        Name(Last) i:/WORK/g03_top_IO/u_g03_soc/u_core_wzc/u_kalsit_core/u_ifu/u_ifu_ifetch/request_base_word_reg[2]

  Ref  DFF        Name(Last) r:/WORK/g03_top_IO/u_g03_soc/u_core_wzc/u_kalsit_core/u_ifu/u_ifu_ifetch/request_base_word_reg[3]
  Impl DFF        Name(Last) i:/WORK/g03_top_IO/u_g03_soc/u_core_wzc/u_kalsit_core/u_ifu/u_ifu_ifetch/request_base_word_reg[3]

  Ref  DFF        Name(Last) r:/WORK/g03_top_IO/u_g03_soc/u_core_wzc/u_kalsit_core/u_ifu/u_ifu_ifetch/request_base_word_reg[4]
  Impl DFF        Name(Last) i:/WORK/g03_top_IO/u_g03_soc/u_core_wzc/u_kalsit_core/u_ifu/u_ifu_ifetch/request_base_word_reg[4]

  Ref  DFF        Name(Last) r:/WORK/g03_top_IO/u_g03_soc/u_core_wzc/u_kalsit_core/u_ifu/u_ifu_ifetch/request_base_word_reg[5]
  Impl DFF        Name(Last) i:/WORK/g03_top_IO/u_g03_soc/u_core_wzc/u_kalsit_core/u_ifu/u_ifu_ifetch/request_base_word_reg[5]

  Ref  DFF        Name(Last) r:/WORK/g03_top_IO/u_g03_soc/u_core_wzc/u_kalsit_core/u_ifu/u_ifu_ifetch/request_base_word_reg[6]
  Impl DFF        Name(Last) i:/WORK/g03_top_IO/u_g03_soc/u_core_wzc/u_kalsit_core/u_ifu/u_ifu_ifetch/request_base_word_reg[6]

  Ref  DFF        Name(Last) r:/WORK/g03_top_IO/u_g03_soc/u_core_wzc/u_kalsit_core/u_ifu/u_ifu_ifetch/request_base_word_reg[7]
  Impl DFF        Name(Last) i:/WORK/g03_top_IO/u_g03_soc/u_core_wzc/u_kalsit_core/u_ifu/u_ifu_ifetch/request_base_word_reg[7]

  Ref  DFF        Name(Last) r:/WORK/g03_top_IO/u_g03_soc/u_core_wzc/u_kalsit_core/u_ifu/u_ifu_ifetch/state_reg[0]
  Impl DFF        Name(Last) i:/WORK/g03_top_IO/u_g03_soc/u_core_wzc/u_kalsit_core/u_ifu/u_ifu_ifetch/state_reg[0]

  Ref  DFF        Name(Last) r:/WORK/g03_top_IO/u_g03_soc/u_core_wzc/u_kalsit_core/u_ifu/u_ifu_ifetch/state_reg[1]
  Impl DFF        Name(Last) i:/WORK/g03_top_IO/u_g03_soc/u_core_wzc/u_kalsit_core/u_ifu/u_ifu_ifetch/state_reg[1]

  Ref  DFF        Name(Last) r:/WORK/g03_top_IO/u_g03_soc/u_core_wzc/u_kalsit_core/u_ifu/u_ifu_pc/pc_reg[0]
  Impl DFF        Name(Last) i:/WORK/g03_top_IO/u_g03_soc/u_core_wzc/u_kalsit_core/u_ifu/u_ifu_pc/pc_reg[0]

  Ref  DFF        Name(Last) r:/WORK/g03_top_IO/u_g03_soc/u_core_wzc/u_kalsit_core/u_ifu/u_ifu_pc/pc_reg[10]
  Impl DFF        Name(Last) i:/WORK/g03_top_IO/u_g03_soc/u_core_wzc/u_kalsit_core/u_ifu/u_ifu_pc/pc_reg[10]

  Ref  DFF        Name(Last) r:/WORK/g03_top_IO/u_g03_soc/u_core_wzc/u_kalsit_core/u_ifu/u_ifu_pc/pc_reg[11]
  Impl DFF        Name(Last) i:/WORK/g03_top_IO/u_g03_soc/u_core_wzc/u_kalsit_core/u_ifu/u_ifu_pc/pc_reg[11]

  Ref  DFF        Name(Last) r:/WORK/g03_top_IO/u_g03_soc/u_core_wzc/u_kalsit_core/u_ifu/u_ifu_pc/pc_reg[12]
  Impl DFF        Name(Last) i:/WORK/g03_top_IO/u_g03_soc/u_core_wzc/u_kalsit_core/u_ifu/u_ifu_pc/pc_reg[12]

  Ref  DFF        Name(Last) r:/WORK/g03_top_IO/u_g03_soc/u_core_wzc/u_kalsit_core/u_ifu/u_ifu_pc/pc_reg[13]
  Impl DFF        Name(Last) i:/WORK/g03_top_IO/u_g03_soc/u_core_wzc/u_kalsit_core/u_ifu/u_ifu_pc/pc_reg[13]

  Ref  DFF        Name(Last) r:/WORK/g03_top_IO/u_g03_soc/u_core_wzc/u_kalsit_core/u_ifu/u_ifu_pc/pc_reg[14]
  Impl DFF        Name(Last) i:/WORK/g03_top_IO/u_g03_soc/u_core_wzc/u_kalsit_core/u_ifu/u_ifu_pc/pc_reg[14]

  Ref  DFF        Name(Last) r:/WORK/g03_top_IO/u_g03_soc/u_core_wzc/u_kalsit_core/u_ifu/u_ifu_pc/pc_reg[15]
  Impl DFF        Name(Last) i:/WORK/g03_top_IO/u_g03_soc/u_core_wzc/u_kalsit_core/u_ifu/u_ifu_pc/pc_reg[15]

  Ref  DFF        Name(Last) r:/WORK/g03_top_IO/u_g03_soc/u_core_wzc/u_kalsit_core/u_ifu/u_ifu_pc/pc_reg[16]
  Impl DFF        Name(Last) i:/WORK/g03_top_IO/u_g03_soc/u_core_wzc/u_kalsit_core/u_ifu/u_ifu_pc/pc_reg[16]

  Ref  DFF        Name(Last) r:/WORK/g03_top_IO/u_g03_soc/u_core_wzc/u_kalsit_core/u_ifu/u_ifu_pc/pc_reg[17]
  Impl DFF        Name(Last) i:/WORK/g03_top_IO/u_g03_soc/u_core_wzc/u_kalsit_core/u_ifu/u_ifu_pc/pc_reg[17]

  Ref  DFF        Name(Last) r:/WORK/g03_top_IO/u_g03_soc/u_core_wzc/u_kalsit_core/u_ifu/u_ifu_pc/pc_reg[18]
  Impl DFF        Name(Last) i:/WORK/g03_top_IO/u_g03_soc/u_core_wzc/u_kalsit_core/u_ifu/u_ifu_pc/pc_reg[18]

  Ref  DFF        Name(Last) r:/WORK/g03_top_IO/u_g03_soc/u_core_wzc/u_kalsit_core/u_ifu/u_ifu_pc/pc_reg[19]
  Impl DFF        Name(Last) i:/WORK/g03_top_IO/u_g03_soc/u_core_wzc/u_kalsit_core/u_ifu/u_ifu_pc/pc_reg[19]

  Ref  DFF        Name(Last) r:/WORK/g03_top_IO/u_g03_soc/u_core_wzc/u_kalsit_core/u_ifu/u_ifu_pc/pc_reg[1]
  Impl DFF        Name(Last) i:/WORK/g03_top_IO/u_g03_soc/u_core_wzc/u_kalsit_core/u_ifu/u_ifu_pc/pc_reg[1]

  Ref  DFF        Name(Last) r:/WORK/g03_top_IO/u_g03_soc/u_core_wzc/u_kalsit_core/u_ifu/u_ifu_pc/pc_reg[20]
  Impl DFF        Name(Last) i:/WORK/g03_top_IO/u_g03_soc/u_core_wzc/u_kalsit_core/u_ifu/u_ifu_pc/pc_reg[20]

  Ref  DFF        Name(Last) r:/WORK/g03_top_IO/u_g03_soc/u_core_wzc/u_kalsit_core/u_ifu/u_ifu_pc/pc_reg[21]
  Impl DFF        Name(Last) i:/WORK/g03_top_IO/u_g03_soc/u_core_wzc/u_kalsit_core/u_ifu/u_ifu_pc/pc_reg[21]

  Ref  DFF        Name(Last) r:/WORK/g03_top_IO/u_g03_soc/u_core_wzc/u_kalsit_core/u_ifu/u_ifu_pc/pc_reg[22]
  Impl DFF        Name(Last) i:/WORK/g03_top_IO/u_g03_soc/u_core_wzc/u_kalsit_core/u_ifu/u_ifu_pc/pc_reg[22]

  Ref  DFF        Name(Last) r:/WORK/g03_top_IO/u_g03_soc/u_core_wzc/u_kalsit_core/u_ifu/u_ifu_pc/pc_reg[23]
  Impl DFF        Name(Last) i:/WORK/g03_top_IO/u_g03_soc/u_core_wzc/u_kalsit_core/u_ifu/u_ifu_pc/pc_reg[23]

  Ref  DFF        Name(Last) r:/WORK/g03_top_IO/u_g03_soc/u_core_wzc/u_kalsit_core/u_ifu/u_ifu_pc/pc_reg[24]
  Impl DFF        Name(Last) i:/WORK/g03_top_IO/u_g03_soc/u_core_wzc/u_kalsit_core/u_ifu/u_ifu_pc/pc_reg[24]

  Ref  DFF        Name(Last) r:/WORK/g03_top_IO/u_g03_soc/u_core_wzc/u_kalsit_core/u_ifu/u_ifu_pc/pc_reg[25]
  Impl DFF        Name(Last) i:/WORK/g03_top_IO/u_g03_soc/u_core_wzc/u_kalsit_core/u_ifu/u_ifu_pc/pc_reg[25]

  Ref  DFF        Name(Last) r:/WORK/g03_top_IO/u_g03_soc/u_core_wzc/u_kalsit_core/u_ifu/u_ifu_pc/pc_reg[26]
  Impl DFF        Name(Last) i:/WORK/g03_top_IO/u_g03_soc/u_core_wzc/u_kalsit_core/u_ifu/u_ifu_pc/pc_reg[26]

  Ref  DFF        Name(Last) r:/WORK/g03_top_IO/u_g03_soc/u_core_wzc/u_kalsit_core/u_ifu/u_ifu_pc/pc_reg[27]
  Impl DFF        Name(Last) i:/WORK/g03_top_IO/u_g03_soc/u_core_wzc/u_kalsit_core/u_ifu/u_ifu_pc/pc_reg[27]

  Ref  DFF        Name(Last) r:/WORK/g03_top_IO/u_g03_soc/u_core_wzc/u_kalsit_core/u_ifu/u_ifu_pc/pc_reg[28]
  Impl DFF        Name(Last) i:/WORK/g03_top_IO/u_g03_soc/u_core_wzc/u_kalsit_core/u_ifu/u_ifu_pc/pc_reg[28]

  Ref  DFF        Name(Last) r:/WORK/g03_top_IO/u_g03_soc/u_core_wzc/u_kalsit_core/u_ifu/u_ifu_pc/pc_reg[29]
  Impl DFF        Name(Last) i:/WORK/g03_top_IO/u_g03_soc/u_core_wzc/u_kalsit_core/u_ifu/u_ifu_pc/pc_reg[29]

  Ref  DFF        Name(Last) r:/WORK/g03_top_IO/u_g03_soc/u_core_wzc/u_kalsit_core/u_ifu/u_ifu_pc/pc_reg[2]
  Impl DFF        Name(Last) i:/WORK/g03_top_IO/u_g03_soc/u_core_wzc/u_kalsit_core/u_ifu/u_ifu_pc/pc_reg[2]

  Ref  DFF        Name(Last) r:/WORK/g03_top_IO/u_g03_soc/u_core_wzc/u_kalsit_core/u_ifu/u_ifu_pc/pc_reg[30]
  Impl DFF        Name(Last) i:/WORK/g03_top_IO/u_g03_soc/u_core_wzc/u_kalsit_core/u_ifu/u_ifu_pc/pc_reg[30]

  Ref  DFF        Name(Last) r:/WORK/g03_top_IO/u_g03_soc/u_core_wzc/u_kalsit_core/u_ifu/u_ifu_pc/pc_reg[31]
  Impl DFF        Name(Last) i:/WORK/g03_top_IO/u_g03_soc/u_core_wzc/u_kalsit_core/u_ifu/u_ifu_pc/pc_reg[31]

  Ref  DFF        Name(Last) r:/WORK/g03_top_IO/u_g03_soc/u_core_wzc/u_kalsit_core/u_ifu/u_ifu_pc/pc_reg[3]
  Impl DFF        Name(Last) i:/WORK/g03_top_IO/u_g03_soc/u_core_wzc/u_kalsit_core/u_ifu/u_ifu_pc/pc_reg[3]

  Ref  DFF        Name(Last) r:/WORK/g03_top_IO/u_g03_soc/u_core_wzc/u_kalsit_core/u_ifu/u_ifu_pc/pc_reg[4]
  Impl DFF        Name(Last) i:/WORK/g03_top_IO/u_g03_soc/u_core_wzc/u_kalsit_core/u_ifu/u_ifu_pc/pc_reg[4]

  Ref  DFF        Name(Last) r:/WORK/g03_top_IO/u_g03_soc/u_core_wzc/u_kalsit_core/u_ifu/u_ifu_pc/pc_reg[5]
  Impl DFF        Name(Last) i:/WORK/g03_top_IO/u_g03_soc/u_core_wzc/u_kalsit_core/u_ifu/u_ifu_pc/pc_reg[5]

  Ref  DFF        Name(Last) r:/WORK/g03_top_IO/u_g03_soc/u_core_wzc/u_kalsit_core/u_ifu/u_ifu_pc/pc_reg[6]
  Impl DFF        Name(Last) i:/WORK/g03_top_IO/u_g03_soc/u_core_wzc/u_kalsit_core/u_ifu/u_ifu_pc/pc_reg[6]

  Ref  DFF        Name(Last) r:/WORK/g03_top_IO/u_g03_soc/u_core_wzc/u_kalsit_core/u_ifu/u_ifu_pc/pc_reg[7]
  Impl DFF        Name(Last) i:/WORK/g03_top_IO/u_g03_soc/u_core_wzc/u_kalsit_core/u_ifu/u_ifu_pc/pc_reg[7]

  Ref  DFF        Name(Last) r:/WORK/g03_top_IO/u_g03_soc/u_core_wzc/u_kalsit_core/u_ifu/u_ifu_pc/pc_reg[8]
  Impl DFF        Name(Last) i:/WORK/g03_top_IO/u_g03_soc/u_core_wzc/u_kalsit_core/u_ifu/u_ifu_pc/pc_reg[8]

  Ref  DFF        Name(Last) r:/WORK/g03_top_IO/u_g03_soc/u_core_wzc/u_kalsit_core/u_ifu/u_ifu_pc/pc_reg[9]
  Impl DFF        Name(Last) i:/WORK/g03_top_IO/u_g03_soc/u_core_wzc/u_kalsit_core/u_ifu/u_ifu_pc/pc_reg[9]

  Ref  DFF        Name(Last) r:/WORK/g03_top_IO/u_g03_soc/u_core_wzc/u_kalsit_core/u_mem_top/u_mem_ifu/reg_wdata_r_reg[0]
  Impl DFF        Name(Last) i:/WORK/g03_top_IO/u_g03_soc/u_core_wzc/u_kalsit_core/u_mem_top/u_mem_ifu/reg_wdata_r_reg[0]

  Ref  DFF        Name(Last) r:/WORK/g03_top_IO/u_g03_soc/u_core_wzc/u_kalsit_core/u_mem_top/u_mem_ifu/reg_wdata_r_reg[10]
  Impl DFF        Name(Last) i:/WORK/g03_top_IO/u_g03_soc/u_core_wzc/u_kalsit_core/u_mem_top/u_mem_ifu/reg_wdata_r_reg[10]

  Ref  DFF        Name(Last) r:/WORK/g03_top_IO/u_g03_soc/u_core_wzc/u_kalsit_core/u_mem_top/u_mem_ifu/reg_wdata_r_reg[11]
  Impl DFF        Name(Last) i:/WORK/g03_top_IO/u_g03_soc/u_core_wzc/u_kalsit_core/u_mem_top/u_mem_ifu/reg_wdata_r_reg[11]

  Ref  DFF        Name(Last) r:/WORK/g03_top_IO/u_g03_soc/u_core_wzc/u_kalsit_core/u_mem_top/u_mem_ifu/reg_wdata_r_reg[12]
  Impl DFF        Name(Last) i:/WORK/g03_top_IO/u_g03_soc/u_core_wzc/u_kalsit_core/u_mem_top/u_mem_ifu/reg_wdata_r_reg[12]

  Ref  DFF        Name(Last) r:/WORK/g03_top_IO/u_g03_soc/u_core_wzc/u_kalsit_core/u_mem_top/u_mem_ifu/reg_wdata_r_reg[13]
  Impl DFF        Name(Last) i:/WORK/g03_top_IO/u_g03_soc/u_core_wzc/u_kalsit_core/u_mem_top/u_mem_ifu/reg_wdata_r_reg[13]

  Ref  DFF        Name(Last) r:/WORK/g03_top_IO/u_g03_soc/u_core_wzc/u_kalsit_core/u_mem_top/u_mem_ifu/reg_wdata_r_reg[14]
  Impl DFF        Name(Last) i:/WORK/g03_top_IO/u_g03_soc/u_core_wzc/u_kalsit_core/u_mem_top/u_mem_ifu/reg_wdata_r_reg[14]

  Ref  DFF        Name(Last) r:/WORK/g03_top_IO/u_g03_soc/u_core_wzc/u_kalsit_core/u_mem_top/u_mem_ifu/reg_wdata_r_reg[15]
  Impl DFF        Name(Last) i:/WORK/g03_top_IO/u_g03_soc/u_core_wzc/u_kalsit_core/u_mem_top/u_mem_ifu/reg_wdata_r_reg[15]

  Ref  DFF        Name(Last) r:/WORK/g03_top_IO/u_g03_soc/u_core_wzc/u_kalsit_core/u_mem_top/u_mem_ifu/reg_wdata_r_reg[16]
  Impl DFF        Name(Last) i:/WORK/g03_top_IO/u_g03_soc/u_core_wzc/u_kalsit_core/u_mem_top/u_mem_ifu/reg_wdata_r_reg[16]

  Ref  DFF        Name(Last) r:/WORK/g03_top_IO/u_g03_soc/u_core_wzc/u_kalsit_core/u_mem_top/u_mem_ifu/reg_wdata_r_reg[17]
  Impl DFF        Name(Last) i:/WORK/g03_top_IO/u_g03_soc/u_core_wzc/u_kalsit_core/u_mem_top/u_mem_ifu/reg_wdata_r_reg[17]

  Ref  DFF        Name(Last) r:/WORK/g03_top_IO/u_g03_soc/u_core_wzc/u_kalsit_core/u_mem_top/u_mem_ifu/reg_wdata_r_reg[18]
  Impl DFF        Name(Last) i:/WORK/g03_top_IO/u_g03_soc/u_core_wzc/u_kalsit_core/u_mem_top/u_mem_ifu/reg_wdata_r_reg[18]

  Ref  DFF        Name(Last) r:/WORK/g03_top_IO/u_g03_soc/u_core_wzc/u_kalsit_core/u_mem_top/u_mem_ifu/reg_wdata_r_reg[19]
  Impl DFF        Name(Last) i:/WORK/g03_top_IO/u_g03_soc/u_core_wzc/u_kalsit_core/u_mem_top/u_mem_ifu/reg_wdata_r_reg[19]

  Ref  DFF        Name(Last) r:/WORK/g03_top_IO/u_g03_soc/u_core_wzc/u_kalsit_core/u_mem_top/u_mem_ifu/reg_wdata_r_reg[1]
  Impl DFF        Name(Last) i:/WORK/g03_top_IO/u_g03_soc/u_core_wzc/u_kalsit_core/u_mem_top/u_mem_ifu/reg_wdata_r_reg[1]

  Ref  DFF        Name(Last) r:/WORK/g03_top_IO/u_g03_soc/u_core_wzc/u_kalsit_core/u_mem_top/u_mem_ifu/reg_wdata_r_reg[20]
  Impl DFF        Name(Last) i:/WORK/g03_top_IO/u_g03_soc/u_core_wzc/u_kalsit_core/u_mem_top/u_mem_ifu/reg_wdata_r_reg[20]

  Ref  DFF        Name(Last) r:/WORK/g03_top_IO/u_g03_soc/u_core_wzc/u_kalsit_core/u_mem_top/u_mem_ifu/reg_wdata_r_reg[21]
  Impl DFF        Name(Last) i:/WORK/g03_top_IO/u_g03_soc/u_core_wzc/u_kalsit_core/u_mem_top/u_mem_ifu/reg_wdata_r_reg[21]

  Ref  DFF        Name(Last) r:/WORK/g03_top_IO/u_g03_soc/u_core_wzc/u_kalsit_core/u_mem_top/u_mem_ifu/reg_wdata_r_reg[22]
  Impl DFF        Name(Last) i:/WORK/g03_top_IO/u_g03_soc/u_core_wzc/u_kalsit_core/u_mem_top/u_mem_ifu/reg_wdata_r_reg[22]

  Ref  DFF        Name(Last) r:/WORK/g03_top_IO/u_g03_soc/u_core_wzc/u_kalsit_core/u_mem_top/u_mem_ifu/reg_wdata_r_reg[23]
  Impl DFF        Name(Last) i:/WORK/g03_top_IO/u_g03_soc/u_core_wzc/u_kalsit_core/u_mem_top/u_mem_ifu/reg_wdata_r_reg[23]

  Ref  DFF        Name(Last) r:/WORK/g03_top_IO/u_g03_soc/u_core_wzc/u_kalsit_core/u_mem_top/u_mem_ifu/reg_wdata_r_reg[24]
  Impl DFF        Name(Last) i:/WORK/g03_top_IO/u_g03_soc/u_core_wzc/u_kalsit_core/u_mem_top/u_mem_ifu/reg_wdata_r_reg[24]

  Ref  DFF        Name(Last) r:/WORK/g03_top_IO/u_g03_soc/u_core_wzc/u_kalsit_core/u_mem_top/u_mem_ifu/reg_wdata_r_reg[25]
  Impl DFF        Name(Last) i:/WORK/g03_top_IO/u_g03_soc/u_core_wzc/u_kalsit_core/u_mem_top/u_mem_ifu/reg_wdata_r_reg[25]

  Ref  DFF        Name(Last) r:/WORK/g03_top_IO/u_g03_soc/u_core_wzc/u_kalsit_core/u_mem_top/u_mem_ifu/reg_wdata_r_reg[26]
  Impl DFF        Name(Last) i:/WORK/g03_top_IO/u_g03_soc/u_core_wzc/u_kalsit_core/u_mem_top/u_mem_ifu/reg_wdata_r_reg[26]

  Ref  DFF        Name(Last) r:/WORK/g03_top_IO/u_g03_soc/u_core_wzc/u_kalsit_core/u_mem_top/u_mem_ifu/reg_wdata_r_reg[27]
  Impl DFF        Name(Last) i:/WORK/g03_top_IO/u_g03_soc/u_core_wzc/u_kalsit_core/u_mem_top/u_mem_ifu/reg_wdata_r_reg[27]

  Ref  DFF        Name(Last) r:/WORK/g03_top_IO/u_g03_soc/u_core_wzc/u_kalsit_core/u_mem_top/u_mem_ifu/reg_wdata_r_reg[28]
  Impl DFF        Name(Last) i:/WORK/g03_top_IO/u_g03_soc/u_core_wzc/u_kalsit_core/u_mem_top/u_mem_ifu/reg_wdata_r_reg[28]

  Ref  DFF        Name(Last) r:/WORK/g03_top_IO/u_g03_soc/u_core_wzc/u_kalsit_core/u_mem_top/u_mem_ifu/reg_wdata_r_reg[29]
  Impl DFF        Name(Last) i:/WORK/g03_top_IO/u_g03_soc/u_core_wzc/u_kalsit_core/u_mem_top/u_mem_ifu/reg_wdata_r_reg[29]

  Ref  DFF        Name(Last) r:/WORK/g03_top_IO/u_g03_soc/u_core_wzc/u_kalsit_core/u_mem_top/u_mem_ifu/reg_wdata_r_reg[2]
  Impl DFF        Name(Last) i:/WORK/g03_top_IO/u_g03_soc/u_core_wzc/u_kalsit_core/u_mem_top/u_mem_ifu/reg_wdata_r_reg[2]

  Ref  DFF        Name(Last) r:/WORK/g03_top_IO/u_g03_soc/u_core_wzc/u_kalsit_core/u_mem_top/u_mem_ifu/reg_wdata_r_reg[30]
  Impl DFF        Name(Last) i:/WORK/g03_top_IO/u_g03_soc/u_core_wzc/u_kalsit_core/u_mem_top/u_mem_ifu/reg_wdata_r_reg[30]

  Ref  DFF        Name(Last) r:/WORK/g03_top_IO/u_g03_soc/u_core_wzc/u_kalsit_core/u_mem_top/u_mem_ifu/reg_wdata_r_reg[31]
  Impl DFF        Name(Last) i:/WORK/g03_top_IO/u_g03_soc/u_core_wzc/u_kalsit_core/u_mem_top/u_mem_ifu/reg_wdata_r_reg[31]

  Ref  DFF        Name(Last) r:/WORK/g03_top_IO/u_g03_soc/u_core_wzc/u_kalsit_core/u_mem_top/u_mem_ifu/reg_wdata_r_reg[3]
  Impl DFF        Name(Last) i:/WORK/g03_top_IO/u_g03_soc/u_core_wzc/u_kalsit_core/u_mem_top/u_mem_ifu/reg_wdata_r_reg[3]

  Ref  DFF        Name(Last) r:/WORK/g03_top_IO/u_g03_soc/u_core_wzc/u_kalsit_core/u_mem_top/u_mem_ifu/reg_wdata_r_reg[4]
  Impl DFF        Name(Last) i:/WORK/g03_top_IO/u_g03_soc/u_core_wzc/u_kalsit_core/u_mem_top/u_mem_ifu/reg_wdata_r_reg[4]

  Ref  DFF        Name(Last) r:/WORK/g03_top_IO/u_g03_soc/u_core_wzc/u_kalsit_core/u_mem_top/u_mem_ifu/reg_wdata_r_reg[5]
  Impl DFF        Name(Last) i:/WORK/g03_top_IO/u_g03_soc/u_core_wzc/u_kalsit_core/u_mem_top/u_mem_ifu/reg_wdata_r_reg[5]

  Ref  DFF        Name(Last) r:/WORK/g03_top_IO/u_g03_soc/u_core_wzc/u_kalsit_core/u_mem_top/u_mem_ifu/reg_wdata_r_reg[6]
  Impl DFF        Name(Last) i:/WORK/g03_top_IO/u_g03_soc/u_core_wzc/u_kalsit_core/u_mem_top/u_mem_ifu/reg_wdata_r_reg[6]

  Ref  DFF        Name(Last) r:/WORK/g03_top_IO/u_g03_soc/u_core_wzc/u_kalsit_core/u_mem_top/u_mem_ifu/reg_wdata_r_reg[7]
  Impl DFF        Name(Last) i:/WORK/g03_top_IO/u_g03_soc/u_core_wzc/u_kalsit_core/u_mem_top/u_mem_ifu/reg_wdata_r_reg[7]

  Ref  DFF        Name(Last) r:/WORK/g03_top_IO/u_g03_soc/u_core_wzc/u_kalsit_core/u_mem_top/u_mem_ifu/reg_wdata_r_reg[8]
  Impl DFF        Name(Last) i:/WORK/g03_top_IO/u_g03_soc/u_core_wzc/u_kalsit_core/u_mem_top/u_mem_ifu/reg_wdata_r_reg[8]

  Ref  DFF        Name(Last) r:/WORK/g03_top_IO/u_g03_soc/u_core_wzc/u_kalsit_core/u_mem_top/u_mem_ifu/reg_wdata_r_reg[9]
  Impl DFF        Name(Last) i:/WORK/g03_top_IO/u_g03_soc/u_core_wzc/u_kalsit_core/u_mem_top/u_mem_ifu/reg_wdata_r_reg[9]

  Ref  DFF        Name(Last) r:/WORK/g03_top_IO/u_g03_soc/u_core_wzc/u_kalsit_core/u_mem_top/u_mem_ifu/rs1_data_r_reg[0]
  Impl DFF        Name(Last) i:/WORK/g03_top_IO/u_g03_soc/u_core_wzc/u_kalsit_core/u_mem_top/u_mem_ifu/rs1_data_r_reg[0]

  Ref  DFF        Name(Last) r:/WORK/g03_top_IO/u_g03_soc/u_core_wzc/u_kalsit_core/u_mem_top/u_mem_ifu/rs1_data_r_reg[1]
  Impl DFF        Name(Last) i:/WORK/g03_top_IO/u_g03_soc/u_core_wzc/u_kalsit_core/u_mem_top/u_mem_ifu/rs1_data_r_reg[1]

  Ref  DFF        Name(Last) r:/WORK/g03_top_IO/u_g03_soc/u_core_wzc/u_kalsit_core/u_mem_top/u_mem_ifu/rs1_data_r_reg[2]
  Impl DFF        Name(Last) i:/WORK/g03_top_IO/u_g03_soc/u_core_wzc/u_kalsit_core/u_mem_top/u_mem_ifu/rs1_data_r_reg[2]

  Ref  DFF        Name(Last) r:/WORK/g03_top_IO/u_g03_soc/u_core_wzc/u_kalsit_core/u_mem_top/u_mem_ifu/rs1_data_r_reg[3]
  Impl DFF        Name(Last) i:/WORK/g03_top_IO/u_g03_soc/u_core_wzc/u_kalsit_core/u_mem_top/u_mem_ifu/rs1_data_r_reg[3]

  Ref  DFF        Name(Last) r:/WORK/g03_top_IO/u_g03_soc/u_core_wzc/u_kalsit_core/u_mem_top/u_mem_ifu/rs1_data_r_reg[4]
  Impl DFF        Name(Last) i:/WORK/g03_top_IO/u_g03_soc/u_core_wzc/u_kalsit_core/u_mem_top/u_mem_ifu/rs1_data_r_reg[4]

  Ref  DFF        Name(Last) r:/WORK/g03_top_IO/u_g03_soc/u_core_wzc/u_kalsit_core/u_mem_top/u_mem_ifu/rs1_data_r_reg[5]
  Impl DFF        Name(Last) i:/WORK/g03_top_IO/u_g03_soc/u_core_wzc/u_kalsit_core/u_mem_top/u_mem_ifu/rs1_data_r_reg[5]

  Ref  DFF        Name(Last) r:/WORK/g03_top_IO/u_g03_soc/u_core_wzc/u_kalsit_core/u_mem_top/u_mem_ifu/rs1_data_r_reg[6]
  Impl DFF        Name(Last) i:/WORK/g03_top_IO/u_g03_soc/u_core_wzc/u_kalsit_core/u_mem_top/u_mem_ifu/rs1_data_r_reg[6]

  Ref  DFF        Name(Last) r:/WORK/g03_top_IO/u_g03_soc/u_core_wzc/u_kalsit_core/u_mem_top/u_mem_ifu/rs1_data_r_reg[7]
  Impl DFF        Name(Last) i:/WORK/g03_top_IO/u_g03_soc/u_core_wzc/u_kalsit_core/u_mem_top/u_mem_ifu/rs1_data_r_reg[7]

  Ref  DFF        Name(Last) r:/WORK/g03_top_IO/u_g03_soc/u_core_wzc/u_kalsit_core/u_mem_top/u_mem_ifu/state_reg[0]
  Impl DFF        Name(Last) i:/WORK/g03_top_IO/u_g03_soc/u_core_wzc/u_kalsit_core/u_mem_top/u_mem_ifu/state_reg[0]

  Ref  DFF        Name(Last) r:/WORK/g03_top_IO/u_g03_soc/u_core_wzc/u_kalsit_core/u_mem_top/u_mem_ifu/state_reg[1]
  Impl DFF        Name(Last) i:/WORK/g03_top_IO/u_g03_soc/u_core_wzc/u_kalsit_core/u_mem_top/u_mem_ifu/state_reg[1]

  Ref  DFF        Name(Last) r:/WORK/g03_top_IO/u_g03_soc/u_core_wzc/u_kalsit_core/u_mem_top/u_mem_ifu/state_reg[2]
  Impl DFF        Name(Last) i:/WORK/g03_top_IO/u_g03_soc/u_core_wzc/u_kalsit_core/u_mem_top/u_mem_ifu/state_reg[2]

  Ref  DFF        Name(Last) r:/WORK/g03_top_IO/u_g03_soc/u_core_wzc/u_kalsit_core/u_mem_top/u_mem_lsu/addr_r_reg[0]
  Impl DFF        Name(Last) i:/WORK/g03_top_IO/u_g03_soc/u_core_wzc/u_kalsit_core/u_mem_top/u_mem_lsu/addr_r_reg[0]

  Ref  DFF        Name(Last) r:/WORK/g03_top_IO/u_g03_soc/u_core_wzc/u_kalsit_core/u_mem_top/u_mem_lsu/addr_r_reg[16]
  Impl DFF        Name(Last) i:/WORK/g03_top_IO/u_g03_soc/u_core_wzc/u_kalsit_core/u_mem_top/u_mem_lsu/addr_r_reg[16]

  Ref  DFF        Name(Last) r:/WORK/g03_top_IO/u_g03_soc/u_core_wzc/u_kalsit_core/u_mem_top/u_mem_lsu/addr_r_reg[17]
  Impl DFF        Name(Last) i:/WORK/g03_top_IO/u_g03_soc/u_core_wzc/u_kalsit_core/u_mem_top/u_mem_lsu/addr_r_reg[17]

  Ref  DFF        Name(Last) r:/WORK/g03_top_IO/u_g03_soc/u_core_wzc/u_kalsit_core/u_mem_top/u_mem_lsu/addr_r_reg[18]
  Impl DFF        Name(Last) i:/WORK/g03_top_IO/u_g03_soc/u_core_wzc/u_kalsit_core/u_mem_top/u_mem_lsu/addr_r_reg[18]

  Ref  DFF        Name(Last) r:/WORK/g03_top_IO/u_g03_soc/u_core_wzc/u_kalsit_core/u_mem_top/u_mem_lsu/addr_r_reg[19]
  Impl DFF        Name(Last) i:/WORK/g03_top_IO/u_g03_soc/u_core_wzc/u_kalsit_core/u_mem_top/u_mem_lsu/addr_r_reg[19]

  Ref  DFF        Name(Last) r:/WORK/g03_top_IO/u_g03_soc/u_core_wzc/u_kalsit_core/u_mem_top/u_mem_lsu/addr_r_reg[1]
  Impl DFF        Name(Last) i:/WORK/g03_top_IO/u_g03_soc/u_core_wzc/u_kalsit_core/u_mem_top/u_mem_lsu/addr_r_reg[1]

  Ref  DFF        Name(Last) r:/WORK/g03_top_IO/u_g03_soc/u_core_wzc/u_kalsit_core/u_mem_top/u_mem_lsu/addr_r_reg[20]
  Impl DFF        Name(Last) i:/WORK/g03_top_IO/u_g03_soc/u_core_wzc/u_kalsit_core/u_mem_top/u_mem_lsu/addr_r_reg[20]

  Ref  DFF        Name(Last) r:/WORK/g03_top_IO/u_g03_soc/u_core_wzc/u_kalsit_core/u_mem_top/u_mem_lsu/addr_r_reg[21]
  Impl DFF        Name(Last) i:/WORK/g03_top_IO/u_g03_soc/u_core_wzc/u_kalsit_core/u_mem_top/u_mem_lsu/addr_r_reg[21]

  Ref  DFF        Name(Last) r:/WORK/g03_top_IO/u_g03_soc/u_core_wzc/u_kalsit_core/u_mem_top/u_mem_lsu/addr_r_reg[22]
  Impl DFF        Name(Last) i:/WORK/g03_top_IO/u_g03_soc/u_core_wzc/u_kalsit_core/u_mem_top/u_mem_lsu/addr_r_reg[22]

  Ref  DFF        Name(Last) r:/WORK/g03_top_IO/u_g03_soc/u_core_wzc/u_kalsit_core/u_mem_top/u_mem_lsu/addr_r_reg[23]
  Impl DFF        Name(Last) i:/WORK/g03_top_IO/u_g03_soc/u_core_wzc/u_kalsit_core/u_mem_top/u_mem_lsu/addr_r_reg[23]

  Ref  DFF        Name(Last) r:/WORK/g03_top_IO/u_g03_soc/u_core_wzc/u_kalsit_core/u_mem_top/u_mem_lsu/addr_r_reg[28]
  Impl DFF        Name(Last) i:/WORK/g03_top_IO/u_g03_soc/u_core_wzc/u_kalsit_core/u_mem_top/u_mem_lsu/addr_r_reg[28]

  Ref  DFF        Name(Last) r:/WORK/g03_top_IO/u_g03_soc/u_core_wzc/u_kalsit_core/u_mem_top/u_mem_lsu/addr_r_reg[29]
  Impl DFF        Name(Last) i:/WORK/g03_top_IO/u_g03_soc/u_core_wzc/u_kalsit_core/u_mem_top/u_mem_lsu/addr_r_reg[29]

  Ref  DFF        Name(Last) r:/WORK/g03_top_IO/u_g03_soc/u_core_wzc/u_kalsit_core/u_mem_top/u_mem_lsu/addr_r_reg[2]
  Impl DFF        Name(Last) i:/WORK/g03_top_IO/u_g03_soc/u_core_wzc/u_kalsit_core/u_mem_top/u_mem_lsu/addr_r_reg[2]

  Ref  DFF        Name(Last) r:/WORK/g03_top_IO/u_g03_soc/u_core_wzc/u_kalsit_core/u_mem_top/u_mem_lsu/addr_r_reg[30]
  Impl DFF        Name(Last) i:/WORK/g03_top_IO/u_g03_soc/u_core_wzc/u_kalsit_core/u_mem_top/u_mem_lsu/addr_r_reg[30]

  Ref  DFF        Name(Last) r:/WORK/g03_top_IO/u_g03_soc/u_core_wzc/u_kalsit_core/u_mem_top/u_mem_lsu/addr_r_reg[31]
  Impl DFF        Name(Last) i:/WORK/g03_top_IO/u_g03_soc/u_core_wzc/u_kalsit_core/u_mem_top/u_mem_lsu/addr_r_reg[31]

  Ref  DFF        Name(Last) r:/WORK/g03_top_IO/u_g03_soc/u_core_wzc/u_kalsit_core/u_mem_top/u_mem_lsu/addr_r_reg[3]
  Impl DFF        Name(Last) i:/WORK/g03_top_IO/u_g03_soc/u_core_wzc/u_kalsit_core/u_mem_top/u_mem_lsu/addr_r_reg[3]

  Ref  DFF        Name(Last) r:/WORK/g03_top_IO/u_g03_soc/u_core_wzc/u_kalsit_core/u_mem_top/u_mem_lsu/addr_r_reg[4]
  Impl DFF        Name(Last) i:/WORK/g03_top_IO/u_g03_soc/u_core_wzc/u_kalsit_core/u_mem_top/u_mem_lsu/addr_r_reg[4]

  Ref  DFF        Name(Last) r:/WORK/g03_top_IO/u_g03_soc/u_core_wzc/u_kalsit_core/u_mem_top/u_mem_lsu/addr_r_reg[5]
  Impl DFF        Name(Last) i:/WORK/g03_top_IO/u_g03_soc/u_core_wzc/u_kalsit_core/u_mem_top/u_mem_lsu/addr_r_reg[5]

  Ref  DFF        Name(Last) r:/WORK/g03_top_IO/u_g03_soc/u_core_wzc/u_kalsit_core/u_mem_top/u_mem_lsu/addr_r_reg[6]
  Impl DFF        Name(Last) i:/WORK/g03_top_IO/u_g03_soc/u_core_wzc/u_kalsit_core/u_mem_top/u_mem_lsu/addr_r_reg[6]

  Ref  DFF        Name(Last) r:/WORK/g03_top_IO/u_g03_soc/u_core_wzc/u_kalsit_core/u_mem_top/u_mem_lsu/addr_r_reg[7]
  Impl DFF        Name(Last) i:/WORK/g03_top_IO/u_g03_soc/u_core_wzc/u_kalsit_core/u_mem_top/u_mem_lsu/addr_r_reg[7]

  Ref  DFF        Name(Last) r:/WORK/g03_top_IO/u_g03_soc/u_core_wzc/u_kalsit_core/u_mem_top/u_mem_lsu/addr_r_reg[8]
  Impl DFF        Name(Last) i:/WORK/g03_top_IO/u_g03_soc/u_core_wzc/u_kalsit_core/u_mem_top/u_mem_lsu/addr_r_reg[8]

  Ref  DFF        Name(Last) r:/WORK/g03_top_IO/u_g03_soc/u_core_wzc/u_kalsit_core/u_mem_top/u_mem_lsu/addr_r_reg[9]
  Impl DFF        Name(Last) i:/WORK/g03_top_IO/u_g03_soc/u_core_wzc/u_kalsit_core/u_mem_top/u_mem_lsu/addr_r_reg[9]

  Ref  DFF        Name(Last) r:/WORK/g03_top_IO/u_g03_soc/u_core_wzc/u_kalsit_core/u_mem_top/u_mem_lsu/mem_ctrl_r_reg[0]
  Impl DFF        Name(Last) i:/WORK/g03_top_IO/u_g03_soc/u_core_wzc/u_kalsit_core/u_mem_top/u_mem_lsu/mem_ctrl_r_reg[0]

  Ref  DFF        Name(Last) r:/WORK/g03_top_IO/u_g03_soc/u_core_wzc/u_kalsit_core/u_mem_top/u_mem_lsu/mem_ctrl_r_reg[1]
  Impl DFF        Name(Last) i:/WORK/g03_top_IO/u_g03_soc/u_core_wzc/u_kalsit_core/u_mem_top/u_mem_lsu/mem_ctrl_r_reg[1]

  Ref  DFF        Name(Last) r:/WORK/g03_top_IO/u_g03_soc/u_core_wzc/u_kalsit_core/u_mem_top/u_mem_lsu/mem_ctrl_r_reg[2]
  Impl DFF        Name(Last) i:/WORK/g03_top_IO/u_g03_soc/u_core_wzc/u_kalsit_core/u_mem_top/u_mem_lsu/mem_ctrl_r_reg[2]

  Ref  DFF        Name(Last) r:/WORK/g03_top_IO/u_g03_soc/u_core_wzc/u_kalsit_core/u_mem_top/u_mem_lsu/mem_read_r_reg
  Impl DFF        Name(Last) i:/WORK/g03_top_IO/u_g03_soc/u_core_wzc/u_kalsit_core/u_mem_top/u_mem_lsu/mem_read_r_reg

  Ref  DFF        Name(Last) r:/WORK/g03_top_IO/u_g03_soc/u_core_wzc/u_kalsit_core/u_mem_top/u_mem_lsu/mem_write_r_reg
  Impl DFF        Name(Last) i:/WORK/g03_top_IO/u_g03_soc/u_core_wzc/u_kalsit_core/u_mem_top/u_mem_lsu/mem_write_r_reg

  Ref  DFF        Name(Last) r:/WORK/g03_top_IO/u_g03_soc/u_core_wzc/u_kalsit_core/u_mem_top/u_mem_lsu/rdata_r_reg[0]
  Impl DFF        Name(Last) i:/WORK/g03_top_IO/u_g03_soc/u_core_wzc/u_kalsit_core/u_mem_top/u_mem_lsu/rdata_r_reg[0]

  Ref  DFF        Name(Last) r:/WORK/g03_top_IO/u_g03_soc/u_core_wzc/u_kalsit_core/u_mem_top/u_mem_lsu/rdata_r_reg[10]
  Impl DFF        Name(Last) i:/WORK/g03_top_IO/u_g03_soc/u_core_wzc/u_kalsit_core/u_mem_top/u_mem_lsu/rdata_r_reg[10]

  Ref  DFF        Name(Last) r:/WORK/g03_top_IO/u_g03_soc/u_core_wzc/u_kalsit_core/u_mem_top/u_mem_lsu/rdata_r_reg[11]
  Impl DFF        Name(Last) i:/WORK/g03_top_IO/u_g03_soc/u_core_wzc/u_kalsit_core/u_mem_top/u_mem_lsu/rdata_r_reg[11]

  Ref  DFF        Name(Last) r:/WORK/g03_top_IO/u_g03_soc/u_core_wzc/u_kalsit_core/u_mem_top/u_mem_lsu/rdata_r_reg[12]
  Impl DFF        Name(Last) i:/WORK/g03_top_IO/u_g03_soc/u_core_wzc/u_kalsit_core/u_mem_top/u_mem_lsu/rdata_r_reg[12]

  Ref  DFF        Name(Last) r:/WORK/g03_top_IO/u_g03_soc/u_core_wzc/u_kalsit_core/u_mem_top/u_mem_lsu/rdata_r_reg[13]
  Impl DFF        Name(Last) i:/WORK/g03_top_IO/u_g03_soc/u_core_wzc/u_kalsit_core/u_mem_top/u_mem_lsu/rdata_r_reg[13]

  Ref  DFF        Name(Last) r:/WORK/g03_top_IO/u_g03_soc/u_core_wzc/u_kalsit_core/u_mem_top/u_mem_lsu/rdata_r_reg[14]
  Impl DFF        Name(Last) i:/WORK/g03_top_IO/u_g03_soc/u_core_wzc/u_kalsit_core/u_mem_top/u_mem_lsu/rdata_r_reg[14]

  Ref  DFF        Name(Last) r:/WORK/g03_top_IO/u_g03_soc/u_core_wzc/u_kalsit_core/u_mem_top/u_mem_lsu/rdata_r_reg[15]
  Impl DFF        Name(Last) i:/WORK/g03_top_IO/u_g03_soc/u_core_wzc/u_kalsit_core/u_mem_top/u_mem_lsu/rdata_r_reg[15]

  Ref  DFF        Name(Last) r:/WORK/g03_top_IO/u_g03_soc/u_core_wzc/u_kalsit_core/u_mem_top/u_mem_lsu/rdata_r_reg[16]
  Impl DFF        Name(Last) i:/WORK/g03_top_IO/u_g03_soc/u_core_wzc/u_kalsit_core/u_mem_top/u_mem_lsu/rdata_r_reg[16]

  Ref  DFF        Name(Last) r:/WORK/g03_top_IO/u_g03_soc/u_core_wzc/u_kalsit_core/u_mem_top/u_mem_lsu/rdata_r_reg[17]
  Impl DFF        Name(Last) i:/WORK/g03_top_IO/u_g03_soc/u_core_wzc/u_kalsit_core/u_mem_top/u_mem_lsu/rdata_r_reg[17]

  Ref  DFF        Name(Last) r:/WORK/g03_top_IO/u_g03_soc/u_core_wzc/u_kalsit_core/u_mem_top/u_mem_lsu/rdata_r_reg[18]
  Impl DFF        Name(Last) i:/WORK/g03_top_IO/u_g03_soc/u_core_wzc/u_kalsit_core/u_mem_top/u_mem_lsu/rdata_r_reg[18]

  Ref  DFF        Name(Last) r:/WORK/g03_top_IO/u_g03_soc/u_core_wzc/u_kalsit_core/u_mem_top/u_mem_lsu/rdata_r_reg[19]
  Impl DFF        Name(Last) i:/WORK/g03_top_IO/u_g03_soc/u_core_wzc/u_kalsit_core/u_mem_top/u_mem_lsu/rdata_r_reg[19]

  Ref  DFF        Name(Last) r:/WORK/g03_top_IO/u_g03_soc/u_core_wzc/u_kalsit_core/u_mem_top/u_mem_lsu/rdata_r_reg[1]
  Impl DFF        Name(Last) i:/WORK/g03_top_IO/u_g03_soc/u_core_wzc/u_kalsit_core/u_mem_top/u_mem_lsu/rdata_r_reg[1]

  Ref  DFF        Name(Last) r:/WORK/g03_top_IO/u_g03_soc/u_core_wzc/u_kalsit_core/u_mem_top/u_mem_lsu/rdata_r_reg[20]
  Impl DFF        Name(Last) i:/WORK/g03_top_IO/u_g03_soc/u_core_wzc/u_kalsit_core/u_mem_top/u_mem_lsu/rdata_r_reg[20]

  Ref  DFF        Name(Last) r:/WORK/g03_top_IO/u_g03_soc/u_core_wzc/u_kalsit_core/u_mem_top/u_mem_lsu/rdata_r_reg[21]
  Impl DFF        Name(Last) i:/WORK/g03_top_IO/u_g03_soc/u_core_wzc/u_kalsit_core/u_mem_top/u_mem_lsu/rdata_r_reg[21]

  Ref  DFF        Name(Last) r:/WORK/g03_top_IO/u_g03_soc/u_core_wzc/u_kalsit_core/u_mem_top/u_mem_lsu/rdata_r_reg[22]
  Impl DFF        Name(Last) i:/WORK/g03_top_IO/u_g03_soc/u_core_wzc/u_kalsit_core/u_mem_top/u_mem_lsu/rdata_r_reg[22]

  Ref  DFF        Name(Last) r:/WORK/g03_top_IO/u_g03_soc/u_core_wzc/u_kalsit_core/u_mem_top/u_mem_lsu/rdata_r_reg[23]
  Impl DFF        Name(Last) i:/WORK/g03_top_IO/u_g03_soc/u_core_wzc/u_kalsit_core/u_mem_top/u_mem_lsu/rdata_r_reg[23]

  Ref  DFF        Name(Last) r:/WORK/g03_top_IO/u_g03_soc/u_core_wzc/u_kalsit_core/u_mem_top/u_mem_lsu/rdata_r_reg[24]
  Impl DFF        Name(Last) i:/WORK/g03_top_IO/u_g03_soc/u_core_wzc/u_kalsit_core/u_mem_top/u_mem_lsu/rdata_r_reg[24]

  Ref  DFF        Name(Last) r:/WORK/g03_top_IO/u_g03_soc/u_core_wzc/u_kalsit_core/u_mem_top/u_mem_lsu/rdata_r_reg[25]
  Impl DFF        Name(Last) i:/WORK/g03_top_IO/u_g03_soc/u_core_wzc/u_kalsit_core/u_mem_top/u_mem_lsu/rdata_r_reg[25]

  Ref  DFF        Name(Last) r:/WORK/g03_top_IO/u_g03_soc/u_core_wzc/u_kalsit_core/u_mem_top/u_mem_lsu/rdata_r_reg[26]
  Impl DFF        Name(Last) i:/WORK/g03_top_IO/u_g03_soc/u_core_wzc/u_kalsit_core/u_mem_top/u_mem_lsu/rdata_r_reg[26]

  Ref  DFF        Name(Last) r:/WORK/g03_top_IO/u_g03_soc/u_core_wzc/u_kalsit_core/u_mem_top/u_mem_lsu/rdata_r_reg[27]
  Impl DFF        Name(Last) i:/WORK/g03_top_IO/u_g03_soc/u_core_wzc/u_kalsit_core/u_mem_top/u_mem_lsu/rdata_r_reg[27]

  Ref  DFF        Name(Last) r:/WORK/g03_top_IO/u_g03_soc/u_core_wzc/u_kalsit_core/u_mem_top/u_mem_lsu/rdata_r_reg[28]
  Impl DFF        Name(Last) i:/WORK/g03_top_IO/u_g03_soc/u_core_wzc/u_kalsit_core/u_mem_top/u_mem_lsu/rdata_r_reg[28]

  Ref  DFF        Name(Last) r:/WORK/g03_top_IO/u_g03_soc/u_core_wzc/u_kalsit_core/u_mem_top/u_mem_lsu/rdata_r_reg[29]
  Impl DFF        Name(Last) i:/WORK/g03_top_IO/u_g03_soc/u_core_wzc/u_kalsit_core/u_mem_top/u_mem_lsu/rdata_r_reg[29]

  Ref  DFF        Name(Last) r:/WORK/g03_top_IO/u_g03_soc/u_core_wzc/u_kalsit_core/u_mem_top/u_mem_lsu/rdata_r_reg[2]
  Impl DFF        Name(Last) i:/WORK/g03_top_IO/u_g03_soc/u_core_wzc/u_kalsit_core/u_mem_top/u_mem_lsu/rdata_r_reg[2]

  Ref  DFF        Name(Last) r:/WORK/g03_top_IO/u_g03_soc/u_core_wzc/u_kalsit_core/u_mem_top/u_mem_lsu/rdata_r_reg[30]
  Impl DFF        Name(Last) i:/WORK/g03_top_IO/u_g03_soc/u_core_wzc/u_kalsit_core/u_mem_top/u_mem_lsu/rdata_r_reg[30]

  Ref  DFF        Name(Last) r:/WORK/g03_top_IO/u_g03_soc/u_core_wzc/u_kalsit_core/u_mem_top/u_mem_lsu/rdata_r_reg[31]
  Impl DFF        Name(Last) i:/WORK/g03_top_IO/u_g03_soc/u_core_wzc/u_kalsit_core/u_mem_top/u_mem_lsu/rdata_r_reg[31]

  Ref  DFF        Name(Last) r:/WORK/g03_top_IO/u_g03_soc/u_core_wzc/u_kalsit_core/u_mem_top/u_mem_lsu/rdata_r_reg[3]
  Impl DFF        Name(Last) i:/WORK/g03_top_IO/u_g03_soc/u_core_wzc/u_kalsit_core/u_mem_top/u_mem_lsu/rdata_r_reg[3]

  Ref  DFF        Name(Last) r:/WORK/g03_top_IO/u_g03_soc/u_core_wzc/u_kalsit_core/u_mem_top/u_mem_lsu/rdata_r_reg[4]
  Impl DFF        Name(Last) i:/WORK/g03_top_IO/u_g03_soc/u_core_wzc/u_kalsit_core/u_mem_top/u_mem_lsu/rdata_r_reg[4]

  Ref  DFF        Name(Last) r:/WORK/g03_top_IO/u_g03_soc/u_core_wzc/u_kalsit_core/u_mem_top/u_mem_lsu/rdata_r_reg[5]
  Impl DFF        Name(Last) i:/WORK/g03_top_IO/u_g03_soc/u_core_wzc/u_kalsit_core/u_mem_top/u_mem_lsu/rdata_r_reg[5]

  Ref  DFF        Name(Last) r:/WORK/g03_top_IO/u_g03_soc/u_core_wzc/u_kalsit_core/u_mem_top/u_mem_lsu/rdata_r_reg[6]
  Impl DFF        Name(Last) i:/WORK/g03_top_IO/u_g03_soc/u_core_wzc/u_kalsit_core/u_mem_top/u_mem_lsu/rdata_r_reg[6]

  Ref  DFF        Name(Last) r:/WORK/g03_top_IO/u_g03_soc/u_core_wzc/u_kalsit_core/u_mem_top/u_mem_lsu/rdata_r_reg[7]
  Impl DFF        Name(Last) i:/WORK/g03_top_IO/u_g03_soc/u_core_wzc/u_kalsit_core/u_mem_top/u_mem_lsu/rdata_r_reg[7]

  Ref  DFF        Name(Last) r:/WORK/g03_top_IO/u_g03_soc/u_core_wzc/u_kalsit_core/u_mem_top/u_mem_lsu/rdata_r_reg[8]
  Impl DFF        Name(Last) i:/WORK/g03_top_IO/u_g03_soc/u_core_wzc/u_kalsit_core/u_mem_top/u_mem_lsu/rdata_r_reg[8]

  Ref  DFF        Name(Last) r:/WORK/g03_top_IO/u_g03_soc/u_core_wzc/u_kalsit_core/u_mem_top/u_mem_lsu/rdata_r_reg[9]
  Impl DFF        Name(Last) i:/WORK/g03_top_IO/u_g03_soc/u_core_wzc/u_kalsit_core/u_mem_top/u_mem_lsu/rdata_r_reg[9]

  Ref  DFF        Name(Last) r:/WORK/g03_top_IO/u_g03_soc/u_core_wzc/u_kalsit_core/u_mem_top/u_mem_lsu/state_reg[0]
  Impl DFF        Name(Last) i:/WORK/g03_top_IO/u_g03_soc/u_core_wzc/u_kalsit_core/u_mem_top/u_mem_lsu/state_reg[0]

  Ref  DFF        Name(Last) r:/WORK/g03_top_IO/u_g03_soc/u_core_wzc/u_kalsit_core/u_mem_top/u_mem_lsu/state_reg[1]
  Impl DFF        Name(Last) i:/WORK/g03_top_IO/u_g03_soc/u_core_wzc/u_kalsit_core/u_mem_top/u_mem_lsu/state_reg[1]

  Ref  DFF        Name(Last) r:/WORK/g03_top_IO/u_g03_soc/u_core_wzc/u_kalsit_core/u_mem_top/u_mem_lsu/wdata_r_reg[0]
  Impl DFF        Name(Last) i:/WORK/g03_top_IO/u_g03_soc/u_core_wzc/u_kalsit_core/u_mem_top/u_mem_lsu/wdata_r_reg[0]

  Ref  DFF        Name(Last) r:/WORK/g03_top_IO/u_g03_soc/u_core_wzc/u_kalsit_core/u_mem_top/u_mem_lsu/wdata_r_reg[10]
  Impl DFF        Name(Last) i:/WORK/g03_top_IO/u_g03_soc/u_core_wzc/u_kalsit_core/u_mem_top/u_mem_lsu/wdata_r_reg[10]

  Ref  DFF        Name(Last) r:/WORK/g03_top_IO/u_g03_soc/u_core_wzc/u_kalsit_core/u_mem_top/u_mem_lsu/wdata_r_reg[11]
  Impl DFF        Name(Last) i:/WORK/g03_top_IO/u_g03_soc/u_core_wzc/u_kalsit_core/u_mem_top/u_mem_lsu/wdata_r_reg[11]

  Ref  DFF        Name(Last) r:/WORK/g03_top_IO/u_g03_soc/u_core_wzc/u_kalsit_core/u_mem_top/u_mem_lsu/wdata_r_reg[12]
  Impl DFF        Name(Last) i:/WORK/g03_top_IO/u_g03_soc/u_core_wzc/u_kalsit_core/u_mem_top/u_mem_lsu/wdata_r_reg[12]

  Ref  DFF        Name(Last) r:/WORK/g03_top_IO/u_g03_soc/u_core_wzc/u_kalsit_core/u_mem_top/u_mem_lsu/wdata_r_reg[13]
  Impl DFF        Name(Last) i:/WORK/g03_top_IO/u_g03_soc/u_core_wzc/u_kalsit_core/u_mem_top/u_mem_lsu/wdata_r_reg[13]

  Ref  DFF        Name(Last) r:/WORK/g03_top_IO/u_g03_soc/u_core_wzc/u_kalsit_core/u_mem_top/u_mem_lsu/wdata_r_reg[14]
  Impl DFF        Name(Last) i:/WORK/g03_top_IO/u_g03_soc/u_core_wzc/u_kalsit_core/u_mem_top/u_mem_lsu/wdata_r_reg[14]

  Ref  DFF        Name(Last) r:/WORK/g03_top_IO/u_g03_soc/u_core_wzc/u_kalsit_core/u_mem_top/u_mem_lsu/wdata_r_reg[15]
  Impl DFF        Name(Last) i:/WORK/g03_top_IO/u_g03_soc/u_core_wzc/u_kalsit_core/u_mem_top/u_mem_lsu/wdata_r_reg[15]

  Ref  DFF        Name(Last) r:/WORK/g03_top_IO/u_g03_soc/u_core_wzc/u_kalsit_core/u_mem_top/u_mem_lsu/wdata_r_reg[16]
  Impl DFF        Name(Last) i:/WORK/g03_top_IO/u_g03_soc/u_core_wzc/u_kalsit_core/u_mem_top/u_mem_lsu/wdata_r_reg[16]

  Ref  DFF        Name(Last) r:/WORK/g03_top_IO/u_g03_soc/u_core_wzc/u_kalsit_core/u_mem_top/u_mem_lsu/wdata_r_reg[17]
  Impl DFF        Name(Last) i:/WORK/g03_top_IO/u_g03_soc/u_core_wzc/u_kalsit_core/u_mem_top/u_mem_lsu/wdata_r_reg[17]

  Ref  DFF        Name(Last) r:/WORK/g03_top_IO/u_g03_soc/u_core_wzc/u_kalsit_core/u_mem_top/u_mem_lsu/wdata_r_reg[18]
  Impl DFF        Name(Last) i:/WORK/g03_top_IO/u_g03_soc/u_core_wzc/u_kalsit_core/u_mem_top/u_mem_lsu/wdata_r_reg[18]

  Ref  DFF        Name(Last) r:/WORK/g03_top_IO/u_g03_soc/u_core_wzc/u_kalsit_core/u_mem_top/u_mem_lsu/wdata_r_reg[19]
  Impl DFF        Name(Last) i:/WORK/g03_top_IO/u_g03_soc/u_core_wzc/u_kalsit_core/u_mem_top/u_mem_lsu/wdata_r_reg[19]

  Ref  DFF        Name(Last) r:/WORK/g03_top_IO/u_g03_soc/u_core_wzc/u_kalsit_core/u_mem_top/u_mem_lsu/wdata_r_reg[1]
  Impl DFF        Name(Last) i:/WORK/g03_top_IO/u_g03_soc/u_core_wzc/u_kalsit_core/u_mem_top/u_mem_lsu/wdata_r_reg[1]

  Ref  DFF        Name(Last) r:/WORK/g03_top_IO/u_g03_soc/u_core_wzc/u_kalsit_core/u_mem_top/u_mem_lsu/wdata_r_reg[20]
  Impl DFF        Name(Last) i:/WORK/g03_top_IO/u_g03_soc/u_core_wzc/u_kalsit_core/u_mem_top/u_mem_lsu/wdata_r_reg[20]

  Ref  DFF        Name(Last) r:/WORK/g03_top_IO/u_g03_soc/u_core_wzc/u_kalsit_core/u_mem_top/u_mem_lsu/wdata_r_reg[21]
  Impl DFF        Name(Last) i:/WORK/g03_top_IO/u_g03_soc/u_core_wzc/u_kalsit_core/u_mem_top/u_mem_lsu/wdata_r_reg[21]

  Ref  DFF        Name(Last) r:/WORK/g03_top_IO/u_g03_soc/u_core_wzc/u_kalsit_core/u_mem_top/u_mem_lsu/wdata_r_reg[22]
  Impl DFF        Name(Last) i:/WORK/g03_top_IO/u_g03_soc/u_core_wzc/u_kalsit_core/u_mem_top/u_mem_lsu/wdata_r_reg[22]

  Ref  DFF        Name(Last) r:/WORK/g03_top_IO/u_g03_soc/u_core_wzc/u_kalsit_core/u_mem_top/u_mem_lsu/wdata_r_reg[23]
  Impl DFF        Name(Last) i:/WORK/g03_top_IO/u_g03_soc/u_core_wzc/u_kalsit_core/u_mem_top/u_mem_lsu/wdata_r_reg[23]

  Ref  DFF        Name(Last) r:/WORK/g03_top_IO/u_g03_soc/u_core_wzc/u_kalsit_core/u_mem_top/u_mem_lsu/wdata_r_reg[24]
  Impl DFF        Name(Last) i:/WORK/g03_top_IO/u_g03_soc/u_core_wzc/u_kalsit_core/u_mem_top/u_mem_lsu/wdata_r_reg[24]

  Ref  DFF        Name(Last) r:/WORK/g03_top_IO/u_g03_soc/u_core_wzc/u_kalsit_core/u_mem_top/u_mem_lsu/wdata_r_reg[25]
  Impl DFF        Name(Last) i:/WORK/g03_top_IO/u_g03_soc/u_core_wzc/u_kalsit_core/u_mem_top/u_mem_lsu/wdata_r_reg[25]

  Ref  DFF        Name(Last) r:/WORK/g03_top_IO/u_g03_soc/u_core_wzc/u_kalsit_core/u_mem_top/u_mem_lsu/wdata_r_reg[26]
  Impl DFF        Name(Last) i:/WORK/g03_top_IO/u_g03_soc/u_core_wzc/u_kalsit_core/u_mem_top/u_mem_lsu/wdata_r_reg[26]

  Ref  DFF        Name(Last) r:/WORK/g03_top_IO/u_g03_soc/u_core_wzc/u_kalsit_core/u_mem_top/u_mem_lsu/wdata_r_reg[27]
  Impl DFF        Name(Last) i:/WORK/g03_top_IO/u_g03_soc/u_core_wzc/u_kalsit_core/u_mem_top/u_mem_lsu/wdata_r_reg[27]

  Ref  DFF        Name(Last) r:/WORK/g03_top_IO/u_g03_soc/u_core_wzc/u_kalsit_core/u_mem_top/u_mem_lsu/wdata_r_reg[28]
  Impl DFF        Name(Last) i:/WORK/g03_top_IO/u_g03_soc/u_core_wzc/u_kalsit_core/u_mem_top/u_mem_lsu/wdata_r_reg[28]

  Ref  DFF        Name(Last) r:/WORK/g03_top_IO/u_g03_soc/u_core_wzc/u_kalsit_core/u_mem_top/u_mem_lsu/wdata_r_reg[29]
  Impl DFF        Name(Last) i:/WORK/g03_top_IO/u_g03_soc/u_core_wzc/u_kalsit_core/u_mem_top/u_mem_lsu/wdata_r_reg[29]

  Ref  DFF        Name(Last) r:/WORK/g03_top_IO/u_g03_soc/u_core_wzc/u_kalsit_core/u_mem_top/u_mem_lsu/wdata_r_reg[2]
  Impl DFF        Name(Last) i:/WORK/g03_top_IO/u_g03_soc/u_core_wzc/u_kalsit_core/u_mem_top/u_mem_lsu/wdata_r_reg[2]

  Ref  DFF        Name(Last) r:/WORK/g03_top_IO/u_g03_soc/u_core_wzc/u_kalsit_core/u_mem_top/u_mem_lsu/wdata_r_reg[30]
  Impl DFF        Name(Last) i:/WORK/g03_top_IO/u_g03_soc/u_core_wzc/u_kalsit_core/u_mem_top/u_mem_lsu/wdata_r_reg[30]

  Ref  DFF        Name(Last) r:/WORK/g03_top_IO/u_g03_soc/u_core_wzc/u_kalsit_core/u_mem_top/u_mem_lsu/wdata_r_reg[31]
  Impl DFF        Name(Last) i:/WORK/g03_top_IO/u_g03_soc/u_core_wzc/u_kalsit_core/u_mem_top/u_mem_lsu/wdata_r_reg[31]

  Ref  DFF        Name(Last) r:/WORK/g03_top_IO/u_g03_soc/u_core_wzc/u_kalsit_core/u_mem_top/u_mem_lsu/wdata_r_reg[3]
  Impl DFF        Name(Last) i:/WORK/g03_top_IO/u_g03_soc/u_core_wzc/u_kalsit_core/u_mem_top/u_mem_lsu/wdata_r_reg[3]

  Ref  DFF        Name(Last) r:/WORK/g03_top_IO/u_g03_soc/u_core_wzc/u_kalsit_core/u_mem_top/u_mem_lsu/wdata_r_reg[4]
  Impl DFF        Name(Last) i:/WORK/g03_top_IO/u_g03_soc/u_core_wzc/u_kalsit_core/u_mem_top/u_mem_lsu/wdata_r_reg[4]

  Ref  DFF        Name(Last) r:/WORK/g03_top_IO/u_g03_soc/u_core_wzc/u_kalsit_core/u_mem_top/u_mem_lsu/wdata_r_reg[5]
  Impl DFF        Name(Last) i:/WORK/g03_top_IO/u_g03_soc/u_core_wzc/u_kalsit_core/u_mem_top/u_mem_lsu/wdata_r_reg[5]

  Ref  DFF        Name(Last) r:/WORK/g03_top_IO/u_g03_soc/u_core_wzc/u_kalsit_core/u_mem_top/u_mem_lsu/wdata_r_reg[6]
  Impl DFF        Name(Last) i:/WORK/g03_top_IO/u_g03_soc/u_core_wzc/u_kalsit_core/u_mem_top/u_mem_lsu/wdata_r_reg[6]

  Ref  DFF        Name(Last) r:/WORK/g03_top_IO/u_g03_soc/u_core_wzc/u_kalsit_core/u_mem_top/u_mem_lsu/wdata_r_reg[7]
  Impl DFF        Name(Last) i:/WORK/g03_top_IO/u_g03_soc/u_core_wzc/u_kalsit_core/u_mem_top/u_mem_lsu/wdata_r_reg[7]

  Ref  DFF        Name(Last) r:/WORK/g03_top_IO/u_g03_soc/u_core_wzc/u_kalsit_core/u_mem_top/u_mem_lsu/wdata_r_reg[8]
  Impl DFF        Name(Last) i:/WORK/g03_top_IO/u_g03_soc/u_core_wzc/u_kalsit_core/u_mem_top/u_mem_lsu/wdata_r_reg[8]

  Ref  DFF        Name(Last) r:/WORK/g03_top_IO/u_g03_soc/u_core_wzc/u_kalsit_core/u_mem_top/u_mem_lsu/wdata_r_reg[9]
  Impl DFF        Name(Last) i:/WORK/g03_top_IO/u_g03_soc/u_core_wzc/u_kalsit_core/u_mem_top/u_mem_lsu/wdata_r_reg[9]

  Ref  DFF        Name(Last) r:/WORK/g03_top_IO/u_g03_soc/u_core_wzc/u_kalsit_core/u_mem_top/u_mem_rtu/reg_wdata_r_reg[0]
  Impl DFF        Name(Last) i:/WORK/g03_top_IO/u_g03_soc/u_core_wzc/u_kalsit_core/u_mem_top/u_mem_rtu/reg_wdata_r_reg[0]

  Ref  DFF        Name(Last) r:/WORK/g03_top_IO/u_g03_soc/u_core_wzc/u_kalsit_core/u_mem_top/u_mem_rtu/reg_wdata_r_reg[10]
  Impl DFF        Name(Last) i:/WORK/g03_top_IO/u_g03_soc/u_core_wzc/u_kalsit_core/u_mem_top/u_mem_rtu/reg_wdata_r_reg[10]

  Ref  DFF        Name(Last) r:/WORK/g03_top_IO/u_g03_soc/u_core_wzc/u_kalsit_core/u_mem_top/u_mem_rtu/reg_wdata_r_reg[11]
  Impl DFF        Name(Last) i:/WORK/g03_top_IO/u_g03_soc/u_core_wzc/u_kalsit_core/u_mem_top/u_mem_rtu/reg_wdata_r_reg[11]

  Ref  DFF        Name(Last) r:/WORK/g03_top_IO/u_g03_soc/u_core_wzc/u_kalsit_core/u_mem_top/u_mem_rtu/reg_wdata_r_reg[12]
  Impl DFF        Name(Last) i:/WORK/g03_top_IO/u_g03_soc/u_core_wzc/u_kalsit_core/u_mem_top/u_mem_rtu/reg_wdata_r_reg[12]

  Ref  DFF        Name(Last) r:/WORK/g03_top_IO/u_g03_soc/u_core_wzc/u_kalsit_core/u_mem_top/u_mem_rtu/reg_wdata_r_reg[13]
  Impl DFF        Name(Last) i:/WORK/g03_top_IO/u_g03_soc/u_core_wzc/u_kalsit_core/u_mem_top/u_mem_rtu/reg_wdata_r_reg[13]

  Ref  DFF        Name(Last) r:/WORK/g03_top_IO/u_g03_soc/u_core_wzc/u_kalsit_core/u_mem_top/u_mem_rtu/reg_wdata_r_reg[14]
  Impl DFF        Name(Last) i:/WORK/g03_top_IO/u_g03_soc/u_core_wzc/u_kalsit_core/u_mem_top/u_mem_rtu/reg_wdata_r_reg[14]

  Ref  DFF        Name(Last) r:/WORK/g03_top_IO/u_g03_soc/u_core_wzc/u_kalsit_core/u_mem_top/u_mem_rtu/reg_wdata_r_reg[15]
  Impl DFF        Name(Last) i:/WORK/g03_top_IO/u_g03_soc/u_core_wzc/u_kalsit_core/u_mem_top/u_mem_rtu/reg_wdata_r_reg[15]

  Ref  DFF        Name(Last) r:/WORK/g03_top_IO/u_g03_soc/u_core_wzc/u_kalsit_core/u_mem_top/u_mem_rtu/reg_wdata_r_reg[16]
  Impl DFF        Name(Last) i:/WORK/g03_top_IO/u_g03_soc/u_core_wzc/u_kalsit_core/u_mem_top/u_mem_rtu/reg_wdata_r_reg[16]

  Ref  DFF        Name(Last) r:/WORK/g03_top_IO/u_g03_soc/u_core_wzc/u_kalsit_core/u_mem_top/u_mem_rtu/reg_wdata_r_reg[17]
  Impl DFF        Name(Last) i:/WORK/g03_top_IO/u_g03_soc/u_core_wzc/u_kalsit_core/u_mem_top/u_mem_rtu/reg_wdata_r_reg[17]

  Ref  DFF        Name(Last) r:/WORK/g03_top_IO/u_g03_soc/u_core_wzc/u_kalsit_core/u_mem_top/u_mem_rtu/reg_wdata_r_reg[18]
  Impl DFF        Name(Last) i:/WORK/g03_top_IO/u_g03_soc/u_core_wzc/u_kalsit_core/u_mem_top/u_mem_rtu/reg_wdata_r_reg[18]

  Ref  DFF        Name(Last) r:/WORK/g03_top_IO/u_g03_soc/u_core_wzc/u_kalsit_core/u_mem_top/u_mem_rtu/reg_wdata_r_reg[19]
  Impl DFF        Name(Last) i:/WORK/g03_top_IO/u_g03_soc/u_core_wzc/u_kalsit_core/u_mem_top/u_mem_rtu/reg_wdata_r_reg[19]

  Ref  DFF        Name(Last) r:/WORK/g03_top_IO/u_g03_soc/u_core_wzc/u_kalsit_core/u_mem_top/u_mem_rtu/reg_wdata_r_reg[1]
  Impl DFF        Name(Last) i:/WORK/g03_top_IO/u_g03_soc/u_core_wzc/u_kalsit_core/u_mem_top/u_mem_rtu/reg_wdata_r_reg[1]

  Ref  DFF        Name(Last) r:/WORK/g03_top_IO/u_g03_soc/u_core_wzc/u_kalsit_core/u_mem_top/u_mem_rtu/reg_wdata_r_reg[20]
  Impl DFF        Name(Last) i:/WORK/g03_top_IO/u_g03_soc/u_core_wzc/u_kalsit_core/u_mem_top/u_mem_rtu/reg_wdata_r_reg[20]

  Ref  DFF        Name(Last) r:/WORK/g03_top_IO/u_g03_soc/u_core_wzc/u_kalsit_core/u_mem_top/u_mem_rtu/reg_wdata_r_reg[21]
  Impl DFF        Name(Last) i:/WORK/g03_top_IO/u_g03_soc/u_core_wzc/u_kalsit_core/u_mem_top/u_mem_rtu/reg_wdata_r_reg[21]

  Ref  DFF        Name(Last) r:/WORK/g03_top_IO/u_g03_soc/u_core_wzc/u_kalsit_core/u_mem_top/u_mem_rtu/reg_wdata_r_reg[22]
  Impl DFF        Name(Last) i:/WORK/g03_top_IO/u_g03_soc/u_core_wzc/u_kalsit_core/u_mem_top/u_mem_rtu/reg_wdata_r_reg[22]

  Ref  DFF        Name(Last) r:/WORK/g03_top_IO/u_g03_soc/u_core_wzc/u_kalsit_core/u_mem_top/u_mem_rtu/reg_wdata_r_reg[23]
  Impl DFF        Name(Last) i:/WORK/g03_top_IO/u_g03_soc/u_core_wzc/u_kalsit_core/u_mem_top/u_mem_rtu/reg_wdata_r_reg[23]

  Ref  DFF        Name(Last) r:/WORK/g03_top_IO/u_g03_soc/u_core_wzc/u_kalsit_core/u_mem_top/u_mem_rtu/reg_wdata_r_reg[24]
  Impl DFF        Name(Last) i:/WORK/g03_top_IO/u_g03_soc/u_core_wzc/u_kalsit_core/u_mem_top/u_mem_rtu/reg_wdata_r_reg[24]

  Ref  DFF        Name(Last) r:/WORK/g03_top_IO/u_g03_soc/u_core_wzc/u_kalsit_core/u_mem_top/u_mem_rtu/reg_wdata_r_reg[25]
  Impl DFF        Name(Last) i:/WORK/g03_top_IO/u_g03_soc/u_core_wzc/u_kalsit_core/u_mem_top/u_mem_rtu/reg_wdata_r_reg[25]

  Ref  DFF        Name(Last) r:/WORK/g03_top_IO/u_g03_soc/u_core_wzc/u_kalsit_core/u_mem_top/u_mem_rtu/reg_wdata_r_reg[26]
  Impl DFF        Name(Last) i:/WORK/g03_top_IO/u_g03_soc/u_core_wzc/u_kalsit_core/u_mem_top/u_mem_rtu/reg_wdata_r_reg[26]

  Ref  DFF        Name(Last) r:/WORK/g03_top_IO/u_g03_soc/u_core_wzc/u_kalsit_core/u_mem_top/u_mem_rtu/reg_wdata_r_reg[27]
  Impl DFF        Name(Last) i:/WORK/g03_top_IO/u_g03_soc/u_core_wzc/u_kalsit_core/u_mem_top/u_mem_rtu/reg_wdata_r_reg[27]

  Ref  DFF        Name(Last) r:/WORK/g03_top_IO/u_g03_soc/u_core_wzc/u_kalsit_core/u_mem_top/u_mem_rtu/reg_wdata_r_reg[28]
  Impl DFF        Name(Last) i:/WORK/g03_top_IO/u_g03_soc/u_core_wzc/u_kalsit_core/u_mem_top/u_mem_rtu/reg_wdata_r_reg[28]

  Ref  DFF        Name(Last) r:/WORK/g03_top_IO/u_g03_soc/u_core_wzc/u_kalsit_core/u_mem_top/u_mem_rtu/reg_wdata_r_reg[29]
  Impl DFF        Name(Last) i:/WORK/g03_top_IO/u_g03_soc/u_core_wzc/u_kalsit_core/u_mem_top/u_mem_rtu/reg_wdata_r_reg[29]

  Ref  DFF        Name(Last) r:/WORK/g03_top_IO/u_g03_soc/u_core_wzc/u_kalsit_core/u_mem_top/u_mem_rtu/reg_wdata_r_reg[2]
  Impl DFF        Name(Last) i:/WORK/g03_top_IO/u_g03_soc/u_core_wzc/u_kalsit_core/u_mem_top/u_mem_rtu/reg_wdata_r_reg[2]

  Ref  DFF        Name(Last) r:/WORK/g03_top_IO/u_g03_soc/u_core_wzc/u_kalsit_core/u_mem_top/u_mem_rtu/reg_wdata_r_reg[30]
  Impl DFF        Name(Last) i:/WORK/g03_top_IO/u_g03_soc/u_core_wzc/u_kalsit_core/u_mem_top/u_mem_rtu/reg_wdata_r_reg[30]

  Ref  DFF        Name(Last) r:/WORK/g03_top_IO/u_g03_soc/u_core_wzc/u_kalsit_core/u_mem_top/u_mem_rtu/reg_wdata_r_reg[31]
  Impl DFF        Name(Last) i:/WORK/g03_top_IO/u_g03_soc/u_core_wzc/u_kalsit_core/u_mem_top/u_mem_rtu/reg_wdata_r_reg[31]

  Ref  DFF        Name(Last) r:/WORK/g03_top_IO/u_g03_soc/u_core_wzc/u_kalsit_core/u_mem_top/u_mem_rtu/reg_wdata_r_reg[3]
  Impl DFF        Name(Last) i:/WORK/g03_top_IO/u_g03_soc/u_core_wzc/u_kalsit_core/u_mem_top/u_mem_rtu/reg_wdata_r_reg[3]

  Ref  DFF        Name(Last) r:/WORK/g03_top_IO/u_g03_soc/u_core_wzc/u_kalsit_core/u_mem_top/u_mem_rtu/reg_wdata_r_reg[4]
  Impl DFF        Name(Last) i:/WORK/g03_top_IO/u_g03_soc/u_core_wzc/u_kalsit_core/u_mem_top/u_mem_rtu/reg_wdata_r_reg[4]

  Ref  DFF        Name(Last) r:/WORK/g03_top_IO/u_g03_soc/u_core_wzc/u_kalsit_core/u_mem_top/u_mem_rtu/reg_wdata_r_reg[5]
  Impl DFF        Name(Last) i:/WORK/g03_top_IO/u_g03_soc/u_core_wzc/u_kalsit_core/u_mem_top/u_mem_rtu/reg_wdata_r_reg[5]

  Ref  DFF        Name(Last) r:/WORK/g03_top_IO/u_g03_soc/u_core_wzc/u_kalsit_core/u_mem_top/u_mem_rtu/reg_wdata_r_reg[6]
  Impl DFF        Name(Last) i:/WORK/g03_top_IO/u_g03_soc/u_core_wzc/u_kalsit_core/u_mem_top/u_mem_rtu/reg_wdata_r_reg[6]

  Ref  DFF        Name(Last) r:/WORK/g03_top_IO/u_g03_soc/u_core_wzc/u_kalsit_core/u_mem_top/u_mem_rtu/reg_wdata_r_reg[7]
  Impl DFF        Name(Last) i:/WORK/g03_top_IO/u_g03_soc/u_core_wzc/u_kalsit_core/u_mem_top/u_mem_rtu/reg_wdata_r_reg[7]

  Ref  DFF        Name(Last) r:/WORK/g03_top_IO/u_g03_soc/u_core_wzc/u_kalsit_core/u_mem_top/u_mem_rtu/reg_wdata_r_reg[8]
  Impl DFF        Name(Last) i:/WORK/g03_top_IO/u_g03_soc/u_core_wzc/u_kalsit_core/u_mem_top/u_mem_rtu/reg_wdata_r_reg[8]

  Ref  DFF        Name(Last) r:/WORK/g03_top_IO/u_g03_soc/u_core_wzc/u_kalsit_core/u_mem_top/u_mem_rtu/reg_wdata_r_reg[9]
  Impl DFF        Name(Last) i:/WORK/g03_top_IO/u_g03_soc/u_core_wzc/u_kalsit_core/u_mem_top/u_mem_rtu/reg_wdata_r_reg[9]

  Ref  DFF        Name(Last) r:/WORK/g03_top_IO/u_g03_soc/u_core_wzc/u_kalsit_core/u_mem_top/u_mem_rtu/state_reg[0]
  Impl DFF        Name(Last) i:/WORK/g03_top_IO/u_g03_soc/u_core_wzc/u_kalsit_core/u_mem_top/u_mem_rtu/state_reg[0]

  Ref  DFF        Name(Last) r:/WORK/g03_top_IO/u_g03_soc/u_core_wzc/u_kalsit_core/u_mem_top/u_mem_rtu/state_reg[1]
  Impl DFF        Name(Last) i:/WORK/g03_top_IO/u_g03_soc/u_core_wzc/u_kalsit_core/u_mem_top/u_mem_rtu/state_reg[1]

  Ref  DFF        Name(Last) r:/WORK/g03_top_IO/u_g03_soc/u_core_wzc/u_kalsit_core/u_mem_top/u_mem_rtu/state_reg[2]
  Impl DFF        Name(Last) i:/WORK/g03_top_IO/u_g03_soc/u_core_wzc/u_kalsit_core/u_mem_top/u_mem_rtu/state_reg[2]

  Ref  DFF        Name(Last) r:/WORK/g03_top_IO/u_g03_soc/u_core_wzc/u_kalsit_core/u_mem_top/u_mem_rtu/wait_rsp_reg
  Impl DFF        Name(Last) i:/WORK/g03_top_IO/u_g03_soc/u_core_wzc/u_kalsit_core/u_mem_top/u_mem_rtu/wait_rsp_reg

  Ref  DFF        Name(Last) r:/WORK/g03_top_IO/u_g03_soc/u_core_wzc/u_kalsit_core/u_mem_top/u_mem_sidu/char_idx_reg[0]
  Impl DFF        Name(Last) i:/WORK/g03_top_IO/u_g03_soc/u_core_wzc/u_kalsit_core/u_mem_top/u_mem_sidu/char_idx_reg[0]

  Ref  DFF        Name(Last) r:/WORK/g03_top_IO/u_g03_soc/u_core_wzc/u_kalsit_core/u_mem_top/u_mem_sidu/char_idx_reg[1]
  Impl DFF        Name(Last) i:/WORK/g03_top_IO/u_g03_soc/u_core_wzc/u_kalsit_core/u_mem_top/u_mem_sidu/char_idx_reg[1]

  Ref  DFF        Name(Last) r:/WORK/g03_top_IO/u_g03_soc/u_core_wzc/u_kalsit_core/u_mem_top/u_mem_sidu/char_idx_reg[2]
  Impl DFF        Name(Last) i:/WORK/g03_top_IO/u_g03_soc/u_core_wzc/u_kalsit_core/u_mem_top/u_mem_sidu/char_idx_reg[2]

  Ref  DFF        Name(Last) r:/WORK/g03_top_IO/u_g03_soc/u_core_wzc/u_kalsit_core/u_mem_top/u_mem_sidu/char_idx_reg[3]
  Impl DFF        Name(Last) i:/WORK/g03_top_IO/u_g03_soc/u_core_wzc/u_kalsit_core/u_mem_top/u_mem_sidu/char_idx_reg[3]

  Ref  DFF        Name(Last) r:/WORK/g03_top_IO/u_g03_soc/u_core_wzc/u_kalsit_core/u_mem_top/u_mem_sidu/state_reg[0]
  Impl DFF        Name(Last) i:/WORK/g03_top_IO/u_g03_soc/u_core_wzc/u_kalsit_core/u_mem_top/u_mem_sidu/state_reg[0]

  Ref  DFF        Name(Last) r:/WORK/g03_top_IO/u_g03_soc/u_core_wzc/u_kalsit_core/u_mem_top/u_mem_sidu/state_reg[1]
  Impl DFF        Name(Last) i:/WORK/g03_top_IO/u_g03_soc/u_core_wzc/u_kalsit_core/u_mem_top/u_mem_sidu/state_reg[1]

  Ref  DFF        Name(Last) r:/WORK/g03_top_IO/u_g03_soc/u_core_wzc/u_kalsit_core/u_mem_top/u_mem_sidu/state_reg[2]
  Impl DFF        Name(Last) i:/WORK/g03_top_IO/u_g03_soc/u_core_wzc/u_kalsit_core/u_mem_top/u_mem_sidu/state_reg[2]

  Ref  DFF        Name(Last) r:/WORK/g03_top_IO/u_g03_soc/u_core_wzc/u_kalsit_core/u_mem_wb/mem_rdata_o_reg[0]
  Impl DFF        Name(Last) i:/WORK/g03_top_IO/u_g03_soc/u_core_wzc/u_kalsit_core/u_mem_wb/mem_rdata_o_reg[0]

  Ref  DFF        Name(Last) r:/WORK/g03_top_IO/u_g03_soc/u_core_wzc/u_kalsit_core/u_mem_wb/mem_rdata_o_reg[10]
  Impl DFF        Name(Last) i:/WORK/g03_top_IO/u_g03_soc/u_core_wzc/u_kalsit_core/u_mem_wb/mem_rdata_o_reg[10]

  Ref  DFF        Name(Last) r:/WORK/g03_top_IO/u_g03_soc/u_core_wzc/u_kalsit_core/u_mem_wb/mem_rdata_o_reg[11]
  Impl DFF        Name(Last) i:/WORK/g03_top_IO/u_g03_soc/u_core_wzc/u_kalsit_core/u_mem_wb/mem_rdata_o_reg[11]

  Ref  DFF        Name(Last) r:/WORK/g03_top_IO/u_g03_soc/u_core_wzc/u_kalsit_core/u_mem_wb/mem_rdata_o_reg[12]
  Impl DFF        Name(Last) i:/WORK/g03_top_IO/u_g03_soc/u_core_wzc/u_kalsit_core/u_mem_wb/mem_rdata_o_reg[12]

  Ref  DFF        Name(Last) r:/WORK/g03_top_IO/u_g03_soc/u_core_wzc/u_kalsit_core/u_mem_wb/mem_rdata_o_reg[13]
  Impl DFF        Name(Last) i:/WORK/g03_top_IO/u_g03_soc/u_core_wzc/u_kalsit_core/u_mem_wb/mem_rdata_o_reg[13]

  Ref  DFF        Name(Last) r:/WORK/g03_top_IO/u_g03_soc/u_core_wzc/u_kalsit_core/u_mem_wb/mem_rdata_o_reg[14]
  Impl DFF        Name(Last) i:/WORK/g03_top_IO/u_g03_soc/u_core_wzc/u_kalsit_core/u_mem_wb/mem_rdata_o_reg[14]

  Ref  DFF        Name(Last) r:/WORK/g03_top_IO/u_g03_soc/u_core_wzc/u_kalsit_core/u_mem_wb/mem_rdata_o_reg[15]
  Impl DFF        Name(Last) i:/WORK/g03_top_IO/u_g03_soc/u_core_wzc/u_kalsit_core/u_mem_wb/mem_rdata_o_reg[15]

  Ref  DFF        Name(Last) r:/WORK/g03_top_IO/u_g03_soc/u_core_wzc/u_kalsit_core/u_mem_wb/mem_rdata_o_reg[16]
  Impl DFF        Name(Last) i:/WORK/g03_top_IO/u_g03_soc/u_core_wzc/u_kalsit_core/u_mem_wb/mem_rdata_o_reg[16]

  Ref  DFF        Name(Last) r:/WORK/g03_top_IO/u_g03_soc/u_core_wzc/u_kalsit_core/u_mem_wb/mem_rdata_o_reg[17]
  Impl DFF        Name(Last) i:/WORK/g03_top_IO/u_g03_soc/u_core_wzc/u_kalsit_core/u_mem_wb/mem_rdata_o_reg[17]

  Ref  DFF        Name(Last) r:/WORK/g03_top_IO/u_g03_soc/u_core_wzc/u_kalsit_core/u_mem_wb/mem_rdata_o_reg[18]
  Impl DFF        Name(Last) i:/WORK/g03_top_IO/u_g03_soc/u_core_wzc/u_kalsit_core/u_mem_wb/mem_rdata_o_reg[18]

  Ref  DFF        Name(Last) r:/WORK/g03_top_IO/u_g03_soc/u_core_wzc/u_kalsit_core/u_mem_wb/mem_rdata_o_reg[19]
  Impl DFF        Name(Last) i:/WORK/g03_top_IO/u_g03_soc/u_core_wzc/u_kalsit_core/u_mem_wb/mem_rdata_o_reg[19]

  Ref  DFF        Name(Last) r:/WORK/g03_top_IO/u_g03_soc/u_core_wzc/u_kalsit_core/u_mem_wb/mem_rdata_o_reg[1]
  Impl DFF        Name(Last) i:/WORK/g03_top_IO/u_g03_soc/u_core_wzc/u_kalsit_core/u_mem_wb/mem_rdata_o_reg[1]

  Ref  DFF        Name(Last) r:/WORK/g03_top_IO/u_g03_soc/u_core_wzc/u_kalsit_core/u_mem_wb/mem_rdata_o_reg[20]
  Impl DFF        Name(Last) i:/WORK/g03_top_IO/u_g03_soc/u_core_wzc/u_kalsit_core/u_mem_wb/mem_rdata_o_reg[20]

  Ref  DFF        Name(Last) r:/WORK/g03_top_IO/u_g03_soc/u_core_wzc/u_kalsit_core/u_mem_wb/mem_rdata_o_reg[21]
  Impl DFF        Name(Last) i:/WORK/g03_top_IO/u_g03_soc/u_core_wzc/u_kalsit_core/u_mem_wb/mem_rdata_o_reg[21]

  Ref  DFF        Name(Last) r:/WORK/g03_top_IO/u_g03_soc/u_core_wzc/u_kalsit_core/u_mem_wb/mem_rdata_o_reg[22]
  Impl DFF        Name(Last) i:/WORK/g03_top_IO/u_g03_soc/u_core_wzc/u_kalsit_core/u_mem_wb/mem_rdata_o_reg[22]

  Ref  DFF        Name(Last) r:/WORK/g03_top_IO/u_g03_soc/u_core_wzc/u_kalsit_core/u_mem_wb/mem_rdata_o_reg[23]
  Impl DFF        Name(Last) i:/WORK/g03_top_IO/u_g03_soc/u_core_wzc/u_kalsit_core/u_mem_wb/mem_rdata_o_reg[23]

  Ref  DFF        Name(Last) r:/WORK/g03_top_IO/u_g03_soc/u_core_wzc/u_kalsit_core/u_mem_wb/mem_rdata_o_reg[24]
  Impl DFF        Name(Last) i:/WORK/g03_top_IO/u_g03_soc/u_core_wzc/u_kalsit_core/u_mem_wb/mem_rdata_o_reg[24]

  Ref  DFF        Name(Last) r:/WORK/g03_top_IO/u_g03_soc/u_core_wzc/u_kalsit_core/u_mem_wb/mem_rdata_o_reg[25]
  Impl DFF        Name(Last) i:/WORK/g03_top_IO/u_g03_soc/u_core_wzc/u_kalsit_core/u_mem_wb/mem_rdata_o_reg[25]

  Ref  DFF        Name(Last) r:/WORK/g03_top_IO/u_g03_soc/u_core_wzc/u_kalsit_core/u_mem_wb/mem_rdata_o_reg[26]
  Impl DFF        Name(Last) i:/WORK/g03_top_IO/u_g03_soc/u_core_wzc/u_kalsit_core/u_mem_wb/mem_rdata_o_reg[26]

  Ref  DFF        Name(Last) r:/WORK/g03_top_IO/u_g03_soc/u_core_wzc/u_kalsit_core/u_mem_wb/mem_rdata_o_reg[27]
  Impl DFF        Name(Last) i:/WORK/g03_top_IO/u_g03_soc/u_core_wzc/u_kalsit_core/u_mem_wb/mem_rdata_o_reg[27]

  Ref  DFF        Name(Last) r:/WORK/g03_top_IO/u_g03_soc/u_core_wzc/u_kalsit_core/u_mem_wb/mem_rdata_o_reg[28]
  Impl DFF        Name(Last) i:/WORK/g03_top_IO/u_g03_soc/u_core_wzc/u_kalsit_core/u_mem_wb/mem_rdata_o_reg[28]

  Ref  DFF        Name(Last) r:/WORK/g03_top_IO/u_g03_soc/u_core_wzc/u_kalsit_core/u_mem_wb/mem_rdata_o_reg[29]
  Impl DFF        Name(Last) i:/WORK/g03_top_IO/u_g03_soc/u_core_wzc/u_kalsit_core/u_mem_wb/mem_rdata_o_reg[29]

  Ref  DFF        Name(Last) r:/WORK/g03_top_IO/u_g03_soc/u_core_wzc/u_kalsit_core/u_mem_wb/mem_rdata_o_reg[2]
  Impl DFF        Name(Last) i:/WORK/g03_top_IO/u_g03_soc/u_core_wzc/u_kalsit_core/u_mem_wb/mem_rdata_o_reg[2]

  Ref  DFF        Name(Last) r:/WORK/g03_top_IO/u_g03_soc/u_core_wzc/u_kalsit_core/u_mem_wb/mem_rdata_o_reg[30]
  Impl DFF        Name(Last) i:/WORK/g03_top_IO/u_g03_soc/u_core_wzc/u_kalsit_core/u_mem_wb/mem_rdata_o_reg[30]

  Ref  DFF        Name(Last) r:/WORK/g03_top_IO/u_g03_soc/u_core_wzc/u_kalsit_core/u_mem_wb/mem_rdata_o_reg[31]
  Impl DFF        Name(Last) i:/WORK/g03_top_IO/u_g03_soc/u_core_wzc/u_kalsit_core/u_mem_wb/mem_rdata_o_reg[31]

  Ref  DFF        Name(Last) r:/WORK/g03_top_IO/u_g03_soc/u_core_wzc/u_kalsit_core/u_mem_wb/mem_rdata_o_reg[3]
  Impl DFF        Name(Last) i:/WORK/g03_top_IO/u_g03_soc/u_core_wzc/u_kalsit_core/u_mem_wb/mem_rdata_o_reg[3]

  Ref  DFF        Name(Last) r:/WORK/g03_top_IO/u_g03_soc/u_core_wzc/u_kalsit_core/u_mem_wb/mem_rdata_o_reg[4]
  Impl DFF        Name(Last) i:/WORK/g03_top_IO/u_g03_soc/u_core_wzc/u_kalsit_core/u_mem_wb/mem_rdata_o_reg[4]

  Ref  DFF        Name(Last) r:/WORK/g03_top_IO/u_g03_soc/u_core_wzc/u_kalsit_core/u_mem_wb/mem_rdata_o_reg[5]
  Impl DFF        Name(Last) i:/WORK/g03_top_IO/u_g03_soc/u_core_wzc/u_kalsit_core/u_mem_wb/mem_rdata_o_reg[5]

  Ref  DFF        Name(Last) r:/WORK/g03_top_IO/u_g03_soc/u_core_wzc/u_kalsit_core/u_mem_wb/mem_rdata_o_reg[6]
  Impl DFF        Name(Last) i:/WORK/g03_top_IO/u_g03_soc/u_core_wzc/u_kalsit_core/u_mem_wb/mem_rdata_o_reg[6]

  Ref  DFF        Name(Last) r:/WORK/g03_top_IO/u_g03_soc/u_core_wzc/u_kalsit_core/u_mem_wb/mem_rdata_o_reg[7]
  Impl DFF        Name(Last) i:/WORK/g03_top_IO/u_g03_soc/u_core_wzc/u_kalsit_core/u_mem_wb/mem_rdata_o_reg[7]

  Ref  DFF        Name(Last) r:/WORK/g03_top_IO/u_g03_soc/u_core_wzc/u_kalsit_core/u_mem_wb/mem_rdata_o_reg[8]
  Impl DFF        Name(Last) i:/WORK/g03_top_IO/u_g03_soc/u_core_wzc/u_kalsit_core/u_mem_wb/mem_rdata_o_reg[8]

  Ref  DFF        Name(Last) r:/WORK/g03_top_IO/u_g03_soc/u_core_wzc/u_kalsit_core/u_mem_wb/mem_rdata_o_reg[9]
  Impl DFF        Name(Last) i:/WORK/g03_top_IO/u_g03_soc/u_core_wzc/u_kalsit_core/u_mem_wb/mem_rdata_o_reg[9]

  Ref  DFF        Name(Last) r:/WORK/g03_top_IO/u_g03_soc/u_core_wzc/u_kalsit_core/u_mem_wb/mem_to_reg_o_reg
  Impl DFF        Name(Last) i:/WORK/g03_top_IO/u_g03_soc/u_core_wzc/u_kalsit_core/u_mem_wb/mem_to_reg_o_reg

  Ref  DFF        Name(Last) r:/WORK/g03_top_IO/u_g03_soc/u_core_wzc/u_kalsit_core/u_mem_wb/rd_waddr_o_reg[0]
  Impl DFF        Name(Last) i:/WORK/g03_top_IO/u_g03_soc/u_core_wzc/u_kalsit_core/u_mem_wb/rd_waddr_o_reg[0]

  Ref  DFF        Name(Last) r:/WORK/g03_top_IO/u_g03_soc/u_core_wzc/u_kalsit_core/u_mem_wb/rd_waddr_o_reg[1]
  Impl DFF        Name(Last) i:/WORK/g03_top_IO/u_g03_soc/u_core_wzc/u_kalsit_core/u_mem_wb/rd_waddr_o_reg[1]

  Ref  DFF        Name(Last) r:/WORK/g03_top_IO/u_g03_soc/u_core_wzc/u_kalsit_core/u_mem_wb/rd_waddr_o_reg[2]
  Impl DFF        Name(Last) i:/WORK/g03_top_IO/u_g03_soc/u_core_wzc/u_kalsit_core/u_mem_wb/rd_waddr_o_reg[2]

  Ref  DFF        Name(Last) r:/WORK/g03_top_IO/u_g03_soc/u_core_wzc/u_kalsit_core/u_mem_wb/rd_waddr_o_reg[3]
  Impl DFF        Name(Last) i:/WORK/g03_top_IO/u_g03_soc/u_core_wzc/u_kalsit_core/u_mem_wb/rd_waddr_o_reg[3]

  Ref  DFF        Name(Last) r:/WORK/g03_top_IO/u_g03_soc/u_core_wzc/u_kalsit_core/u_mem_wb/rd_waddr_o_reg[4]
  Impl DFF        Name(Last) i:/WORK/g03_top_IO/u_g03_soc/u_core_wzc/u_kalsit_core/u_mem_wb/rd_waddr_o_reg[4]

  Ref  DFF        Name(Last) r:/WORK/g03_top_IO/u_g03_soc/u_core_wzc/u_kalsit_core/u_mem_wb/reg_write_o_reg
  Impl DFF        Name(Last) i:/WORK/g03_top_IO/u_g03_soc/u_core_wzc/u_kalsit_core/u_mem_wb/reg_write_o_reg

  Ref  DFF        Name(Last) r:/WORK/g03_top_IO/u_g03_soc/u_core_wzc/u_kalsit_core/u_mem_wb/result_o_reg[0]
  Impl DFF        Name(Last) i:/WORK/g03_top_IO/u_g03_soc/u_core_wzc/u_kalsit_core/u_mem_wb/result_o_reg[0]

  Ref  DFF        Name(Last) r:/WORK/g03_top_IO/u_g03_soc/u_core_wzc/u_kalsit_core/u_mem_wb/result_o_reg[10]
  Impl DFF        Name(Last) i:/WORK/g03_top_IO/u_g03_soc/u_core_wzc/u_kalsit_core/u_mem_wb/result_o_reg[10]

  Ref  DFF        Name(Last) r:/WORK/g03_top_IO/u_g03_soc/u_core_wzc/u_kalsit_core/u_mem_wb/result_o_reg[11]
  Impl DFF        Name(Last) i:/WORK/g03_top_IO/u_g03_soc/u_core_wzc/u_kalsit_core/u_mem_wb/result_o_reg[11]

  Ref  DFF        Name(Last) r:/WORK/g03_top_IO/u_g03_soc/u_core_wzc/u_kalsit_core/u_mem_wb/result_o_reg[12]
  Impl DFF        Name(Last) i:/WORK/g03_top_IO/u_g03_soc/u_core_wzc/u_kalsit_core/u_mem_wb/result_o_reg[12]

  Ref  DFF        Name(Last) r:/WORK/g03_top_IO/u_g03_soc/u_core_wzc/u_kalsit_core/u_mem_wb/result_o_reg[13]
  Impl DFF        Name(Last) i:/WORK/g03_top_IO/u_g03_soc/u_core_wzc/u_kalsit_core/u_mem_wb/result_o_reg[13]

  Ref  DFF        Name(Last) r:/WORK/g03_top_IO/u_g03_soc/u_core_wzc/u_kalsit_core/u_mem_wb/result_o_reg[14]
  Impl DFF        Name(Last) i:/WORK/g03_top_IO/u_g03_soc/u_core_wzc/u_kalsit_core/u_mem_wb/result_o_reg[14]

  Ref  DFF        Name(Last) r:/WORK/g03_top_IO/u_g03_soc/u_core_wzc/u_kalsit_core/u_mem_wb/result_o_reg[15]
  Impl DFF        Name(Last) i:/WORK/g03_top_IO/u_g03_soc/u_core_wzc/u_kalsit_core/u_mem_wb/result_o_reg[15]

  Ref  DFF        Name(Last) r:/WORK/g03_top_IO/u_g03_soc/u_core_wzc/u_kalsit_core/u_mem_wb/result_o_reg[16]
  Impl DFF        Name(Last) i:/WORK/g03_top_IO/u_g03_soc/u_core_wzc/u_kalsit_core/u_mem_wb/result_o_reg[16]

  Ref  DFF        Name(Last) r:/WORK/g03_top_IO/u_g03_soc/u_core_wzc/u_kalsit_core/u_mem_wb/result_o_reg[17]
  Impl DFF        Name(Last) i:/WORK/g03_top_IO/u_g03_soc/u_core_wzc/u_kalsit_core/u_mem_wb/result_o_reg[17]

  Ref  DFF        Name(Last) r:/WORK/g03_top_IO/u_g03_soc/u_core_wzc/u_kalsit_core/u_mem_wb/result_o_reg[18]
  Impl DFF        Name(Last) i:/WORK/g03_top_IO/u_g03_soc/u_core_wzc/u_kalsit_core/u_mem_wb/result_o_reg[18]

  Ref  DFF        Name(Last) r:/WORK/g03_top_IO/u_g03_soc/u_core_wzc/u_kalsit_core/u_mem_wb/result_o_reg[19]
  Impl DFF        Name(Last) i:/WORK/g03_top_IO/u_g03_soc/u_core_wzc/u_kalsit_core/u_mem_wb/result_o_reg[19]

  Ref  DFF        Name(Last) r:/WORK/g03_top_IO/u_g03_soc/u_core_wzc/u_kalsit_core/u_mem_wb/result_o_reg[1]
  Impl DFF        Name(Last) i:/WORK/g03_top_IO/u_g03_soc/u_core_wzc/u_kalsit_core/u_mem_wb/result_o_reg[1]

  Ref  DFF        Name(Last) r:/WORK/g03_top_IO/u_g03_soc/u_core_wzc/u_kalsit_core/u_mem_wb/result_o_reg[20]
  Impl DFF        Name(Last) i:/WORK/g03_top_IO/u_g03_soc/u_core_wzc/u_kalsit_core/u_mem_wb/result_o_reg[20]

  Ref  DFF        Name(Last) r:/WORK/g03_top_IO/u_g03_soc/u_core_wzc/u_kalsit_core/u_mem_wb/result_o_reg[21]
  Impl DFF        Name(Last) i:/WORK/g03_top_IO/u_g03_soc/u_core_wzc/u_kalsit_core/u_mem_wb/result_o_reg[21]

  Ref  DFF        Name(Last) r:/WORK/g03_top_IO/u_g03_soc/u_core_wzc/u_kalsit_core/u_mem_wb/result_o_reg[22]
  Impl DFF        Name(Last) i:/WORK/g03_top_IO/u_g03_soc/u_core_wzc/u_kalsit_core/u_mem_wb/result_o_reg[22]

  Ref  DFF        Name(Last) r:/WORK/g03_top_IO/u_g03_soc/u_core_wzc/u_kalsit_core/u_mem_wb/result_o_reg[23]
  Impl DFF        Name(Last) i:/WORK/g03_top_IO/u_g03_soc/u_core_wzc/u_kalsit_core/u_mem_wb/result_o_reg[23]

  Ref  DFF        Name(Last) r:/WORK/g03_top_IO/u_g03_soc/u_core_wzc/u_kalsit_core/u_mem_wb/result_o_reg[24]
  Impl DFF        Name(Last) i:/WORK/g03_top_IO/u_g03_soc/u_core_wzc/u_kalsit_core/u_mem_wb/result_o_reg[24]

  Ref  DFF        Name(Last) r:/WORK/g03_top_IO/u_g03_soc/u_core_wzc/u_kalsit_core/u_mem_wb/result_o_reg[25]
  Impl DFF        Name(Last) i:/WORK/g03_top_IO/u_g03_soc/u_core_wzc/u_kalsit_core/u_mem_wb/result_o_reg[25]

  Ref  DFF        Name(Last) r:/WORK/g03_top_IO/u_g03_soc/u_core_wzc/u_kalsit_core/u_mem_wb/result_o_reg[26]
  Impl DFF        Name(Last) i:/WORK/g03_top_IO/u_g03_soc/u_core_wzc/u_kalsit_core/u_mem_wb/result_o_reg[26]

  Ref  DFF        Name(Last) r:/WORK/g03_top_IO/u_g03_soc/u_core_wzc/u_kalsit_core/u_mem_wb/result_o_reg[27]
  Impl DFF        Name(Last) i:/WORK/g03_top_IO/u_g03_soc/u_core_wzc/u_kalsit_core/u_mem_wb/result_o_reg[27]

  Ref  DFF        Name(Last) r:/WORK/g03_top_IO/u_g03_soc/u_core_wzc/u_kalsit_core/u_mem_wb/result_o_reg[28]
  Impl DFF        Name(Last) i:/WORK/g03_top_IO/u_g03_soc/u_core_wzc/u_kalsit_core/u_mem_wb/result_o_reg[28]

  Ref  DFF        Name(Last) r:/WORK/g03_top_IO/u_g03_soc/u_core_wzc/u_kalsit_core/u_mem_wb/result_o_reg[29]
  Impl DFF        Name(Last) i:/WORK/g03_top_IO/u_g03_soc/u_core_wzc/u_kalsit_core/u_mem_wb/result_o_reg[29]

  Ref  DFF        Name(Last) r:/WORK/g03_top_IO/u_g03_soc/u_core_wzc/u_kalsit_core/u_mem_wb/result_o_reg[2]
  Impl DFF        Name(Last) i:/WORK/g03_top_IO/u_g03_soc/u_core_wzc/u_kalsit_core/u_mem_wb/result_o_reg[2]

  Ref  DFF        Name(Last) r:/WORK/g03_top_IO/u_g03_soc/u_core_wzc/u_kalsit_core/u_mem_wb/result_o_reg[30]
  Impl DFF        Name(Last) i:/WORK/g03_top_IO/u_g03_soc/u_core_wzc/u_kalsit_core/u_mem_wb/result_o_reg[30]

  Ref  DFF        Name(Last) r:/WORK/g03_top_IO/u_g03_soc/u_core_wzc/u_kalsit_core/u_mem_wb/result_o_reg[31]
  Impl DFF        Name(Last) i:/WORK/g03_top_IO/u_g03_soc/u_core_wzc/u_kalsit_core/u_mem_wb/result_o_reg[31]

  Ref  DFF        Name(Last) r:/WORK/g03_top_IO/u_g03_soc/u_core_wzc/u_kalsit_core/u_mem_wb/result_o_reg[3]
  Impl DFF        Name(Last) i:/WORK/g03_top_IO/u_g03_soc/u_core_wzc/u_kalsit_core/u_mem_wb/result_o_reg[3]

  Ref  DFF        Name(Last) r:/WORK/g03_top_IO/u_g03_soc/u_core_wzc/u_kalsit_core/u_mem_wb/result_o_reg[4]
  Impl DFF        Name(Last) i:/WORK/g03_top_IO/u_g03_soc/u_core_wzc/u_kalsit_core/u_mem_wb/result_o_reg[4]

  Ref  DFF        Name(Last) r:/WORK/g03_top_IO/u_g03_soc/u_core_wzc/u_kalsit_core/u_mem_wb/result_o_reg[5]
  Impl DFF        Name(Last) i:/WORK/g03_top_IO/u_g03_soc/u_core_wzc/u_kalsit_core/u_mem_wb/result_o_reg[5]

  Ref  DFF        Name(Last) r:/WORK/g03_top_IO/u_g03_soc/u_core_wzc/u_kalsit_core/u_mem_wb/result_o_reg[6]
  Impl DFF        Name(Last) i:/WORK/g03_top_IO/u_g03_soc/u_core_wzc/u_kalsit_core/u_mem_wb/result_o_reg[6]

  Ref  DFF        Name(Last) r:/WORK/g03_top_IO/u_g03_soc/u_core_wzc/u_kalsit_core/u_mem_wb/result_o_reg[7]
  Impl DFF        Name(Last) i:/WORK/g03_top_IO/u_g03_soc/u_core_wzc/u_kalsit_core/u_mem_wb/result_o_reg[7]

  Ref  DFF        Name(Last) r:/WORK/g03_top_IO/u_g03_soc/u_core_wzc/u_kalsit_core/u_mem_wb/result_o_reg[8]
  Impl DFF        Name(Last) i:/WORK/g03_top_IO/u_g03_soc/u_core_wzc/u_kalsit_core/u_mem_wb/result_o_reg[8]

  Ref  DFF        Name(Last) r:/WORK/g03_top_IO/u_g03_soc/u_core_wzc/u_kalsit_core/u_mem_wb/result_o_reg[9]
  Impl DFF        Name(Last) i:/WORK/g03_top_IO/u_g03_soc/u_core_wzc/u_kalsit_core/u_mem_wb/result_o_reg[9]

  Ref  DFF        Name(Last) r:/WORK/g03_top_IO/u_g03_soc/u_core_xyh/u_exu/u_exu_extension/u_ext_intfire/done_hold_r_reg
  Impl DFF        Name(Last) i:/WORK/g03_top_IO/u_g03_soc/u_core_xyh/u_exu/u_exu_extension/u_ext_intfire/done_hold_r_reg

  Ref  DFF        Name(Last) r:/WORK/g03_top_IO/u_g03_soc/u_core_xyh/u_exu/u_exu_extension/u_ext_intfire/ready_r_reg
  Impl DFF        Name(Last) i:/WORK/g03_top_IO/u_g03_soc/u_core_xyh/u_exu/u_exu_extension/u_ext_intfire/ready_r_reg

  Ref  DFF        Name(Last) r:/WORK/g03_top_IO/u_g03_soc/u_core_xyh/u_exu/u_exu_extension/u_ext_intfire/req_issued_r_reg
  Impl DFF        Name(Last) i:/WORK/g03_top_IO/u_g03_soc/u_core_xyh/u_exu/u_exu_extension/u_ext_intfire/req_issued_r_reg

  Ref  DFF        Name(Last) r:/WORK/g03_top_IO/u_g03_soc/u_core_xyh/u_exu/u_exu_extension/u_ext_intfire/result_r_reg[0]
  Impl DFF        Name(Last) i:/WORK/g03_top_IO/u_g03_soc/u_core_xyh/u_exu/u_exu_extension/u_ext_intfire/result_r_reg[0]

  Ref  DFF        Name(Last) r:/WORK/g03_top_IO/u_g03_soc/u_core_xyh/u_exu/u_exu_extension/u_ext_intfire/result_r_reg[10]
  Impl DFF        Name(Last) i:/WORK/g03_top_IO/u_g03_soc/u_core_xyh/u_exu/u_exu_extension/u_ext_intfire/result_r_reg[10]

  Ref  DFF        Name(Last) r:/WORK/g03_top_IO/u_g03_soc/u_core_xyh/u_exu/u_exu_extension/u_ext_intfire/result_r_reg[11]
  Impl DFF        Name(Last) i:/WORK/g03_top_IO/u_g03_soc/u_core_xyh/u_exu/u_exu_extension/u_ext_intfire/result_r_reg[11]

  Ref  DFF        Name(Last) r:/WORK/g03_top_IO/u_g03_soc/u_core_xyh/u_exu/u_exu_extension/u_ext_intfire/result_r_reg[12]
  Impl DFF        Name(Last) i:/WORK/g03_top_IO/u_g03_soc/u_core_xyh/u_exu/u_exu_extension/u_ext_intfire/result_r_reg[12]

  Ref  DFF        Name(Last) r:/WORK/g03_top_IO/u_g03_soc/u_core_xyh/u_exu/u_exu_extension/u_ext_intfire/result_r_reg[13]
  Impl DFF        Name(Last) i:/WORK/g03_top_IO/u_g03_soc/u_core_xyh/u_exu/u_exu_extension/u_ext_intfire/result_r_reg[13]

  Ref  DFF        Name(Last) r:/WORK/g03_top_IO/u_g03_soc/u_core_xyh/u_exu/u_exu_extension/u_ext_intfire/result_r_reg[14]
  Impl DFF        Name(Last) i:/WORK/g03_top_IO/u_g03_soc/u_core_xyh/u_exu/u_exu_extension/u_ext_intfire/result_r_reg[14]

  Ref  DFF        Name(Last) r:/WORK/g03_top_IO/u_g03_soc/u_core_xyh/u_exu/u_exu_extension/u_ext_intfire/result_r_reg[15]
  Impl DFF        Name(Last) i:/WORK/g03_top_IO/u_g03_soc/u_core_xyh/u_exu/u_exu_extension/u_ext_intfire/result_r_reg[15]

  Ref  DFF        Name(Last) r:/WORK/g03_top_IO/u_g03_soc/u_core_xyh/u_exu/u_exu_extension/u_ext_intfire/result_r_reg[16]
  Impl DFF        Name(Last) i:/WORK/g03_top_IO/u_g03_soc/u_core_xyh/u_exu/u_exu_extension/u_ext_intfire/result_r_reg[16]

  Ref  DFF        Name(Last) r:/WORK/g03_top_IO/u_g03_soc/u_core_xyh/u_exu/u_exu_extension/u_ext_intfire/result_r_reg[17]
  Impl DFF        Name(Last) i:/WORK/g03_top_IO/u_g03_soc/u_core_xyh/u_exu/u_exu_extension/u_ext_intfire/result_r_reg[17]

  Ref  DFF        Name(Last) r:/WORK/g03_top_IO/u_g03_soc/u_core_xyh/u_exu/u_exu_extension/u_ext_intfire/result_r_reg[18]
  Impl DFF        Name(Last) i:/WORK/g03_top_IO/u_g03_soc/u_core_xyh/u_exu/u_exu_extension/u_ext_intfire/result_r_reg[18]

  Ref  DFF        Name(Last) r:/WORK/g03_top_IO/u_g03_soc/u_core_xyh/u_exu/u_exu_extension/u_ext_intfire/result_r_reg[19]
  Impl DFF        Name(Last) i:/WORK/g03_top_IO/u_g03_soc/u_core_xyh/u_exu/u_exu_extension/u_ext_intfire/result_r_reg[19]

  Ref  DFF        Name(Last) r:/WORK/g03_top_IO/u_g03_soc/u_core_xyh/u_exu/u_exu_extension/u_ext_intfire/result_r_reg[1]
  Impl DFF        Name(Last) i:/WORK/g03_top_IO/u_g03_soc/u_core_xyh/u_exu/u_exu_extension/u_ext_intfire/result_r_reg[1]

  Ref  DFF        Name(Last) r:/WORK/g03_top_IO/u_g03_soc/u_core_xyh/u_exu/u_exu_extension/u_ext_intfire/result_r_reg[20]
  Impl DFF        Name(Last) i:/WORK/g03_top_IO/u_g03_soc/u_core_xyh/u_exu/u_exu_extension/u_ext_intfire/result_r_reg[20]

  Ref  DFF        Name(Last) r:/WORK/g03_top_IO/u_g03_soc/u_core_xyh/u_exu/u_exu_extension/u_ext_intfire/result_r_reg[21]
  Impl DFF        Name(Last) i:/WORK/g03_top_IO/u_g03_soc/u_core_xyh/u_exu/u_exu_extension/u_ext_intfire/result_r_reg[21]

  Ref  DFF        Name(Last) r:/WORK/g03_top_IO/u_g03_soc/u_core_xyh/u_exu/u_exu_extension/u_ext_intfire/result_r_reg[22]
  Impl DFF        Name(Last) i:/WORK/g03_top_IO/u_g03_soc/u_core_xyh/u_exu/u_exu_extension/u_ext_intfire/result_r_reg[22]

  Ref  DFF        Name(Last) r:/WORK/g03_top_IO/u_g03_soc/u_core_xyh/u_exu/u_exu_extension/u_ext_intfire/result_r_reg[23]
  Impl DFF        Name(Last) i:/WORK/g03_top_IO/u_g03_soc/u_core_xyh/u_exu/u_exu_extension/u_ext_intfire/result_r_reg[23]

  Ref  DFF        Name(Last) r:/WORK/g03_top_IO/u_g03_soc/u_core_xyh/u_exu/u_exu_extension/u_ext_intfire/result_r_reg[24]
  Impl DFF        Name(Last) i:/WORK/g03_top_IO/u_g03_soc/u_core_xyh/u_exu/u_exu_extension/u_ext_intfire/result_r_reg[24]

  Ref  DFF        Name(Last) r:/WORK/g03_top_IO/u_g03_soc/u_core_xyh/u_exu/u_exu_extension/u_ext_intfire/result_r_reg[25]
  Impl DFF        Name(Last) i:/WORK/g03_top_IO/u_g03_soc/u_core_xyh/u_exu/u_exu_extension/u_ext_intfire/result_r_reg[25]

  Ref  DFF        Name(Last) r:/WORK/g03_top_IO/u_g03_soc/u_core_xyh/u_exu/u_exu_extension/u_ext_intfire/result_r_reg[26]
  Impl DFF        Name(Last) i:/WORK/g03_top_IO/u_g03_soc/u_core_xyh/u_exu/u_exu_extension/u_ext_intfire/result_r_reg[26]

  Ref  DFF        Name(Last) r:/WORK/g03_top_IO/u_g03_soc/u_core_xyh/u_exu/u_exu_extension/u_ext_intfire/result_r_reg[27]
  Impl DFF        Name(Last) i:/WORK/g03_top_IO/u_g03_soc/u_core_xyh/u_exu/u_exu_extension/u_ext_intfire/result_r_reg[27]

  Ref  DFF        Name(Last) r:/WORK/g03_top_IO/u_g03_soc/u_core_xyh/u_exu/u_exu_extension/u_ext_intfire/result_r_reg[28]
  Impl DFF        Name(Last) i:/WORK/g03_top_IO/u_g03_soc/u_core_xyh/u_exu/u_exu_extension/u_ext_intfire/result_r_reg[28]

  Ref  DFF        Name(Last) r:/WORK/g03_top_IO/u_g03_soc/u_core_xyh/u_exu/u_exu_extension/u_ext_intfire/result_r_reg[29]
  Impl DFF        Name(Last) i:/WORK/g03_top_IO/u_g03_soc/u_core_xyh/u_exu/u_exu_extension/u_ext_intfire/result_r_reg[29]

  Ref  DFF        Name(Last) r:/WORK/g03_top_IO/u_g03_soc/u_core_xyh/u_exu/u_exu_extension/u_ext_intfire/result_r_reg[2]
  Impl DFF        Name(Last) i:/WORK/g03_top_IO/u_g03_soc/u_core_xyh/u_exu/u_exu_extension/u_ext_intfire/result_r_reg[2]

  Ref  DFF        Name(Last) r:/WORK/g03_top_IO/u_g03_soc/u_core_xyh/u_exu/u_exu_extension/u_ext_intfire/result_r_reg[30]
  Impl DFF        Name(Last) i:/WORK/g03_top_IO/u_g03_soc/u_core_xyh/u_exu/u_exu_extension/u_ext_intfire/result_r_reg[30]

  Ref  DFF        Name(Last) r:/WORK/g03_top_IO/u_g03_soc/u_core_xyh/u_exu/u_exu_extension/u_ext_intfire/result_r_reg[31]
  Impl DFF        Name(Last) i:/WORK/g03_top_IO/u_g03_soc/u_core_xyh/u_exu/u_exu_extension/u_ext_intfire/result_r_reg[31]

  Ref  DFF        Name(Last) r:/WORK/g03_top_IO/u_g03_soc/u_core_xyh/u_exu/u_exu_extension/u_ext_intfire/result_r_reg[3]
  Impl DFF        Name(Last) i:/WORK/g03_top_IO/u_g03_soc/u_core_xyh/u_exu/u_exu_extension/u_ext_intfire/result_r_reg[3]

  Ref  DFF        Name(Last) r:/WORK/g03_top_IO/u_g03_soc/u_core_xyh/u_exu/u_exu_extension/u_ext_intfire/result_r_reg[4]
  Impl DFF        Name(Last) i:/WORK/g03_top_IO/u_g03_soc/u_core_xyh/u_exu/u_exu_extension/u_ext_intfire/result_r_reg[4]

  Ref  DFF        Name(Last) r:/WORK/g03_top_IO/u_g03_soc/u_core_xyh/u_exu/u_exu_extension/u_ext_intfire/result_r_reg[5]
  Impl DFF        Name(Last) i:/WORK/g03_top_IO/u_g03_soc/u_core_xyh/u_exu/u_exu_extension/u_ext_intfire/result_r_reg[5]

  Ref  DFF        Name(Last) r:/WORK/g03_top_IO/u_g03_soc/u_core_xyh/u_exu/u_exu_extension/u_ext_intfire/result_r_reg[6]
  Impl DFF        Name(Last) i:/WORK/g03_top_IO/u_g03_soc/u_core_xyh/u_exu/u_exu_extension/u_ext_intfire/result_r_reg[6]

  Ref  DFF        Name(Last) r:/WORK/g03_top_IO/u_g03_soc/u_core_xyh/u_exu/u_exu_extension/u_ext_intfire/result_r_reg[7]
  Impl DFF        Name(Last) i:/WORK/g03_top_IO/u_g03_soc/u_core_xyh/u_exu/u_exu_extension/u_ext_intfire/result_r_reg[7]

  Ref  DFF        Name(Last) r:/WORK/g03_top_IO/u_g03_soc/u_core_xyh/u_exu/u_exu_extension/u_ext_intfire/result_r_reg[8]
  Impl DFF        Name(Last) i:/WORK/g03_top_IO/u_g03_soc/u_core_xyh/u_exu/u_exu_extension/u_ext_intfire/result_r_reg[8]

  Ref  DFF        Name(Last) r:/WORK/g03_top_IO/u_g03_soc/u_core_xyh/u_exu/u_exu_extension/u_ext_intfire/result_r_reg[9]
  Impl DFF        Name(Last) i:/WORK/g03_top_IO/u_g03_soc/u_core_xyh/u_exu/u_exu_extension/u_ext_intfire/result_r_reg[9]

  Ref  DFF        Name(Last) r:/WORK/g03_top_IO/u_g03_soc/u_core_xyh/u_exu/u_exu_extension/u_ext_intfire/running_r_reg
  Impl DFF        Name(Last) i:/WORK/g03_top_IO/u_g03_soc/u_core_xyh/u_exu/u_exu_extension/u_ext_intfire/running_r_reg

  Ref  DFF        Name(Last) r:/WORK/g03_top_IO/u_g03_soc/u_core_xyh/u_exu/u_exu_extension/u_ext_intfire/state_reg[0]
  Impl DFF        Name(Last) i:/WORK/g03_top_IO/u_g03_soc/u_core_xyh/u_exu/u_exu_extension/u_ext_intfire/state_reg[0]

  Ref  DFF        Name(Last) r:/WORK/g03_top_IO/u_g03_soc/u_core_xyh/u_exu/u_exu_extension/u_ext_intfire/state_reg[1]
  Impl DFF        Name(Last) i:/WORK/g03_top_IO/u_g03_soc/u_core_xyh/u_exu/u_exu_extension/u_ext_intfire/state_reg[1]

  Ref  DFF        Name(Last) r:/WORK/g03_top_IO/u_g03_soc/u_core_xyh/u_exu/u_exu_extension/u_ext_intfire/uart_byte_r_reg[0]
  Impl DFF        Name(Last) i:/WORK/g03_top_IO/u_g03_soc/u_core_xyh/u_exu/u_exu_extension/u_ext_intfire/uart_byte_r_reg[0]

  Ref  DFF        Name(Last) r:/WORK/g03_top_IO/u_g03_soc/u_core_xyh/u_exu/u_exu_extension/u_ext_intfire/uart_byte_r_reg[1]
  Impl DFF        Name(Last) i:/WORK/g03_top_IO/u_g03_soc/u_core_xyh/u_exu/u_exu_extension/u_ext_intfire/uart_byte_r_reg[1]

  Ref  DFF        Name(Last) r:/WORK/g03_top_IO/u_g03_soc/u_core_xyh/u_exu/u_exu_extension/u_ext_intfire/uart_byte_r_reg[2]
  Impl DFF        Name(Last) i:/WORK/g03_top_IO/u_g03_soc/u_core_xyh/u_exu/u_exu_extension/u_ext_intfire/uart_byte_r_reg[2]

  Ref  DFF        Name(Last) r:/WORK/g03_top_IO/u_g03_soc/u_core_xyh/u_exu/u_exu_extension/u_ext_intfire/uart_byte_r_reg[3]
  Impl DFF        Name(Last) i:/WORK/g03_top_IO/u_g03_soc/u_core_xyh/u_exu/u_exu_extension/u_ext_intfire/uart_byte_r_reg[3]

  Ref  DFF        Name(Last) r:/WORK/g03_top_IO/u_g03_soc/u_core_xyh/u_exu/u_exu_extension/u_ext_intfire/uart_byte_r_reg[4]
  Impl DFF        Name(Last) i:/WORK/g03_top_IO/u_g03_soc/u_core_xyh/u_exu/u_exu_extension/u_ext_intfire/uart_byte_r_reg[4]

  Ref  DFF        Name(Last) r:/WORK/g03_top_IO/u_g03_soc/u_core_xyh/u_exu/u_exu_extension/u_ext_intfire/uart_byte_r_reg[5]
  Impl DFF        Name(Last) i:/WORK/g03_top_IO/u_g03_soc/u_core_xyh/u_exu/u_exu_extension/u_ext_intfire/uart_byte_r_reg[5]

  Ref  DFF        Name(Last) r:/WORK/g03_top_IO/u_g03_soc/u_core_xyh/u_exu/u_exu_extension/u_ext_intfire/uart_byte_r_reg[6]
  Impl DFF        Name(Last) i:/WORK/g03_top_IO/u_g03_soc/u_core_xyh/u_exu/u_exu_extension/u_ext_intfire/uart_byte_r_reg[6]

  Ref  DFF        Name(Last) r:/WORK/g03_top_IO/u_g03_soc/u_core_xyh/u_exu/u_exu_extension/u_ext_intfire/uart_byte_r_reg[7]
  Impl DFF        Name(Last) i:/WORK/g03_top_IO/u_g03_soc/u_core_xyh/u_exu/u_exu_extension/u_ext_intfire/uart_byte_r_reg[7]

  Ref  DFF        Name(Last) r:/WORK/g03_top_IO/u_g03_soc/u_core_xyh/u_exu/u_exu_extension/u_ext_readtemp/done_hold_r_reg
  Impl DFF        Name(Last) i:/WORK/g03_top_IO/u_g03_soc/u_core_xyh/u_exu/u_exu_extension/u_ext_readtemp/done_hold_r_reg

  Ref  DFF        Name(Last) r:/WORK/g03_top_IO/u_g03_soc/u_core_xyh/u_exu/u_exu_extension/u_ext_readtemp/ready_r_reg
  Impl DFF        Name(Last) i:/WORK/g03_top_IO/u_g03_soc/u_core_xyh/u_exu/u_exu_extension/u_ext_readtemp/ready_r_reg

  Ref  DFF        Name(Last) r:/WORK/g03_top_IO/u_g03_soc/u_core_xyh/u_exu/u_exu_extension/u_ext_readtemp/req_issued_r_reg
  Impl DFF        Name(Last) i:/WORK/g03_top_IO/u_g03_soc/u_core_xyh/u_exu/u_exu_extension/u_ext_readtemp/req_issued_r_reg

  Ref  DFF        Name(Last) r:/WORK/g03_top_IO/u_g03_soc/u_core_xyh/u_exu/u_exu_extension/u_ext_readtemp/running_r_reg
  Impl DFF        Name(Last) i:/WORK/g03_top_IO/u_g03_soc/u_core_xyh/u_exu/u_exu_extension/u_ext_readtemp/running_r_reg

  Ref  DFF        Name(Last) r:/WORK/g03_top_IO/u_g03_soc/u_core_xyh/u_exu/u_exu_extension/u_ext_readtemp/state_reg[0]
  Impl DFF        Name(Last) i:/WORK/g03_top_IO/u_g03_soc/u_core_xyh/u_exu/u_exu_extension/u_ext_readtemp/state_reg[0]

  Ref  DFF        Name(Last) r:/WORK/g03_top_IO/u_g03_soc/u_core_xyh/u_exu/u_exu_extension/u_ext_readtemp/state_reg[1]
  Impl DFF        Name(Last) i:/WORK/g03_top_IO/u_g03_soc/u_core_xyh/u_exu/u_exu_extension/u_ext_readtemp/state_reg[1]

  Ref  DFF        Name(Last) r:/WORK/g03_top_IO/u_g03_soc/u_core_xyh/u_exu/u_exu_extension/u_ext_readtemp/state_reg[2]
  Impl DFF        Name(Last) i:/WORK/g03_top_IO/u_g03_soc/u_core_xyh/u_exu/u_exu_extension/u_ext_readtemp/state_reg[2]

  Ref  DFF        Name(Last) r:/WORK/g03_top_IO/u_g03_soc/u_core_xyh/u_exu/u_exu_extension/u_ext_readtemp/temp_data_r_reg[10]
  Impl DFF        Name(Last) i:/WORK/g03_top_IO/u_g03_soc/u_core_xyh/u_exu/u_exu_extension/u_ext_readtemp/temp_data_r_reg[10]

  Ref  DFF        Name(Last) r:/WORK/g03_top_IO/u_g03_soc/u_core_xyh/u_exu/u_exu_extension/u_ext_readtemp/temp_data_r_reg[11]
  Impl DFF        Name(Last) i:/WORK/g03_top_IO/u_g03_soc/u_core_xyh/u_exu/u_exu_extension/u_ext_readtemp/temp_data_r_reg[11]

  Ref  DFF        Name(Last) r:/WORK/g03_top_IO/u_g03_soc/u_core_xyh/u_exu/u_exu_extension/u_ext_readtemp/temp_data_r_reg[12]
  Impl DFF        Name(Last) i:/WORK/g03_top_IO/u_g03_soc/u_core_xyh/u_exu/u_exu_extension/u_ext_readtemp/temp_data_r_reg[12]

  Ref  DFF        Name(Last) r:/WORK/g03_top_IO/u_g03_soc/u_core_xyh/u_exu/u_exu_extension/u_ext_readtemp/temp_data_r_reg[13]
  Impl DFF        Name(Last) i:/WORK/g03_top_IO/u_g03_soc/u_core_xyh/u_exu/u_exu_extension/u_ext_readtemp/temp_data_r_reg[13]

  Ref  DFF        Name(Last) r:/WORK/g03_top_IO/u_g03_soc/u_core_xyh/u_exu/u_exu_extension/u_ext_readtemp/temp_data_r_reg[14]
  Impl DFF        Name(Last) i:/WORK/g03_top_IO/u_g03_soc/u_core_xyh/u_exu/u_exu_extension/u_ext_readtemp/temp_data_r_reg[14]

  Ref  DFF        Name(Last) r:/WORK/g03_top_IO/u_g03_soc/u_core_xyh/u_exu/u_exu_extension/u_ext_readtemp/temp_data_r_reg[7]
  Impl DFF        Name(Last) i:/WORK/g03_top_IO/u_g03_soc/u_core_xyh/u_exu/u_exu_extension/u_ext_readtemp/temp_data_r_reg[7]

  Ref  DFF        Name(Last) r:/WORK/g03_top_IO/u_g03_soc/u_core_xyh/u_exu/u_exu_extension/u_ext_readtemp/temp_data_r_reg[8]
  Impl DFF        Name(Last) i:/WORK/g03_top_IO/u_g03_soc/u_core_xyh/u_exu/u_exu_extension/u_ext_readtemp/temp_data_r_reg[8]

  Ref  DFF        Name(Last) r:/WORK/g03_top_IO/u_g03_soc/u_core_xyh/u_exu/u_exu_extension/u_ext_readtemp/temp_data_r_reg[9]
  Impl DFF        Name(Last) i:/WORK/g03_top_IO/u_g03_soc/u_core_xyh/u_exu/u_exu_extension/u_ext_readtemp/temp_data_r_reg[9]

  Ref  DFF        Name(Last) r:/WORK/g03_top_IO/u_g03_soc/u_core_xyh/u_exu/u_exu_extension/u_ext_sendid/byte_idx_r_reg[0]
  Impl DFF        Name(Last) i:/WORK/g03_top_IO/u_g03_soc/u_core_xyh/u_exu/u_exu_extension/u_ext_sendid/byte_idx_r_reg[0]

  Ref  DFF        Name(Last) r:/WORK/g03_top_IO/u_g03_soc/u_core_xyh/u_exu/u_exu_extension/u_ext_sendid/byte_idx_r_reg[1]
  Impl DFF        Name(Last) i:/WORK/g03_top_IO/u_g03_soc/u_core_xyh/u_exu/u_exu_extension/u_ext_sendid/byte_idx_r_reg[1]

  Ref  DFF        Name(Last) r:/WORK/g03_top_IO/u_g03_soc/u_core_xyh/u_exu/u_exu_extension/u_ext_sendid/byte_idx_r_reg[2]
  Impl DFF        Name(Last) i:/WORK/g03_top_IO/u_g03_soc/u_core_xyh/u_exu/u_exu_extension/u_ext_sendid/byte_idx_r_reg[2]

  Ref  DFF        Name(Last) r:/WORK/g03_top_IO/u_g03_soc/u_core_xyh/u_exu/u_exu_extension/u_ext_sendid/byte_idx_r_reg[3]
  Impl DFF        Name(Last) i:/WORK/g03_top_IO/u_g03_soc/u_core_xyh/u_exu/u_exu_extension/u_ext_sendid/byte_idx_r_reg[3]

  Ref  DFF        Name(Last) r:/WORK/g03_top_IO/u_g03_soc/u_core_xyh/u_exu/u_exu_extension/u_ext_sendid/done_hold_r_reg
  Impl DFF        Name(Last) i:/WORK/g03_top_IO/u_g03_soc/u_core_xyh/u_exu/u_exu_extension/u_ext_sendid/done_hold_r_reg

  Ref  DFF        Name(Last) r:/WORK/g03_top_IO/u_g03_soc/u_core_xyh/u_exu/u_exu_extension/u_ext_sendid/req_issued_r_reg
  Impl DFF        Name(Last) i:/WORK/g03_top_IO/u_g03_soc/u_core_xyh/u_exu/u_exu_extension/u_ext_sendid/req_issued_r_reg

  Ref  DFF        Name(Last) r:/WORK/g03_top_IO/u_g03_soc/u_core_xyh/u_exu/u_exu_extension/u_ext_sendid/running_r_reg
  Impl DFF        Name(Last) i:/WORK/g03_top_IO/u_g03_soc/u_core_xyh/u_exu/u_exu_extension/u_ext_sendid/running_r_reg

  Ref  DFF        Name(Last) r:/WORK/g03_top_IO/u_g03_soc/u_core_xyh/u_exu/u_exu_extension/u_ext_sendid/state_reg[0]
  Impl DFF        Name(Last) i:/WORK/g03_top_IO/u_g03_soc/u_core_xyh/u_exu/u_exu_extension/u_ext_sendid/state_reg[0]

  Ref  DFF        Name(Last) r:/WORK/g03_top_IO/u_g03_soc/u_core_xyh/u_exu/u_exu_extension/u_ext_sendid/state_reg[1]
  Impl DFF        Name(Last) i:/WORK/g03_top_IO/u_g03_soc/u_core_xyh/u_exu/u_exu_extension/u_ext_sendid/state_reg[1]

  Ref  DFF        Name(Last) r:/WORK/g03_top_IO/u_g03_soc/u_core_xyh/u_idu_exu/imm_ff/qout_r_reg[0]
  Impl DFF        Name(Last) i:/WORK/g03_top_IO/u_g03_soc/u_core_xyh/u_idu_exu/imm_ff/qout_r_reg[0]

  Ref  DFF        Name(Last) r:/WORK/g03_top_IO/u_g03_soc/u_core_xyh/u_idu_exu/imm_ff/qout_r_reg[10]
  Impl DFF        Name(Last) i:/WORK/g03_top_IO/u_g03_soc/u_core_xyh/u_idu_exu/imm_ff/qout_r_reg[10]

  Ref  DFF        Name(Last) r:/WORK/g03_top_IO/u_g03_soc/u_core_xyh/u_idu_exu/imm_ff/qout_r_reg[11]
  Impl DFF        Name(Last) i:/WORK/g03_top_IO/u_g03_soc/u_core_xyh/u_idu_exu/imm_ff/qout_r_reg[11]

  Ref  DFF        Name(Last) r:/WORK/g03_top_IO/u_g03_soc/u_core_xyh/u_idu_exu/imm_ff/qout_r_reg[12]
  Impl DFF        Name(Last) i:/WORK/g03_top_IO/u_g03_soc/u_core_xyh/u_idu_exu/imm_ff/qout_r_reg[12]

  Ref  DFF        Name(Last) r:/WORK/g03_top_IO/u_g03_soc/u_core_xyh/u_idu_exu/imm_ff/qout_r_reg[13]
  Impl DFF        Name(Last) i:/WORK/g03_top_IO/u_g03_soc/u_core_xyh/u_idu_exu/imm_ff/qout_r_reg[13]

  Ref  DFF        Name(Last) r:/WORK/g03_top_IO/u_g03_soc/u_core_xyh/u_idu_exu/imm_ff/qout_r_reg[14]
  Impl DFF        Name(Last) i:/WORK/g03_top_IO/u_g03_soc/u_core_xyh/u_idu_exu/imm_ff/qout_r_reg[14]

  Ref  DFF        Name(Last) r:/WORK/g03_top_IO/u_g03_soc/u_core_xyh/u_idu_exu/imm_ff/qout_r_reg[15]
  Impl DFF        Name(Last) i:/WORK/g03_top_IO/u_g03_soc/u_core_xyh/u_idu_exu/imm_ff/qout_r_reg[15]

  Ref  DFF        Name(Last) r:/WORK/g03_top_IO/u_g03_soc/u_core_xyh/u_idu_exu/imm_ff/qout_r_reg[16]
  Impl DFF        Name(Last) i:/WORK/g03_top_IO/u_g03_soc/u_core_xyh/u_idu_exu/imm_ff/qout_r_reg[16]

  Ref  DFF        Name(Last) r:/WORK/g03_top_IO/u_g03_soc/u_core_xyh/u_idu_exu/imm_ff/qout_r_reg[17]
  Impl DFF        Name(Last) i:/WORK/g03_top_IO/u_g03_soc/u_core_xyh/u_idu_exu/imm_ff/qout_r_reg[17]

  Ref  DFF        Name(Last) r:/WORK/g03_top_IO/u_g03_soc/u_core_xyh/u_idu_exu/imm_ff/qout_r_reg[18]
  Impl DFF        Name(Last) i:/WORK/g03_top_IO/u_g03_soc/u_core_xyh/u_idu_exu/imm_ff/qout_r_reg[18]

  Ref  DFF        Name(Last) r:/WORK/g03_top_IO/u_g03_soc/u_core_xyh/u_idu_exu/imm_ff/qout_r_reg[19]
  Impl DFF        Name(Last) i:/WORK/g03_top_IO/u_g03_soc/u_core_xyh/u_idu_exu/imm_ff/qout_r_reg[19]

  Ref  DFF        Name(Last) r:/WORK/g03_top_IO/u_g03_soc/u_core_xyh/u_idu_exu/imm_ff/qout_r_reg[1]
  Impl DFF        Name(Last) i:/WORK/g03_top_IO/u_g03_soc/u_core_xyh/u_idu_exu/imm_ff/qout_r_reg[1]

  Ref  DFF        Name(Last) r:/WORK/g03_top_IO/u_g03_soc/u_core_xyh/u_idu_exu/imm_ff/qout_r_reg[20]
  Impl DFF        Name(Last) i:/WORK/g03_top_IO/u_g03_soc/u_core_xyh/u_idu_exu/imm_ff/qout_r_reg[20]

  Ref  DFF        Name(Last) r:/WORK/g03_top_IO/u_g03_soc/u_core_xyh/u_idu_exu/imm_ff/qout_r_reg[21]
  Impl DFF        Name(Last) i:/WORK/g03_top_IO/u_g03_soc/u_core_xyh/u_idu_exu/imm_ff/qout_r_reg[21]

  Ref  DFF        Name(Last) r:/WORK/g03_top_IO/u_g03_soc/u_core_xyh/u_idu_exu/imm_ff/qout_r_reg[22]
  Impl DFF        Name(Last) i:/WORK/g03_top_IO/u_g03_soc/u_core_xyh/u_idu_exu/imm_ff/qout_r_reg[22]

  Ref  DFF        Name(Last) r:/WORK/g03_top_IO/u_g03_soc/u_core_xyh/u_idu_exu/imm_ff/qout_r_reg[23]
  Impl DFF        Name(Last) i:/WORK/g03_top_IO/u_g03_soc/u_core_xyh/u_idu_exu/imm_ff/qout_r_reg[23]

  Ref  DFF        Name(Last) r:/WORK/g03_top_IO/u_g03_soc/u_core_xyh/u_idu_exu/imm_ff/qout_r_reg[24]
  Impl DFF        Name(Last) i:/WORK/g03_top_IO/u_g03_soc/u_core_xyh/u_idu_exu/imm_ff/qout_r_reg[24]

  Ref  DFF        Name(Last) r:/WORK/g03_top_IO/u_g03_soc/u_core_xyh/u_idu_exu/imm_ff/qout_r_reg[25]
  Impl DFF        Name(Last) i:/WORK/g03_top_IO/u_g03_soc/u_core_xyh/u_idu_exu/imm_ff/qout_r_reg[25]

  Ref  DFF        Name(Last) r:/WORK/g03_top_IO/u_g03_soc/u_core_xyh/u_idu_exu/imm_ff/qout_r_reg[26]
  Impl DFF        Name(Last) i:/WORK/g03_top_IO/u_g03_soc/u_core_xyh/u_idu_exu/imm_ff/qout_r_reg[26]

  Ref  DFF        Name(Last) r:/WORK/g03_top_IO/u_g03_soc/u_core_xyh/u_idu_exu/imm_ff/qout_r_reg[27]
  Impl DFF        Name(Last) i:/WORK/g03_top_IO/u_g03_soc/u_core_xyh/u_idu_exu/imm_ff/qout_r_reg[27]

  Ref  DFF        Name(Last) r:/WORK/g03_top_IO/u_g03_soc/u_core_xyh/u_idu_exu/imm_ff/qout_r_reg[28]
  Impl DFF        Name(Last) i:/WORK/g03_top_IO/u_g03_soc/u_core_xyh/u_idu_exu/imm_ff/qout_r_reg[28]

  Ref  DFF        Name(Last) r:/WORK/g03_top_IO/u_g03_soc/u_core_xyh/u_idu_exu/imm_ff/qout_r_reg[29]
  Impl DFF        Name(Last) i:/WORK/g03_top_IO/u_g03_soc/u_core_xyh/u_idu_exu/imm_ff/qout_r_reg[29]

  Ref  DFF        Name(Last) r:/WORK/g03_top_IO/u_g03_soc/u_core_xyh/u_idu_exu/imm_ff/qout_r_reg[2]
  Impl DFF        Name(Last) i:/WORK/g03_top_IO/u_g03_soc/u_core_xyh/u_idu_exu/imm_ff/qout_r_reg[2]

  Ref  DFF        Name(Last) r:/WORK/g03_top_IO/u_g03_soc/u_core_xyh/u_idu_exu/imm_ff/qout_r_reg[30]
  Impl DFF        Name(Last) i:/WORK/g03_top_IO/u_g03_soc/u_core_xyh/u_idu_exu/imm_ff/qout_r_reg[30]

  Ref  DFF        Name(Last) r:/WORK/g03_top_IO/u_g03_soc/u_core_xyh/u_idu_exu/imm_ff/qout_r_reg[31]
  Impl DFF        Name(Last) i:/WORK/g03_top_IO/u_g03_soc/u_core_xyh/u_idu_exu/imm_ff/qout_r_reg[31]

  Ref  DFF        Name(Last) r:/WORK/g03_top_IO/u_g03_soc/u_core_xyh/u_idu_exu/imm_ff/qout_r_reg[3]
  Impl DFF        Name(Last) i:/WORK/g03_top_IO/u_g03_soc/u_core_xyh/u_idu_exu/imm_ff/qout_r_reg[3]

  Ref  DFF        Name(Last) r:/WORK/g03_top_IO/u_g03_soc/u_core_xyh/u_idu_exu/imm_ff/qout_r_reg[4]
  Impl DFF        Name(Last) i:/WORK/g03_top_IO/u_g03_soc/u_core_xyh/u_idu_exu/imm_ff/qout_r_reg[4]

  Ref  DFF        Name(Last) r:/WORK/g03_top_IO/u_g03_soc/u_core_xyh/u_idu_exu/imm_ff/qout_r_reg[5]
  Impl DFF        Name(Last) i:/WORK/g03_top_IO/u_g03_soc/u_core_xyh/u_idu_exu/imm_ff/qout_r_reg[5]

  Ref  DFF        Name(Last) r:/WORK/g03_top_IO/u_g03_soc/u_core_xyh/u_idu_exu/imm_ff/qout_r_reg[6]
  Impl DFF        Name(Last) i:/WORK/g03_top_IO/u_g03_soc/u_core_xyh/u_idu_exu/imm_ff/qout_r_reg[6]

  Ref  DFF        Name(Last) r:/WORK/g03_top_IO/u_g03_soc/u_core_xyh/u_idu_exu/imm_ff/qout_r_reg[7]
  Impl DFF        Name(Last) i:/WORK/g03_top_IO/u_g03_soc/u_core_xyh/u_idu_exu/imm_ff/qout_r_reg[7]

  Ref  DFF        Name(Last) r:/WORK/g03_top_IO/u_g03_soc/u_core_xyh/u_idu_exu/imm_ff/qout_r_reg[8]
  Impl DFF        Name(Last) i:/WORK/g03_top_IO/u_g03_soc/u_core_xyh/u_idu_exu/imm_ff/qout_r_reg[8]

  Ref  DFF        Name(Last) r:/WORK/g03_top_IO/u_g03_soc/u_core_xyh/u_idu_exu/imm_ff/qout_r_reg[9]
  Impl DFF        Name(Last) i:/WORK/g03_top_IO/u_g03_soc/u_core_xyh/u_idu_exu/imm_ff/qout_r_reg[9]

  Ref  DFF        Name(Last) r:/WORK/g03_top_IO/u_g03_soc/u_core_xyh/u_idu_exu/info_bus_ff/qout_r_reg[0]
  Impl DFF        Name(Last) i:/WORK/g03_top_IO/u_g03_soc/u_core_xyh/u_idu_exu/info_bus_ff/qout_r_reg[0]

  Ref  DFF        Name(Last) r:/WORK/g03_top_IO/u_g03_soc/u_core_xyh/u_idu_exu/info_bus_ff/qout_r_reg[10]
  Impl DFF        Name(Last) i:/WORK/g03_top_IO/u_g03_soc/u_core_xyh/u_idu_exu/info_bus_ff/qout_r_reg[10]

  Ref  DFF        Name(Last) r:/WORK/g03_top_IO/u_g03_soc/u_core_xyh/u_idu_exu/info_bus_ff/qout_r_reg[11]
  Impl DFF        Name(Last) i:/WORK/g03_top_IO/u_g03_soc/u_core_xyh/u_idu_exu/info_bus_ff/qout_r_reg[11]

  Ref  DFF        Name(Last) r:/WORK/g03_top_IO/u_g03_soc/u_core_xyh/u_idu_exu/info_bus_ff/qout_r_reg[12]
  Impl DFF        Name(Last) i:/WORK/g03_top_IO/u_g03_soc/u_core_xyh/u_idu_exu/info_bus_ff/qout_r_reg[12]

  Ref  DFF        Name(Last) r:/WORK/g03_top_IO/u_g03_soc/u_core_xyh/u_idu_exu/info_bus_ff/qout_r_reg[13]
  Impl DFF        Name(Last) i:/WORK/g03_top_IO/u_g03_soc/u_core_xyh/u_idu_exu/info_bus_ff/qout_r_reg[13]

  Ref  DFF        Name(Last) r:/WORK/g03_top_IO/u_g03_soc/u_core_xyh/u_idu_exu/info_bus_ff/qout_r_reg[14]
  Impl DFF        Name(Last) i:/WORK/g03_top_IO/u_g03_soc/u_core_xyh/u_idu_exu/info_bus_ff/qout_r_reg[14]

  Ref  DFF        Name(Last) r:/WORK/g03_top_IO/u_g03_soc/u_core_xyh/u_idu_exu/info_bus_ff/qout_r_reg[15]
  Impl DFF        Name(Last) i:/WORK/g03_top_IO/u_g03_soc/u_core_xyh/u_idu_exu/info_bus_ff/qout_r_reg[15]

  Ref  DFF        Name(Last) r:/WORK/g03_top_IO/u_g03_soc/u_core_xyh/u_idu_exu/info_bus_ff/qout_r_reg[16]
  Impl DFF        Name(Last) i:/WORK/g03_top_IO/u_g03_soc/u_core_xyh/u_idu_exu/info_bus_ff/qout_r_reg[16]

  Ref  DFF        Name(Last) r:/WORK/g03_top_IO/u_g03_soc/u_core_xyh/u_idu_exu/info_bus_ff/qout_r_reg[1]
  Impl DFF        Name(Last) i:/WORK/g03_top_IO/u_g03_soc/u_core_xyh/u_idu_exu/info_bus_ff/qout_r_reg[1]

  Ref  DFF        Name(Last) r:/WORK/g03_top_IO/u_g03_soc/u_core_xyh/u_idu_exu/info_bus_ff/qout_r_reg[2]
  Impl DFF        Name(Last) i:/WORK/g03_top_IO/u_g03_soc/u_core_xyh/u_idu_exu/info_bus_ff/qout_r_reg[2]

  Ref  DFF        Name(Last) r:/WORK/g03_top_IO/u_g03_soc/u_core_xyh/u_idu_exu/info_bus_ff/qout_r_reg[3]
  Impl DFF        Name(Last) i:/WORK/g03_top_IO/u_g03_soc/u_core_xyh/u_idu_exu/info_bus_ff/qout_r_reg[3]

  Ref  DFF        Name(Last) r:/WORK/g03_top_IO/u_g03_soc/u_core_xyh/u_idu_exu/info_bus_ff/qout_r_reg[4]
  Impl DFF        Name(Last) i:/WORK/g03_top_IO/u_g03_soc/u_core_xyh/u_idu_exu/info_bus_ff/qout_r_reg[4]

  Ref  DFF        Name(Last) r:/WORK/g03_top_IO/u_g03_soc/u_core_xyh/u_idu_exu/info_bus_ff/qout_r_reg[5]
  Impl DFF        Name(Last) i:/WORK/g03_top_IO/u_g03_soc/u_core_xyh/u_idu_exu/info_bus_ff/qout_r_reg[5]

  Ref  DFF        Name(Last) r:/WORK/g03_top_IO/u_g03_soc/u_core_xyh/u_idu_exu/info_bus_ff/qout_r_reg[6]
  Impl DFF        Name(Last) i:/WORK/g03_top_IO/u_g03_soc/u_core_xyh/u_idu_exu/info_bus_ff/qout_r_reg[6]

  Ref  DFF        Name(Last) r:/WORK/g03_top_IO/u_g03_soc/u_core_xyh/u_idu_exu/info_bus_ff/qout_r_reg[7]
  Impl DFF        Name(Last) i:/WORK/g03_top_IO/u_g03_soc/u_core_xyh/u_idu_exu/info_bus_ff/qout_r_reg[7]

  Ref  DFF        Name(Last) r:/WORK/g03_top_IO/u_g03_soc/u_core_xyh/u_idu_exu/info_bus_ff/qout_r_reg[8]
  Impl DFF        Name(Last) i:/WORK/g03_top_IO/u_g03_soc/u_core_xyh/u_idu_exu/info_bus_ff/qout_r_reg[8]

  Ref  DFF        Name(Last) r:/WORK/g03_top_IO/u_g03_soc/u_core_xyh/u_idu_exu/info_bus_ff/qout_r_reg[9]
  Impl DFF        Name(Last) i:/WORK/g03_top_IO/u_g03_soc/u_core_xyh/u_idu_exu/info_bus_ff/qout_r_reg[9]

  Ref  DFF        Name(Last) r:/WORK/g03_top_IO/u_g03_soc/u_core_xyh/u_idu_exu/pc_ff/qout_r_reg[0]
  Impl DFF        Name(Last) i:/WORK/g03_top_IO/u_g03_soc/u_core_xyh/u_idu_exu/pc_ff/qout_r_reg[0]

  Ref  DFF        Name(Last) r:/WORK/g03_top_IO/u_g03_soc/u_core_xyh/u_idu_exu/pc_ff/qout_r_reg[10]
  Impl DFF        Name(Last) i:/WORK/g03_top_IO/u_g03_soc/u_core_xyh/u_idu_exu/pc_ff/qout_r_reg[10]

  Ref  DFF        Name(Last) r:/WORK/g03_top_IO/u_g03_soc/u_core_xyh/u_idu_exu/pc_ff/qout_r_reg[11]
  Impl DFF        Name(Last) i:/WORK/g03_top_IO/u_g03_soc/u_core_xyh/u_idu_exu/pc_ff/qout_r_reg[11]

  Ref  DFF        Name(Last) r:/WORK/g03_top_IO/u_g03_soc/u_core_xyh/u_idu_exu/pc_ff/qout_r_reg[12]
  Impl DFF        Name(Last) i:/WORK/g03_top_IO/u_g03_soc/u_core_xyh/u_idu_exu/pc_ff/qout_r_reg[12]

  Ref  DFF        Name(Last) r:/WORK/g03_top_IO/u_g03_soc/u_core_xyh/u_idu_exu/pc_ff/qout_r_reg[13]
  Impl DFF        Name(Last) i:/WORK/g03_top_IO/u_g03_soc/u_core_xyh/u_idu_exu/pc_ff/qout_r_reg[13]

  Ref  DFF        Name(Last) r:/WORK/g03_top_IO/u_g03_soc/u_core_xyh/u_idu_exu/pc_ff/qout_r_reg[14]
  Impl DFF        Name(Last) i:/WORK/g03_top_IO/u_g03_soc/u_core_xyh/u_idu_exu/pc_ff/qout_r_reg[14]

  Ref  DFF        Name(Last) r:/WORK/g03_top_IO/u_g03_soc/u_core_xyh/u_idu_exu/pc_ff/qout_r_reg[15]
  Impl DFF        Name(Last) i:/WORK/g03_top_IO/u_g03_soc/u_core_xyh/u_idu_exu/pc_ff/qout_r_reg[15]

  Ref  DFF        Name(Last) r:/WORK/g03_top_IO/u_g03_soc/u_core_xyh/u_idu_exu/pc_ff/qout_r_reg[16]
  Impl DFF        Name(Last) i:/WORK/g03_top_IO/u_g03_soc/u_core_xyh/u_idu_exu/pc_ff/qout_r_reg[16]

  Ref  DFF        Name(Last) r:/WORK/g03_top_IO/u_g03_soc/u_core_xyh/u_idu_exu/pc_ff/qout_r_reg[17]
  Impl DFF        Name(Last) i:/WORK/g03_top_IO/u_g03_soc/u_core_xyh/u_idu_exu/pc_ff/qout_r_reg[17]

  Ref  DFF        Name(Last) r:/WORK/g03_top_IO/u_g03_soc/u_core_xyh/u_idu_exu/pc_ff/qout_r_reg[18]
  Impl DFF        Name(Last) i:/WORK/g03_top_IO/u_g03_soc/u_core_xyh/u_idu_exu/pc_ff/qout_r_reg[18]

  Ref  DFF        Name(Last) r:/WORK/g03_top_IO/u_g03_soc/u_core_xyh/u_idu_exu/pc_ff/qout_r_reg[19]
  Impl DFF        Name(Last) i:/WORK/g03_top_IO/u_g03_soc/u_core_xyh/u_idu_exu/pc_ff/qout_r_reg[19]

  Ref  DFF        Name(Last) r:/WORK/g03_top_IO/u_g03_soc/u_core_xyh/u_idu_exu/pc_ff/qout_r_reg[1]
  Impl DFF        Name(Last) i:/WORK/g03_top_IO/u_g03_soc/u_core_xyh/u_idu_exu/pc_ff/qout_r_reg[1]

  Ref  DFF        Name(Last) r:/WORK/g03_top_IO/u_g03_soc/u_core_xyh/u_idu_exu/pc_ff/qout_r_reg[20]
  Impl DFF        Name(Last) i:/WORK/g03_top_IO/u_g03_soc/u_core_xyh/u_idu_exu/pc_ff/qout_r_reg[20]

  Ref  DFF        Name(Last) r:/WORK/g03_top_IO/u_g03_soc/u_core_xyh/u_idu_exu/pc_ff/qout_r_reg[21]
  Impl DFF        Name(Last) i:/WORK/g03_top_IO/u_g03_soc/u_core_xyh/u_idu_exu/pc_ff/qout_r_reg[21]

  Ref  DFF        Name(Last) r:/WORK/g03_top_IO/u_g03_soc/u_core_xyh/u_idu_exu/pc_ff/qout_r_reg[22]
  Impl DFF        Name(Last) i:/WORK/g03_top_IO/u_g03_soc/u_core_xyh/u_idu_exu/pc_ff/qout_r_reg[22]

  Ref  DFF        Name(Last) r:/WORK/g03_top_IO/u_g03_soc/u_core_xyh/u_idu_exu/pc_ff/qout_r_reg[23]
  Impl DFF        Name(Last) i:/WORK/g03_top_IO/u_g03_soc/u_core_xyh/u_idu_exu/pc_ff/qout_r_reg[23]

  Ref  DFF        Name(Last) r:/WORK/g03_top_IO/u_g03_soc/u_core_xyh/u_idu_exu/pc_ff/qout_r_reg[24]
  Impl DFF        Name(Last) i:/WORK/g03_top_IO/u_g03_soc/u_core_xyh/u_idu_exu/pc_ff/qout_r_reg[24]

  Ref  DFF        Name(Last) r:/WORK/g03_top_IO/u_g03_soc/u_core_xyh/u_idu_exu/pc_ff/qout_r_reg[25]
  Impl DFF        Name(Last) i:/WORK/g03_top_IO/u_g03_soc/u_core_xyh/u_idu_exu/pc_ff/qout_r_reg[25]

  Ref  DFF        Name(Last) r:/WORK/g03_top_IO/u_g03_soc/u_core_xyh/u_idu_exu/pc_ff/qout_r_reg[26]
  Impl DFF        Name(Last) i:/WORK/g03_top_IO/u_g03_soc/u_core_xyh/u_idu_exu/pc_ff/qout_r_reg[26]

  Ref  DFF        Name(Last) r:/WORK/g03_top_IO/u_g03_soc/u_core_xyh/u_idu_exu/pc_ff/qout_r_reg[27]
  Impl DFF        Name(Last) i:/WORK/g03_top_IO/u_g03_soc/u_core_xyh/u_idu_exu/pc_ff/qout_r_reg[27]

  Ref  DFF        Name(Last) r:/WORK/g03_top_IO/u_g03_soc/u_core_xyh/u_idu_exu/pc_ff/qout_r_reg[28]
  Impl DFF        Name(Last) i:/WORK/g03_top_IO/u_g03_soc/u_core_xyh/u_idu_exu/pc_ff/qout_r_reg[28]

  Ref  DFF        Name(Last) r:/WORK/g03_top_IO/u_g03_soc/u_core_xyh/u_idu_exu/pc_ff/qout_r_reg[29]
  Impl DFF        Name(Last) i:/WORK/g03_top_IO/u_g03_soc/u_core_xyh/u_idu_exu/pc_ff/qout_r_reg[29]

  Ref  DFF        Name(Last) r:/WORK/g03_top_IO/u_g03_soc/u_core_xyh/u_idu_exu/pc_ff/qout_r_reg[2]
  Impl DFF        Name(Last) i:/WORK/g03_top_IO/u_g03_soc/u_core_xyh/u_idu_exu/pc_ff/qout_r_reg[2]

  Ref  DFF        Name(Last) r:/WORK/g03_top_IO/u_g03_soc/u_core_xyh/u_idu_exu/pc_ff/qout_r_reg[30]
  Impl DFF        Name(Last) i:/WORK/g03_top_IO/u_g03_soc/u_core_xyh/u_idu_exu/pc_ff/qout_r_reg[30]

  Ref  DFF        Name(Last) r:/WORK/g03_top_IO/u_g03_soc/u_core_xyh/u_idu_exu/pc_ff/qout_r_reg[3]
  Impl DFF        Name(Last) i:/WORK/g03_top_IO/u_g03_soc/u_core_xyh/u_idu_exu/pc_ff/qout_r_reg[3]

  Ref  DFF        Name(Last) r:/WORK/g03_top_IO/u_g03_soc/u_core_xyh/u_idu_exu/pc_ff/qout_r_reg[4]
  Impl DFF        Name(Last) i:/WORK/g03_top_IO/u_g03_soc/u_core_xyh/u_idu_exu/pc_ff/qout_r_reg[4]

  Ref  DFF        Name(Last) r:/WORK/g03_top_IO/u_g03_soc/u_core_xyh/u_idu_exu/pc_ff/qout_r_reg[5]
  Impl DFF        Name(Last) i:/WORK/g03_top_IO/u_g03_soc/u_core_xyh/u_idu_exu/pc_ff/qout_r_reg[5]

  Ref  DFF        Name(Last) r:/WORK/g03_top_IO/u_g03_soc/u_core_xyh/u_idu_exu/pc_ff/qout_r_reg[6]
  Impl DFF        Name(Last) i:/WORK/g03_top_IO/u_g03_soc/u_core_xyh/u_idu_exu/pc_ff/qout_r_reg[6]

  Ref  DFF        Name(Last) r:/WORK/g03_top_IO/u_g03_soc/u_core_xyh/u_idu_exu/pc_ff/qout_r_reg[7]
  Impl DFF        Name(Last) i:/WORK/g03_top_IO/u_g03_soc/u_core_xyh/u_idu_exu/pc_ff/qout_r_reg[7]

  Ref  DFF        Name(Last) r:/WORK/g03_top_IO/u_g03_soc/u_core_xyh/u_idu_exu/pc_ff/qout_r_reg[8]
  Impl DFF        Name(Last) i:/WORK/g03_top_IO/u_g03_soc/u_core_xyh/u_idu_exu/pc_ff/qout_r_reg[8]

  Ref  DFF        Name(Last) r:/WORK/g03_top_IO/u_g03_soc/u_core_xyh/u_idu_exu/pc_ff/qout_r_reg[9]
  Impl DFF        Name(Last) i:/WORK/g03_top_IO/u_g03_soc/u_core_xyh/u_idu_exu/pc_ff/qout_r_reg[9]

  Ref  DFF        Name(Last) r:/WORK/g03_top_IO/u_g03_soc/u_core_xyh/u_idu_exu/rd_waddr_ff/qout_r_reg[0]
  Impl DFF        Name(Last) i:/WORK/g03_top_IO/u_g03_soc/u_core_xyh/u_idu_exu/rd_waddr_ff/qout_r_reg[0]

  Ref  DFF        Name(Last) r:/WORK/g03_top_IO/u_g03_soc/u_core_xyh/u_idu_exu/rd_waddr_ff/qout_r_reg[1]
  Impl DFF        Name(Last) i:/WORK/g03_top_IO/u_g03_soc/u_core_xyh/u_idu_exu/rd_waddr_ff/qout_r_reg[1]

  Ref  DFF        Name(Last) r:/WORK/g03_top_IO/u_g03_soc/u_core_xyh/u_idu_exu/rd_waddr_ff/qout_r_reg[2]
  Impl DFF        Name(Last) i:/WORK/g03_top_IO/u_g03_soc/u_core_xyh/u_idu_exu/rd_waddr_ff/qout_r_reg[2]

  Ref  DFF        Name(Last) r:/WORK/g03_top_IO/u_g03_soc/u_core_xyh/u_idu_exu/rd_waddr_ff/qout_r_reg[3]
  Impl DFF        Name(Last) i:/WORK/g03_top_IO/u_g03_soc/u_core_xyh/u_idu_exu/rd_waddr_ff/qout_r_reg[3]

  Ref  DFF        Name(Last) r:/WORK/g03_top_IO/u_g03_soc/u_core_xyh/u_idu_exu/rd_waddr_ff/qout_r_reg[4]
  Impl DFF        Name(Last) i:/WORK/g03_top_IO/u_g03_soc/u_core_xyh/u_idu_exu/rd_waddr_ff/qout_r_reg[4]

  Ref  DFF        Name(Last) r:/WORK/g03_top_IO/u_g03_soc/u_core_xyh/u_idu_exu/rd_we_ff/qout_r_reg[0]
  Impl DFF        Name(Last) i:/WORK/g03_top_IO/u_g03_soc/u_core_xyh/u_idu_exu/rd_we_ff/qout_r_reg[0]

  Ref  DFF        Name(Last) r:/WORK/g03_top_IO/u_g03_soc/u_core_xyh/u_idu_exu/rs1_rdata_ff/qout_r_reg[0]
  Impl DFF        Name(Last) i:/WORK/g03_top_IO/u_g03_soc/u_core_xyh/u_idu_exu/rs1_rdata_ff/qout_r_reg[0]

  Ref  DFF        Name(Last) r:/WORK/g03_top_IO/u_g03_soc/u_core_xyh/u_idu_exu/rs1_rdata_ff/qout_r_reg[10]
  Impl DFF        Name(Last) i:/WORK/g03_top_IO/u_g03_soc/u_core_xyh/u_idu_exu/rs1_rdata_ff/qout_r_reg[10]

  Ref  DFF        Name(Last) r:/WORK/g03_top_IO/u_g03_soc/u_core_xyh/u_idu_exu/rs1_rdata_ff/qout_r_reg[11]
  Impl DFF        Name(Last) i:/WORK/g03_top_IO/u_g03_soc/u_core_xyh/u_idu_exu/rs1_rdata_ff/qout_r_reg[11]

  Ref  DFF        Name(Last) r:/WORK/g03_top_IO/u_g03_soc/u_core_xyh/u_idu_exu/rs1_rdata_ff/qout_r_reg[12]
  Impl DFF        Name(Last) i:/WORK/g03_top_IO/u_g03_soc/u_core_xyh/u_idu_exu/rs1_rdata_ff/qout_r_reg[12]

  Ref  DFF        Name(Last) r:/WORK/g03_top_IO/u_g03_soc/u_core_xyh/u_idu_exu/rs1_rdata_ff/qout_r_reg[13]
  Impl DFF        Name(Last) i:/WORK/g03_top_IO/u_g03_soc/u_core_xyh/u_idu_exu/rs1_rdata_ff/qout_r_reg[13]

  Ref  DFF        Name(Last) r:/WORK/g03_top_IO/u_g03_soc/u_core_xyh/u_idu_exu/rs1_rdata_ff/qout_r_reg[14]
  Impl DFF        Name(Last) i:/WORK/g03_top_IO/u_g03_soc/u_core_xyh/u_idu_exu/rs1_rdata_ff/qout_r_reg[14]

  Ref  DFF        Name(Last) r:/WORK/g03_top_IO/u_g03_soc/u_core_xyh/u_idu_exu/rs1_rdata_ff/qout_r_reg[15]
  Impl DFF        Name(Last) i:/WORK/g03_top_IO/u_g03_soc/u_core_xyh/u_idu_exu/rs1_rdata_ff/qout_r_reg[15]

  Ref  DFF        Name(Last) r:/WORK/g03_top_IO/u_g03_soc/u_core_xyh/u_idu_exu/rs1_rdata_ff/qout_r_reg[16]
  Impl DFF        Name(Last) i:/WORK/g03_top_IO/u_g03_soc/u_core_xyh/u_idu_exu/rs1_rdata_ff/qout_r_reg[16]

  Ref  DFF        Name(Last) r:/WORK/g03_top_IO/u_g03_soc/u_core_xyh/u_idu_exu/rs1_rdata_ff/qout_r_reg[17]
  Impl DFF        Name(Last) i:/WORK/g03_top_IO/u_g03_soc/u_core_xyh/u_idu_exu/rs1_rdata_ff/qout_r_reg[17]

  Ref  DFF        Name(Last) r:/WORK/g03_top_IO/u_g03_soc/u_core_xyh/u_idu_exu/rs1_rdata_ff/qout_r_reg[18]
  Impl DFF        Name(Last) i:/WORK/g03_top_IO/u_g03_soc/u_core_xyh/u_idu_exu/rs1_rdata_ff/qout_r_reg[18]

  Ref  DFF        Name(Last) r:/WORK/g03_top_IO/u_g03_soc/u_core_xyh/u_idu_exu/rs1_rdata_ff/qout_r_reg[19]
  Impl DFF        Name(Last) i:/WORK/g03_top_IO/u_g03_soc/u_core_xyh/u_idu_exu/rs1_rdata_ff/qout_r_reg[19]

  Ref  DFF        Name(Last) r:/WORK/g03_top_IO/u_g03_soc/u_core_xyh/u_idu_exu/rs1_rdata_ff/qout_r_reg[1]
  Impl DFF        Name(Last) i:/WORK/g03_top_IO/u_g03_soc/u_core_xyh/u_idu_exu/rs1_rdata_ff/qout_r_reg[1]

  Ref  DFF        Name(Last) r:/WORK/g03_top_IO/u_g03_soc/u_core_xyh/u_idu_exu/rs1_rdata_ff/qout_r_reg[20]
  Impl DFF        Name(Last) i:/WORK/g03_top_IO/u_g03_soc/u_core_xyh/u_idu_exu/rs1_rdata_ff/qout_r_reg[20]

  Ref  DFF        Name(Last) r:/WORK/g03_top_IO/u_g03_soc/u_core_xyh/u_idu_exu/rs1_rdata_ff/qout_r_reg[21]
  Impl DFF        Name(Last) i:/WORK/g03_top_IO/u_g03_soc/u_core_xyh/u_idu_exu/rs1_rdata_ff/qout_r_reg[21]

  Ref  DFF        Name(Last) r:/WORK/g03_top_IO/u_g03_soc/u_core_xyh/u_idu_exu/rs1_rdata_ff/qout_r_reg[22]
  Impl DFF        Name(Last) i:/WORK/g03_top_IO/u_g03_soc/u_core_xyh/u_idu_exu/rs1_rdata_ff/qout_r_reg[22]

  Ref  DFF        Name(Last) r:/WORK/g03_top_IO/u_g03_soc/u_core_xyh/u_idu_exu/rs1_rdata_ff/qout_r_reg[23]
  Impl DFF        Name(Last) i:/WORK/g03_top_IO/u_g03_soc/u_core_xyh/u_idu_exu/rs1_rdata_ff/qout_r_reg[23]

  Ref  DFF        Name(Last) r:/WORK/g03_top_IO/u_g03_soc/u_core_xyh/u_idu_exu/rs1_rdata_ff/qout_r_reg[24]
  Impl DFF        Name(Last) i:/WORK/g03_top_IO/u_g03_soc/u_core_xyh/u_idu_exu/rs1_rdata_ff/qout_r_reg[24]

  Ref  DFF        Name(Last) r:/WORK/g03_top_IO/u_g03_soc/u_core_xyh/u_idu_exu/rs1_rdata_ff/qout_r_reg[25]
  Impl DFF        Name(Last) i:/WORK/g03_top_IO/u_g03_soc/u_core_xyh/u_idu_exu/rs1_rdata_ff/qout_r_reg[25]

  Ref  DFF        Name(Last) r:/WORK/g03_top_IO/u_g03_soc/u_core_xyh/u_idu_exu/rs1_rdata_ff/qout_r_reg[26]
  Impl DFF        Name(Last) i:/WORK/g03_top_IO/u_g03_soc/u_core_xyh/u_idu_exu/rs1_rdata_ff/qout_r_reg[26]

  Ref  DFF        Name(Last) r:/WORK/g03_top_IO/u_g03_soc/u_core_xyh/u_idu_exu/rs1_rdata_ff/qout_r_reg[27]
  Impl DFF        Name(Last) i:/WORK/g03_top_IO/u_g03_soc/u_core_xyh/u_idu_exu/rs1_rdata_ff/qout_r_reg[27]

  Ref  DFF        Name(Last) r:/WORK/g03_top_IO/u_g03_soc/u_core_xyh/u_idu_exu/rs1_rdata_ff/qout_r_reg[28]
  Impl DFF        Name(Last) i:/WORK/g03_top_IO/u_g03_soc/u_core_xyh/u_idu_exu/rs1_rdata_ff/qout_r_reg[28]

  Ref  DFF        Name(Last) r:/WORK/g03_top_IO/u_g03_soc/u_core_xyh/u_idu_exu/rs1_rdata_ff/qout_r_reg[29]
  Impl DFF        Name(Last) i:/WORK/g03_top_IO/u_g03_soc/u_core_xyh/u_idu_exu/rs1_rdata_ff/qout_r_reg[29]

  Ref  DFF        Name(Last) r:/WORK/g03_top_IO/u_g03_soc/u_core_xyh/u_idu_exu/rs1_rdata_ff/qout_r_reg[2]
  Impl DFF        Name(Last) i:/WORK/g03_top_IO/u_g03_soc/u_core_xyh/u_idu_exu/rs1_rdata_ff/qout_r_reg[2]

  Ref  DFF        Name(Last) r:/WORK/g03_top_IO/u_g03_soc/u_core_xyh/u_idu_exu/rs1_rdata_ff/qout_r_reg[30]
  Impl DFF        Name(Last) i:/WORK/g03_top_IO/u_g03_soc/u_core_xyh/u_idu_exu/rs1_rdata_ff/qout_r_reg[30]

  Ref  DFF        Name(Last) r:/WORK/g03_top_IO/u_g03_soc/u_core_xyh/u_idu_exu/rs1_rdata_ff/qout_r_reg[31]
  Impl DFF        Name(Last) i:/WORK/g03_top_IO/u_g03_soc/u_core_xyh/u_idu_exu/rs1_rdata_ff/qout_r_reg[31]

  Ref  DFF        Name(Last) r:/WORK/g03_top_IO/u_g03_soc/u_core_xyh/u_idu_exu/rs1_rdata_ff/qout_r_reg[3]
  Impl DFF        Name(Last) i:/WORK/g03_top_IO/u_g03_soc/u_core_xyh/u_idu_exu/rs1_rdata_ff/qout_r_reg[3]

  Ref  DFF        Name(Last) r:/WORK/g03_top_IO/u_g03_soc/u_core_xyh/u_idu_exu/rs1_rdata_ff/qout_r_reg[4]
  Impl DFF        Name(Last) i:/WORK/g03_top_IO/u_g03_soc/u_core_xyh/u_idu_exu/rs1_rdata_ff/qout_r_reg[4]

  Ref  DFF        Name(Last) r:/WORK/g03_top_IO/u_g03_soc/u_core_xyh/u_idu_exu/rs1_rdata_ff/qout_r_reg[5]
  Impl DFF        Name(Last) i:/WORK/g03_top_IO/u_g03_soc/u_core_xyh/u_idu_exu/rs1_rdata_ff/qout_r_reg[5]

  Ref  DFF        Name(Last) r:/WORK/g03_top_IO/u_g03_soc/u_core_xyh/u_idu_exu/rs1_rdata_ff/qout_r_reg[6]
  Impl DFF        Name(Last) i:/WORK/g03_top_IO/u_g03_soc/u_core_xyh/u_idu_exu/rs1_rdata_ff/qout_r_reg[6]

  Ref  DFF        Name(Last) r:/WORK/g03_top_IO/u_g03_soc/u_core_xyh/u_idu_exu/rs1_rdata_ff/qout_r_reg[7]
  Impl DFF        Name(Last) i:/WORK/g03_top_IO/u_g03_soc/u_core_xyh/u_idu_exu/rs1_rdata_ff/qout_r_reg[7]

  Ref  DFF        Name(Last) r:/WORK/g03_top_IO/u_g03_soc/u_core_xyh/u_idu_exu/rs1_rdata_ff/qout_r_reg[8]
  Impl DFF        Name(Last) i:/WORK/g03_top_IO/u_g03_soc/u_core_xyh/u_idu_exu/rs1_rdata_ff/qout_r_reg[8]

  Ref  DFF        Name(Last) r:/WORK/g03_top_IO/u_g03_soc/u_core_xyh/u_idu_exu/rs1_rdata_ff/qout_r_reg[9]
  Impl DFF        Name(Last) i:/WORK/g03_top_IO/u_g03_soc/u_core_xyh/u_idu_exu/rs1_rdata_ff/qout_r_reg[9]

  Ref  DFF        Name(Last) r:/WORK/g03_top_IO/u_g03_soc/u_core_xyh/u_idu_exu/rs2_rdata_ff/qout_r_reg[0]
  Impl DFF        Name(Last) i:/WORK/g03_top_IO/u_g03_soc/u_core_xyh/u_idu_exu/rs2_rdata_ff/qout_r_reg[0]

  Ref  DFF        Name(Last) r:/WORK/g03_top_IO/u_g03_soc/u_core_xyh/u_idu_exu/rs2_rdata_ff/qout_r_reg[10]
  Impl DFF        Name(Last) i:/WORK/g03_top_IO/u_g03_soc/u_core_xyh/u_idu_exu/rs2_rdata_ff/qout_r_reg[10]

  Ref  DFF        Name(Last) r:/WORK/g03_top_IO/u_g03_soc/u_core_xyh/u_idu_exu/rs2_rdata_ff/qout_r_reg[11]
  Impl DFF        Name(Last) i:/WORK/g03_top_IO/u_g03_soc/u_core_xyh/u_idu_exu/rs2_rdata_ff/qout_r_reg[11]

  Ref  DFF        Name(Last) r:/WORK/g03_top_IO/u_g03_soc/u_core_xyh/u_idu_exu/rs2_rdata_ff/qout_r_reg[12]
  Impl DFF        Name(Last) i:/WORK/g03_top_IO/u_g03_soc/u_core_xyh/u_idu_exu/rs2_rdata_ff/qout_r_reg[12]

  Ref  DFF        Name(Last) r:/WORK/g03_top_IO/u_g03_soc/u_core_xyh/u_idu_exu/rs2_rdata_ff/qout_r_reg[13]
  Impl DFF        Name(Last) i:/WORK/g03_top_IO/u_g03_soc/u_core_xyh/u_idu_exu/rs2_rdata_ff/qout_r_reg[13]

  Ref  DFF        Name(Last) r:/WORK/g03_top_IO/u_g03_soc/u_core_xyh/u_idu_exu/rs2_rdata_ff/qout_r_reg[14]
  Impl DFF        Name(Last) i:/WORK/g03_top_IO/u_g03_soc/u_core_xyh/u_idu_exu/rs2_rdata_ff/qout_r_reg[14]

  Ref  DFF        Name(Last) r:/WORK/g03_top_IO/u_g03_soc/u_core_xyh/u_idu_exu/rs2_rdata_ff/qout_r_reg[15]
  Impl DFF        Name(Last) i:/WORK/g03_top_IO/u_g03_soc/u_core_xyh/u_idu_exu/rs2_rdata_ff/qout_r_reg[15]

  Ref  DFF        Name(Last) r:/WORK/g03_top_IO/u_g03_soc/u_core_xyh/u_idu_exu/rs2_rdata_ff/qout_r_reg[16]
  Impl DFF        Name(Last) i:/WORK/g03_top_IO/u_g03_soc/u_core_xyh/u_idu_exu/rs2_rdata_ff/qout_r_reg[16]

  Ref  DFF        Name(Last) r:/WORK/g03_top_IO/u_g03_soc/u_core_xyh/u_idu_exu/rs2_rdata_ff/qout_r_reg[17]
  Impl DFF        Name(Last) i:/WORK/g03_top_IO/u_g03_soc/u_core_xyh/u_idu_exu/rs2_rdata_ff/qout_r_reg[17]

  Ref  DFF        Name(Last) r:/WORK/g03_top_IO/u_g03_soc/u_core_xyh/u_idu_exu/rs2_rdata_ff/qout_r_reg[18]
  Impl DFF        Name(Last) i:/WORK/g03_top_IO/u_g03_soc/u_core_xyh/u_idu_exu/rs2_rdata_ff/qout_r_reg[18]

  Ref  DFF        Name(Last) r:/WORK/g03_top_IO/u_g03_soc/u_core_xyh/u_idu_exu/rs2_rdata_ff/qout_r_reg[19]
  Impl DFF        Name(Last) i:/WORK/g03_top_IO/u_g03_soc/u_core_xyh/u_idu_exu/rs2_rdata_ff/qout_r_reg[19]

  Ref  DFF        Name(Last) r:/WORK/g03_top_IO/u_g03_soc/u_core_xyh/u_idu_exu/rs2_rdata_ff/qout_r_reg[1]
  Impl DFF        Name(Last) i:/WORK/g03_top_IO/u_g03_soc/u_core_xyh/u_idu_exu/rs2_rdata_ff/qout_r_reg[1]

  Ref  DFF        Name(Last) r:/WORK/g03_top_IO/u_g03_soc/u_core_xyh/u_idu_exu/rs2_rdata_ff/qout_r_reg[20]
  Impl DFF        Name(Last) i:/WORK/g03_top_IO/u_g03_soc/u_core_xyh/u_idu_exu/rs2_rdata_ff/qout_r_reg[20]

  Ref  DFF        Name(Last) r:/WORK/g03_top_IO/u_g03_soc/u_core_xyh/u_idu_exu/rs2_rdata_ff/qout_r_reg[21]
  Impl DFF        Name(Last) i:/WORK/g03_top_IO/u_g03_soc/u_core_xyh/u_idu_exu/rs2_rdata_ff/qout_r_reg[21]

  Ref  DFF        Name(Last) r:/WORK/g03_top_IO/u_g03_soc/u_core_xyh/u_idu_exu/rs2_rdata_ff/qout_r_reg[22]
  Impl DFF        Name(Last) i:/WORK/g03_top_IO/u_g03_soc/u_core_xyh/u_idu_exu/rs2_rdata_ff/qout_r_reg[22]

  Ref  DFF        Name(Last) r:/WORK/g03_top_IO/u_g03_soc/u_core_xyh/u_idu_exu/rs2_rdata_ff/qout_r_reg[23]
  Impl DFF        Name(Last) i:/WORK/g03_top_IO/u_g03_soc/u_core_xyh/u_idu_exu/rs2_rdata_ff/qout_r_reg[23]

  Ref  DFF        Name(Last) r:/WORK/g03_top_IO/u_g03_soc/u_core_xyh/u_idu_exu/rs2_rdata_ff/qout_r_reg[24]
  Impl DFF        Name(Last) i:/WORK/g03_top_IO/u_g03_soc/u_core_xyh/u_idu_exu/rs2_rdata_ff/qout_r_reg[24]

  Ref  DFF        Name(Last) r:/WORK/g03_top_IO/u_g03_soc/u_core_xyh/u_idu_exu/rs2_rdata_ff/qout_r_reg[25]
  Impl DFF        Name(Last) i:/WORK/g03_top_IO/u_g03_soc/u_core_xyh/u_idu_exu/rs2_rdata_ff/qout_r_reg[25]

  Ref  DFF        Name(Last) r:/WORK/g03_top_IO/u_g03_soc/u_core_xyh/u_idu_exu/rs2_rdata_ff/qout_r_reg[26]
  Impl DFF        Name(Last) i:/WORK/g03_top_IO/u_g03_soc/u_core_xyh/u_idu_exu/rs2_rdata_ff/qout_r_reg[26]

  Ref  DFF        Name(Last) r:/WORK/g03_top_IO/u_g03_soc/u_core_xyh/u_idu_exu/rs2_rdata_ff/qout_r_reg[27]
  Impl DFF        Name(Last) i:/WORK/g03_top_IO/u_g03_soc/u_core_xyh/u_idu_exu/rs2_rdata_ff/qout_r_reg[27]

  Ref  DFF        Name(Last) r:/WORK/g03_top_IO/u_g03_soc/u_core_xyh/u_idu_exu/rs2_rdata_ff/qout_r_reg[28]
  Impl DFF        Name(Last) i:/WORK/g03_top_IO/u_g03_soc/u_core_xyh/u_idu_exu/rs2_rdata_ff/qout_r_reg[28]

  Ref  DFF        Name(Last) r:/WORK/g03_top_IO/u_g03_soc/u_core_xyh/u_idu_exu/rs2_rdata_ff/qout_r_reg[29]
  Impl DFF        Name(Last) i:/WORK/g03_top_IO/u_g03_soc/u_core_xyh/u_idu_exu/rs2_rdata_ff/qout_r_reg[29]

  Ref  DFF        Name(Last) r:/WORK/g03_top_IO/u_g03_soc/u_core_xyh/u_idu_exu/rs2_rdata_ff/qout_r_reg[2]
  Impl DFF        Name(Last) i:/WORK/g03_top_IO/u_g03_soc/u_core_xyh/u_idu_exu/rs2_rdata_ff/qout_r_reg[2]

  Ref  DFF        Name(Last) r:/WORK/g03_top_IO/u_g03_soc/u_core_xyh/u_idu_exu/rs2_rdata_ff/qout_r_reg[30]
  Impl DFF        Name(Last) i:/WORK/g03_top_IO/u_g03_soc/u_core_xyh/u_idu_exu/rs2_rdata_ff/qout_r_reg[30]

  Ref  DFF        Name(Last) r:/WORK/g03_top_IO/u_g03_soc/u_core_xyh/u_idu_exu/rs2_rdata_ff/qout_r_reg[31]
  Impl DFF        Name(Last) i:/WORK/g03_top_IO/u_g03_soc/u_core_xyh/u_idu_exu/rs2_rdata_ff/qout_r_reg[31]

  Ref  DFF        Name(Last) r:/WORK/g03_top_IO/u_g03_soc/u_core_xyh/u_idu_exu/rs2_rdata_ff/qout_r_reg[3]
  Impl DFF        Name(Last) i:/WORK/g03_top_IO/u_g03_soc/u_core_xyh/u_idu_exu/rs2_rdata_ff/qout_r_reg[3]

  Ref  DFF        Name(Last) r:/WORK/g03_top_IO/u_g03_soc/u_core_xyh/u_idu_exu/rs2_rdata_ff/qout_r_reg[4]
  Impl DFF        Name(Last) i:/WORK/g03_top_IO/u_g03_soc/u_core_xyh/u_idu_exu/rs2_rdata_ff/qout_r_reg[4]

  Ref  DFF        Name(Last) r:/WORK/g03_top_IO/u_g03_soc/u_core_xyh/u_idu_exu/rs2_rdata_ff/qout_r_reg[5]
  Impl DFF        Name(Last) i:/WORK/g03_top_IO/u_g03_soc/u_core_xyh/u_idu_exu/rs2_rdata_ff/qout_r_reg[5]

  Ref  DFF        Name(Last) r:/WORK/g03_top_IO/u_g03_soc/u_core_xyh/u_idu_exu/rs2_rdata_ff/qout_r_reg[6]
  Impl DFF        Name(Last) i:/WORK/g03_top_IO/u_g03_soc/u_core_xyh/u_idu_exu/rs2_rdata_ff/qout_r_reg[6]

  Ref  DFF        Name(Last) r:/WORK/g03_top_IO/u_g03_soc/u_core_xyh/u_idu_exu/rs2_rdata_ff/qout_r_reg[7]
  Impl DFF        Name(Last) i:/WORK/g03_top_IO/u_g03_soc/u_core_xyh/u_idu_exu/rs2_rdata_ff/qout_r_reg[7]

  Ref  DFF        Name(Last) r:/WORK/g03_top_IO/u_g03_soc/u_core_xyh/u_idu_exu/rs2_rdata_ff/qout_r_reg[8]
  Impl DFF        Name(Last) i:/WORK/g03_top_IO/u_g03_soc/u_core_xyh/u_idu_exu/rs2_rdata_ff/qout_r_reg[8]

  Ref  DFF        Name(Last) r:/WORK/g03_top_IO/u_g03_soc/u_core_xyh/u_idu_exu/rs2_rdata_ff/qout_r_reg[9]
  Impl DFF        Name(Last) i:/WORK/g03_top_IO/u_g03_soc/u_core_xyh/u_idu_exu/rs2_rdata_ff/qout_r_reg[9]

  Ref  DFF        Name(Last) r:/WORK/g03_top_IO/u_g03_soc/u_core_xyh/u_ifu/pc_reg[0]
  Impl DFF        Name(Last) i:/WORK/g03_top_IO/u_g03_soc/u_core_xyh/u_ifu/pc_reg[0]

  Ref  DFF        Name(Last) r:/WORK/g03_top_IO/u_g03_soc/u_core_xyh/u_ifu/pc_reg[10]
  Impl DFF        Name(Last) i:/WORK/g03_top_IO/u_g03_soc/u_core_xyh/u_ifu/pc_reg[10]

  Ref  DFF        Name(Last) r:/WORK/g03_top_IO/u_g03_soc/u_core_xyh/u_ifu/pc_reg[11]
  Impl DFF        Name(Last) i:/WORK/g03_top_IO/u_g03_soc/u_core_xyh/u_ifu/pc_reg[11]

  Ref  DFF        Name(Last) r:/WORK/g03_top_IO/u_g03_soc/u_core_xyh/u_ifu/pc_reg[12]
  Impl DFF        Name(Last) i:/WORK/g03_top_IO/u_g03_soc/u_core_xyh/u_ifu/pc_reg[12]

  Ref  DFF        Name(Last) r:/WORK/g03_top_IO/u_g03_soc/u_core_xyh/u_ifu/pc_reg[13]
  Impl DFF        Name(Last) i:/WORK/g03_top_IO/u_g03_soc/u_core_xyh/u_ifu/pc_reg[13]

  Ref  DFF        Name(Last) r:/WORK/g03_top_IO/u_g03_soc/u_core_xyh/u_ifu/pc_reg[14]
  Impl DFF        Name(Last) i:/WORK/g03_top_IO/u_g03_soc/u_core_xyh/u_ifu/pc_reg[14]

  Ref  DFF        Name(Last) r:/WORK/g03_top_IO/u_g03_soc/u_core_xyh/u_ifu/pc_reg[15]
  Impl DFF        Name(Last) i:/WORK/g03_top_IO/u_g03_soc/u_core_xyh/u_ifu/pc_reg[15]

  Ref  DFF        Name(Last) r:/WORK/g03_top_IO/u_g03_soc/u_core_xyh/u_ifu/pc_reg[16]
  Impl DFF        Name(Last) i:/WORK/g03_top_IO/u_g03_soc/u_core_xyh/u_ifu/pc_reg[16]

  Ref  DFF        Name(Last) r:/WORK/g03_top_IO/u_g03_soc/u_core_xyh/u_ifu/pc_reg[17]
  Impl DFF        Name(Last) i:/WORK/g03_top_IO/u_g03_soc/u_core_xyh/u_ifu/pc_reg[17]

  Ref  DFF        Name(Last) r:/WORK/g03_top_IO/u_g03_soc/u_core_xyh/u_ifu/pc_reg[18]
  Impl DFF        Name(Last) i:/WORK/g03_top_IO/u_g03_soc/u_core_xyh/u_ifu/pc_reg[18]

  Ref  DFF        Name(Last) r:/WORK/g03_top_IO/u_g03_soc/u_core_xyh/u_ifu/pc_reg[19]
  Impl DFF        Name(Last) i:/WORK/g03_top_IO/u_g03_soc/u_core_xyh/u_ifu/pc_reg[19]

  Ref  DFF        Name(Last) r:/WORK/g03_top_IO/u_g03_soc/u_core_xyh/u_ifu/pc_reg[1]
  Impl DFF        Name(Last) i:/WORK/g03_top_IO/u_g03_soc/u_core_xyh/u_ifu/pc_reg[1]

  Ref  DFF        Name(Last) r:/WORK/g03_top_IO/u_g03_soc/u_core_xyh/u_ifu/pc_reg[20]
  Impl DFF        Name(Last) i:/WORK/g03_top_IO/u_g03_soc/u_core_xyh/u_ifu/pc_reg[20]

  Ref  DFF        Name(Last) r:/WORK/g03_top_IO/u_g03_soc/u_core_xyh/u_ifu/pc_reg[21]
  Impl DFF        Name(Last) i:/WORK/g03_top_IO/u_g03_soc/u_core_xyh/u_ifu/pc_reg[21]

  Ref  DFF        Name(Last) r:/WORK/g03_top_IO/u_g03_soc/u_core_xyh/u_ifu/pc_reg[22]
  Impl DFF        Name(Last) i:/WORK/g03_top_IO/u_g03_soc/u_core_xyh/u_ifu/pc_reg[22]

  Ref  DFF        Name(Last) r:/WORK/g03_top_IO/u_g03_soc/u_core_xyh/u_ifu/pc_reg[23]
  Impl DFF        Name(Last) i:/WORK/g03_top_IO/u_g03_soc/u_core_xyh/u_ifu/pc_reg[23]

  Ref  DFF        Name(Last) r:/WORK/g03_top_IO/u_g03_soc/u_core_xyh/u_ifu/pc_reg[24]
  Impl DFF        Name(Last) i:/WORK/g03_top_IO/u_g03_soc/u_core_xyh/u_ifu/pc_reg[24]

  Ref  DFF        Name(Last) r:/WORK/g03_top_IO/u_g03_soc/u_core_xyh/u_ifu/pc_reg[25]
  Impl DFF        Name(Last) i:/WORK/g03_top_IO/u_g03_soc/u_core_xyh/u_ifu/pc_reg[25]

  Ref  DFF        Name(Last) r:/WORK/g03_top_IO/u_g03_soc/u_core_xyh/u_ifu/pc_reg[26]
  Impl DFF        Name(Last) i:/WORK/g03_top_IO/u_g03_soc/u_core_xyh/u_ifu/pc_reg[26]

  Ref  DFF        Name(Last) r:/WORK/g03_top_IO/u_g03_soc/u_core_xyh/u_ifu/pc_reg[27]
  Impl DFF        Name(Last) i:/WORK/g03_top_IO/u_g03_soc/u_core_xyh/u_ifu/pc_reg[27]

  Ref  DFF        Name(Last) r:/WORK/g03_top_IO/u_g03_soc/u_core_xyh/u_ifu/pc_reg[28]
  Impl DFF        Name(Last) i:/WORK/g03_top_IO/u_g03_soc/u_core_xyh/u_ifu/pc_reg[28]

  Ref  DFF        Name(Last) r:/WORK/g03_top_IO/u_g03_soc/u_core_xyh/u_ifu/pc_reg[29]
  Impl DFF        Name(Last) i:/WORK/g03_top_IO/u_g03_soc/u_core_xyh/u_ifu/pc_reg[29]

  Ref  DFF        Name(Last) r:/WORK/g03_top_IO/u_g03_soc/u_core_xyh/u_ifu/pc_reg[2]
  Impl DFF        Name(Last) i:/WORK/g03_top_IO/u_g03_soc/u_core_xyh/u_ifu/pc_reg[2]

  Ref  DFF        Name(Last) r:/WORK/g03_top_IO/u_g03_soc/u_core_xyh/u_ifu/pc_reg[30]
  Impl DFF        Name(Last) i:/WORK/g03_top_IO/u_g03_soc/u_core_xyh/u_ifu/pc_reg[30]

  Ref  DFF        Name(Last) r:/WORK/g03_top_IO/u_g03_soc/u_core_xyh/u_ifu/pc_reg[31]
  Impl DFF        Name(Last) i:/WORK/g03_top_IO/u_g03_soc/u_core_xyh/u_ifu/pc_reg[31]

  Ref  DFF        Name(Last) r:/WORK/g03_top_IO/u_g03_soc/u_core_xyh/u_ifu/pc_reg[3]
  Impl DFF        Name(Last) i:/WORK/g03_top_IO/u_g03_soc/u_core_xyh/u_ifu/pc_reg[3]

  Ref  DFF        Name(Last) r:/WORK/g03_top_IO/u_g03_soc/u_core_xyh/u_ifu/pc_reg[4]
  Impl DFF        Name(Last) i:/WORK/g03_top_IO/u_g03_soc/u_core_xyh/u_ifu/pc_reg[4]

  Ref  DFF        Name(Last) r:/WORK/g03_top_IO/u_g03_soc/u_core_xyh/u_ifu/pc_reg[5]
  Impl DFF        Name(Last) i:/WORK/g03_top_IO/u_g03_soc/u_core_xyh/u_ifu/pc_reg[5]

  Ref  DFF        Name(Last) r:/WORK/g03_top_IO/u_g03_soc/u_core_xyh/u_ifu/pc_reg[6]
  Impl DFF        Name(Last) i:/WORK/g03_top_IO/u_g03_soc/u_core_xyh/u_ifu/pc_reg[6]

  Ref  DFF        Name(Last) r:/WORK/g03_top_IO/u_g03_soc/u_core_xyh/u_ifu/pc_reg[7]
  Impl DFF        Name(Last) i:/WORK/g03_top_IO/u_g03_soc/u_core_xyh/u_ifu/pc_reg[7]

  Ref  DFF        Name(Last) r:/WORK/g03_top_IO/u_g03_soc/u_core_xyh/u_ifu/pc_reg[8]
  Impl DFF        Name(Last) i:/WORK/g03_top_IO/u_g03_soc/u_core_xyh/u_ifu/pc_reg[8]

  Ref  DFF        Name(Last) r:/WORK/g03_top_IO/u_g03_soc/u_core_xyh/u_ifu/pc_reg[9]
  Impl DFF        Name(Last) i:/WORK/g03_top_IO/u_g03_soc/u_core_xyh/u_ifu/pc_reg[9]

  Ref  DFF        Name(Last) r:/WORK/g03_top_IO/u_g03_soc/u_core_xyh/u_ifu/req_not_rsp_reg_reg
  Impl DFF        Name(Last) i:/WORK/g03_top_IO/u_g03_soc/u_core_xyh/u_ifu/req_not_rsp_reg_reg

  Ref  DFF        Name(Last) r:/WORK/g03_top_IO/u_g03_soc/u_core_xyh/u_ifu/req_pc_r_reg[0]
  Impl DFF        Name(Last) i:/WORK/g03_top_IO/u_g03_soc/u_core_xyh/u_ifu/req_pc_r_reg[0]

  Ref  DFF        Name(Last) r:/WORK/g03_top_IO/u_g03_soc/u_core_xyh/u_ifu/req_pc_r_reg[10]
  Impl DFF        Name(Last) i:/WORK/g03_top_IO/u_g03_soc/u_core_xyh/u_ifu/req_pc_r_reg[10]

  Ref  DFF        Name(Last) r:/WORK/g03_top_IO/u_g03_soc/u_core_xyh/u_ifu/req_pc_r_reg[11]
  Impl DFF        Name(Last) i:/WORK/g03_top_IO/u_g03_soc/u_core_xyh/u_ifu/req_pc_r_reg[11]

  Ref  DFF        Name(Last) r:/WORK/g03_top_IO/u_g03_soc/u_core_xyh/u_ifu/req_pc_r_reg[12]
  Impl DFF        Name(Last) i:/WORK/g03_top_IO/u_g03_soc/u_core_xyh/u_ifu/req_pc_r_reg[12]

  Ref  DFF        Name(Last) r:/WORK/g03_top_IO/u_g03_soc/u_core_xyh/u_ifu/req_pc_r_reg[13]
  Impl DFF        Name(Last) i:/WORK/g03_top_IO/u_g03_soc/u_core_xyh/u_ifu/req_pc_r_reg[13]

  Ref  DFF        Name(Last) r:/WORK/g03_top_IO/u_g03_soc/u_core_xyh/u_ifu/req_pc_r_reg[14]
  Impl DFF        Name(Last) i:/WORK/g03_top_IO/u_g03_soc/u_core_xyh/u_ifu/req_pc_r_reg[14]

  Ref  DFF        Name(Last) r:/WORK/g03_top_IO/u_g03_soc/u_core_xyh/u_ifu/req_pc_r_reg[15]
  Impl DFF        Name(Last) i:/WORK/g03_top_IO/u_g03_soc/u_core_xyh/u_ifu/req_pc_r_reg[15]

  Ref  DFF        Name(Last) r:/WORK/g03_top_IO/u_g03_soc/u_core_xyh/u_ifu/req_pc_r_reg[16]
  Impl DFF        Name(Last) i:/WORK/g03_top_IO/u_g03_soc/u_core_xyh/u_ifu/req_pc_r_reg[16]

  Ref  DFF        Name(Last) r:/WORK/g03_top_IO/u_g03_soc/u_core_xyh/u_ifu/req_pc_r_reg[17]
  Impl DFF        Name(Last) i:/WORK/g03_top_IO/u_g03_soc/u_core_xyh/u_ifu/req_pc_r_reg[17]

  Ref  DFF        Name(Last) r:/WORK/g03_top_IO/u_g03_soc/u_core_xyh/u_ifu/req_pc_r_reg[18]
  Impl DFF        Name(Last) i:/WORK/g03_top_IO/u_g03_soc/u_core_xyh/u_ifu/req_pc_r_reg[18]

  Ref  DFF        Name(Last) r:/WORK/g03_top_IO/u_g03_soc/u_core_xyh/u_ifu/req_pc_r_reg[19]
  Impl DFF        Name(Last) i:/WORK/g03_top_IO/u_g03_soc/u_core_xyh/u_ifu/req_pc_r_reg[19]

  Ref  DFF        Name(Last) r:/WORK/g03_top_IO/u_g03_soc/u_core_xyh/u_ifu/req_pc_r_reg[1]
  Impl DFF        Name(Last) i:/WORK/g03_top_IO/u_g03_soc/u_core_xyh/u_ifu/req_pc_r_reg[1]

  Ref  DFF        Name(Last) r:/WORK/g03_top_IO/u_g03_soc/u_core_xyh/u_ifu/req_pc_r_reg[20]
  Impl DFF        Name(Last) i:/WORK/g03_top_IO/u_g03_soc/u_core_xyh/u_ifu/req_pc_r_reg[20]

  Ref  DFF        Name(Last) r:/WORK/g03_top_IO/u_g03_soc/u_core_xyh/u_ifu/req_pc_r_reg[21]
  Impl DFF        Name(Last) i:/WORK/g03_top_IO/u_g03_soc/u_core_xyh/u_ifu/req_pc_r_reg[21]

  Ref  DFF        Name(Last) r:/WORK/g03_top_IO/u_g03_soc/u_core_xyh/u_ifu/req_pc_r_reg[22]
  Impl DFF        Name(Last) i:/WORK/g03_top_IO/u_g03_soc/u_core_xyh/u_ifu/req_pc_r_reg[22]

  Ref  DFF        Name(Last) r:/WORK/g03_top_IO/u_g03_soc/u_core_xyh/u_ifu/req_pc_r_reg[23]
  Impl DFF        Name(Last) i:/WORK/g03_top_IO/u_g03_soc/u_core_xyh/u_ifu/req_pc_r_reg[23]

  Ref  DFF        Name(Last) r:/WORK/g03_top_IO/u_g03_soc/u_core_xyh/u_ifu/req_pc_r_reg[24]
  Impl DFF        Name(Last) i:/WORK/g03_top_IO/u_g03_soc/u_core_xyh/u_ifu/req_pc_r_reg[24]

  Ref  DFF        Name(Last) r:/WORK/g03_top_IO/u_g03_soc/u_core_xyh/u_ifu/req_pc_r_reg[25]
  Impl DFF        Name(Last) i:/WORK/g03_top_IO/u_g03_soc/u_core_xyh/u_ifu/req_pc_r_reg[25]

  Ref  DFF        Name(Last) r:/WORK/g03_top_IO/u_g03_soc/u_core_xyh/u_ifu/req_pc_r_reg[26]
  Impl DFF        Name(Last) i:/WORK/g03_top_IO/u_g03_soc/u_core_xyh/u_ifu/req_pc_r_reg[26]

  Ref  DFF        Name(Last) r:/WORK/g03_top_IO/u_g03_soc/u_core_xyh/u_ifu/req_pc_r_reg[27]
  Impl DFF        Name(Last) i:/WORK/g03_top_IO/u_g03_soc/u_core_xyh/u_ifu/req_pc_r_reg[27]

  Ref  DFF        Name(Last) r:/WORK/g03_top_IO/u_g03_soc/u_core_xyh/u_ifu/req_pc_r_reg[28]
  Impl DFF        Name(Last) i:/WORK/g03_top_IO/u_g03_soc/u_core_xyh/u_ifu/req_pc_r_reg[28]

  Ref  DFF        Name(Last) r:/WORK/g03_top_IO/u_g03_soc/u_core_xyh/u_ifu/req_pc_r_reg[29]
  Impl DFF        Name(Last) i:/WORK/g03_top_IO/u_g03_soc/u_core_xyh/u_ifu/req_pc_r_reg[29]

  Ref  DFF        Name(Last) r:/WORK/g03_top_IO/u_g03_soc/u_core_xyh/u_ifu/req_pc_r_reg[2]
  Impl DFF        Name(Last) i:/WORK/g03_top_IO/u_g03_soc/u_core_xyh/u_ifu/req_pc_r_reg[2]

  Ref  DFF        Name(Last) r:/WORK/g03_top_IO/u_g03_soc/u_core_xyh/u_ifu/req_pc_r_reg[30]
  Impl DFF        Name(Last) i:/WORK/g03_top_IO/u_g03_soc/u_core_xyh/u_ifu/req_pc_r_reg[30]

  Ref  DFF        Name(Last) r:/WORK/g03_top_IO/u_g03_soc/u_core_xyh/u_ifu/req_pc_r_reg[3]
  Impl DFF        Name(Last) i:/WORK/g03_top_IO/u_g03_soc/u_core_xyh/u_ifu/req_pc_r_reg[3]

  Ref  DFF        Name(Last) r:/WORK/g03_top_IO/u_g03_soc/u_core_xyh/u_ifu/req_pc_r_reg[4]
  Impl DFF        Name(Last) i:/WORK/g03_top_IO/u_g03_soc/u_core_xyh/u_ifu/req_pc_r_reg[4]

  Ref  DFF        Name(Last) r:/WORK/g03_top_IO/u_g03_soc/u_core_xyh/u_ifu/req_pc_r_reg[5]
  Impl DFF        Name(Last) i:/WORK/g03_top_IO/u_g03_soc/u_core_xyh/u_ifu/req_pc_r_reg[5]

  Ref  DFF        Name(Last) r:/WORK/g03_top_IO/u_g03_soc/u_core_xyh/u_ifu/req_pc_r_reg[6]
  Impl DFF        Name(Last) i:/WORK/g03_top_IO/u_g03_soc/u_core_xyh/u_ifu/req_pc_r_reg[6]

  Ref  DFF        Name(Last) r:/WORK/g03_top_IO/u_g03_soc/u_core_xyh/u_ifu/req_pc_r_reg[7]
  Impl DFF        Name(Last) i:/WORK/g03_top_IO/u_g03_soc/u_core_xyh/u_ifu/req_pc_r_reg[7]

  Ref  DFF        Name(Last) r:/WORK/g03_top_IO/u_g03_soc/u_core_xyh/u_ifu/req_pc_r_reg[8]
  Impl DFF        Name(Last) i:/WORK/g03_top_IO/u_g03_soc/u_core_xyh/u_ifu/req_pc_r_reg[8]

  Ref  DFF        Name(Last) r:/WORK/g03_top_IO/u_g03_soc/u_core_xyh/u_ifu/req_pc_r_reg[9]
  Impl DFF        Name(Last) i:/WORK/g03_top_IO/u_g03_soc/u_core_xyh/u_ifu/req_pc_r_reg[9]

  Ref  DFF        Name(Last) r:/WORK/g03_top_IO/u_g03_soc/u_core_xyh/u_ifu_idu/inst_addr_ff/qout_r_reg[0]
  Impl DFF        Name(Last) i:/WORK/g03_top_IO/u_g03_soc/u_core_xyh/u_ifu_idu/inst_addr_ff/qout_r_reg[0]

  Ref  DFF        Name(Last) r:/WORK/g03_top_IO/u_g03_soc/u_core_xyh/u_ifu_idu/inst_addr_ff/qout_r_reg[10]
  Impl DFF        Name(Last) i:/WORK/g03_top_IO/u_g03_soc/u_core_xyh/u_ifu_idu/inst_addr_ff/qout_r_reg[10]

  Ref  DFF        Name(Last) r:/WORK/g03_top_IO/u_g03_soc/u_core_xyh/u_ifu_idu/inst_addr_ff/qout_r_reg[11]
  Impl DFF        Name(Last) i:/WORK/g03_top_IO/u_g03_soc/u_core_xyh/u_ifu_idu/inst_addr_ff/qout_r_reg[11]

  Ref  DFF        Name(Last) r:/WORK/g03_top_IO/u_g03_soc/u_core_xyh/u_ifu_idu/inst_addr_ff/qout_r_reg[12]
  Impl DFF        Name(Last) i:/WORK/g03_top_IO/u_g03_soc/u_core_xyh/u_ifu_idu/inst_addr_ff/qout_r_reg[12]

  Ref  DFF        Name(Last) r:/WORK/g03_top_IO/u_g03_soc/u_core_xyh/u_ifu_idu/inst_addr_ff/qout_r_reg[13]
  Impl DFF        Name(Last) i:/WORK/g03_top_IO/u_g03_soc/u_core_xyh/u_ifu_idu/inst_addr_ff/qout_r_reg[13]

  Ref  DFF        Name(Last) r:/WORK/g03_top_IO/u_g03_soc/u_core_xyh/u_ifu_idu/inst_addr_ff/qout_r_reg[14]
  Impl DFF        Name(Last) i:/WORK/g03_top_IO/u_g03_soc/u_core_xyh/u_ifu_idu/inst_addr_ff/qout_r_reg[14]

  Ref  DFF        Name(Last) r:/WORK/g03_top_IO/u_g03_soc/u_core_xyh/u_ifu_idu/inst_addr_ff/qout_r_reg[15]
  Impl DFF        Name(Last) i:/WORK/g03_top_IO/u_g03_soc/u_core_xyh/u_ifu_idu/inst_addr_ff/qout_r_reg[15]

  Ref  DFF        Name(Last) r:/WORK/g03_top_IO/u_g03_soc/u_core_xyh/u_ifu_idu/inst_addr_ff/qout_r_reg[16]
  Impl DFF        Name(Last) i:/WORK/g03_top_IO/u_g03_soc/u_core_xyh/u_ifu_idu/inst_addr_ff/qout_r_reg[16]

  Ref  DFF        Name(Last) r:/WORK/g03_top_IO/u_g03_soc/u_core_xyh/u_ifu_idu/inst_addr_ff/qout_r_reg[17]
  Impl DFF        Name(Last) i:/WORK/g03_top_IO/u_g03_soc/u_core_xyh/u_ifu_idu/inst_addr_ff/qout_r_reg[17]

  Ref  DFF        Name(Last) r:/WORK/g03_top_IO/u_g03_soc/u_core_xyh/u_ifu_idu/inst_addr_ff/qout_r_reg[18]
  Impl DFF        Name(Last) i:/WORK/g03_top_IO/u_g03_soc/u_core_xyh/u_ifu_idu/inst_addr_ff/qout_r_reg[18]

  Ref  DFF        Name(Last) r:/WORK/g03_top_IO/u_g03_soc/u_core_xyh/u_ifu_idu/inst_addr_ff/qout_r_reg[19]
  Impl DFF        Name(Last) i:/WORK/g03_top_IO/u_g03_soc/u_core_xyh/u_ifu_idu/inst_addr_ff/qout_r_reg[19]

  Ref  DFF        Name(Last) r:/WORK/g03_top_IO/u_g03_soc/u_core_xyh/u_ifu_idu/inst_addr_ff/qout_r_reg[1]
  Impl DFF        Name(Last) i:/WORK/g03_top_IO/u_g03_soc/u_core_xyh/u_ifu_idu/inst_addr_ff/qout_r_reg[1]

  Ref  DFF        Name(Last) r:/WORK/g03_top_IO/u_g03_soc/u_core_xyh/u_ifu_idu/inst_addr_ff/qout_r_reg[20]
  Impl DFF        Name(Last) i:/WORK/g03_top_IO/u_g03_soc/u_core_xyh/u_ifu_idu/inst_addr_ff/qout_r_reg[20]

  Ref  DFF        Name(Last) r:/WORK/g03_top_IO/u_g03_soc/u_core_xyh/u_ifu_idu/inst_addr_ff/qout_r_reg[21]
  Impl DFF        Name(Last) i:/WORK/g03_top_IO/u_g03_soc/u_core_xyh/u_ifu_idu/inst_addr_ff/qout_r_reg[21]

  Ref  DFF        Name(Last) r:/WORK/g03_top_IO/u_g03_soc/u_core_xyh/u_ifu_idu/inst_addr_ff/qout_r_reg[22]
  Impl DFF        Name(Last) i:/WORK/g03_top_IO/u_g03_soc/u_core_xyh/u_ifu_idu/inst_addr_ff/qout_r_reg[22]

  Ref  DFF        Name(Last) r:/WORK/g03_top_IO/u_g03_soc/u_core_xyh/u_ifu_idu/inst_addr_ff/qout_r_reg[23]
  Impl DFF        Name(Last) i:/WORK/g03_top_IO/u_g03_soc/u_core_xyh/u_ifu_idu/inst_addr_ff/qout_r_reg[23]

  Ref  DFF        Name(Last) r:/WORK/g03_top_IO/u_g03_soc/u_core_xyh/u_ifu_idu/inst_addr_ff/qout_r_reg[24]
  Impl DFF        Name(Last) i:/WORK/g03_top_IO/u_g03_soc/u_core_xyh/u_ifu_idu/inst_addr_ff/qout_r_reg[24]

  Ref  DFF        Name(Last) r:/WORK/g03_top_IO/u_g03_soc/u_core_xyh/u_ifu_idu/inst_addr_ff/qout_r_reg[25]
  Impl DFF        Name(Last) i:/WORK/g03_top_IO/u_g03_soc/u_core_xyh/u_ifu_idu/inst_addr_ff/qout_r_reg[25]

  Ref  DFF        Name(Last) r:/WORK/g03_top_IO/u_g03_soc/u_core_xyh/u_ifu_idu/inst_addr_ff/qout_r_reg[26]
  Impl DFF        Name(Last) i:/WORK/g03_top_IO/u_g03_soc/u_core_xyh/u_ifu_idu/inst_addr_ff/qout_r_reg[26]

  Ref  DFF        Name(Last) r:/WORK/g03_top_IO/u_g03_soc/u_core_xyh/u_ifu_idu/inst_addr_ff/qout_r_reg[27]
  Impl DFF        Name(Last) i:/WORK/g03_top_IO/u_g03_soc/u_core_xyh/u_ifu_idu/inst_addr_ff/qout_r_reg[27]

  Ref  DFF        Name(Last) r:/WORK/g03_top_IO/u_g03_soc/u_core_xyh/u_ifu_idu/inst_addr_ff/qout_r_reg[28]
  Impl DFF        Name(Last) i:/WORK/g03_top_IO/u_g03_soc/u_core_xyh/u_ifu_idu/inst_addr_ff/qout_r_reg[28]

  Ref  DFF        Name(Last) r:/WORK/g03_top_IO/u_g03_soc/u_core_xyh/u_ifu_idu/inst_addr_ff/qout_r_reg[29]
  Impl DFF        Name(Last) i:/WORK/g03_top_IO/u_g03_soc/u_core_xyh/u_ifu_idu/inst_addr_ff/qout_r_reg[29]

  Ref  DFF        Name(Last) r:/WORK/g03_top_IO/u_g03_soc/u_core_xyh/u_ifu_idu/inst_addr_ff/qout_r_reg[2]
  Impl DFF        Name(Last) i:/WORK/g03_top_IO/u_g03_soc/u_core_xyh/u_ifu_idu/inst_addr_ff/qout_r_reg[2]

  Ref  DFF        Name(Last) r:/WORK/g03_top_IO/u_g03_soc/u_core_xyh/u_ifu_idu/inst_addr_ff/qout_r_reg[30]
  Impl DFF        Name(Last) i:/WORK/g03_top_IO/u_g03_soc/u_core_xyh/u_ifu_idu/inst_addr_ff/qout_r_reg[30]

  Ref  DFF        Name(Last) r:/WORK/g03_top_IO/u_g03_soc/u_core_xyh/u_ifu_idu/inst_addr_ff/qout_r_reg[3]
  Impl DFF        Name(Last) i:/WORK/g03_top_IO/u_g03_soc/u_core_xyh/u_ifu_idu/inst_addr_ff/qout_r_reg[3]

  Ref  DFF        Name(Last) r:/WORK/g03_top_IO/u_g03_soc/u_core_xyh/u_ifu_idu/inst_addr_ff/qout_r_reg[4]
  Impl DFF        Name(Last) i:/WORK/g03_top_IO/u_g03_soc/u_core_xyh/u_ifu_idu/inst_addr_ff/qout_r_reg[4]

  Ref  DFF        Name(Last) r:/WORK/g03_top_IO/u_g03_soc/u_core_xyh/u_ifu_idu/inst_addr_ff/qout_r_reg[5]
  Impl DFF        Name(Last) i:/WORK/g03_top_IO/u_g03_soc/u_core_xyh/u_ifu_idu/inst_addr_ff/qout_r_reg[5]

  Ref  DFF        Name(Last) r:/WORK/g03_top_IO/u_g03_soc/u_core_xyh/u_ifu_idu/inst_addr_ff/qout_r_reg[6]
  Impl DFF        Name(Last) i:/WORK/g03_top_IO/u_g03_soc/u_core_xyh/u_ifu_idu/inst_addr_ff/qout_r_reg[6]

  Ref  DFF        Name(Last) r:/WORK/g03_top_IO/u_g03_soc/u_core_xyh/u_ifu_idu/inst_addr_ff/qout_r_reg[7]
  Impl DFF        Name(Last) i:/WORK/g03_top_IO/u_g03_soc/u_core_xyh/u_ifu_idu/inst_addr_ff/qout_r_reg[7]

  Ref  DFF        Name(Last) r:/WORK/g03_top_IO/u_g03_soc/u_core_xyh/u_ifu_idu/inst_addr_ff/qout_r_reg[8]
  Impl DFF        Name(Last) i:/WORK/g03_top_IO/u_g03_soc/u_core_xyh/u_ifu_idu/inst_addr_ff/qout_r_reg[8]

  Ref  DFF        Name(Last) r:/WORK/g03_top_IO/u_g03_soc/u_core_xyh/u_ifu_idu/inst_addr_ff/qout_r_reg[9]
  Impl DFF        Name(Last) i:/WORK/g03_top_IO/u_g03_soc/u_core_xyh/u_ifu_idu/inst_addr_ff/qout_r_reg[9]

  Ref  DFF        Name(Last) r:/WORK/g03_top_IO/u_g03_soc/u_core_xyh/u_ifu_idu/inst_ff/qout_r_reg[0]
  Impl DFF        Name(Last) i:/WORK/g03_top_IO/u_g03_soc/u_core_xyh/u_ifu_idu/inst_ff/qout_r_reg[0]

  Ref  DFF        Name(Last) r:/WORK/g03_top_IO/u_g03_soc/u_core_xyh/u_ifu_idu/inst_ff/qout_r_reg[10]
  Impl DFF        Name(Last) i:/WORK/g03_top_IO/u_g03_soc/u_core_xyh/u_ifu_idu/inst_ff/qout_r_reg[10]

  Ref  DFF        Name(Last) r:/WORK/g03_top_IO/u_g03_soc/u_core_xyh/u_ifu_idu/inst_ff/qout_r_reg[11]
  Impl DFF        Name(Last) i:/WORK/g03_top_IO/u_g03_soc/u_core_xyh/u_ifu_idu/inst_ff/qout_r_reg[11]

  Ref  DFF        Name(Last) r:/WORK/g03_top_IO/u_g03_soc/u_core_xyh/u_ifu_idu/inst_ff/qout_r_reg[12]
  Impl DFF        Name(Last) i:/WORK/g03_top_IO/u_g03_soc/u_core_xyh/u_ifu_idu/inst_ff/qout_r_reg[12]

  Ref  DFF        Name(Last) r:/WORK/g03_top_IO/u_g03_soc/u_core_xyh/u_ifu_idu/inst_ff/qout_r_reg[13]
  Impl DFF        Name(Last) i:/WORK/g03_top_IO/u_g03_soc/u_core_xyh/u_ifu_idu/inst_ff/qout_r_reg[13]

  Ref  DFF        Name(Last) r:/WORK/g03_top_IO/u_g03_soc/u_core_xyh/u_ifu_idu/inst_ff/qout_r_reg[14]
  Impl DFF        Name(Last) i:/WORK/g03_top_IO/u_g03_soc/u_core_xyh/u_ifu_idu/inst_ff/qout_r_reg[14]

  Ref  DFF        Name(Last) r:/WORK/g03_top_IO/u_g03_soc/u_core_xyh/u_ifu_idu/inst_ff/qout_r_reg[15]
  Impl DFF        Name(Last) i:/WORK/g03_top_IO/u_g03_soc/u_core_xyh/u_ifu_idu/inst_ff/qout_r_reg[15]

  Ref  DFF        Name(Last) r:/WORK/g03_top_IO/u_g03_soc/u_core_xyh/u_ifu_idu/inst_ff/qout_r_reg[16]
  Impl DFF        Name(Last) i:/WORK/g03_top_IO/u_g03_soc/u_core_xyh/u_ifu_idu/inst_ff/qout_r_reg[16]

  Ref  DFF        Name(Last) r:/WORK/g03_top_IO/u_g03_soc/u_core_xyh/u_ifu_idu/inst_ff/qout_r_reg[17]
  Impl DFF        Name(Last) i:/WORK/g03_top_IO/u_g03_soc/u_core_xyh/u_ifu_idu/inst_ff/qout_r_reg[17]

  Ref  DFF        Name(Last) r:/WORK/g03_top_IO/u_g03_soc/u_core_xyh/u_ifu_idu/inst_ff/qout_r_reg[18]
  Impl DFF        Name(Last) i:/WORK/g03_top_IO/u_g03_soc/u_core_xyh/u_ifu_idu/inst_ff/qout_r_reg[18]

  Ref  DFF        Name(Last) r:/WORK/g03_top_IO/u_g03_soc/u_core_xyh/u_ifu_idu/inst_ff/qout_r_reg[19]
  Impl DFF        Name(Last) i:/WORK/g03_top_IO/u_g03_soc/u_core_xyh/u_ifu_idu/inst_ff/qout_r_reg[19]

  Ref  DFF        Name(Last) r:/WORK/g03_top_IO/u_g03_soc/u_core_xyh/u_ifu_idu/inst_ff/qout_r_reg[1]
  Impl DFF        Name(Last) i:/WORK/g03_top_IO/u_g03_soc/u_core_xyh/u_ifu_idu/inst_ff/qout_r_reg[1]

  Ref  DFF        Name(Last) r:/WORK/g03_top_IO/u_g03_soc/u_core_xyh/u_ifu_idu/inst_ff/qout_r_reg[20]
  Impl DFF        Name(Last) i:/WORK/g03_top_IO/u_g03_soc/u_core_xyh/u_ifu_idu/inst_ff/qout_r_reg[20]

  Ref  DFF        Name(Last) r:/WORK/g03_top_IO/u_g03_soc/u_core_xyh/u_ifu_idu/inst_ff/qout_r_reg[21]
  Impl DFF        Name(Last) i:/WORK/g03_top_IO/u_g03_soc/u_core_xyh/u_ifu_idu/inst_ff/qout_r_reg[21]

  Ref  DFF        Name(Last) r:/WORK/g03_top_IO/u_g03_soc/u_core_xyh/u_ifu_idu/inst_ff/qout_r_reg[22]
  Impl DFF        Name(Last) i:/WORK/g03_top_IO/u_g03_soc/u_core_xyh/u_ifu_idu/inst_ff/qout_r_reg[22]

  Ref  DFF        Name(Last) r:/WORK/g03_top_IO/u_g03_soc/u_core_xyh/u_ifu_idu/inst_ff/qout_r_reg[23]
  Impl DFF        Name(Last) i:/WORK/g03_top_IO/u_g03_soc/u_core_xyh/u_ifu_idu/inst_ff/qout_r_reg[23]

  Ref  DFF        Name(Last) r:/WORK/g03_top_IO/u_g03_soc/u_core_xyh/u_ifu_idu/inst_ff/qout_r_reg[24]
  Impl DFF        Name(Last) i:/WORK/g03_top_IO/u_g03_soc/u_core_xyh/u_ifu_idu/inst_ff/qout_r_reg[24]

  Ref  DFF        Name(Last) r:/WORK/g03_top_IO/u_g03_soc/u_core_xyh/u_ifu_idu/inst_ff/qout_r_reg[25]
  Impl DFF        Name(Last) i:/WORK/g03_top_IO/u_g03_soc/u_core_xyh/u_ifu_idu/inst_ff/qout_r_reg[25]

  Ref  DFF        Name(Last) r:/WORK/g03_top_IO/u_g03_soc/u_core_xyh/u_ifu_idu/inst_ff/qout_r_reg[26]
  Impl DFF        Name(Last) i:/WORK/g03_top_IO/u_g03_soc/u_core_xyh/u_ifu_idu/inst_ff/qout_r_reg[26]

  Ref  DFF        Name(Last) r:/WORK/g03_top_IO/u_g03_soc/u_core_xyh/u_ifu_idu/inst_ff/qout_r_reg[27]
  Impl DFF        Name(Last) i:/WORK/g03_top_IO/u_g03_soc/u_core_xyh/u_ifu_idu/inst_ff/qout_r_reg[27]

  Ref  DFF        Name(Last) r:/WORK/g03_top_IO/u_g03_soc/u_core_xyh/u_ifu_idu/inst_ff/qout_r_reg[28]
  Impl DFF        Name(Last) i:/WORK/g03_top_IO/u_g03_soc/u_core_xyh/u_ifu_idu/inst_ff/qout_r_reg[28]

  Ref  DFF        Name(Last) r:/WORK/g03_top_IO/u_g03_soc/u_core_xyh/u_ifu_idu/inst_ff/qout_r_reg[29]
  Impl DFF        Name(Last) i:/WORK/g03_top_IO/u_g03_soc/u_core_xyh/u_ifu_idu/inst_ff/qout_r_reg[29]

  Ref  DFF        Name(Last) r:/WORK/g03_top_IO/u_g03_soc/u_core_xyh/u_ifu_idu/inst_ff/qout_r_reg[2]
  Impl DFF        Name(Last) i:/WORK/g03_top_IO/u_g03_soc/u_core_xyh/u_ifu_idu/inst_ff/qout_r_reg[2]

  Ref  DFF        Name(Last) r:/WORK/g03_top_IO/u_g03_soc/u_core_xyh/u_ifu_idu/inst_ff/qout_r_reg[30]
  Impl DFF        Name(Last) i:/WORK/g03_top_IO/u_g03_soc/u_core_xyh/u_ifu_idu/inst_ff/qout_r_reg[30]

  Ref  DFF        Name(Last) r:/WORK/g03_top_IO/u_g03_soc/u_core_xyh/u_ifu_idu/inst_ff/qout_r_reg[31]
  Impl DFF        Name(Last) i:/WORK/g03_top_IO/u_g03_soc/u_core_xyh/u_ifu_idu/inst_ff/qout_r_reg[31]

  Ref  DFF        Name(Last) r:/WORK/g03_top_IO/u_g03_soc/u_core_xyh/u_ifu_idu/inst_ff/qout_r_reg[3]
  Impl DFF        Name(Last) i:/WORK/g03_top_IO/u_g03_soc/u_core_xyh/u_ifu_idu/inst_ff/qout_r_reg[3]

  Ref  DFF        Name(Last) r:/WORK/g03_top_IO/u_g03_soc/u_core_xyh/u_ifu_idu/inst_ff/qout_r_reg[4]
  Impl DFF        Name(Last) i:/WORK/g03_top_IO/u_g03_soc/u_core_xyh/u_ifu_idu/inst_ff/qout_r_reg[4]

  Ref  DFF        Name(Last) r:/WORK/g03_top_IO/u_g03_soc/u_core_xyh/u_ifu_idu/inst_ff/qout_r_reg[5]
  Impl DFF        Name(Last) i:/WORK/g03_top_IO/u_g03_soc/u_core_xyh/u_ifu_idu/inst_ff/qout_r_reg[5]

  Ref  DFF        Name(Last) r:/WORK/g03_top_IO/u_g03_soc/u_core_xyh/u_ifu_idu/inst_ff/qout_r_reg[6]
  Impl DFF        Name(Last) i:/WORK/g03_top_IO/u_g03_soc/u_core_xyh/u_ifu_idu/inst_ff/qout_r_reg[6]

  Ref  DFF        Name(Last) r:/WORK/g03_top_IO/u_g03_soc/u_core_xyh/u_ifu_idu/inst_ff/qout_r_reg[7]
  Impl DFF        Name(Last) i:/WORK/g03_top_IO/u_g03_soc/u_core_xyh/u_ifu_idu/inst_ff/qout_r_reg[7]

  Ref  DFF        Name(Last) r:/WORK/g03_top_IO/u_g03_soc/u_core_xyh/u_ifu_idu/inst_ff/qout_r_reg[8]
  Impl DFF        Name(Last) i:/WORK/g03_top_IO/u_g03_soc/u_core_xyh/u_ifu_idu/inst_ff/qout_r_reg[8]

  Ref  DFF        Name(Last) r:/WORK/g03_top_IO/u_g03_soc/u_core_xyh/u_ifu_idu/inst_ff/qout_r_reg[9]
  Impl DFF        Name(Last) i:/WORK/g03_top_IO/u_g03_soc/u_core_xyh/u_ifu_idu/inst_ff/qout_r_reg[9]

  Ref  DFF        Name(Last) r:/WORK/g03_top_IO/u_g03_soc/u_core_xzr/if_addr_r_reg[0]
  Impl DFF        Name(Last) i:/WORK/g03_top_IO/u_g03_soc/u_core_xzr/if_addr_r_reg[0]

  Ref  DFF        Name(Last) r:/WORK/g03_top_IO/u_g03_soc/u_core_xzr/if_addr_r_reg[10]
  Impl DFF        Name(Last) i:/WORK/g03_top_IO/u_g03_soc/u_core_xzr/if_addr_r_reg[10]

  Ref  DFF        Name(Last) r:/WORK/g03_top_IO/u_g03_soc/u_core_xzr/if_addr_r_reg[11]
  Impl DFF        Name(Last) i:/WORK/g03_top_IO/u_g03_soc/u_core_xzr/if_addr_r_reg[11]

  Ref  DFF        Name(Last) r:/WORK/g03_top_IO/u_g03_soc/u_core_xzr/if_addr_r_reg[12]
  Impl DFF        Name(Last) i:/WORK/g03_top_IO/u_g03_soc/u_core_xzr/if_addr_r_reg[12]

  Ref  DFF        Name(Last) r:/WORK/g03_top_IO/u_g03_soc/u_core_xzr/if_addr_r_reg[13]
  Impl DFF        Name(Last) i:/WORK/g03_top_IO/u_g03_soc/u_core_xzr/if_addr_r_reg[13]

  Ref  DFF        Name(Last) r:/WORK/g03_top_IO/u_g03_soc/u_core_xzr/if_addr_r_reg[14]
  Impl DFF        Name(Last) i:/WORK/g03_top_IO/u_g03_soc/u_core_xzr/if_addr_r_reg[14]

  Ref  DFF        Name(Last) r:/WORK/g03_top_IO/u_g03_soc/u_core_xzr/if_addr_r_reg[15]
  Impl DFF        Name(Last) i:/WORK/g03_top_IO/u_g03_soc/u_core_xzr/if_addr_r_reg[15]

  Ref  DFF        Name(Last) r:/WORK/g03_top_IO/u_g03_soc/u_core_xzr/if_addr_r_reg[16]
  Impl DFF        Name(Last) i:/WORK/g03_top_IO/u_g03_soc/u_core_xzr/if_addr_r_reg[16]

  Ref  DFF        Name(Last) r:/WORK/g03_top_IO/u_g03_soc/u_core_xzr/if_addr_r_reg[17]
  Impl DFF        Name(Last) i:/WORK/g03_top_IO/u_g03_soc/u_core_xzr/if_addr_r_reg[17]

  Ref  DFF        Name(Last) r:/WORK/g03_top_IO/u_g03_soc/u_core_xzr/if_addr_r_reg[18]
  Impl DFF        Name(Last) i:/WORK/g03_top_IO/u_g03_soc/u_core_xzr/if_addr_r_reg[18]

  Ref  DFF        Name(Last) r:/WORK/g03_top_IO/u_g03_soc/u_core_xzr/if_addr_r_reg[19]
  Impl DFF        Name(Last) i:/WORK/g03_top_IO/u_g03_soc/u_core_xzr/if_addr_r_reg[19]

  Ref  DFF        Name(Last) r:/WORK/g03_top_IO/u_g03_soc/u_core_xzr/if_addr_r_reg[1]
  Impl DFF        Name(Last) i:/WORK/g03_top_IO/u_g03_soc/u_core_xzr/if_addr_r_reg[1]

  Ref  DFF        Name(Last) r:/WORK/g03_top_IO/u_g03_soc/u_core_xzr/if_addr_r_reg[20]
  Impl DFF        Name(Last) i:/WORK/g03_top_IO/u_g03_soc/u_core_xzr/if_addr_r_reg[20]

  Ref  DFF        Name(Last) r:/WORK/g03_top_IO/u_g03_soc/u_core_xzr/if_addr_r_reg[21]
  Impl DFF        Name(Last) i:/WORK/g03_top_IO/u_g03_soc/u_core_xzr/if_addr_r_reg[21]

  Ref  DFF        Name(Last) r:/WORK/g03_top_IO/u_g03_soc/u_core_xzr/if_addr_r_reg[22]
  Impl DFF        Name(Last) i:/WORK/g03_top_IO/u_g03_soc/u_core_xzr/if_addr_r_reg[22]

  Ref  DFF        Name(Last) r:/WORK/g03_top_IO/u_g03_soc/u_core_xzr/if_addr_r_reg[23]
  Impl DFF        Name(Last) i:/WORK/g03_top_IO/u_g03_soc/u_core_xzr/if_addr_r_reg[23]

  Ref  DFF        Name(Last) r:/WORK/g03_top_IO/u_g03_soc/u_core_xzr/if_addr_r_reg[24]
  Impl DFF        Name(Last) i:/WORK/g03_top_IO/u_g03_soc/u_core_xzr/if_addr_r_reg[24]

  Ref  DFF        Name(Last) r:/WORK/g03_top_IO/u_g03_soc/u_core_xzr/if_addr_r_reg[25]
  Impl DFF        Name(Last) i:/WORK/g03_top_IO/u_g03_soc/u_core_xzr/if_addr_r_reg[25]

  Ref  DFF        Name(Last) r:/WORK/g03_top_IO/u_g03_soc/u_core_xzr/if_addr_r_reg[26]
  Impl DFF        Name(Last) i:/WORK/g03_top_IO/u_g03_soc/u_core_xzr/if_addr_r_reg[26]

  Ref  DFF        Name(Last) r:/WORK/g03_top_IO/u_g03_soc/u_core_xzr/if_addr_r_reg[27]
  Impl DFF        Name(Last) i:/WORK/g03_top_IO/u_g03_soc/u_core_xzr/if_addr_r_reg[27]

  Ref  DFF        Name(Last) r:/WORK/g03_top_IO/u_g03_soc/u_core_xzr/if_addr_r_reg[28]
  Impl DFF        Name(Last) i:/WORK/g03_top_IO/u_g03_soc/u_core_xzr/if_addr_r_reg[28]

  Ref  DFF        Name(Last) r:/WORK/g03_top_IO/u_g03_soc/u_core_xzr/if_addr_r_reg[29]
  Impl DFF        Name(Last) i:/WORK/g03_top_IO/u_g03_soc/u_core_xzr/if_addr_r_reg[29]

  Ref  DFF        Name(Last) r:/WORK/g03_top_IO/u_g03_soc/u_core_xzr/if_addr_r_reg[2]
  Impl DFF        Name(Last) i:/WORK/g03_top_IO/u_g03_soc/u_core_xzr/if_addr_r_reg[2]

  Ref  DFF        Name(Last) r:/WORK/g03_top_IO/u_g03_soc/u_core_xzr/if_addr_r_reg[30]
  Impl DFF        Name(Last) i:/WORK/g03_top_IO/u_g03_soc/u_core_xzr/if_addr_r_reg[30]

  Ref  DFF        Name(Last) r:/WORK/g03_top_IO/u_g03_soc/u_core_xzr/if_addr_r_reg[31]
  Impl DFF        Name(Last) i:/WORK/g03_top_IO/u_g03_soc/u_core_xzr/if_addr_r_reg[31]

  Ref  DFF        Name(Last) r:/WORK/g03_top_IO/u_g03_soc/u_core_xzr/if_addr_r_reg[3]
  Impl DFF        Name(Last) i:/WORK/g03_top_IO/u_g03_soc/u_core_xzr/if_addr_r_reg[3]

  Ref  DFF        Name(Last) r:/WORK/g03_top_IO/u_g03_soc/u_core_xzr/if_addr_r_reg[4]
  Impl DFF        Name(Last) i:/WORK/g03_top_IO/u_g03_soc/u_core_xzr/if_addr_r_reg[4]

  Ref  DFF        Name(Last) r:/WORK/g03_top_IO/u_g03_soc/u_core_xzr/if_addr_r_reg[5]
  Impl DFF        Name(Last) i:/WORK/g03_top_IO/u_g03_soc/u_core_xzr/if_addr_r_reg[5]

  Ref  DFF        Name(Last) r:/WORK/g03_top_IO/u_g03_soc/u_core_xzr/if_addr_r_reg[6]
  Impl DFF        Name(Last) i:/WORK/g03_top_IO/u_g03_soc/u_core_xzr/if_addr_r_reg[6]

  Ref  DFF        Name(Last) r:/WORK/g03_top_IO/u_g03_soc/u_core_xzr/if_addr_r_reg[7]
  Impl DFF        Name(Last) i:/WORK/g03_top_IO/u_g03_soc/u_core_xzr/if_addr_r_reg[7]

  Ref  DFF        Name(Last) r:/WORK/g03_top_IO/u_g03_soc/u_core_xzr/if_addr_r_reg[8]
  Impl DFF        Name(Last) i:/WORK/g03_top_IO/u_g03_soc/u_core_xzr/if_addr_r_reg[8]

  Ref  DFF        Name(Last) r:/WORK/g03_top_IO/u_g03_soc/u_core_xzr/if_addr_r_reg[9]
  Impl DFF        Name(Last) i:/WORK/g03_top_IO/u_g03_soc/u_core_xzr/if_addr_r_reg[9]

  Ref  DFF        Name(Last) r:/WORK/g03_top_IO/u_g03_soc/u_core_xzr/if_inst_r_reg[0]
  Impl DFF        Name(Last) i:/WORK/g03_top_IO/u_g03_soc/u_core_xzr/if_inst_r_reg[0]

  Ref  DFF        Name(Last) r:/WORK/g03_top_IO/u_g03_soc/u_core_xzr/if_inst_r_reg[10]
  Impl DFF        Name(Last) i:/WORK/g03_top_IO/u_g03_soc/u_core_xzr/if_inst_r_reg[10]

  Ref  DFF        Name(Last) r:/WORK/g03_top_IO/u_g03_soc/u_core_xzr/if_inst_r_reg[11]
  Impl DFF        Name(Last) i:/WORK/g03_top_IO/u_g03_soc/u_core_xzr/if_inst_r_reg[11]

  Ref  DFF        Name(Last) r:/WORK/g03_top_IO/u_g03_soc/u_core_xzr/if_inst_r_reg[12]
  Impl DFF        Name(Last) i:/WORK/g03_top_IO/u_g03_soc/u_core_xzr/if_inst_r_reg[12]

  Ref  DFF        Name(Last) r:/WORK/g03_top_IO/u_g03_soc/u_core_xzr/if_inst_r_reg[13]
  Impl DFF        Name(Last) i:/WORK/g03_top_IO/u_g03_soc/u_core_xzr/if_inst_r_reg[13]

  Ref  DFF        Name(Last) r:/WORK/g03_top_IO/u_g03_soc/u_core_xzr/if_inst_r_reg[14]
  Impl DFF        Name(Last) i:/WORK/g03_top_IO/u_g03_soc/u_core_xzr/if_inst_r_reg[14]

  Ref  DFF        Name(Last) r:/WORK/g03_top_IO/u_g03_soc/u_core_xzr/if_inst_r_reg[15]
  Impl DFF        Name(Last) i:/WORK/g03_top_IO/u_g03_soc/u_core_xzr/if_inst_r_reg[15]

  Ref  DFF        Name(Last) r:/WORK/g03_top_IO/u_g03_soc/u_core_xzr/if_inst_r_reg[16]
  Impl DFF        Name(Last) i:/WORK/g03_top_IO/u_g03_soc/u_core_xzr/if_inst_r_reg[16]

  Ref  DFF        Name(Last) r:/WORK/g03_top_IO/u_g03_soc/u_core_xzr/if_inst_r_reg[17]
  Impl DFF        Name(Last) i:/WORK/g03_top_IO/u_g03_soc/u_core_xzr/if_inst_r_reg[17]

  Ref  DFF        Name(Last) r:/WORK/g03_top_IO/u_g03_soc/u_core_xzr/if_inst_r_reg[18]
  Impl DFF        Name(Last) i:/WORK/g03_top_IO/u_g03_soc/u_core_xzr/if_inst_r_reg[18]

  Ref  DFF        Name(Last) r:/WORK/g03_top_IO/u_g03_soc/u_core_xzr/if_inst_r_reg[19]
  Impl DFF        Name(Last) i:/WORK/g03_top_IO/u_g03_soc/u_core_xzr/if_inst_r_reg[19]

  Ref  DFF        Name(Last) r:/WORK/g03_top_IO/u_g03_soc/u_core_xzr/if_inst_r_reg[1]
  Impl DFF        Name(Last) i:/WORK/g03_top_IO/u_g03_soc/u_core_xzr/if_inst_r_reg[1]

  Ref  DFF        Name(Last) r:/WORK/g03_top_IO/u_g03_soc/u_core_xzr/if_inst_r_reg[20]
  Impl DFF        Name(Last) i:/WORK/g03_top_IO/u_g03_soc/u_core_xzr/if_inst_r_reg[20]

  Ref  DFF        Name(Last) r:/WORK/g03_top_IO/u_g03_soc/u_core_xzr/if_inst_r_reg[21]
  Impl DFF        Name(Last) i:/WORK/g03_top_IO/u_g03_soc/u_core_xzr/if_inst_r_reg[21]

  Ref  DFF        Name(Last) r:/WORK/g03_top_IO/u_g03_soc/u_core_xzr/if_inst_r_reg[22]
  Impl DFF        Name(Last) i:/WORK/g03_top_IO/u_g03_soc/u_core_xzr/if_inst_r_reg[22]

  Ref  DFF        Name(Last) r:/WORK/g03_top_IO/u_g03_soc/u_core_xzr/if_inst_r_reg[23]
  Impl DFF        Name(Last) i:/WORK/g03_top_IO/u_g03_soc/u_core_xzr/if_inst_r_reg[23]

  Ref  DFF        Name(Last) r:/WORK/g03_top_IO/u_g03_soc/u_core_xzr/if_inst_r_reg[24]
  Impl DFF        Name(Last) i:/WORK/g03_top_IO/u_g03_soc/u_core_xzr/if_inst_r_reg[24]

  Ref  DFF        Name(Last) r:/WORK/g03_top_IO/u_g03_soc/u_core_xzr/if_inst_r_reg[25]
  Impl DFF        Name(Last) i:/WORK/g03_top_IO/u_g03_soc/u_core_xzr/if_inst_r_reg[25]

  Ref  DFF        Name(Last) r:/WORK/g03_top_IO/u_g03_soc/u_core_xzr/if_inst_r_reg[26]
  Impl DFF        Name(Last) i:/WORK/g03_top_IO/u_g03_soc/u_core_xzr/if_inst_r_reg[26]

  Ref  DFF        Name(Last) r:/WORK/g03_top_IO/u_g03_soc/u_core_xzr/if_inst_r_reg[27]
  Impl DFF        Name(Last) i:/WORK/g03_top_IO/u_g03_soc/u_core_xzr/if_inst_r_reg[27]

  Ref  DFF        Name(Last) r:/WORK/g03_top_IO/u_g03_soc/u_core_xzr/if_inst_r_reg[28]
  Impl DFF        Name(Last) i:/WORK/g03_top_IO/u_g03_soc/u_core_xzr/if_inst_r_reg[28]

  Ref  DFF        Name(Last) r:/WORK/g03_top_IO/u_g03_soc/u_core_xzr/if_inst_r_reg[29]
  Impl DFF        Name(Last) i:/WORK/g03_top_IO/u_g03_soc/u_core_xzr/if_inst_r_reg[29]

  Ref  DFF        Name(Last) r:/WORK/g03_top_IO/u_g03_soc/u_core_xzr/if_inst_r_reg[2]
  Impl DFF        Name(Last) i:/WORK/g03_top_IO/u_g03_soc/u_core_xzr/if_inst_r_reg[2]

  Ref  DFF        Name(Last) r:/WORK/g03_top_IO/u_g03_soc/u_core_xzr/if_inst_r_reg[30]
  Impl DFF        Name(Last) i:/WORK/g03_top_IO/u_g03_soc/u_core_xzr/if_inst_r_reg[30]

  Ref  DFF        Name(Last) r:/WORK/g03_top_IO/u_g03_soc/u_core_xzr/if_inst_r_reg[31]
  Impl DFF        Name(Last) i:/WORK/g03_top_IO/u_g03_soc/u_core_xzr/if_inst_r_reg[31]

  Ref  DFF        Name(Last) r:/WORK/g03_top_IO/u_g03_soc/u_core_xzr/if_inst_r_reg[3]
  Impl DFF        Name(Last) i:/WORK/g03_top_IO/u_g03_soc/u_core_xzr/if_inst_r_reg[3]

  Ref  DFF        Name(Last) r:/WORK/g03_top_IO/u_g03_soc/u_core_xzr/if_inst_r_reg[4]
  Impl DFF        Name(Last) i:/WORK/g03_top_IO/u_g03_soc/u_core_xzr/if_inst_r_reg[4]

  Ref  DFF        Name(Last) r:/WORK/g03_top_IO/u_g03_soc/u_core_xzr/if_inst_r_reg[5]
  Impl DFF        Name(Last) i:/WORK/g03_top_IO/u_g03_soc/u_core_xzr/if_inst_r_reg[5]

  Ref  DFF        Name(Last) r:/WORK/g03_top_IO/u_g03_soc/u_core_xzr/if_inst_r_reg[6]
  Impl DFF        Name(Last) i:/WORK/g03_top_IO/u_g03_soc/u_core_xzr/if_inst_r_reg[6]

  Ref  DFF        Name(Last) r:/WORK/g03_top_IO/u_g03_soc/u_core_xzr/if_inst_r_reg[7]
  Impl DFF        Name(Last) i:/WORK/g03_top_IO/u_g03_soc/u_core_xzr/if_inst_r_reg[7]

  Ref  DFF        Name(Last) r:/WORK/g03_top_IO/u_g03_soc/u_core_xzr/if_inst_r_reg[8]
  Impl DFF        Name(Last) i:/WORK/g03_top_IO/u_g03_soc/u_core_xzr/if_inst_r_reg[8]

  Ref  DFF        Name(Last) r:/WORK/g03_top_IO/u_g03_soc/u_core_xzr/if_inst_r_reg[9]
  Impl DFF        Name(Last) i:/WORK/g03_top_IO/u_g03_soc/u_core_xzr/if_inst_r_reg[9]

  Ref  DFF        Name(Last) r:/WORK/g03_top_IO/u_g03_soc/u_core_xzr/if_state_reg[0]
  Impl DFF        Name(Last) i:/WORK/g03_top_IO/u_g03_soc/u_core_xzr/if_state_reg[0]

  Ref  DFF        Name(Last) r:/WORK/g03_top_IO/u_g03_soc/u_core_xzr/if_state_reg[1]
  Impl DFF        Name(Last) i:/WORK/g03_top_IO/u_g03_soc/u_core_xzr/if_state_reg[1]

  Ref  DFF        Name(Last) r:/WORK/g03_top_IO/u_g03_soc/u_core_xzr/mem_state_reg
  Impl DFF        Name(Last) i:/WORK/g03_top_IO/u_g03_soc/u_core_xzr/mem_state_reg

  Ref  LAT        Name(Last) r:/WORK/g03_top_IO/u_g03_soc/u_core_xzr/u_ex/jump_addr_reg[0]
  Impl LAT        Name(Last) i:/WORK/g03_top_IO/u_g03_soc/u_core_xzr/u_ex/jump_addr_reg[0]

  Ref  LAT        Name(Last) r:/WORK/g03_top_IO/u_g03_soc/u_core_xzr/u_ex/jump_addr_reg[10]
  Impl LAT        Name(Last) i:/WORK/g03_top_IO/u_g03_soc/u_core_xzr/u_ex/jump_addr_reg[10]

  Ref  LAT        Name(Last) r:/WORK/g03_top_IO/u_g03_soc/u_core_xzr/u_ex/jump_addr_reg[11]
  Impl LAT        Name(Last) i:/WORK/g03_top_IO/u_g03_soc/u_core_xzr/u_ex/jump_addr_reg[11]

  Ref  LAT        Name(Last) r:/WORK/g03_top_IO/u_g03_soc/u_core_xzr/u_ex/jump_addr_reg[12]
  Impl LAT        Name(Last) i:/WORK/g03_top_IO/u_g03_soc/u_core_xzr/u_ex/jump_addr_reg[12]

  Ref  LAT        Name(Last) r:/WORK/g03_top_IO/u_g03_soc/u_core_xzr/u_ex/jump_addr_reg[13]
  Impl LAT        Name(Last) i:/WORK/g03_top_IO/u_g03_soc/u_core_xzr/u_ex/jump_addr_reg[13]

  Ref  LAT        Name(Last) r:/WORK/g03_top_IO/u_g03_soc/u_core_xzr/u_ex/jump_addr_reg[14]
  Impl LAT        Name(Last) i:/WORK/g03_top_IO/u_g03_soc/u_core_xzr/u_ex/jump_addr_reg[14]

  Ref  LAT        Name(Last) r:/WORK/g03_top_IO/u_g03_soc/u_core_xzr/u_ex/jump_addr_reg[15]
  Impl LAT        Name(Last) i:/WORK/g03_top_IO/u_g03_soc/u_core_xzr/u_ex/jump_addr_reg[15]

  Ref  LAT        Name(Last) r:/WORK/g03_top_IO/u_g03_soc/u_core_xzr/u_ex/jump_addr_reg[16]
  Impl LAT        Name(Last) i:/WORK/g03_top_IO/u_g03_soc/u_core_xzr/u_ex/jump_addr_reg[16]

  Ref  LAT        Name(Last) r:/WORK/g03_top_IO/u_g03_soc/u_core_xzr/u_ex/jump_addr_reg[17]
  Impl LAT        Name(Last) i:/WORK/g03_top_IO/u_g03_soc/u_core_xzr/u_ex/jump_addr_reg[17]

  Ref  LAT        Name(Last) r:/WORK/g03_top_IO/u_g03_soc/u_core_xzr/u_ex/jump_addr_reg[18]
  Impl LAT        Name(Last) i:/WORK/g03_top_IO/u_g03_soc/u_core_xzr/u_ex/jump_addr_reg[18]

  Ref  LAT        Name(Last) r:/WORK/g03_top_IO/u_g03_soc/u_core_xzr/u_ex/jump_addr_reg[19]
  Impl LAT        Name(Last) i:/WORK/g03_top_IO/u_g03_soc/u_core_xzr/u_ex/jump_addr_reg[19]

  Ref  LAT        Name(Last) r:/WORK/g03_top_IO/u_g03_soc/u_core_xzr/u_ex/jump_addr_reg[1]
  Impl LAT        Name(Last) i:/WORK/g03_top_IO/u_g03_soc/u_core_xzr/u_ex/jump_addr_reg[1]

  Ref  LAT        Name(Last) r:/WORK/g03_top_IO/u_g03_soc/u_core_xzr/u_ex/jump_addr_reg[20]
  Impl LAT        Name(Last) i:/WORK/g03_top_IO/u_g03_soc/u_core_xzr/u_ex/jump_addr_reg[20]

  Ref  LAT        Name(Last) r:/WORK/g03_top_IO/u_g03_soc/u_core_xzr/u_ex/jump_addr_reg[21]
  Impl LAT        Name(Last) i:/WORK/g03_top_IO/u_g03_soc/u_core_xzr/u_ex/jump_addr_reg[21]

  Ref  LAT        Name(Last) r:/WORK/g03_top_IO/u_g03_soc/u_core_xzr/u_ex/jump_addr_reg[22]
  Impl LAT        Name(Last) i:/WORK/g03_top_IO/u_g03_soc/u_core_xzr/u_ex/jump_addr_reg[22]

  Ref  LAT        Name(Last) r:/WORK/g03_top_IO/u_g03_soc/u_core_xzr/u_ex/jump_addr_reg[23]
  Impl LAT        Name(Last) i:/WORK/g03_top_IO/u_g03_soc/u_core_xzr/u_ex/jump_addr_reg[23]

  Ref  LAT        Name(Last) r:/WORK/g03_top_IO/u_g03_soc/u_core_xzr/u_ex/jump_addr_reg[24]
  Impl LAT        Name(Last) i:/WORK/g03_top_IO/u_g03_soc/u_core_xzr/u_ex/jump_addr_reg[24]

  Ref  LAT        Name(Last) r:/WORK/g03_top_IO/u_g03_soc/u_core_xzr/u_ex/jump_addr_reg[25]
  Impl LAT        Name(Last) i:/WORK/g03_top_IO/u_g03_soc/u_core_xzr/u_ex/jump_addr_reg[25]

  Ref  LAT        Name(Last) r:/WORK/g03_top_IO/u_g03_soc/u_core_xzr/u_ex/jump_addr_reg[26]
  Impl LAT        Name(Last) i:/WORK/g03_top_IO/u_g03_soc/u_core_xzr/u_ex/jump_addr_reg[26]

  Ref  LAT        Name(Last) r:/WORK/g03_top_IO/u_g03_soc/u_core_xzr/u_ex/jump_addr_reg[27]
  Impl LAT        Name(Last) i:/WORK/g03_top_IO/u_g03_soc/u_core_xzr/u_ex/jump_addr_reg[27]

  Ref  LAT        Name(Last) r:/WORK/g03_top_IO/u_g03_soc/u_core_xzr/u_ex/jump_addr_reg[28]
  Impl LAT        Name(Last) i:/WORK/g03_top_IO/u_g03_soc/u_core_xzr/u_ex/jump_addr_reg[28]

  Ref  LAT        Name(Last) r:/WORK/g03_top_IO/u_g03_soc/u_core_xzr/u_ex/jump_addr_reg[29]
  Impl LAT        Name(Last) i:/WORK/g03_top_IO/u_g03_soc/u_core_xzr/u_ex/jump_addr_reg[29]

  Ref  LAT        Name(Last) r:/WORK/g03_top_IO/u_g03_soc/u_core_xzr/u_ex/jump_addr_reg[2]
  Impl LAT        Name(Last) i:/WORK/g03_top_IO/u_g03_soc/u_core_xzr/u_ex/jump_addr_reg[2]

  Ref  LAT        Name(Last) r:/WORK/g03_top_IO/u_g03_soc/u_core_xzr/u_ex/jump_addr_reg[30]
  Impl LAT        Name(Last) i:/WORK/g03_top_IO/u_g03_soc/u_core_xzr/u_ex/jump_addr_reg[30]

  Ref  LAT        Name(Last) r:/WORK/g03_top_IO/u_g03_soc/u_core_xzr/u_ex/jump_addr_reg[31]
  Impl LAT        Name(Last) i:/WORK/g03_top_IO/u_g03_soc/u_core_xzr/u_ex/jump_addr_reg[31]

  Ref  LAT        Name(Last) r:/WORK/g03_top_IO/u_g03_soc/u_core_xzr/u_ex/jump_addr_reg[3]
  Impl LAT        Name(Last) i:/WORK/g03_top_IO/u_g03_soc/u_core_xzr/u_ex/jump_addr_reg[3]

  Ref  LAT        Name(Last) r:/WORK/g03_top_IO/u_g03_soc/u_core_xzr/u_ex/jump_addr_reg[4]
  Impl LAT        Name(Last) i:/WORK/g03_top_IO/u_g03_soc/u_core_xzr/u_ex/jump_addr_reg[4]

  Ref  LAT        Name(Last) r:/WORK/g03_top_IO/u_g03_soc/u_core_xzr/u_ex/jump_addr_reg[5]
  Impl LAT        Name(Last) i:/WORK/g03_top_IO/u_g03_soc/u_core_xzr/u_ex/jump_addr_reg[5]

  Ref  LAT        Name(Last) r:/WORK/g03_top_IO/u_g03_soc/u_core_xzr/u_ex/jump_addr_reg[6]
  Impl LAT        Name(Last) i:/WORK/g03_top_IO/u_g03_soc/u_core_xzr/u_ex/jump_addr_reg[6]

  Ref  LAT        Name(Last) r:/WORK/g03_top_IO/u_g03_soc/u_core_xzr/u_ex/jump_addr_reg[7]
  Impl LAT        Name(Last) i:/WORK/g03_top_IO/u_g03_soc/u_core_xzr/u_ex/jump_addr_reg[7]

  Ref  LAT        Name(Last) r:/WORK/g03_top_IO/u_g03_soc/u_core_xzr/u_ex/jump_addr_reg[8]
  Impl LAT        Name(Last) i:/WORK/g03_top_IO/u_g03_soc/u_core_xzr/u_ex/jump_addr_reg[8]

  Ref  LAT        Name(Last) r:/WORK/g03_top_IO/u_g03_soc/u_core_xzr/u_ex/jump_addr_reg[9]
  Impl LAT        Name(Last) i:/WORK/g03_top_IO/u_g03_soc/u_core_xzr/u_ex/jump_addr_reg[9]

  Ref  LAT        Name(Last) r:/WORK/g03_top_IO/u_g03_soc/u_core_xzr/u_ex/jump_flag_reg
  Impl LAT        Name(Last) i:/WORK/g03_top_IO/u_g03_soc/u_core_xzr/u_ex/jump_flag_reg

  Ref  DFF        Name(Last) r:/WORK/g03_top_IO/u_g03_soc/u_core_xzr/u_ex/mem_ack_flag_reg
  Impl DFF        Name(Last) i:/WORK/g03_top_IO/u_g03_soc/u_core_xzr/u_ex/mem_ack_flag_reg

  Ref  LAT        Name(Last) r:/WORK/g03_top_IO/u_g03_soc/u_core_xzr/u_ex/mem_raddr_o_reg[0]
  Impl LAT        Name(Last) i:/WORK/g03_top_IO/u_g03_soc/u_core_xzr/u_ex/mem_raddr_o_reg[0]

  Ref  LAT        Name(Last) r:/WORK/g03_top_IO/u_g03_soc/u_core_xzr/u_ex/mem_raddr_o_reg[16]
  Impl LAT        Name(Last) i:/WORK/g03_top_IO/u_g03_soc/u_core_xzr/u_ex/mem_raddr_o_reg[16]

  Ref  LAT        Name(Last) r:/WORK/g03_top_IO/u_g03_soc/u_core_xzr/u_ex/mem_raddr_o_reg[17]
  Impl LAT        Name(Last) i:/WORK/g03_top_IO/u_g03_soc/u_core_xzr/u_ex/mem_raddr_o_reg[17]

  Ref  LAT        Name(Last) r:/WORK/g03_top_IO/u_g03_soc/u_core_xzr/u_ex/mem_raddr_o_reg[18]
  Impl LAT        Name(Last) i:/WORK/g03_top_IO/u_g03_soc/u_core_xzr/u_ex/mem_raddr_o_reg[18]

  Ref  LAT        Name(Last) r:/WORK/g03_top_IO/u_g03_soc/u_core_xzr/u_ex/mem_raddr_o_reg[19]
  Impl LAT        Name(Last) i:/WORK/g03_top_IO/u_g03_soc/u_core_xzr/u_ex/mem_raddr_o_reg[19]

  Ref  LAT        Name(Last) r:/WORK/g03_top_IO/u_g03_soc/u_core_xzr/u_ex/mem_raddr_o_reg[1]
  Impl LAT        Name(Last) i:/WORK/g03_top_IO/u_g03_soc/u_core_xzr/u_ex/mem_raddr_o_reg[1]

  Ref  LAT        Name(Last) r:/WORK/g03_top_IO/u_g03_soc/u_core_xzr/u_ex/mem_raddr_o_reg[20]
  Impl LAT        Name(Last) i:/WORK/g03_top_IO/u_g03_soc/u_core_xzr/u_ex/mem_raddr_o_reg[20]

  Ref  LAT        Name(Last) r:/WORK/g03_top_IO/u_g03_soc/u_core_xzr/u_ex/mem_raddr_o_reg[21]
  Impl LAT        Name(Last) i:/WORK/g03_top_IO/u_g03_soc/u_core_xzr/u_ex/mem_raddr_o_reg[21]

  Ref  LAT        Name(Last) r:/WORK/g03_top_IO/u_g03_soc/u_core_xzr/u_ex/mem_raddr_o_reg[22]
  Impl LAT        Name(Last) i:/WORK/g03_top_IO/u_g03_soc/u_core_xzr/u_ex/mem_raddr_o_reg[22]

  Ref  LAT        Name(Last) r:/WORK/g03_top_IO/u_g03_soc/u_core_xzr/u_ex/mem_raddr_o_reg[23]
  Impl LAT        Name(Last) i:/WORK/g03_top_IO/u_g03_soc/u_core_xzr/u_ex/mem_raddr_o_reg[23]

  Ref  LAT        Name(Last) r:/WORK/g03_top_IO/u_g03_soc/u_core_xzr/u_ex/mem_raddr_o_reg[28]
  Impl LAT        Name(Last) i:/WORK/g03_top_IO/u_g03_soc/u_core_xzr/u_ex/mem_raddr_o_reg[28]

  Ref  LAT        Name(Last) r:/WORK/g03_top_IO/u_g03_soc/u_core_xzr/u_ex/mem_raddr_o_reg[29]
  Impl LAT        Name(Last) i:/WORK/g03_top_IO/u_g03_soc/u_core_xzr/u_ex/mem_raddr_o_reg[29]

  Ref  LAT        Name(Last) r:/WORK/g03_top_IO/u_g03_soc/u_core_xzr/u_ex/mem_raddr_o_reg[2]
  Impl LAT        Name(Last) i:/WORK/g03_top_IO/u_g03_soc/u_core_xzr/u_ex/mem_raddr_o_reg[2]

  Ref  LAT        Name(Last) r:/WORK/g03_top_IO/u_g03_soc/u_core_xzr/u_ex/mem_raddr_o_reg[30]
  Impl LAT        Name(Last) i:/WORK/g03_top_IO/u_g03_soc/u_core_xzr/u_ex/mem_raddr_o_reg[30]

  Ref  LAT        Name(Last) r:/WORK/g03_top_IO/u_g03_soc/u_core_xzr/u_ex/mem_raddr_o_reg[31]
  Impl LAT        Name(Last) i:/WORK/g03_top_IO/u_g03_soc/u_core_xzr/u_ex/mem_raddr_o_reg[31]

  Ref  LAT        Name(Last) r:/WORK/g03_top_IO/u_g03_soc/u_core_xzr/u_ex/mem_raddr_o_reg[3]
  Impl LAT        Name(Last) i:/WORK/g03_top_IO/u_g03_soc/u_core_xzr/u_ex/mem_raddr_o_reg[3]

  Ref  LAT        Name(Last) r:/WORK/g03_top_IO/u_g03_soc/u_core_xzr/u_ex/mem_raddr_o_reg[4]
  Impl LAT        Name(Last) i:/WORK/g03_top_IO/u_g03_soc/u_core_xzr/u_ex/mem_raddr_o_reg[4]

  Ref  LAT        Name(Last) r:/WORK/g03_top_IO/u_g03_soc/u_core_xzr/u_ex/mem_raddr_o_reg[5]
  Impl LAT        Name(Last) i:/WORK/g03_top_IO/u_g03_soc/u_core_xzr/u_ex/mem_raddr_o_reg[5]

  Ref  LAT        Name(Last) r:/WORK/g03_top_IO/u_g03_soc/u_core_xzr/u_ex/mem_raddr_o_reg[6]
  Impl LAT        Name(Last) i:/WORK/g03_top_IO/u_g03_soc/u_core_xzr/u_ex/mem_raddr_o_reg[6]

  Ref  LAT        Name(Last) r:/WORK/g03_top_IO/u_g03_soc/u_core_xzr/u_ex/mem_raddr_o_reg[7]
  Impl LAT        Name(Last) i:/WORK/g03_top_IO/u_g03_soc/u_core_xzr/u_ex/mem_raddr_o_reg[7]

  Ref  LAT        Name(Last) r:/WORK/g03_top_IO/u_g03_soc/u_core_xzr/u_ex/mem_raddr_o_reg[8]
  Impl LAT        Name(Last) i:/WORK/g03_top_IO/u_g03_soc/u_core_xzr/u_ex/mem_raddr_o_reg[8]

  Ref  LAT        Name(Last) r:/WORK/g03_top_IO/u_g03_soc/u_core_xzr/u_ex/mem_raddr_o_reg[9]
  Impl LAT        Name(Last) i:/WORK/g03_top_IO/u_g03_soc/u_core_xzr/u_ex/mem_raddr_o_reg[9]

  Ref  LAT        Name(Last) r:/WORK/g03_top_IO/u_g03_soc/u_core_xzr/u_ex/mem_waddr_o_reg[0]
  Impl LAT        Name(Last) i:/WORK/g03_top_IO/u_g03_soc/u_core_xzr/u_ex/mem_waddr_o_reg[0]

  Ref  LAT        Name(Last) r:/WORK/g03_top_IO/u_g03_soc/u_core_xzr/u_ex/mem_waddr_o_reg[16]
  Impl LAT        Name(Last) i:/WORK/g03_top_IO/u_g03_soc/u_core_xzr/u_ex/mem_waddr_o_reg[16]

  Ref  LAT        Name(Last) r:/WORK/g03_top_IO/u_g03_soc/u_core_xzr/u_ex/mem_waddr_o_reg[17]
  Impl LAT        Name(Last) i:/WORK/g03_top_IO/u_g03_soc/u_core_xzr/u_ex/mem_waddr_o_reg[17]

  Ref  LAT        Name(Last) r:/WORK/g03_top_IO/u_g03_soc/u_core_xzr/u_ex/mem_waddr_o_reg[18]
  Impl LAT        Name(Last) i:/WORK/g03_top_IO/u_g03_soc/u_core_xzr/u_ex/mem_waddr_o_reg[18]

  Ref  LAT        Name(Last) r:/WORK/g03_top_IO/u_g03_soc/u_core_xzr/u_ex/mem_waddr_o_reg[19]
  Impl LAT        Name(Last) i:/WORK/g03_top_IO/u_g03_soc/u_core_xzr/u_ex/mem_waddr_o_reg[19]

  Ref  LAT        Name(Last) r:/WORK/g03_top_IO/u_g03_soc/u_core_xzr/u_ex/mem_waddr_o_reg[1]
  Impl LAT        Name(Last) i:/WORK/g03_top_IO/u_g03_soc/u_core_xzr/u_ex/mem_waddr_o_reg[1]

  Ref  LAT        Name(Last) r:/WORK/g03_top_IO/u_g03_soc/u_core_xzr/u_ex/mem_waddr_o_reg[20]
  Impl LAT        Name(Last) i:/WORK/g03_top_IO/u_g03_soc/u_core_xzr/u_ex/mem_waddr_o_reg[20]

  Ref  LAT        Name(Last) r:/WORK/g03_top_IO/u_g03_soc/u_core_xzr/u_ex/mem_waddr_o_reg[21]
  Impl LAT        Name(Last) i:/WORK/g03_top_IO/u_g03_soc/u_core_xzr/u_ex/mem_waddr_o_reg[21]

  Ref  LAT        Name(Last) r:/WORK/g03_top_IO/u_g03_soc/u_core_xzr/u_ex/mem_waddr_o_reg[22]
  Impl LAT        Name(Last) i:/WORK/g03_top_IO/u_g03_soc/u_core_xzr/u_ex/mem_waddr_o_reg[22]

  Ref  LAT        Name(Last) r:/WORK/g03_top_IO/u_g03_soc/u_core_xzr/u_ex/mem_waddr_o_reg[23]
  Impl LAT        Name(Last) i:/WORK/g03_top_IO/u_g03_soc/u_core_xzr/u_ex/mem_waddr_o_reg[23]

  Ref  LAT        Name(Last) r:/WORK/g03_top_IO/u_g03_soc/u_core_xzr/u_ex/mem_waddr_o_reg[28]
  Impl LAT        Name(Last) i:/WORK/g03_top_IO/u_g03_soc/u_core_xzr/u_ex/mem_waddr_o_reg[28]

  Ref  LAT        Name(Last) r:/WORK/g03_top_IO/u_g03_soc/u_core_xzr/u_ex/mem_waddr_o_reg[29]
  Impl LAT        Name(Last) i:/WORK/g03_top_IO/u_g03_soc/u_core_xzr/u_ex/mem_waddr_o_reg[29]

  Ref  LAT        Name(Last) r:/WORK/g03_top_IO/u_g03_soc/u_core_xzr/u_ex/mem_waddr_o_reg[2]
  Impl LAT        Name(Last) i:/WORK/g03_top_IO/u_g03_soc/u_core_xzr/u_ex/mem_waddr_o_reg[2]

  Ref  LAT        Name(Last) r:/WORK/g03_top_IO/u_g03_soc/u_core_xzr/u_ex/mem_waddr_o_reg[30]
  Impl LAT        Name(Last) i:/WORK/g03_top_IO/u_g03_soc/u_core_xzr/u_ex/mem_waddr_o_reg[30]

  Ref  LAT        Name(Last) r:/WORK/g03_top_IO/u_g03_soc/u_core_xzr/u_ex/mem_waddr_o_reg[31]
  Impl LAT        Name(Last) i:/WORK/g03_top_IO/u_g03_soc/u_core_xzr/u_ex/mem_waddr_o_reg[31]

  Ref  LAT        Name(Last) r:/WORK/g03_top_IO/u_g03_soc/u_core_xzr/u_ex/mem_waddr_o_reg[3]
  Impl LAT        Name(Last) i:/WORK/g03_top_IO/u_g03_soc/u_core_xzr/u_ex/mem_waddr_o_reg[3]

  Ref  LAT        Name(Last) r:/WORK/g03_top_IO/u_g03_soc/u_core_xzr/u_ex/mem_waddr_o_reg[4]
  Impl LAT        Name(Last) i:/WORK/g03_top_IO/u_g03_soc/u_core_xzr/u_ex/mem_waddr_o_reg[4]

  Ref  LAT        Name(Last) r:/WORK/g03_top_IO/u_g03_soc/u_core_xzr/u_ex/mem_waddr_o_reg[5]
  Impl LAT        Name(Last) i:/WORK/g03_top_IO/u_g03_soc/u_core_xzr/u_ex/mem_waddr_o_reg[5]

  Ref  LAT        Name(Last) r:/WORK/g03_top_IO/u_g03_soc/u_core_xzr/u_ex/mem_waddr_o_reg[6]
  Impl LAT        Name(Last) i:/WORK/g03_top_IO/u_g03_soc/u_core_xzr/u_ex/mem_waddr_o_reg[6]

  Ref  LAT        Name(Last) r:/WORK/g03_top_IO/u_g03_soc/u_core_xzr/u_ex/mem_waddr_o_reg[7]
  Impl LAT        Name(Last) i:/WORK/g03_top_IO/u_g03_soc/u_core_xzr/u_ex/mem_waddr_o_reg[7]

  Ref  LAT        Name(Last) r:/WORK/g03_top_IO/u_g03_soc/u_core_xzr/u_ex/mem_waddr_o_reg[8]
  Impl LAT        Name(Last) i:/WORK/g03_top_IO/u_g03_soc/u_core_xzr/u_ex/mem_waddr_o_reg[8]

  Ref  LAT        Name(Last) r:/WORK/g03_top_IO/u_g03_soc/u_core_xzr/u_ex/mem_waddr_o_reg[9]
  Impl LAT        Name(Last) i:/WORK/g03_top_IO/u_g03_soc/u_core_xzr/u_ex/mem_waddr_o_reg[9]

  Ref  LAT        Name(Last) r:/WORK/g03_top_IO/u_g03_soc/u_core_xzr/u_ex/mem_wdata_o_reg[0]
  Impl LAT        Name(Last) i:/WORK/g03_top_IO/u_g03_soc/u_core_xzr/u_ex/mem_wdata_o_reg[0]

  Ref  LAT        Name(Last) r:/WORK/g03_top_IO/u_g03_soc/u_core_xzr/u_ex/mem_wdata_o_reg[10]
  Impl LAT        Name(Last) i:/WORK/g03_top_IO/u_g03_soc/u_core_xzr/u_ex/mem_wdata_o_reg[10]

  Ref  LAT        Name(Last) r:/WORK/g03_top_IO/u_g03_soc/u_core_xzr/u_ex/mem_wdata_o_reg[11]
  Impl LAT        Name(Last) i:/WORK/g03_top_IO/u_g03_soc/u_core_xzr/u_ex/mem_wdata_o_reg[11]

  Ref  LAT        Name(Last) r:/WORK/g03_top_IO/u_g03_soc/u_core_xzr/u_ex/mem_wdata_o_reg[12]
  Impl LAT        Name(Last) i:/WORK/g03_top_IO/u_g03_soc/u_core_xzr/u_ex/mem_wdata_o_reg[12]

  Ref  LAT        Name(Last) r:/WORK/g03_top_IO/u_g03_soc/u_core_xzr/u_ex/mem_wdata_o_reg[13]
  Impl LAT        Name(Last) i:/WORK/g03_top_IO/u_g03_soc/u_core_xzr/u_ex/mem_wdata_o_reg[13]

  Ref  LAT        Name(Last) r:/WORK/g03_top_IO/u_g03_soc/u_core_xzr/u_ex/mem_wdata_o_reg[14]
  Impl LAT        Name(Last) i:/WORK/g03_top_IO/u_g03_soc/u_core_xzr/u_ex/mem_wdata_o_reg[14]

  Ref  LAT        Name(Last) r:/WORK/g03_top_IO/u_g03_soc/u_core_xzr/u_ex/mem_wdata_o_reg[15]
  Impl LAT        Name(Last) i:/WORK/g03_top_IO/u_g03_soc/u_core_xzr/u_ex/mem_wdata_o_reg[15]

  Ref  LAT        Name(Last) r:/WORK/g03_top_IO/u_g03_soc/u_core_xzr/u_ex/mem_wdata_o_reg[16]
  Impl LAT        Name(Last) i:/WORK/g03_top_IO/u_g03_soc/u_core_xzr/u_ex/mem_wdata_o_reg[16]

  Ref  LAT        Name(Last) r:/WORK/g03_top_IO/u_g03_soc/u_core_xzr/u_ex/mem_wdata_o_reg[17]
  Impl LAT        Name(Last) i:/WORK/g03_top_IO/u_g03_soc/u_core_xzr/u_ex/mem_wdata_o_reg[17]

  Ref  LAT        Name(Last) r:/WORK/g03_top_IO/u_g03_soc/u_core_xzr/u_ex/mem_wdata_o_reg[18]
  Impl LAT        Name(Last) i:/WORK/g03_top_IO/u_g03_soc/u_core_xzr/u_ex/mem_wdata_o_reg[18]

  Ref  LAT        Name(Last) r:/WORK/g03_top_IO/u_g03_soc/u_core_xzr/u_ex/mem_wdata_o_reg[19]
  Impl LAT        Name(Last) i:/WORK/g03_top_IO/u_g03_soc/u_core_xzr/u_ex/mem_wdata_o_reg[19]

  Ref  LAT        Name(Last) r:/WORK/g03_top_IO/u_g03_soc/u_core_xzr/u_ex/mem_wdata_o_reg[1]
  Impl LAT        Name(Last) i:/WORK/g03_top_IO/u_g03_soc/u_core_xzr/u_ex/mem_wdata_o_reg[1]

  Ref  LAT        Name(Last) r:/WORK/g03_top_IO/u_g03_soc/u_core_xzr/u_ex/mem_wdata_o_reg[20]
  Impl LAT        Name(Last) i:/WORK/g03_top_IO/u_g03_soc/u_core_xzr/u_ex/mem_wdata_o_reg[20]

  Ref  LAT        Name(Last) r:/WORK/g03_top_IO/u_g03_soc/u_core_xzr/u_ex/mem_wdata_o_reg[21]
  Impl LAT        Name(Last) i:/WORK/g03_top_IO/u_g03_soc/u_core_xzr/u_ex/mem_wdata_o_reg[21]

  Ref  LAT        Name(Last) r:/WORK/g03_top_IO/u_g03_soc/u_core_xzr/u_ex/mem_wdata_o_reg[22]
  Impl LAT        Name(Last) i:/WORK/g03_top_IO/u_g03_soc/u_core_xzr/u_ex/mem_wdata_o_reg[22]

  Ref  LAT        Name(Last) r:/WORK/g03_top_IO/u_g03_soc/u_core_xzr/u_ex/mem_wdata_o_reg[23]
  Impl LAT        Name(Last) i:/WORK/g03_top_IO/u_g03_soc/u_core_xzr/u_ex/mem_wdata_o_reg[23]

  Ref  LAT        Name(Last) r:/WORK/g03_top_IO/u_g03_soc/u_core_xzr/u_ex/mem_wdata_o_reg[24]
  Impl LAT        Name(Last) i:/WORK/g03_top_IO/u_g03_soc/u_core_xzr/u_ex/mem_wdata_o_reg[24]

  Ref  LAT        Name(Last) r:/WORK/g03_top_IO/u_g03_soc/u_core_xzr/u_ex/mem_wdata_o_reg[25]
  Impl LAT        Name(Last) i:/WORK/g03_top_IO/u_g03_soc/u_core_xzr/u_ex/mem_wdata_o_reg[25]

  Ref  LAT        Name(Last) r:/WORK/g03_top_IO/u_g03_soc/u_core_xzr/u_ex/mem_wdata_o_reg[26]
  Impl LAT        Name(Last) i:/WORK/g03_top_IO/u_g03_soc/u_core_xzr/u_ex/mem_wdata_o_reg[26]

  Ref  LAT        Name(Last) r:/WORK/g03_top_IO/u_g03_soc/u_core_xzr/u_ex/mem_wdata_o_reg[27]
  Impl LAT        Name(Last) i:/WORK/g03_top_IO/u_g03_soc/u_core_xzr/u_ex/mem_wdata_o_reg[27]

  Ref  LAT        Name(Last) r:/WORK/g03_top_IO/u_g03_soc/u_core_xzr/u_ex/mem_wdata_o_reg[28]
  Impl LAT        Name(Last) i:/WORK/g03_top_IO/u_g03_soc/u_core_xzr/u_ex/mem_wdata_o_reg[28]

  Ref  LAT        Name(Last) r:/WORK/g03_top_IO/u_g03_soc/u_core_xzr/u_ex/mem_wdata_o_reg[29]
  Impl LAT        Name(Last) i:/WORK/g03_top_IO/u_g03_soc/u_core_xzr/u_ex/mem_wdata_o_reg[29]

  Ref  LAT        Name(Last) r:/WORK/g03_top_IO/u_g03_soc/u_core_xzr/u_ex/mem_wdata_o_reg[2]
  Impl LAT        Name(Last) i:/WORK/g03_top_IO/u_g03_soc/u_core_xzr/u_ex/mem_wdata_o_reg[2]

  Ref  LAT        Name(Last) r:/WORK/g03_top_IO/u_g03_soc/u_core_xzr/u_ex/mem_wdata_o_reg[30]
  Impl LAT        Name(Last) i:/WORK/g03_top_IO/u_g03_soc/u_core_xzr/u_ex/mem_wdata_o_reg[30]

  Ref  LAT        Name(Last) r:/WORK/g03_top_IO/u_g03_soc/u_core_xzr/u_ex/mem_wdata_o_reg[31]
  Impl LAT        Name(Last) i:/WORK/g03_top_IO/u_g03_soc/u_core_xzr/u_ex/mem_wdata_o_reg[31]

  Ref  LAT        Name(Last) r:/WORK/g03_top_IO/u_g03_soc/u_core_xzr/u_ex/mem_wdata_o_reg[3]
  Impl LAT        Name(Last) i:/WORK/g03_top_IO/u_g03_soc/u_core_xzr/u_ex/mem_wdata_o_reg[3]

  Ref  LAT        Name(Last) r:/WORK/g03_top_IO/u_g03_soc/u_core_xzr/u_ex/mem_wdata_o_reg[4]
  Impl LAT        Name(Last) i:/WORK/g03_top_IO/u_g03_soc/u_core_xzr/u_ex/mem_wdata_o_reg[4]

  Ref  LAT        Name(Last) r:/WORK/g03_top_IO/u_g03_soc/u_core_xzr/u_ex/mem_wdata_o_reg[5]
  Impl LAT        Name(Last) i:/WORK/g03_top_IO/u_g03_soc/u_core_xzr/u_ex/mem_wdata_o_reg[5]

  Ref  LAT        Name(Last) r:/WORK/g03_top_IO/u_g03_soc/u_core_xzr/u_ex/mem_wdata_o_reg[6]
  Impl LAT        Name(Last) i:/WORK/g03_top_IO/u_g03_soc/u_core_xzr/u_ex/mem_wdata_o_reg[6]

  Ref  LAT        Name(Last) r:/WORK/g03_top_IO/u_g03_soc/u_core_xzr/u_ex/mem_wdata_o_reg[7]
  Impl LAT        Name(Last) i:/WORK/g03_top_IO/u_g03_soc/u_core_xzr/u_ex/mem_wdata_o_reg[7]

  Ref  LAT        Name(Last) r:/WORK/g03_top_IO/u_g03_soc/u_core_xzr/u_ex/mem_wdata_o_reg[8]
  Impl LAT        Name(Last) i:/WORK/g03_top_IO/u_g03_soc/u_core_xzr/u_ex/mem_wdata_o_reg[8]

  Ref  LAT        Name(Last) r:/WORK/g03_top_IO/u_g03_soc/u_core_xzr/u_ex/mem_wdata_o_reg[9]
  Impl LAT        Name(Last) i:/WORK/g03_top_IO/u_g03_soc/u_core_xzr/u_ex/mem_wdata_o_reg[9]

  Ref  LAT        Name(Last) r:/WORK/g03_top_IO/u_g03_soc/u_core_xzr/u_ex/mem_we_reg
  Impl LAT        Name(Last) i:/WORK/g03_top_IO/u_g03_soc/u_core_xzr/u_ex/mem_we_reg

  Ref  LAT        Name(Last) r:/WORK/g03_top_IO/u_g03_soc/u_core_xzr/u_ex/reg_wdata_reg[0]
  Impl LAT        Name(Last) i:/WORK/g03_top_IO/u_g03_soc/u_core_xzr/u_ex/reg_wdata_reg[0]

  Ref  LAT        Name(Last) r:/WORK/g03_top_IO/u_g03_soc/u_core_xzr/u_ex/reg_wdata_reg[10]
  Impl LAT        Name(Last) i:/WORK/g03_top_IO/u_g03_soc/u_core_xzr/u_ex/reg_wdata_reg[10]

  Ref  LAT        Name(Last) r:/WORK/g03_top_IO/u_g03_soc/u_core_xzr/u_ex/reg_wdata_reg[11]
  Impl LAT        Name(Last) i:/WORK/g03_top_IO/u_g03_soc/u_core_xzr/u_ex/reg_wdata_reg[11]

  Ref  LAT        Name(Last) r:/WORK/g03_top_IO/u_g03_soc/u_core_xzr/u_ex/reg_wdata_reg[12]
  Impl LAT        Name(Last) i:/WORK/g03_top_IO/u_g03_soc/u_core_xzr/u_ex/reg_wdata_reg[12]

  Ref  LAT        Name(Last) r:/WORK/g03_top_IO/u_g03_soc/u_core_xzr/u_ex/reg_wdata_reg[13]
  Impl LAT        Name(Last) i:/WORK/g03_top_IO/u_g03_soc/u_core_xzr/u_ex/reg_wdata_reg[13]

  Ref  LAT        Name(Last) r:/WORK/g03_top_IO/u_g03_soc/u_core_xzr/u_ex/reg_wdata_reg[14]
  Impl LAT        Name(Last) i:/WORK/g03_top_IO/u_g03_soc/u_core_xzr/u_ex/reg_wdata_reg[14]

  Ref  LAT        Name(Last) r:/WORK/g03_top_IO/u_g03_soc/u_core_xzr/u_ex/reg_wdata_reg[15]
  Impl LAT        Name(Last) i:/WORK/g03_top_IO/u_g03_soc/u_core_xzr/u_ex/reg_wdata_reg[15]

  Ref  LAT        Name(Last) r:/WORK/g03_top_IO/u_g03_soc/u_core_xzr/u_ex/reg_wdata_reg[16]
  Impl LAT        Name(Last) i:/WORK/g03_top_IO/u_g03_soc/u_core_xzr/u_ex/reg_wdata_reg[16]

  Ref  LAT        Name(Last) r:/WORK/g03_top_IO/u_g03_soc/u_core_xzr/u_ex/reg_wdata_reg[17]
  Impl LAT        Name(Last) i:/WORK/g03_top_IO/u_g03_soc/u_core_xzr/u_ex/reg_wdata_reg[17]

  Ref  LAT        Name(Last) r:/WORK/g03_top_IO/u_g03_soc/u_core_xzr/u_ex/reg_wdata_reg[18]
  Impl LAT        Name(Last) i:/WORK/g03_top_IO/u_g03_soc/u_core_xzr/u_ex/reg_wdata_reg[18]

  Ref  LAT        Name(Last) r:/WORK/g03_top_IO/u_g03_soc/u_core_xzr/u_ex/reg_wdata_reg[19]
  Impl LAT        Name(Last) i:/WORK/g03_top_IO/u_g03_soc/u_core_xzr/u_ex/reg_wdata_reg[19]

  Ref  LAT        Name(Last) r:/WORK/g03_top_IO/u_g03_soc/u_core_xzr/u_ex/reg_wdata_reg[1]
  Impl LAT        Name(Last) i:/WORK/g03_top_IO/u_g03_soc/u_core_xzr/u_ex/reg_wdata_reg[1]

  Ref  LAT        Name(Last) r:/WORK/g03_top_IO/u_g03_soc/u_core_xzr/u_ex/reg_wdata_reg[20]
  Impl LAT        Name(Last) i:/WORK/g03_top_IO/u_g03_soc/u_core_xzr/u_ex/reg_wdata_reg[20]

  Ref  LAT        Name(Last) r:/WORK/g03_top_IO/u_g03_soc/u_core_xzr/u_ex/reg_wdata_reg[21]
  Impl LAT        Name(Last) i:/WORK/g03_top_IO/u_g03_soc/u_core_xzr/u_ex/reg_wdata_reg[21]

  Ref  LAT        Name(Last) r:/WORK/g03_top_IO/u_g03_soc/u_core_xzr/u_ex/reg_wdata_reg[22]
  Impl LAT        Name(Last) i:/WORK/g03_top_IO/u_g03_soc/u_core_xzr/u_ex/reg_wdata_reg[22]

  Ref  LAT        Name(Last) r:/WORK/g03_top_IO/u_g03_soc/u_core_xzr/u_ex/reg_wdata_reg[23]
  Impl LAT        Name(Last) i:/WORK/g03_top_IO/u_g03_soc/u_core_xzr/u_ex/reg_wdata_reg[23]

  Ref  LAT        Name(Last) r:/WORK/g03_top_IO/u_g03_soc/u_core_xzr/u_ex/reg_wdata_reg[24]
  Impl LAT        Name(Last) i:/WORK/g03_top_IO/u_g03_soc/u_core_xzr/u_ex/reg_wdata_reg[24]

  Ref  LAT        Name(Last) r:/WORK/g03_top_IO/u_g03_soc/u_core_xzr/u_ex/reg_wdata_reg[25]
  Impl LAT        Name(Last) i:/WORK/g03_top_IO/u_g03_soc/u_core_xzr/u_ex/reg_wdata_reg[25]

  Ref  LAT        Name(Last) r:/WORK/g03_top_IO/u_g03_soc/u_core_xzr/u_ex/reg_wdata_reg[26]
  Impl LAT        Name(Last) i:/WORK/g03_top_IO/u_g03_soc/u_core_xzr/u_ex/reg_wdata_reg[26]

  Ref  LAT        Name(Last) r:/WORK/g03_top_IO/u_g03_soc/u_core_xzr/u_ex/reg_wdata_reg[27]
  Impl LAT        Name(Last) i:/WORK/g03_top_IO/u_g03_soc/u_core_xzr/u_ex/reg_wdata_reg[27]

  Ref  LAT        Name(Last) r:/WORK/g03_top_IO/u_g03_soc/u_core_xzr/u_ex/reg_wdata_reg[28]
  Impl LAT        Name(Last) i:/WORK/g03_top_IO/u_g03_soc/u_core_xzr/u_ex/reg_wdata_reg[28]

  Ref  LAT        Name(Last) r:/WORK/g03_top_IO/u_g03_soc/u_core_xzr/u_ex/reg_wdata_reg[29]
  Impl LAT        Name(Last) i:/WORK/g03_top_IO/u_g03_soc/u_core_xzr/u_ex/reg_wdata_reg[29]

  Ref  LAT        Name(Last) r:/WORK/g03_top_IO/u_g03_soc/u_core_xzr/u_ex/reg_wdata_reg[2]
  Impl LAT        Name(Last) i:/WORK/g03_top_IO/u_g03_soc/u_core_xzr/u_ex/reg_wdata_reg[2]

  Ref  LAT        Name(Last) r:/WORK/g03_top_IO/u_g03_soc/u_core_xzr/u_ex/reg_wdata_reg[30]
  Impl LAT        Name(Last) i:/WORK/g03_top_IO/u_g03_soc/u_core_xzr/u_ex/reg_wdata_reg[30]

  Ref  LAT        Name(Last) r:/WORK/g03_top_IO/u_g03_soc/u_core_xzr/u_ex/reg_wdata_reg[31]
  Impl LAT        Name(Last) i:/WORK/g03_top_IO/u_g03_soc/u_core_xzr/u_ex/reg_wdata_reg[31]

  Ref  LAT        Name(Last) r:/WORK/g03_top_IO/u_g03_soc/u_core_xzr/u_ex/reg_wdata_reg[3]
  Impl LAT        Name(Last) i:/WORK/g03_top_IO/u_g03_soc/u_core_xzr/u_ex/reg_wdata_reg[3]

  Ref  LAT        Name(Last) r:/WORK/g03_top_IO/u_g03_soc/u_core_xzr/u_ex/reg_wdata_reg[4]
  Impl LAT        Name(Last) i:/WORK/g03_top_IO/u_g03_soc/u_core_xzr/u_ex/reg_wdata_reg[4]

  Ref  LAT        Name(Last) r:/WORK/g03_top_IO/u_g03_soc/u_core_xzr/u_ex/reg_wdata_reg[5]
  Impl LAT        Name(Last) i:/WORK/g03_top_IO/u_g03_soc/u_core_xzr/u_ex/reg_wdata_reg[5]

  Ref  LAT        Name(Last) r:/WORK/g03_top_IO/u_g03_soc/u_core_xzr/u_ex/reg_wdata_reg[6]
  Impl LAT        Name(Last) i:/WORK/g03_top_IO/u_g03_soc/u_core_xzr/u_ex/reg_wdata_reg[6]

  Ref  LAT        Name(Last) r:/WORK/g03_top_IO/u_g03_soc/u_core_xzr/u_ex/reg_wdata_reg[7]
  Impl LAT        Name(Last) i:/WORK/g03_top_IO/u_g03_soc/u_core_xzr/u_ex/reg_wdata_reg[7]

  Ref  LAT        Name(Last) r:/WORK/g03_top_IO/u_g03_soc/u_core_xzr/u_ex/reg_wdata_reg[8]
  Impl LAT        Name(Last) i:/WORK/g03_top_IO/u_g03_soc/u_core_xzr/u_ex/reg_wdata_reg[8]

  Ref  LAT        Name(Last) r:/WORK/g03_top_IO/u_g03_soc/u_core_xzr/u_ex/reg_wdata_reg[9]
  Impl LAT        Name(Last) i:/WORK/g03_top_IO/u_g03_soc/u_core_xzr/u_ex/reg_wdata_reg[9]

  Ref  LAT        Name(Last) r:/WORK/g03_top_IO/u_g03_soc/u_core_xzr/u_id/reg1_raddr_o_reg[0]
  Impl LAT        Name(Last) i:/WORK/g03_top_IO/u_g03_soc/u_core_xzr/u_id/reg1_raddr_o_reg[0]

  Ref  LAT        Name(Last) r:/WORK/g03_top_IO/u_g03_soc/u_core_xzr/u_id/reg1_raddr_o_reg[1]
  Impl LAT        Name(Last) i:/WORK/g03_top_IO/u_g03_soc/u_core_xzr/u_id/reg1_raddr_o_reg[1]

  Ref  LAT        Name(Last) r:/WORK/g03_top_IO/u_g03_soc/u_core_xzr/u_id/reg1_raddr_o_reg[2]
  Impl LAT        Name(Last) i:/WORK/g03_top_IO/u_g03_soc/u_core_xzr/u_id/reg1_raddr_o_reg[2]

  Ref  LAT        Name(Last) r:/WORK/g03_top_IO/u_g03_soc/u_core_xzr/u_id/reg1_raddr_o_reg[3]
  Impl LAT        Name(Last) i:/WORK/g03_top_IO/u_g03_soc/u_core_xzr/u_id/reg1_raddr_o_reg[3]

  Ref  LAT        Name(Last) r:/WORK/g03_top_IO/u_g03_soc/u_core_xzr/u_id/reg1_raddr_o_reg[4]
  Impl LAT        Name(Last) i:/WORK/g03_top_IO/u_g03_soc/u_core_xzr/u_id/reg1_raddr_o_reg[4]

  Ref  LAT        Name(Last) r:/WORK/g03_top_IO/u_g03_soc/u_core_xzr/u_id/reg2_raddr_o_reg[0]
  Impl LAT        Name(Last) i:/WORK/g03_top_IO/u_g03_soc/u_core_xzr/u_id/reg2_raddr_o_reg[0]

  Ref  LAT        Name(Last) r:/WORK/g03_top_IO/u_g03_soc/u_core_xzr/u_id/reg2_raddr_o_reg[1]
  Impl LAT        Name(Last) i:/WORK/g03_top_IO/u_g03_soc/u_core_xzr/u_id/reg2_raddr_o_reg[1]

  Ref  LAT        Name(Last) r:/WORK/g03_top_IO/u_g03_soc/u_core_xzr/u_id/reg2_raddr_o_reg[2]
  Impl LAT        Name(Last) i:/WORK/g03_top_IO/u_g03_soc/u_core_xzr/u_id/reg2_raddr_o_reg[2]

  Ref  LAT        Name(Last) r:/WORK/g03_top_IO/u_g03_soc/u_core_xzr/u_id/reg2_raddr_o_reg[3]
  Impl LAT        Name(Last) i:/WORK/g03_top_IO/u_g03_soc/u_core_xzr/u_id/reg2_raddr_o_reg[3]

  Ref  LAT        Name(Last) r:/WORK/g03_top_IO/u_g03_soc/u_core_xzr/u_id/reg2_raddr_o_reg[4]
  Impl LAT        Name(Last) i:/WORK/g03_top_IO/u_g03_soc/u_core_xzr/u_id/reg2_raddr_o_reg[4]

  Ref  LAT        Name(Last) r:/WORK/g03_top_IO/u_g03_soc/u_core_xzr/u_id/reg_waddr_o_reg[0]
  Impl LAT        Name(Last) i:/WORK/g03_top_IO/u_g03_soc/u_core_xzr/u_id/reg_waddr_o_reg[0]

  Ref  LAT        Name(Last) r:/WORK/g03_top_IO/u_g03_soc/u_core_xzr/u_id/reg_waddr_o_reg[1]
  Impl LAT        Name(Last) i:/WORK/g03_top_IO/u_g03_soc/u_core_xzr/u_id/reg_waddr_o_reg[1]

  Ref  LAT        Name(Last) r:/WORK/g03_top_IO/u_g03_soc/u_core_xzr/u_id/reg_waddr_o_reg[2]
  Impl LAT        Name(Last) i:/WORK/g03_top_IO/u_g03_soc/u_core_xzr/u_id/reg_waddr_o_reg[2]

  Ref  LAT        Name(Last) r:/WORK/g03_top_IO/u_g03_soc/u_core_xzr/u_id/reg_waddr_o_reg[3]
  Impl LAT        Name(Last) i:/WORK/g03_top_IO/u_g03_soc/u_core_xzr/u_id/reg_waddr_o_reg[3]

  Ref  LAT        Name(Last) r:/WORK/g03_top_IO/u_g03_soc/u_core_xzr/u_id/reg_waddr_o_reg[4]
  Impl LAT        Name(Last) i:/WORK/g03_top_IO/u_g03_soc/u_core_xzr/u_id/reg_waddr_o_reg[4]

  Ref  LAT        Name(Last) r:/WORK/g03_top_IO/u_g03_soc/u_core_xzr/u_id/reg_we_o_reg
  Impl LAT        Name(Last) i:/WORK/g03_top_IO/u_g03_soc/u_core_xzr/u_id/reg_we_o_reg

  Ref  DFF        Name(Last) r:/WORK/g03_top_IO/u_g03_soc/u_core_xzr/u_id_ex/inst_ff/qout_r_reg[0]
  Impl DFF        Name(Last) i:/WORK/g03_top_IO/u_g03_soc/u_core_xzr/u_id_ex/inst_ff/qout_r_reg[0]

  Ref  DFF        Name(Last) r:/WORK/g03_top_IO/u_g03_soc/u_core_xzr/u_id_ex/inst_ff/qout_r_reg[12]
  Impl DFF        Name(Last) i:/WORK/g03_top_IO/u_g03_soc/u_core_xzr/u_id_ex/inst_ff/qout_r_reg[12]

  Ref  DFF        Name(Last) r:/WORK/g03_top_IO/u_g03_soc/u_core_xzr/u_id_ex/inst_ff/qout_r_reg[13]
  Impl DFF        Name(Last) i:/WORK/g03_top_IO/u_g03_soc/u_core_xzr/u_id_ex/inst_ff/qout_r_reg[13]

  Ref  DFF        Name(Last) r:/WORK/g03_top_IO/u_g03_soc/u_core_xzr/u_id_ex/inst_ff/qout_r_reg[14]
  Impl DFF        Name(Last) i:/WORK/g03_top_IO/u_g03_soc/u_core_xzr/u_id_ex/inst_ff/qout_r_reg[14]

  Ref  DFF        Name(Last) r:/WORK/g03_top_IO/u_g03_soc/u_core_xzr/u_id_ex/inst_ff/qout_r_reg[1]
  Impl DFF        Name(Last) i:/WORK/g03_top_IO/u_g03_soc/u_core_xzr/u_id_ex/inst_ff/qout_r_reg[1]

  Ref  DFF        Name(Last) r:/WORK/g03_top_IO/u_g03_soc/u_core_xzr/u_id_ex/inst_ff/qout_r_reg[20]
  Impl DFF        Name(Last) i:/WORK/g03_top_IO/u_g03_soc/u_core_xzr/u_id_ex/inst_ff/qout_r_reg[20]

  Ref  DFF        Name(Last) r:/WORK/g03_top_IO/u_g03_soc/u_core_xzr/u_id_ex/inst_ff/qout_r_reg[21]
  Impl DFF        Name(Last) i:/WORK/g03_top_IO/u_g03_soc/u_core_xzr/u_id_ex/inst_ff/qout_r_reg[21]

  Ref  DFF        Name(Last) r:/WORK/g03_top_IO/u_g03_soc/u_core_xzr/u_id_ex/inst_ff/qout_r_reg[22]
  Impl DFF        Name(Last) i:/WORK/g03_top_IO/u_g03_soc/u_core_xzr/u_id_ex/inst_ff/qout_r_reg[22]

  Ref  DFF        Name(Last) r:/WORK/g03_top_IO/u_g03_soc/u_core_xzr/u_id_ex/inst_ff/qout_r_reg[23]
  Impl DFF        Name(Last) i:/WORK/g03_top_IO/u_g03_soc/u_core_xzr/u_id_ex/inst_ff/qout_r_reg[23]

  Ref  DFF        Name(Last) r:/WORK/g03_top_IO/u_g03_soc/u_core_xzr/u_id_ex/inst_ff/qout_r_reg[24]
  Impl DFF        Name(Last) i:/WORK/g03_top_IO/u_g03_soc/u_core_xzr/u_id_ex/inst_ff/qout_r_reg[24]

  Ref  DFF        Name(Last) r:/WORK/g03_top_IO/u_g03_soc/u_core_xzr/u_id_ex/inst_ff/qout_r_reg[25]
  Impl DFF        Name(Last) i:/WORK/g03_top_IO/u_g03_soc/u_core_xzr/u_id_ex/inst_ff/qout_r_reg[25]

  Ref  DFF        Name(Last) r:/WORK/g03_top_IO/u_g03_soc/u_core_xzr/u_id_ex/inst_ff/qout_r_reg[26]
  Impl DFF        Name(Last) i:/WORK/g03_top_IO/u_g03_soc/u_core_xzr/u_id_ex/inst_ff/qout_r_reg[26]

  Ref  DFF        Name(Last) r:/WORK/g03_top_IO/u_g03_soc/u_core_xzr/u_id_ex/inst_ff/qout_r_reg[27]
  Impl DFF        Name(Last) i:/WORK/g03_top_IO/u_g03_soc/u_core_xzr/u_id_ex/inst_ff/qout_r_reg[27]

  Ref  DFF        Name(Last) r:/WORK/g03_top_IO/u_g03_soc/u_core_xzr/u_id_ex/inst_ff/qout_r_reg[28]
  Impl DFF        Name(Last) i:/WORK/g03_top_IO/u_g03_soc/u_core_xzr/u_id_ex/inst_ff/qout_r_reg[28]

  Ref  DFF        Name(Last) r:/WORK/g03_top_IO/u_g03_soc/u_core_xzr/u_id_ex/inst_ff/qout_r_reg[29]
  Impl DFF        Name(Last) i:/WORK/g03_top_IO/u_g03_soc/u_core_xzr/u_id_ex/inst_ff/qout_r_reg[29]

  Ref  DFF        Name(Last) r:/WORK/g03_top_IO/u_g03_soc/u_core_xzr/u_id_ex/inst_ff/qout_r_reg[2]
  Impl DFF        Name(Last) i:/WORK/g03_top_IO/u_g03_soc/u_core_xzr/u_id_ex/inst_ff/qout_r_reg[2]

  Ref  DFF        Name(Last) r:/WORK/g03_top_IO/u_g03_soc/u_core_xzr/u_id_ex/inst_ff/qout_r_reg[30]
  Impl DFF        Name(Last) i:/WORK/g03_top_IO/u_g03_soc/u_core_xzr/u_id_ex/inst_ff/qout_r_reg[30]

  Ref  DFF        Name(Last) r:/WORK/g03_top_IO/u_g03_soc/u_core_xzr/u_id_ex/inst_ff/qout_r_reg[31]
  Impl DFF        Name(Last) i:/WORK/g03_top_IO/u_g03_soc/u_core_xzr/u_id_ex/inst_ff/qout_r_reg[31]

  Ref  DFF        Name(Last) r:/WORK/g03_top_IO/u_g03_soc/u_core_xzr/u_id_ex/inst_ff/qout_r_reg[3]
  Impl DFF        Name(Last) i:/WORK/g03_top_IO/u_g03_soc/u_core_xzr/u_id_ex/inst_ff/qout_r_reg[3]

  Ref  DFF        Name(Last) r:/WORK/g03_top_IO/u_g03_soc/u_core_xzr/u_id_ex/inst_ff/qout_r_reg[4]
  Impl DFF        Name(Last) i:/WORK/g03_top_IO/u_g03_soc/u_core_xzr/u_id_ex/inst_ff/qout_r_reg[4]

  Ref  DFF        Name(Last) r:/WORK/g03_top_IO/u_g03_soc/u_core_xzr/u_id_ex/inst_ff/qout_r_reg[5]
  Impl DFF        Name(Last) i:/WORK/g03_top_IO/u_g03_soc/u_core_xzr/u_id_ex/inst_ff/qout_r_reg[5]

  Ref  DFF        Name(Last) r:/WORK/g03_top_IO/u_g03_soc/u_core_xzr/u_id_ex/inst_ff/qout_r_reg[6]
  Impl DFF        Name(Last) i:/WORK/g03_top_IO/u_g03_soc/u_core_xzr/u_id_ex/inst_ff/qout_r_reg[6]

  Ref  DFF        Name(Last) r:/WORK/g03_top_IO/u_g03_soc/u_core_xzr/u_id_ex/inst_ff/qout_r_reg[7]
  Impl DFF        Name(Last) i:/WORK/g03_top_IO/u_g03_soc/u_core_xzr/u_id_ex/inst_ff/qout_r_reg[7]

  Ref  DFF        Name(Last) r:/WORK/g03_top_IO/u_g03_soc/u_core_xzr/u_id_ex/inst_ff/qout_r_reg[8]
  Impl DFF        Name(Last) i:/WORK/g03_top_IO/u_g03_soc/u_core_xzr/u_id_ex/inst_ff/qout_r_reg[8]

  Ref  DFF        Name(Last) r:/WORK/g03_top_IO/u_g03_soc/u_core_xzr/u_id_ex/op1_ff/qout_r_reg[0]
  Impl DFF        Name(Last) i:/WORK/g03_top_IO/u_g03_soc/u_core_xzr/u_id_ex/op1_ff/qout_r_reg[0]

  Ref  DFF        Name(Last) r:/WORK/g03_top_IO/u_g03_soc/u_core_xzr/u_id_ex/op1_ff/qout_r_reg[10]
  Impl DFF        Name(Last) i:/WORK/g03_top_IO/u_g03_soc/u_core_xzr/u_id_ex/op1_ff/qout_r_reg[10]

  Ref  DFF        Name(Last) r:/WORK/g03_top_IO/u_g03_soc/u_core_xzr/u_id_ex/op1_ff/qout_r_reg[11]
  Impl DFF        Name(Last) i:/WORK/g03_top_IO/u_g03_soc/u_core_xzr/u_id_ex/op1_ff/qout_r_reg[11]

  Ref  DFF        Name(Last) r:/WORK/g03_top_IO/u_g03_soc/u_core_xzr/u_id_ex/op1_ff/qout_r_reg[12]
  Impl DFF        Name(Last) i:/WORK/g03_top_IO/u_g03_soc/u_core_xzr/u_id_ex/op1_ff/qout_r_reg[12]

  Ref  DFF        Name(Last) r:/WORK/g03_top_IO/u_g03_soc/u_core_xzr/u_id_ex/op1_ff/qout_r_reg[13]
  Impl DFF        Name(Last) i:/WORK/g03_top_IO/u_g03_soc/u_core_xzr/u_id_ex/op1_ff/qout_r_reg[13]

  Ref  DFF        Name(Last) r:/WORK/g03_top_IO/u_g03_soc/u_core_xzr/u_id_ex/op1_ff/qout_r_reg[14]
  Impl DFF        Name(Last) i:/WORK/g03_top_IO/u_g03_soc/u_core_xzr/u_id_ex/op1_ff/qout_r_reg[14]

  Ref  DFF        Name(Last) r:/WORK/g03_top_IO/u_g03_soc/u_core_xzr/u_id_ex/op1_ff/qout_r_reg[15]
  Impl DFF        Name(Last) i:/WORK/g03_top_IO/u_g03_soc/u_core_xzr/u_id_ex/op1_ff/qout_r_reg[15]

  Ref  DFF        Name(Last) r:/WORK/g03_top_IO/u_g03_soc/u_core_xzr/u_id_ex/op1_ff/qout_r_reg[16]
  Impl DFF        Name(Last) i:/WORK/g03_top_IO/u_g03_soc/u_core_xzr/u_id_ex/op1_ff/qout_r_reg[16]

  Ref  DFF        Name(Last) r:/WORK/g03_top_IO/u_g03_soc/u_core_xzr/u_id_ex/op1_ff/qout_r_reg[17]
  Impl DFF        Name(Last) i:/WORK/g03_top_IO/u_g03_soc/u_core_xzr/u_id_ex/op1_ff/qout_r_reg[17]

  Ref  DFF        Name(Last) r:/WORK/g03_top_IO/u_g03_soc/u_core_xzr/u_id_ex/op1_ff/qout_r_reg[18]
  Impl DFF        Name(Last) i:/WORK/g03_top_IO/u_g03_soc/u_core_xzr/u_id_ex/op1_ff/qout_r_reg[18]

  Ref  DFF        Name(Last) r:/WORK/g03_top_IO/u_g03_soc/u_core_xzr/u_id_ex/op1_ff/qout_r_reg[19]
  Impl DFF        Name(Last) i:/WORK/g03_top_IO/u_g03_soc/u_core_xzr/u_id_ex/op1_ff/qout_r_reg[19]

  Ref  DFF        Name(Last) r:/WORK/g03_top_IO/u_g03_soc/u_core_xzr/u_id_ex/op1_ff/qout_r_reg[1]
  Impl DFF        Name(Last) i:/WORK/g03_top_IO/u_g03_soc/u_core_xzr/u_id_ex/op1_ff/qout_r_reg[1]

  Ref  DFF        Name(Last) r:/WORK/g03_top_IO/u_g03_soc/u_core_xzr/u_id_ex/op1_ff/qout_r_reg[20]
  Impl DFF        Name(Last) i:/WORK/g03_top_IO/u_g03_soc/u_core_xzr/u_id_ex/op1_ff/qout_r_reg[20]

  Ref  DFF        Name(Last) r:/WORK/g03_top_IO/u_g03_soc/u_core_xzr/u_id_ex/op1_ff/qout_r_reg[21]
  Impl DFF        Name(Last) i:/WORK/g03_top_IO/u_g03_soc/u_core_xzr/u_id_ex/op1_ff/qout_r_reg[21]

  Ref  DFF        Name(Last) r:/WORK/g03_top_IO/u_g03_soc/u_core_xzr/u_id_ex/op1_ff/qout_r_reg[22]
  Impl DFF        Name(Last) i:/WORK/g03_top_IO/u_g03_soc/u_core_xzr/u_id_ex/op1_ff/qout_r_reg[22]

  Ref  DFF        Name(Last) r:/WORK/g03_top_IO/u_g03_soc/u_core_xzr/u_id_ex/op1_ff/qout_r_reg[23]
  Impl DFF        Name(Last) i:/WORK/g03_top_IO/u_g03_soc/u_core_xzr/u_id_ex/op1_ff/qout_r_reg[23]

  Ref  DFF        Name(Last) r:/WORK/g03_top_IO/u_g03_soc/u_core_xzr/u_id_ex/op1_ff/qout_r_reg[24]
  Impl DFF        Name(Last) i:/WORK/g03_top_IO/u_g03_soc/u_core_xzr/u_id_ex/op1_ff/qout_r_reg[24]

  Ref  DFF        Name(Last) r:/WORK/g03_top_IO/u_g03_soc/u_core_xzr/u_id_ex/op1_ff/qout_r_reg[25]
  Impl DFF        Name(Last) i:/WORK/g03_top_IO/u_g03_soc/u_core_xzr/u_id_ex/op1_ff/qout_r_reg[25]

  Ref  DFF        Name(Last) r:/WORK/g03_top_IO/u_g03_soc/u_core_xzr/u_id_ex/op1_ff/qout_r_reg[26]
  Impl DFF        Name(Last) i:/WORK/g03_top_IO/u_g03_soc/u_core_xzr/u_id_ex/op1_ff/qout_r_reg[26]

  Ref  DFF        Name(Last) r:/WORK/g03_top_IO/u_g03_soc/u_core_xzr/u_id_ex/op1_ff/qout_r_reg[27]
  Impl DFF        Name(Last) i:/WORK/g03_top_IO/u_g03_soc/u_core_xzr/u_id_ex/op1_ff/qout_r_reg[27]

  Ref  DFF        Name(Last) r:/WORK/g03_top_IO/u_g03_soc/u_core_xzr/u_id_ex/op1_ff/qout_r_reg[28]
  Impl DFF        Name(Last) i:/WORK/g03_top_IO/u_g03_soc/u_core_xzr/u_id_ex/op1_ff/qout_r_reg[28]

  Ref  DFF        Name(Last) r:/WORK/g03_top_IO/u_g03_soc/u_core_xzr/u_id_ex/op1_ff/qout_r_reg[29]
  Impl DFF        Name(Last) i:/WORK/g03_top_IO/u_g03_soc/u_core_xzr/u_id_ex/op1_ff/qout_r_reg[29]

  Ref  DFF        Name(Last) r:/WORK/g03_top_IO/u_g03_soc/u_core_xzr/u_id_ex/op1_ff/qout_r_reg[2]
  Impl DFF        Name(Last) i:/WORK/g03_top_IO/u_g03_soc/u_core_xzr/u_id_ex/op1_ff/qout_r_reg[2]

  Ref  DFF        Name(Last) r:/WORK/g03_top_IO/u_g03_soc/u_core_xzr/u_id_ex/op1_ff/qout_r_reg[30]
  Impl DFF        Name(Last) i:/WORK/g03_top_IO/u_g03_soc/u_core_xzr/u_id_ex/op1_ff/qout_r_reg[30]

  Ref  DFF        Name(Last) r:/WORK/g03_top_IO/u_g03_soc/u_core_xzr/u_id_ex/op1_ff/qout_r_reg[31]
  Impl DFF        Name(Last) i:/WORK/g03_top_IO/u_g03_soc/u_core_xzr/u_id_ex/op1_ff/qout_r_reg[31]

  Ref  DFF        Name(Last) r:/WORK/g03_top_IO/u_g03_soc/u_core_xzr/u_id_ex/op1_ff/qout_r_reg[3]
  Impl DFF        Name(Last) i:/WORK/g03_top_IO/u_g03_soc/u_core_xzr/u_id_ex/op1_ff/qout_r_reg[3]

  Ref  DFF        Name(Last) r:/WORK/g03_top_IO/u_g03_soc/u_core_xzr/u_id_ex/op1_ff/qout_r_reg[4]
  Impl DFF        Name(Last) i:/WORK/g03_top_IO/u_g03_soc/u_core_xzr/u_id_ex/op1_ff/qout_r_reg[4]

  Ref  DFF        Name(Last) r:/WORK/g03_top_IO/u_g03_soc/u_core_xzr/u_id_ex/op1_ff/qout_r_reg[5]
  Impl DFF        Name(Last) i:/WORK/g03_top_IO/u_g03_soc/u_core_xzr/u_id_ex/op1_ff/qout_r_reg[5]

  Ref  DFF        Name(Last) r:/WORK/g03_top_IO/u_g03_soc/u_core_xzr/u_id_ex/op1_ff/qout_r_reg[6]
  Impl DFF        Name(Last) i:/WORK/g03_top_IO/u_g03_soc/u_core_xzr/u_id_ex/op1_ff/qout_r_reg[6]

  Ref  DFF        Name(Last) r:/WORK/g03_top_IO/u_g03_soc/u_core_xzr/u_id_ex/op1_ff/qout_r_reg[7]
  Impl DFF        Name(Last) i:/WORK/g03_top_IO/u_g03_soc/u_core_xzr/u_id_ex/op1_ff/qout_r_reg[7]

  Ref  DFF        Name(Last) r:/WORK/g03_top_IO/u_g03_soc/u_core_xzr/u_id_ex/op1_ff/qout_r_reg[8]
  Impl DFF        Name(Last) i:/WORK/g03_top_IO/u_g03_soc/u_core_xzr/u_id_ex/op1_ff/qout_r_reg[8]

  Ref  DFF        Name(Last) r:/WORK/g03_top_IO/u_g03_soc/u_core_xzr/u_id_ex/op1_ff/qout_r_reg[9]
  Impl DFF        Name(Last) i:/WORK/g03_top_IO/u_g03_soc/u_core_xzr/u_id_ex/op1_ff/qout_r_reg[9]

  Ref  DFF        Name(Last) r:/WORK/g03_top_IO/u_g03_soc/u_core_xzr/u_id_ex/op1_jump_ff/qout_r_reg[0]
  Impl DFF        Name(Last) i:/WORK/g03_top_IO/u_g03_soc/u_core_xzr/u_id_ex/op1_jump_ff/qout_r_reg[0]

  Ref  DFF        Name(Last) r:/WORK/g03_top_IO/u_g03_soc/u_core_xzr/u_id_ex/op1_jump_ff/qout_r_reg[10]
  Impl DFF        Name(Last) i:/WORK/g03_top_IO/u_g03_soc/u_core_xzr/u_id_ex/op1_jump_ff/qout_r_reg[10]

  Ref  DFF        Name(Last) r:/WORK/g03_top_IO/u_g03_soc/u_core_xzr/u_id_ex/op1_jump_ff/qout_r_reg[11]
  Impl DFF        Name(Last) i:/WORK/g03_top_IO/u_g03_soc/u_core_xzr/u_id_ex/op1_jump_ff/qout_r_reg[11]

  Ref  DFF        Name(Last) r:/WORK/g03_top_IO/u_g03_soc/u_core_xzr/u_id_ex/op1_jump_ff/qout_r_reg[12]
  Impl DFF        Name(Last) i:/WORK/g03_top_IO/u_g03_soc/u_core_xzr/u_id_ex/op1_jump_ff/qout_r_reg[12]

  Ref  DFF        Name(Last) r:/WORK/g03_top_IO/u_g03_soc/u_core_xzr/u_id_ex/op1_jump_ff/qout_r_reg[13]
  Impl DFF        Name(Last) i:/WORK/g03_top_IO/u_g03_soc/u_core_xzr/u_id_ex/op1_jump_ff/qout_r_reg[13]

  Ref  DFF        Name(Last) r:/WORK/g03_top_IO/u_g03_soc/u_core_xzr/u_id_ex/op1_jump_ff/qout_r_reg[14]
  Impl DFF        Name(Last) i:/WORK/g03_top_IO/u_g03_soc/u_core_xzr/u_id_ex/op1_jump_ff/qout_r_reg[14]

  Ref  DFF        Name(Last) r:/WORK/g03_top_IO/u_g03_soc/u_core_xzr/u_id_ex/op1_jump_ff/qout_r_reg[15]
  Impl DFF        Name(Last) i:/WORK/g03_top_IO/u_g03_soc/u_core_xzr/u_id_ex/op1_jump_ff/qout_r_reg[15]

  Ref  DFF        Name(Last) r:/WORK/g03_top_IO/u_g03_soc/u_core_xzr/u_id_ex/op1_jump_ff/qout_r_reg[16]
  Impl DFF        Name(Last) i:/WORK/g03_top_IO/u_g03_soc/u_core_xzr/u_id_ex/op1_jump_ff/qout_r_reg[16]

  Ref  DFF        Name(Last) r:/WORK/g03_top_IO/u_g03_soc/u_core_xzr/u_id_ex/op1_jump_ff/qout_r_reg[17]
  Impl DFF        Name(Last) i:/WORK/g03_top_IO/u_g03_soc/u_core_xzr/u_id_ex/op1_jump_ff/qout_r_reg[17]

  Ref  DFF        Name(Last) r:/WORK/g03_top_IO/u_g03_soc/u_core_xzr/u_id_ex/op1_jump_ff/qout_r_reg[18]
  Impl DFF        Name(Last) i:/WORK/g03_top_IO/u_g03_soc/u_core_xzr/u_id_ex/op1_jump_ff/qout_r_reg[18]

  Ref  DFF        Name(Last) r:/WORK/g03_top_IO/u_g03_soc/u_core_xzr/u_id_ex/op1_jump_ff/qout_r_reg[19]
  Impl DFF        Name(Last) i:/WORK/g03_top_IO/u_g03_soc/u_core_xzr/u_id_ex/op1_jump_ff/qout_r_reg[19]

  Ref  DFF        Name(Last) r:/WORK/g03_top_IO/u_g03_soc/u_core_xzr/u_id_ex/op1_jump_ff/qout_r_reg[1]
  Impl DFF        Name(Last) i:/WORK/g03_top_IO/u_g03_soc/u_core_xzr/u_id_ex/op1_jump_ff/qout_r_reg[1]

  Ref  DFF        Name(Last) r:/WORK/g03_top_IO/u_g03_soc/u_core_xzr/u_id_ex/op1_jump_ff/qout_r_reg[20]
  Impl DFF        Name(Last) i:/WORK/g03_top_IO/u_g03_soc/u_core_xzr/u_id_ex/op1_jump_ff/qout_r_reg[20]

  Ref  DFF        Name(Last) r:/WORK/g03_top_IO/u_g03_soc/u_core_xzr/u_id_ex/op1_jump_ff/qout_r_reg[21]
  Impl DFF        Name(Last) i:/WORK/g03_top_IO/u_g03_soc/u_core_xzr/u_id_ex/op1_jump_ff/qout_r_reg[21]

  Ref  DFF        Name(Last) r:/WORK/g03_top_IO/u_g03_soc/u_core_xzr/u_id_ex/op1_jump_ff/qout_r_reg[22]
  Impl DFF        Name(Last) i:/WORK/g03_top_IO/u_g03_soc/u_core_xzr/u_id_ex/op1_jump_ff/qout_r_reg[22]

  Ref  DFF        Name(Last) r:/WORK/g03_top_IO/u_g03_soc/u_core_xzr/u_id_ex/op1_jump_ff/qout_r_reg[23]
  Impl DFF        Name(Last) i:/WORK/g03_top_IO/u_g03_soc/u_core_xzr/u_id_ex/op1_jump_ff/qout_r_reg[23]

  Ref  DFF        Name(Last) r:/WORK/g03_top_IO/u_g03_soc/u_core_xzr/u_id_ex/op1_jump_ff/qout_r_reg[24]
  Impl DFF        Name(Last) i:/WORK/g03_top_IO/u_g03_soc/u_core_xzr/u_id_ex/op1_jump_ff/qout_r_reg[24]

  Ref  DFF        Name(Last) r:/WORK/g03_top_IO/u_g03_soc/u_core_xzr/u_id_ex/op1_jump_ff/qout_r_reg[25]
  Impl DFF        Name(Last) i:/WORK/g03_top_IO/u_g03_soc/u_core_xzr/u_id_ex/op1_jump_ff/qout_r_reg[25]

  Ref  DFF        Name(Last) r:/WORK/g03_top_IO/u_g03_soc/u_core_xzr/u_id_ex/op1_jump_ff/qout_r_reg[26]
  Impl DFF        Name(Last) i:/WORK/g03_top_IO/u_g03_soc/u_core_xzr/u_id_ex/op1_jump_ff/qout_r_reg[26]

  Ref  DFF        Name(Last) r:/WORK/g03_top_IO/u_g03_soc/u_core_xzr/u_id_ex/op1_jump_ff/qout_r_reg[27]
  Impl DFF        Name(Last) i:/WORK/g03_top_IO/u_g03_soc/u_core_xzr/u_id_ex/op1_jump_ff/qout_r_reg[27]

  Ref  DFF        Name(Last) r:/WORK/g03_top_IO/u_g03_soc/u_core_xzr/u_id_ex/op1_jump_ff/qout_r_reg[28]
  Impl DFF        Name(Last) i:/WORK/g03_top_IO/u_g03_soc/u_core_xzr/u_id_ex/op1_jump_ff/qout_r_reg[28]

  Ref  DFF        Name(Last) r:/WORK/g03_top_IO/u_g03_soc/u_core_xzr/u_id_ex/op1_jump_ff/qout_r_reg[29]
  Impl DFF        Name(Last) i:/WORK/g03_top_IO/u_g03_soc/u_core_xzr/u_id_ex/op1_jump_ff/qout_r_reg[29]

  Ref  DFF        Name(Last) r:/WORK/g03_top_IO/u_g03_soc/u_core_xzr/u_id_ex/op1_jump_ff/qout_r_reg[2]
  Impl DFF        Name(Last) i:/WORK/g03_top_IO/u_g03_soc/u_core_xzr/u_id_ex/op1_jump_ff/qout_r_reg[2]

  Ref  DFF        Name(Last) r:/WORK/g03_top_IO/u_g03_soc/u_core_xzr/u_id_ex/op1_jump_ff/qout_r_reg[30]
  Impl DFF        Name(Last) i:/WORK/g03_top_IO/u_g03_soc/u_core_xzr/u_id_ex/op1_jump_ff/qout_r_reg[30]

  Ref  DFF        Name(Last) r:/WORK/g03_top_IO/u_g03_soc/u_core_xzr/u_id_ex/op1_jump_ff/qout_r_reg[31]
  Impl DFF        Name(Last) i:/WORK/g03_top_IO/u_g03_soc/u_core_xzr/u_id_ex/op1_jump_ff/qout_r_reg[31]

  Ref  DFF        Name(Last) r:/WORK/g03_top_IO/u_g03_soc/u_core_xzr/u_id_ex/op1_jump_ff/qout_r_reg[3]
  Impl DFF        Name(Last) i:/WORK/g03_top_IO/u_g03_soc/u_core_xzr/u_id_ex/op1_jump_ff/qout_r_reg[3]

  Ref  DFF        Name(Last) r:/WORK/g03_top_IO/u_g03_soc/u_core_xzr/u_id_ex/op1_jump_ff/qout_r_reg[4]
  Impl DFF        Name(Last) i:/WORK/g03_top_IO/u_g03_soc/u_core_xzr/u_id_ex/op1_jump_ff/qout_r_reg[4]

  Ref  DFF        Name(Last) r:/WORK/g03_top_IO/u_g03_soc/u_core_xzr/u_id_ex/op1_jump_ff/qout_r_reg[5]
  Impl DFF        Name(Last) i:/WORK/g03_top_IO/u_g03_soc/u_core_xzr/u_id_ex/op1_jump_ff/qout_r_reg[5]

  Ref  DFF        Name(Last) r:/WORK/g03_top_IO/u_g03_soc/u_core_xzr/u_id_ex/op1_jump_ff/qout_r_reg[6]
  Impl DFF        Name(Last) i:/WORK/g03_top_IO/u_g03_soc/u_core_xzr/u_id_ex/op1_jump_ff/qout_r_reg[6]

  Ref  DFF        Name(Last) r:/WORK/g03_top_IO/u_g03_soc/u_core_xzr/u_id_ex/op1_jump_ff/qout_r_reg[7]
  Impl DFF        Name(Last) i:/WORK/g03_top_IO/u_g03_soc/u_core_xzr/u_id_ex/op1_jump_ff/qout_r_reg[7]

  Ref  DFF        Name(Last) r:/WORK/g03_top_IO/u_g03_soc/u_core_xzr/u_id_ex/op1_jump_ff/qout_r_reg[8]
  Impl DFF        Name(Last) i:/WORK/g03_top_IO/u_g03_soc/u_core_xzr/u_id_ex/op1_jump_ff/qout_r_reg[8]

  Ref  DFF        Name(Last) r:/WORK/g03_top_IO/u_g03_soc/u_core_xzr/u_id_ex/op1_jump_ff/qout_r_reg[9]
  Impl DFF        Name(Last) i:/WORK/g03_top_IO/u_g03_soc/u_core_xzr/u_id_ex/op1_jump_ff/qout_r_reg[9]

  Ref  DFF        Name(Last) r:/WORK/g03_top_IO/u_g03_soc/u_core_xzr/u_id_ex/op2_ff/qout_r_reg[0]
  Impl DFF        Name(Last) i:/WORK/g03_top_IO/u_g03_soc/u_core_xzr/u_id_ex/op2_ff/qout_r_reg[0]

  Ref  DFF        Name(Last) r:/WORK/g03_top_IO/u_g03_soc/u_core_xzr/u_id_ex/op2_ff/qout_r_reg[10]
  Impl DFF        Name(Last) i:/WORK/g03_top_IO/u_g03_soc/u_core_xzr/u_id_ex/op2_ff/qout_r_reg[10]

  Ref  DFF        Name(Last) r:/WORK/g03_top_IO/u_g03_soc/u_core_xzr/u_id_ex/op2_ff/qout_r_reg[11]
  Impl DFF        Name(Last) i:/WORK/g03_top_IO/u_g03_soc/u_core_xzr/u_id_ex/op2_ff/qout_r_reg[11]

  Ref  DFF        Name(Last) r:/WORK/g03_top_IO/u_g03_soc/u_core_xzr/u_id_ex/op2_ff/qout_r_reg[12]
  Impl DFF        Name(Last) i:/WORK/g03_top_IO/u_g03_soc/u_core_xzr/u_id_ex/op2_ff/qout_r_reg[12]

  Ref  DFF        Name(Last) r:/WORK/g03_top_IO/u_g03_soc/u_core_xzr/u_id_ex/op2_ff/qout_r_reg[13]
  Impl DFF        Name(Last) i:/WORK/g03_top_IO/u_g03_soc/u_core_xzr/u_id_ex/op2_ff/qout_r_reg[13]

  Ref  DFF        Name(Last) r:/WORK/g03_top_IO/u_g03_soc/u_core_xzr/u_id_ex/op2_ff/qout_r_reg[14]
  Impl DFF        Name(Last) i:/WORK/g03_top_IO/u_g03_soc/u_core_xzr/u_id_ex/op2_ff/qout_r_reg[14]

  Ref  DFF        Name(Last) r:/WORK/g03_top_IO/u_g03_soc/u_core_xzr/u_id_ex/op2_ff/qout_r_reg[15]
  Impl DFF        Name(Last) i:/WORK/g03_top_IO/u_g03_soc/u_core_xzr/u_id_ex/op2_ff/qout_r_reg[15]

  Ref  DFF        Name(Last) r:/WORK/g03_top_IO/u_g03_soc/u_core_xzr/u_id_ex/op2_ff/qout_r_reg[16]
  Impl DFF        Name(Last) i:/WORK/g03_top_IO/u_g03_soc/u_core_xzr/u_id_ex/op2_ff/qout_r_reg[16]

  Ref  DFF        Name(Last) r:/WORK/g03_top_IO/u_g03_soc/u_core_xzr/u_id_ex/op2_ff/qout_r_reg[17]
  Impl DFF        Name(Last) i:/WORK/g03_top_IO/u_g03_soc/u_core_xzr/u_id_ex/op2_ff/qout_r_reg[17]

  Ref  DFF        Name(Last) r:/WORK/g03_top_IO/u_g03_soc/u_core_xzr/u_id_ex/op2_ff/qout_r_reg[18]
  Impl DFF        Name(Last) i:/WORK/g03_top_IO/u_g03_soc/u_core_xzr/u_id_ex/op2_ff/qout_r_reg[18]

  Ref  DFF        Name(Last) r:/WORK/g03_top_IO/u_g03_soc/u_core_xzr/u_id_ex/op2_ff/qout_r_reg[19]
  Impl DFF        Name(Last) i:/WORK/g03_top_IO/u_g03_soc/u_core_xzr/u_id_ex/op2_ff/qout_r_reg[19]

  Ref  DFF        Name(Last) r:/WORK/g03_top_IO/u_g03_soc/u_core_xzr/u_id_ex/op2_ff/qout_r_reg[1]
  Impl DFF        Name(Last) i:/WORK/g03_top_IO/u_g03_soc/u_core_xzr/u_id_ex/op2_ff/qout_r_reg[1]

  Ref  DFF        Name(Last) r:/WORK/g03_top_IO/u_g03_soc/u_core_xzr/u_id_ex/op2_ff/qout_r_reg[20]
  Impl DFF        Name(Last) i:/WORK/g03_top_IO/u_g03_soc/u_core_xzr/u_id_ex/op2_ff/qout_r_reg[20]

  Ref  DFF        Name(Last) r:/WORK/g03_top_IO/u_g03_soc/u_core_xzr/u_id_ex/op2_ff/qout_r_reg[21]
  Impl DFF        Name(Last) i:/WORK/g03_top_IO/u_g03_soc/u_core_xzr/u_id_ex/op2_ff/qout_r_reg[21]

  Ref  DFF        Name(Last) r:/WORK/g03_top_IO/u_g03_soc/u_core_xzr/u_id_ex/op2_ff/qout_r_reg[22]
  Impl DFF        Name(Last) i:/WORK/g03_top_IO/u_g03_soc/u_core_xzr/u_id_ex/op2_ff/qout_r_reg[22]

  Ref  DFF        Name(Last) r:/WORK/g03_top_IO/u_g03_soc/u_core_xzr/u_id_ex/op2_ff/qout_r_reg[23]
  Impl DFF        Name(Last) i:/WORK/g03_top_IO/u_g03_soc/u_core_xzr/u_id_ex/op2_ff/qout_r_reg[23]

  Ref  DFF        Name(Last) r:/WORK/g03_top_IO/u_g03_soc/u_core_xzr/u_id_ex/op2_ff/qout_r_reg[24]
  Impl DFF        Name(Last) i:/WORK/g03_top_IO/u_g03_soc/u_core_xzr/u_id_ex/op2_ff/qout_r_reg[24]

  Ref  DFF        Name(Last) r:/WORK/g03_top_IO/u_g03_soc/u_core_xzr/u_id_ex/op2_ff/qout_r_reg[25]
  Impl DFF        Name(Last) i:/WORK/g03_top_IO/u_g03_soc/u_core_xzr/u_id_ex/op2_ff/qout_r_reg[25]

  Ref  DFF        Name(Last) r:/WORK/g03_top_IO/u_g03_soc/u_core_xzr/u_id_ex/op2_ff/qout_r_reg[26]
  Impl DFF        Name(Last) i:/WORK/g03_top_IO/u_g03_soc/u_core_xzr/u_id_ex/op2_ff/qout_r_reg[26]

  Ref  DFF        Name(Last) r:/WORK/g03_top_IO/u_g03_soc/u_core_xzr/u_id_ex/op2_ff/qout_r_reg[27]
  Impl DFF        Name(Last) i:/WORK/g03_top_IO/u_g03_soc/u_core_xzr/u_id_ex/op2_ff/qout_r_reg[27]

  Ref  DFF        Name(Last) r:/WORK/g03_top_IO/u_g03_soc/u_core_xzr/u_id_ex/op2_ff/qout_r_reg[28]
  Impl DFF        Name(Last) i:/WORK/g03_top_IO/u_g03_soc/u_core_xzr/u_id_ex/op2_ff/qout_r_reg[28]

  Ref  DFF        Name(Last) r:/WORK/g03_top_IO/u_g03_soc/u_core_xzr/u_id_ex/op2_ff/qout_r_reg[29]
  Impl DFF        Name(Last) i:/WORK/g03_top_IO/u_g03_soc/u_core_xzr/u_id_ex/op2_ff/qout_r_reg[29]

  Ref  DFF        Name(Last) r:/WORK/g03_top_IO/u_g03_soc/u_core_xzr/u_id_ex/op2_ff/qout_r_reg[2]
  Impl DFF        Name(Last) i:/WORK/g03_top_IO/u_g03_soc/u_core_xzr/u_id_ex/op2_ff/qout_r_reg[2]

  Ref  DFF        Name(Last) r:/WORK/g03_top_IO/u_g03_soc/u_core_xzr/u_id_ex/op2_ff/qout_r_reg[30]
  Impl DFF        Name(Last) i:/WORK/g03_top_IO/u_g03_soc/u_core_xzr/u_id_ex/op2_ff/qout_r_reg[30]

  Ref  DFF        Name(Last) r:/WORK/g03_top_IO/u_g03_soc/u_core_xzr/u_id_ex/op2_ff/qout_r_reg[31]
  Impl DFF        Name(Last) i:/WORK/g03_top_IO/u_g03_soc/u_core_xzr/u_id_ex/op2_ff/qout_r_reg[31]

  Ref  DFF        Name(Last) r:/WORK/g03_top_IO/u_g03_soc/u_core_xzr/u_id_ex/op2_ff/qout_r_reg[3]
  Impl DFF        Name(Last) i:/WORK/g03_top_IO/u_g03_soc/u_core_xzr/u_id_ex/op2_ff/qout_r_reg[3]

  Ref  DFF        Name(Last) r:/WORK/g03_top_IO/u_g03_soc/u_core_xzr/u_id_ex/op2_ff/qout_r_reg[4]
  Impl DFF        Name(Last) i:/WORK/g03_top_IO/u_g03_soc/u_core_xzr/u_id_ex/op2_ff/qout_r_reg[4]

  Ref  DFF        Name(Last) r:/WORK/g03_top_IO/u_g03_soc/u_core_xzr/u_id_ex/op2_ff/qout_r_reg[5]
  Impl DFF        Name(Last) i:/WORK/g03_top_IO/u_g03_soc/u_core_xzr/u_id_ex/op2_ff/qout_r_reg[5]

  Ref  DFF        Name(Last) r:/WORK/g03_top_IO/u_g03_soc/u_core_xzr/u_id_ex/op2_ff/qout_r_reg[6]
  Impl DFF        Name(Last) i:/WORK/g03_top_IO/u_g03_soc/u_core_xzr/u_id_ex/op2_ff/qout_r_reg[6]

  Ref  DFF        Name(Last) r:/WORK/g03_top_IO/u_g03_soc/u_core_xzr/u_id_ex/op2_ff/qout_r_reg[7]
  Impl DFF        Name(Last) i:/WORK/g03_top_IO/u_g03_soc/u_core_xzr/u_id_ex/op2_ff/qout_r_reg[7]

  Ref  DFF        Name(Last) r:/WORK/g03_top_IO/u_g03_soc/u_core_xzr/u_id_ex/op2_ff/qout_r_reg[8]
  Impl DFF        Name(Last) i:/WORK/g03_top_IO/u_g03_soc/u_core_xzr/u_id_ex/op2_ff/qout_r_reg[8]

  Ref  DFF        Name(Last) r:/WORK/g03_top_IO/u_g03_soc/u_core_xzr/u_id_ex/op2_ff/qout_r_reg[9]
  Impl DFF        Name(Last) i:/WORK/g03_top_IO/u_g03_soc/u_core_xzr/u_id_ex/op2_ff/qout_r_reg[9]

  Ref  DFF        Name(Last) r:/WORK/g03_top_IO/u_g03_soc/u_core_xzr/u_id_ex/op2_jump_ff/qout_r_reg[0]
  Impl DFF        Name(Last) i:/WORK/g03_top_IO/u_g03_soc/u_core_xzr/u_id_ex/op2_jump_ff/qout_r_reg[0]

  Ref  DFF        Name(Last) r:/WORK/g03_top_IO/u_g03_soc/u_core_xzr/u_id_ex/op2_jump_ff/qout_r_reg[10]
  Impl DFF        Name(Last) i:/WORK/g03_top_IO/u_g03_soc/u_core_xzr/u_id_ex/op2_jump_ff/qout_r_reg[10]

  Ref  DFF        Name(Last) r:/WORK/g03_top_IO/u_g03_soc/u_core_xzr/u_id_ex/op2_jump_ff/qout_r_reg[11]
  Impl DFF        Name(Last) i:/WORK/g03_top_IO/u_g03_soc/u_core_xzr/u_id_ex/op2_jump_ff/qout_r_reg[11]

  Ref  DFF        Name(Last) r:/WORK/g03_top_IO/u_g03_soc/u_core_xzr/u_id_ex/op2_jump_ff/qout_r_reg[12]
  Impl DFF        Name(Last) i:/WORK/g03_top_IO/u_g03_soc/u_core_xzr/u_id_ex/op2_jump_ff/qout_r_reg[12]

  Ref  DFF        Name(Last) r:/WORK/g03_top_IO/u_g03_soc/u_core_xzr/u_id_ex/op2_jump_ff/qout_r_reg[13]
  Impl DFF        Name(Last) i:/WORK/g03_top_IO/u_g03_soc/u_core_xzr/u_id_ex/op2_jump_ff/qout_r_reg[13]

  Ref  DFF        Name(Last) r:/WORK/g03_top_IO/u_g03_soc/u_core_xzr/u_id_ex/op2_jump_ff/qout_r_reg[14]
  Impl DFF        Name(Last) i:/WORK/g03_top_IO/u_g03_soc/u_core_xzr/u_id_ex/op2_jump_ff/qout_r_reg[14]

  Ref  DFF        Name(Last) r:/WORK/g03_top_IO/u_g03_soc/u_core_xzr/u_id_ex/op2_jump_ff/qout_r_reg[15]
  Impl DFF        Name(Last) i:/WORK/g03_top_IO/u_g03_soc/u_core_xzr/u_id_ex/op2_jump_ff/qout_r_reg[15]

  Ref  DFF        Name(Last) r:/WORK/g03_top_IO/u_g03_soc/u_core_xzr/u_id_ex/op2_jump_ff/qout_r_reg[16]
  Impl DFF        Name(Last) i:/WORK/g03_top_IO/u_g03_soc/u_core_xzr/u_id_ex/op2_jump_ff/qout_r_reg[16]

  Ref  DFF        Name(Last) r:/WORK/g03_top_IO/u_g03_soc/u_core_xzr/u_id_ex/op2_jump_ff/qout_r_reg[17]
  Impl DFF        Name(Last) i:/WORK/g03_top_IO/u_g03_soc/u_core_xzr/u_id_ex/op2_jump_ff/qout_r_reg[17]

  Ref  DFF        Name(Last) r:/WORK/g03_top_IO/u_g03_soc/u_core_xzr/u_id_ex/op2_jump_ff/qout_r_reg[18]
  Impl DFF        Name(Last) i:/WORK/g03_top_IO/u_g03_soc/u_core_xzr/u_id_ex/op2_jump_ff/qout_r_reg[18]

  Ref  DFF        Name(Last) r:/WORK/g03_top_IO/u_g03_soc/u_core_xzr/u_id_ex/op2_jump_ff/qout_r_reg[19]
  Impl DFF        Name(Last) i:/WORK/g03_top_IO/u_g03_soc/u_core_xzr/u_id_ex/op2_jump_ff/qout_r_reg[19]

  Ref  DFF        Name(Last) r:/WORK/g03_top_IO/u_g03_soc/u_core_xzr/u_id_ex/op2_jump_ff/qout_r_reg[1]
  Impl DFF        Name(Last) i:/WORK/g03_top_IO/u_g03_soc/u_core_xzr/u_id_ex/op2_jump_ff/qout_r_reg[1]

  Ref  DFF        Name(Last) r:/WORK/g03_top_IO/u_g03_soc/u_core_xzr/u_id_ex/op2_jump_ff/qout_r_reg[20]
  Impl DFF        Name(Last) i:/WORK/g03_top_IO/u_g03_soc/u_core_xzr/u_id_ex/op2_jump_ff/qout_r_reg[20]

  Ref  DFF        Name(Last) r:/WORK/g03_top_IO/u_g03_soc/u_core_xzr/u_id_ex/op2_jump_ff/qout_r_reg[21]
  Impl DFF        Name(Last) i:/WORK/g03_top_IO/u_g03_soc/u_core_xzr/u_id_ex/op2_jump_ff/qout_r_reg[21]

  Ref  DFF        Name(Last) r:/WORK/g03_top_IO/u_g03_soc/u_core_xzr/u_id_ex/op2_jump_ff/qout_r_reg[22]
  Impl DFF        Name(Last) i:/WORK/g03_top_IO/u_g03_soc/u_core_xzr/u_id_ex/op2_jump_ff/qout_r_reg[22]

  Ref  DFF        Name(Last) r:/WORK/g03_top_IO/u_g03_soc/u_core_xzr/u_id_ex/op2_jump_ff/qout_r_reg[23]
  Impl DFF        Name(Last) i:/WORK/g03_top_IO/u_g03_soc/u_core_xzr/u_id_ex/op2_jump_ff/qout_r_reg[23]

  Ref  DFF        Name(Last) r:/WORK/g03_top_IO/u_g03_soc/u_core_xzr/u_id_ex/op2_jump_ff/qout_r_reg[24]
  Impl DFF        Name(Last) i:/WORK/g03_top_IO/u_g03_soc/u_core_xzr/u_id_ex/op2_jump_ff/qout_r_reg[24]

  Ref  DFF        Name(Last) r:/WORK/g03_top_IO/u_g03_soc/u_core_xzr/u_id_ex/op2_jump_ff/qout_r_reg[25]
  Impl DFF        Name(Last) i:/WORK/g03_top_IO/u_g03_soc/u_core_xzr/u_id_ex/op2_jump_ff/qout_r_reg[25]

  Ref  DFF        Name(Last) r:/WORK/g03_top_IO/u_g03_soc/u_core_xzr/u_id_ex/op2_jump_ff/qout_r_reg[26]
  Impl DFF        Name(Last) i:/WORK/g03_top_IO/u_g03_soc/u_core_xzr/u_id_ex/op2_jump_ff/qout_r_reg[26]

  Ref  DFF        Name(Last) r:/WORK/g03_top_IO/u_g03_soc/u_core_xzr/u_id_ex/op2_jump_ff/qout_r_reg[27]
  Impl DFF        Name(Last) i:/WORK/g03_top_IO/u_g03_soc/u_core_xzr/u_id_ex/op2_jump_ff/qout_r_reg[27]

  Ref  DFF        Name(Last) r:/WORK/g03_top_IO/u_g03_soc/u_core_xzr/u_id_ex/op2_jump_ff/qout_r_reg[28]
  Impl DFF        Name(Last) i:/WORK/g03_top_IO/u_g03_soc/u_core_xzr/u_id_ex/op2_jump_ff/qout_r_reg[28]

  Ref  DFF        Name(Last) r:/WORK/g03_top_IO/u_g03_soc/u_core_xzr/u_id_ex/op2_jump_ff/qout_r_reg[29]
  Impl DFF        Name(Last) i:/WORK/g03_top_IO/u_g03_soc/u_core_xzr/u_id_ex/op2_jump_ff/qout_r_reg[29]

  Ref  DFF        Name(Last) r:/WORK/g03_top_IO/u_g03_soc/u_core_xzr/u_id_ex/op2_jump_ff/qout_r_reg[2]
  Impl DFF        Name(Last) i:/WORK/g03_top_IO/u_g03_soc/u_core_xzr/u_id_ex/op2_jump_ff/qout_r_reg[2]

  Ref  DFF        Name(Last) r:/WORK/g03_top_IO/u_g03_soc/u_core_xzr/u_id_ex/op2_jump_ff/qout_r_reg[30]
  Impl DFF        Name(Last) i:/WORK/g03_top_IO/u_g03_soc/u_core_xzr/u_id_ex/op2_jump_ff/qout_r_reg[30]

  Ref  DFF        Name(Last) r:/WORK/g03_top_IO/u_g03_soc/u_core_xzr/u_id_ex/op2_jump_ff/qout_r_reg[31]
  Impl DFF        Name(Last) i:/WORK/g03_top_IO/u_g03_soc/u_core_xzr/u_id_ex/op2_jump_ff/qout_r_reg[31]

  Ref  DFF        Name(Last) r:/WORK/g03_top_IO/u_g03_soc/u_core_xzr/u_id_ex/op2_jump_ff/qout_r_reg[3]
  Impl DFF        Name(Last) i:/WORK/g03_top_IO/u_g03_soc/u_core_xzr/u_id_ex/op2_jump_ff/qout_r_reg[3]

  Ref  DFF        Name(Last) r:/WORK/g03_top_IO/u_g03_soc/u_core_xzr/u_id_ex/op2_jump_ff/qout_r_reg[4]
  Impl DFF        Name(Last) i:/WORK/g03_top_IO/u_g03_soc/u_core_xzr/u_id_ex/op2_jump_ff/qout_r_reg[4]

  Ref  DFF        Name(Last) r:/WORK/g03_top_IO/u_g03_soc/u_core_xzr/u_id_ex/op2_jump_ff/qout_r_reg[5]
  Impl DFF        Name(Last) i:/WORK/g03_top_IO/u_g03_soc/u_core_xzr/u_id_ex/op2_jump_ff/qout_r_reg[5]

  Ref  DFF        Name(Last) r:/WORK/g03_top_IO/u_g03_soc/u_core_xzr/u_id_ex/op2_jump_ff/qout_r_reg[6]
  Impl DFF        Name(Last) i:/WORK/g03_top_IO/u_g03_soc/u_core_xzr/u_id_ex/op2_jump_ff/qout_r_reg[6]

  Ref  DFF        Name(Last) r:/WORK/g03_top_IO/u_g03_soc/u_core_xzr/u_id_ex/op2_jump_ff/qout_r_reg[7]
  Impl DFF        Name(Last) i:/WORK/g03_top_IO/u_g03_soc/u_core_xzr/u_id_ex/op2_jump_ff/qout_r_reg[7]

  Ref  DFF        Name(Last) r:/WORK/g03_top_IO/u_g03_soc/u_core_xzr/u_id_ex/op2_jump_ff/qout_r_reg[8]
  Impl DFF        Name(Last) i:/WORK/g03_top_IO/u_g03_soc/u_core_xzr/u_id_ex/op2_jump_ff/qout_r_reg[8]

  Ref  DFF        Name(Last) r:/WORK/g03_top_IO/u_g03_soc/u_core_xzr/u_id_ex/op2_jump_ff/qout_r_reg[9]
  Impl DFF        Name(Last) i:/WORK/g03_top_IO/u_g03_soc/u_core_xzr/u_id_ex/op2_jump_ff/qout_r_reg[9]

  Ref  DFF        Name(Last) r:/WORK/g03_top_IO/u_g03_soc/u_core_xzr/u_id_ex/reg1_rdata_ff/qout_r_reg[0]
  Impl DFF        Name(Last) i:/WORK/g03_top_IO/u_g03_soc/u_core_xzr/u_id_ex/reg1_rdata_ff/qout_r_reg[0]

  Ref  DFF        Name(Last) r:/WORK/g03_top_IO/u_g03_soc/u_core_xzr/u_id_ex/reg1_rdata_ff/qout_r_reg[10]
  Impl DFF        Name(Last) i:/WORK/g03_top_IO/u_g03_soc/u_core_xzr/u_id_ex/reg1_rdata_ff/qout_r_reg[10]

  Ref  DFF        Name(Last) r:/WORK/g03_top_IO/u_g03_soc/u_core_xzr/u_id_ex/reg1_rdata_ff/qout_r_reg[11]
  Impl DFF        Name(Last) i:/WORK/g03_top_IO/u_g03_soc/u_core_xzr/u_id_ex/reg1_rdata_ff/qout_r_reg[11]

  Ref  DFF        Name(Last) r:/WORK/g03_top_IO/u_g03_soc/u_core_xzr/u_id_ex/reg1_rdata_ff/qout_r_reg[12]
  Impl DFF        Name(Last) i:/WORK/g03_top_IO/u_g03_soc/u_core_xzr/u_id_ex/reg1_rdata_ff/qout_r_reg[12]

  Ref  DFF        Name(Last) r:/WORK/g03_top_IO/u_g03_soc/u_core_xzr/u_id_ex/reg1_rdata_ff/qout_r_reg[13]
  Impl DFF        Name(Last) i:/WORK/g03_top_IO/u_g03_soc/u_core_xzr/u_id_ex/reg1_rdata_ff/qout_r_reg[13]

  Ref  DFF        Name(Last) r:/WORK/g03_top_IO/u_g03_soc/u_core_xzr/u_id_ex/reg1_rdata_ff/qout_r_reg[14]
  Impl DFF        Name(Last) i:/WORK/g03_top_IO/u_g03_soc/u_core_xzr/u_id_ex/reg1_rdata_ff/qout_r_reg[14]

  Ref  DFF        Name(Last) r:/WORK/g03_top_IO/u_g03_soc/u_core_xzr/u_id_ex/reg1_rdata_ff/qout_r_reg[15]
  Impl DFF        Name(Last) i:/WORK/g03_top_IO/u_g03_soc/u_core_xzr/u_id_ex/reg1_rdata_ff/qout_r_reg[15]

  Ref  DFF        Name(Last) r:/WORK/g03_top_IO/u_g03_soc/u_core_xzr/u_id_ex/reg1_rdata_ff/qout_r_reg[16]
  Impl DFF        Name(Last) i:/WORK/g03_top_IO/u_g03_soc/u_core_xzr/u_id_ex/reg1_rdata_ff/qout_r_reg[16]

  Ref  DFF        Name(Last) r:/WORK/g03_top_IO/u_g03_soc/u_core_xzr/u_id_ex/reg1_rdata_ff/qout_r_reg[17]
  Impl DFF        Name(Last) i:/WORK/g03_top_IO/u_g03_soc/u_core_xzr/u_id_ex/reg1_rdata_ff/qout_r_reg[17]

  Ref  DFF        Name(Last) r:/WORK/g03_top_IO/u_g03_soc/u_core_xzr/u_id_ex/reg1_rdata_ff/qout_r_reg[18]
  Impl DFF        Name(Last) i:/WORK/g03_top_IO/u_g03_soc/u_core_xzr/u_id_ex/reg1_rdata_ff/qout_r_reg[18]

  Ref  DFF        Name(Last) r:/WORK/g03_top_IO/u_g03_soc/u_core_xzr/u_id_ex/reg1_rdata_ff/qout_r_reg[19]
  Impl DFF        Name(Last) i:/WORK/g03_top_IO/u_g03_soc/u_core_xzr/u_id_ex/reg1_rdata_ff/qout_r_reg[19]

  Ref  DFF        Name(Last) r:/WORK/g03_top_IO/u_g03_soc/u_core_xzr/u_id_ex/reg1_rdata_ff/qout_r_reg[1]
  Impl DFF        Name(Last) i:/WORK/g03_top_IO/u_g03_soc/u_core_xzr/u_id_ex/reg1_rdata_ff/qout_r_reg[1]

  Ref  DFF        Name(Last) r:/WORK/g03_top_IO/u_g03_soc/u_core_xzr/u_id_ex/reg1_rdata_ff/qout_r_reg[20]
  Impl DFF        Name(Last) i:/WORK/g03_top_IO/u_g03_soc/u_core_xzr/u_id_ex/reg1_rdata_ff/qout_r_reg[20]

  Ref  DFF        Name(Last) r:/WORK/g03_top_IO/u_g03_soc/u_core_xzr/u_id_ex/reg1_rdata_ff/qout_r_reg[21]
  Impl DFF        Name(Last) i:/WORK/g03_top_IO/u_g03_soc/u_core_xzr/u_id_ex/reg1_rdata_ff/qout_r_reg[21]

  Ref  DFF        Name(Last) r:/WORK/g03_top_IO/u_g03_soc/u_core_xzr/u_id_ex/reg1_rdata_ff/qout_r_reg[22]
  Impl DFF        Name(Last) i:/WORK/g03_top_IO/u_g03_soc/u_core_xzr/u_id_ex/reg1_rdata_ff/qout_r_reg[22]

  Ref  DFF        Name(Last) r:/WORK/g03_top_IO/u_g03_soc/u_core_xzr/u_id_ex/reg1_rdata_ff/qout_r_reg[23]
  Impl DFF        Name(Last) i:/WORK/g03_top_IO/u_g03_soc/u_core_xzr/u_id_ex/reg1_rdata_ff/qout_r_reg[23]

  Ref  DFF        Name(Last) r:/WORK/g03_top_IO/u_g03_soc/u_core_xzr/u_id_ex/reg1_rdata_ff/qout_r_reg[24]
  Impl DFF        Name(Last) i:/WORK/g03_top_IO/u_g03_soc/u_core_xzr/u_id_ex/reg1_rdata_ff/qout_r_reg[24]

  Ref  DFF        Name(Last) r:/WORK/g03_top_IO/u_g03_soc/u_core_xzr/u_id_ex/reg1_rdata_ff/qout_r_reg[25]
  Impl DFF        Name(Last) i:/WORK/g03_top_IO/u_g03_soc/u_core_xzr/u_id_ex/reg1_rdata_ff/qout_r_reg[25]

  Ref  DFF        Name(Last) r:/WORK/g03_top_IO/u_g03_soc/u_core_xzr/u_id_ex/reg1_rdata_ff/qout_r_reg[26]
  Impl DFF        Name(Last) i:/WORK/g03_top_IO/u_g03_soc/u_core_xzr/u_id_ex/reg1_rdata_ff/qout_r_reg[26]

  Ref  DFF        Name(Last) r:/WORK/g03_top_IO/u_g03_soc/u_core_xzr/u_id_ex/reg1_rdata_ff/qout_r_reg[27]
  Impl DFF        Name(Last) i:/WORK/g03_top_IO/u_g03_soc/u_core_xzr/u_id_ex/reg1_rdata_ff/qout_r_reg[27]

  Ref  DFF        Name(Last) r:/WORK/g03_top_IO/u_g03_soc/u_core_xzr/u_id_ex/reg1_rdata_ff/qout_r_reg[28]
  Impl DFF        Name(Last) i:/WORK/g03_top_IO/u_g03_soc/u_core_xzr/u_id_ex/reg1_rdata_ff/qout_r_reg[28]

  Ref  DFF        Name(Last) r:/WORK/g03_top_IO/u_g03_soc/u_core_xzr/u_id_ex/reg1_rdata_ff/qout_r_reg[29]
  Impl DFF        Name(Last) i:/WORK/g03_top_IO/u_g03_soc/u_core_xzr/u_id_ex/reg1_rdata_ff/qout_r_reg[29]

  Ref  DFF        Name(Last) r:/WORK/g03_top_IO/u_g03_soc/u_core_xzr/u_id_ex/reg1_rdata_ff/qout_r_reg[2]
  Impl DFF        Name(Last) i:/WORK/g03_top_IO/u_g03_soc/u_core_xzr/u_id_ex/reg1_rdata_ff/qout_r_reg[2]

  Ref  DFF        Name(Last) r:/WORK/g03_top_IO/u_g03_soc/u_core_xzr/u_id_ex/reg1_rdata_ff/qout_r_reg[30]
  Impl DFF        Name(Last) i:/WORK/g03_top_IO/u_g03_soc/u_core_xzr/u_id_ex/reg1_rdata_ff/qout_r_reg[30]

  Ref  DFF        Name(Last) r:/WORK/g03_top_IO/u_g03_soc/u_core_xzr/u_id_ex/reg1_rdata_ff/qout_r_reg[31]
  Impl DFF        Name(Last) i:/WORK/g03_top_IO/u_g03_soc/u_core_xzr/u_id_ex/reg1_rdata_ff/qout_r_reg[31]

  Ref  DFF        Name(Last) r:/WORK/g03_top_IO/u_g03_soc/u_core_xzr/u_id_ex/reg1_rdata_ff/qout_r_reg[3]
  Impl DFF        Name(Last) i:/WORK/g03_top_IO/u_g03_soc/u_core_xzr/u_id_ex/reg1_rdata_ff/qout_r_reg[3]

  Ref  DFF        Name(Last) r:/WORK/g03_top_IO/u_g03_soc/u_core_xzr/u_id_ex/reg1_rdata_ff/qout_r_reg[4]
  Impl DFF        Name(Last) i:/WORK/g03_top_IO/u_g03_soc/u_core_xzr/u_id_ex/reg1_rdata_ff/qout_r_reg[4]

  Ref  DFF        Name(Last) r:/WORK/g03_top_IO/u_g03_soc/u_core_xzr/u_id_ex/reg1_rdata_ff/qout_r_reg[5]
  Impl DFF        Name(Last) i:/WORK/g03_top_IO/u_g03_soc/u_core_xzr/u_id_ex/reg1_rdata_ff/qout_r_reg[5]

  Ref  DFF        Name(Last) r:/WORK/g03_top_IO/u_g03_soc/u_core_xzr/u_id_ex/reg1_rdata_ff/qout_r_reg[6]
  Impl DFF        Name(Last) i:/WORK/g03_top_IO/u_g03_soc/u_core_xzr/u_id_ex/reg1_rdata_ff/qout_r_reg[6]

  Ref  DFF        Name(Last) r:/WORK/g03_top_IO/u_g03_soc/u_core_xzr/u_id_ex/reg1_rdata_ff/qout_r_reg[7]
  Impl DFF        Name(Last) i:/WORK/g03_top_IO/u_g03_soc/u_core_xzr/u_id_ex/reg1_rdata_ff/qout_r_reg[7]

  Ref  DFF        Name(Last) r:/WORK/g03_top_IO/u_g03_soc/u_core_xzr/u_id_ex/reg1_rdata_ff/qout_r_reg[8]
  Impl DFF        Name(Last) i:/WORK/g03_top_IO/u_g03_soc/u_core_xzr/u_id_ex/reg1_rdata_ff/qout_r_reg[8]

  Ref  DFF        Name(Last) r:/WORK/g03_top_IO/u_g03_soc/u_core_xzr/u_id_ex/reg1_rdata_ff/qout_r_reg[9]
  Impl DFF        Name(Last) i:/WORK/g03_top_IO/u_g03_soc/u_core_xzr/u_id_ex/reg1_rdata_ff/qout_r_reg[9]

  Ref  DFF        Name(Last) r:/WORK/g03_top_IO/u_g03_soc/u_core_xzr/u_id_ex/reg2_rdata_ff/qout_r_reg[0]
  Impl DFF        Name(Last) i:/WORK/g03_top_IO/u_g03_soc/u_core_xzr/u_id_ex/reg2_rdata_ff/qout_r_reg[0]

  Ref  DFF        Name(Last) r:/WORK/g03_top_IO/u_g03_soc/u_core_xzr/u_id_ex/reg2_rdata_ff/qout_r_reg[10]
  Impl DFF        Name(Last) i:/WORK/g03_top_IO/u_g03_soc/u_core_xzr/u_id_ex/reg2_rdata_ff/qout_r_reg[10]

  Ref  DFF        Name(Last) r:/WORK/g03_top_IO/u_g03_soc/u_core_xzr/u_id_ex/reg2_rdata_ff/qout_r_reg[11]
  Impl DFF        Name(Last) i:/WORK/g03_top_IO/u_g03_soc/u_core_xzr/u_id_ex/reg2_rdata_ff/qout_r_reg[11]

  Ref  DFF        Name(Last) r:/WORK/g03_top_IO/u_g03_soc/u_core_xzr/u_id_ex/reg2_rdata_ff/qout_r_reg[12]
  Impl DFF        Name(Last) i:/WORK/g03_top_IO/u_g03_soc/u_core_xzr/u_id_ex/reg2_rdata_ff/qout_r_reg[12]

  Ref  DFF        Name(Last) r:/WORK/g03_top_IO/u_g03_soc/u_core_xzr/u_id_ex/reg2_rdata_ff/qout_r_reg[13]
  Impl DFF        Name(Last) i:/WORK/g03_top_IO/u_g03_soc/u_core_xzr/u_id_ex/reg2_rdata_ff/qout_r_reg[13]

  Ref  DFF        Name(Last) r:/WORK/g03_top_IO/u_g03_soc/u_core_xzr/u_id_ex/reg2_rdata_ff/qout_r_reg[14]
  Impl DFF        Name(Last) i:/WORK/g03_top_IO/u_g03_soc/u_core_xzr/u_id_ex/reg2_rdata_ff/qout_r_reg[14]

  Ref  DFF        Name(Last) r:/WORK/g03_top_IO/u_g03_soc/u_core_xzr/u_id_ex/reg2_rdata_ff/qout_r_reg[15]
  Impl DFF        Name(Last) i:/WORK/g03_top_IO/u_g03_soc/u_core_xzr/u_id_ex/reg2_rdata_ff/qout_r_reg[15]

  Ref  DFF        Name(Last) r:/WORK/g03_top_IO/u_g03_soc/u_core_xzr/u_id_ex/reg2_rdata_ff/qout_r_reg[16]
  Impl DFF        Name(Last) i:/WORK/g03_top_IO/u_g03_soc/u_core_xzr/u_id_ex/reg2_rdata_ff/qout_r_reg[16]

  Ref  DFF        Name(Last) r:/WORK/g03_top_IO/u_g03_soc/u_core_xzr/u_id_ex/reg2_rdata_ff/qout_r_reg[17]
  Impl DFF        Name(Last) i:/WORK/g03_top_IO/u_g03_soc/u_core_xzr/u_id_ex/reg2_rdata_ff/qout_r_reg[17]

  Ref  DFF        Name(Last) r:/WORK/g03_top_IO/u_g03_soc/u_core_xzr/u_id_ex/reg2_rdata_ff/qout_r_reg[18]
  Impl DFF        Name(Last) i:/WORK/g03_top_IO/u_g03_soc/u_core_xzr/u_id_ex/reg2_rdata_ff/qout_r_reg[18]

  Ref  DFF        Name(Last) r:/WORK/g03_top_IO/u_g03_soc/u_core_xzr/u_id_ex/reg2_rdata_ff/qout_r_reg[19]
  Impl DFF        Name(Last) i:/WORK/g03_top_IO/u_g03_soc/u_core_xzr/u_id_ex/reg2_rdata_ff/qout_r_reg[19]

  Ref  DFF        Name(Last) r:/WORK/g03_top_IO/u_g03_soc/u_core_xzr/u_id_ex/reg2_rdata_ff/qout_r_reg[1]
  Impl DFF        Name(Last) i:/WORK/g03_top_IO/u_g03_soc/u_core_xzr/u_id_ex/reg2_rdata_ff/qout_r_reg[1]

  Ref  DFF        Name(Last) r:/WORK/g03_top_IO/u_g03_soc/u_core_xzr/u_id_ex/reg2_rdata_ff/qout_r_reg[20]
  Impl DFF        Name(Last) i:/WORK/g03_top_IO/u_g03_soc/u_core_xzr/u_id_ex/reg2_rdata_ff/qout_r_reg[20]

  Ref  DFF        Name(Last) r:/WORK/g03_top_IO/u_g03_soc/u_core_xzr/u_id_ex/reg2_rdata_ff/qout_r_reg[21]
  Impl DFF        Name(Last) i:/WORK/g03_top_IO/u_g03_soc/u_core_xzr/u_id_ex/reg2_rdata_ff/qout_r_reg[21]

  Ref  DFF        Name(Last) r:/WORK/g03_top_IO/u_g03_soc/u_core_xzr/u_id_ex/reg2_rdata_ff/qout_r_reg[22]
  Impl DFF        Name(Last) i:/WORK/g03_top_IO/u_g03_soc/u_core_xzr/u_id_ex/reg2_rdata_ff/qout_r_reg[22]

  Ref  DFF        Name(Last) r:/WORK/g03_top_IO/u_g03_soc/u_core_xzr/u_id_ex/reg2_rdata_ff/qout_r_reg[23]
  Impl DFF        Name(Last) i:/WORK/g03_top_IO/u_g03_soc/u_core_xzr/u_id_ex/reg2_rdata_ff/qout_r_reg[23]

  Ref  DFF        Name(Last) r:/WORK/g03_top_IO/u_g03_soc/u_core_xzr/u_id_ex/reg2_rdata_ff/qout_r_reg[24]
  Impl DFF        Name(Last) i:/WORK/g03_top_IO/u_g03_soc/u_core_xzr/u_id_ex/reg2_rdata_ff/qout_r_reg[24]

  Ref  DFF        Name(Last) r:/WORK/g03_top_IO/u_g03_soc/u_core_xzr/u_id_ex/reg2_rdata_ff/qout_r_reg[25]
  Impl DFF        Name(Last) i:/WORK/g03_top_IO/u_g03_soc/u_core_xzr/u_id_ex/reg2_rdata_ff/qout_r_reg[25]

  Ref  DFF        Name(Last) r:/WORK/g03_top_IO/u_g03_soc/u_core_xzr/u_id_ex/reg2_rdata_ff/qout_r_reg[26]
  Impl DFF        Name(Last) i:/WORK/g03_top_IO/u_g03_soc/u_core_xzr/u_id_ex/reg2_rdata_ff/qout_r_reg[26]

  Ref  DFF        Name(Last) r:/WORK/g03_top_IO/u_g03_soc/u_core_xzr/u_id_ex/reg2_rdata_ff/qout_r_reg[27]
  Impl DFF        Name(Last) i:/WORK/g03_top_IO/u_g03_soc/u_core_xzr/u_id_ex/reg2_rdata_ff/qout_r_reg[27]

  Ref  DFF        Name(Last) r:/WORK/g03_top_IO/u_g03_soc/u_core_xzr/u_id_ex/reg2_rdata_ff/qout_r_reg[28]
  Impl DFF        Name(Last) i:/WORK/g03_top_IO/u_g03_soc/u_core_xzr/u_id_ex/reg2_rdata_ff/qout_r_reg[28]

  Ref  DFF        Name(Last) r:/WORK/g03_top_IO/u_g03_soc/u_core_xzr/u_id_ex/reg2_rdata_ff/qout_r_reg[29]
  Impl DFF        Name(Last) i:/WORK/g03_top_IO/u_g03_soc/u_core_xzr/u_id_ex/reg2_rdata_ff/qout_r_reg[29]

  Ref  DFF        Name(Last) r:/WORK/g03_top_IO/u_g03_soc/u_core_xzr/u_id_ex/reg2_rdata_ff/qout_r_reg[2]
  Impl DFF        Name(Last) i:/WORK/g03_top_IO/u_g03_soc/u_core_xzr/u_id_ex/reg2_rdata_ff/qout_r_reg[2]

  Ref  DFF        Name(Last) r:/WORK/g03_top_IO/u_g03_soc/u_core_xzr/u_id_ex/reg2_rdata_ff/qout_r_reg[30]
  Impl DFF        Name(Last) i:/WORK/g03_top_IO/u_g03_soc/u_core_xzr/u_id_ex/reg2_rdata_ff/qout_r_reg[30]

  Ref  DFF        Name(Last) r:/WORK/g03_top_IO/u_g03_soc/u_core_xzr/u_id_ex/reg2_rdata_ff/qout_r_reg[31]
  Impl DFF        Name(Last) i:/WORK/g03_top_IO/u_g03_soc/u_core_xzr/u_id_ex/reg2_rdata_ff/qout_r_reg[31]

  Ref  DFF        Name(Last) r:/WORK/g03_top_IO/u_g03_soc/u_core_xzr/u_id_ex/reg2_rdata_ff/qout_r_reg[3]
  Impl DFF        Name(Last) i:/WORK/g03_top_IO/u_g03_soc/u_core_xzr/u_id_ex/reg2_rdata_ff/qout_r_reg[3]

  Ref  DFF        Name(Last) r:/WORK/g03_top_IO/u_g03_soc/u_core_xzr/u_id_ex/reg2_rdata_ff/qout_r_reg[4]
  Impl DFF        Name(Last) i:/WORK/g03_top_IO/u_g03_soc/u_core_xzr/u_id_ex/reg2_rdata_ff/qout_r_reg[4]

  Ref  DFF        Name(Last) r:/WORK/g03_top_IO/u_g03_soc/u_core_xzr/u_id_ex/reg2_rdata_ff/qout_r_reg[5]
  Impl DFF        Name(Last) i:/WORK/g03_top_IO/u_g03_soc/u_core_xzr/u_id_ex/reg2_rdata_ff/qout_r_reg[5]

  Ref  DFF        Name(Last) r:/WORK/g03_top_IO/u_g03_soc/u_core_xzr/u_id_ex/reg2_rdata_ff/qout_r_reg[6]
  Impl DFF        Name(Last) i:/WORK/g03_top_IO/u_g03_soc/u_core_xzr/u_id_ex/reg2_rdata_ff/qout_r_reg[6]

  Ref  DFF        Name(Last) r:/WORK/g03_top_IO/u_g03_soc/u_core_xzr/u_id_ex/reg2_rdata_ff/qout_r_reg[7]
  Impl DFF        Name(Last) i:/WORK/g03_top_IO/u_g03_soc/u_core_xzr/u_id_ex/reg2_rdata_ff/qout_r_reg[7]

  Ref  DFF        Name(Last) r:/WORK/g03_top_IO/u_g03_soc/u_core_xzr/u_id_ex/reg2_rdata_ff/qout_r_reg[8]
  Impl DFF        Name(Last) i:/WORK/g03_top_IO/u_g03_soc/u_core_xzr/u_id_ex/reg2_rdata_ff/qout_r_reg[8]

  Ref  DFF        Name(Last) r:/WORK/g03_top_IO/u_g03_soc/u_core_xzr/u_id_ex/reg2_rdata_ff/qout_r_reg[9]
  Impl DFF        Name(Last) i:/WORK/g03_top_IO/u_g03_soc/u_core_xzr/u_id_ex/reg2_rdata_ff/qout_r_reg[9]

  Ref  DFF        Name(Last) r:/WORK/g03_top_IO/u_g03_soc/u_core_xzr/u_id_ex/reg_waddr_ff/qout_r_reg[0]
  Impl DFF        Name(Last) i:/WORK/g03_top_IO/u_g03_soc/u_core_xzr/u_id_ex/reg_waddr_ff/qout_r_reg[0]

  Ref  DFF        Name(Last) r:/WORK/g03_top_IO/u_g03_soc/u_core_xzr/u_id_ex/reg_waddr_ff/qout_r_reg[1]
  Impl DFF        Name(Last) i:/WORK/g03_top_IO/u_g03_soc/u_core_xzr/u_id_ex/reg_waddr_ff/qout_r_reg[1]

  Ref  DFF        Name(Last) r:/WORK/g03_top_IO/u_g03_soc/u_core_xzr/u_id_ex/reg_waddr_ff/qout_r_reg[2]
  Impl DFF        Name(Last) i:/WORK/g03_top_IO/u_g03_soc/u_core_xzr/u_id_ex/reg_waddr_ff/qout_r_reg[2]

  Ref  DFF        Name(Last) r:/WORK/g03_top_IO/u_g03_soc/u_core_xzr/u_id_ex/reg_waddr_ff/qout_r_reg[3]
  Impl DFF        Name(Last) i:/WORK/g03_top_IO/u_g03_soc/u_core_xzr/u_id_ex/reg_waddr_ff/qout_r_reg[3]

  Ref  DFF        Name(Last) r:/WORK/g03_top_IO/u_g03_soc/u_core_xzr/u_id_ex/reg_waddr_ff/qout_r_reg[4]
  Impl DFF        Name(Last) i:/WORK/g03_top_IO/u_g03_soc/u_core_xzr/u_id_ex/reg_waddr_ff/qout_r_reg[4]

  Ref  DFF        Name(Last) r:/WORK/g03_top_IO/u_g03_soc/u_core_xzr/u_id_ex/reg_we_ff/qout_r_reg[0]
  Impl DFF        Name(Last) i:/WORK/g03_top_IO/u_g03_soc/u_core_xzr/u_id_ex/reg_we_ff/qout_r_reg[0]

  Ref  DFF        Name(Last) r:/WORK/g03_top_IO/u_g03_soc/u_core_xzr/u_if_id/inst_addr_ff/qout_r_reg[0]
  Impl DFF        Name(Last) i:/WORK/g03_top_IO/u_g03_soc/u_core_xzr/u_if_id/inst_addr_ff/qout_r_reg[0]

  Ref  DFF        Name(Last) r:/WORK/g03_top_IO/u_g03_soc/u_core_xzr/u_if_id/inst_addr_ff/qout_r_reg[10]
  Impl DFF        Name(Last) i:/WORK/g03_top_IO/u_g03_soc/u_core_xzr/u_if_id/inst_addr_ff/qout_r_reg[10]

  Ref  DFF        Name(Last) r:/WORK/g03_top_IO/u_g03_soc/u_core_xzr/u_if_id/inst_addr_ff/qout_r_reg[11]
  Impl DFF        Name(Last) i:/WORK/g03_top_IO/u_g03_soc/u_core_xzr/u_if_id/inst_addr_ff/qout_r_reg[11]

  Ref  DFF        Name(Last) r:/WORK/g03_top_IO/u_g03_soc/u_core_xzr/u_if_id/inst_addr_ff/qout_r_reg[12]
  Impl DFF        Name(Last) i:/WORK/g03_top_IO/u_g03_soc/u_core_xzr/u_if_id/inst_addr_ff/qout_r_reg[12]

  Ref  DFF        Name(Last) r:/WORK/g03_top_IO/u_g03_soc/u_core_xzr/u_if_id/inst_addr_ff/qout_r_reg[13]
  Impl DFF        Name(Last) i:/WORK/g03_top_IO/u_g03_soc/u_core_xzr/u_if_id/inst_addr_ff/qout_r_reg[13]

  Ref  DFF        Name(Last) r:/WORK/g03_top_IO/u_g03_soc/u_core_xzr/u_if_id/inst_addr_ff/qout_r_reg[14]
  Impl DFF        Name(Last) i:/WORK/g03_top_IO/u_g03_soc/u_core_xzr/u_if_id/inst_addr_ff/qout_r_reg[14]

  Ref  DFF        Name(Last) r:/WORK/g03_top_IO/u_g03_soc/u_core_xzr/u_if_id/inst_addr_ff/qout_r_reg[15]
  Impl DFF        Name(Last) i:/WORK/g03_top_IO/u_g03_soc/u_core_xzr/u_if_id/inst_addr_ff/qout_r_reg[15]

  Ref  DFF        Name(Last) r:/WORK/g03_top_IO/u_g03_soc/u_core_xzr/u_if_id/inst_addr_ff/qout_r_reg[16]
  Impl DFF        Name(Last) i:/WORK/g03_top_IO/u_g03_soc/u_core_xzr/u_if_id/inst_addr_ff/qout_r_reg[16]

  Ref  DFF        Name(Last) r:/WORK/g03_top_IO/u_g03_soc/u_core_xzr/u_if_id/inst_addr_ff/qout_r_reg[17]
  Impl DFF        Name(Last) i:/WORK/g03_top_IO/u_g03_soc/u_core_xzr/u_if_id/inst_addr_ff/qout_r_reg[17]

  Ref  DFF        Name(Last) r:/WORK/g03_top_IO/u_g03_soc/u_core_xzr/u_if_id/inst_addr_ff/qout_r_reg[18]
  Impl DFF        Name(Last) i:/WORK/g03_top_IO/u_g03_soc/u_core_xzr/u_if_id/inst_addr_ff/qout_r_reg[18]

  Ref  DFF        Name(Last) r:/WORK/g03_top_IO/u_g03_soc/u_core_xzr/u_if_id/inst_addr_ff/qout_r_reg[19]
  Impl DFF        Name(Last) i:/WORK/g03_top_IO/u_g03_soc/u_core_xzr/u_if_id/inst_addr_ff/qout_r_reg[19]

  Ref  DFF        Name(Last) r:/WORK/g03_top_IO/u_g03_soc/u_core_xzr/u_if_id/inst_addr_ff/qout_r_reg[1]
  Impl DFF        Name(Last) i:/WORK/g03_top_IO/u_g03_soc/u_core_xzr/u_if_id/inst_addr_ff/qout_r_reg[1]

  Ref  DFF        Name(Last) r:/WORK/g03_top_IO/u_g03_soc/u_core_xzr/u_if_id/inst_addr_ff/qout_r_reg[20]
  Impl DFF        Name(Last) i:/WORK/g03_top_IO/u_g03_soc/u_core_xzr/u_if_id/inst_addr_ff/qout_r_reg[20]

  Ref  DFF        Name(Last) r:/WORK/g03_top_IO/u_g03_soc/u_core_xzr/u_if_id/inst_addr_ff/qout_r_reg[21]
  Impl DFF        Name(Last) i:/WORK/g03_top_IO/u_g03_soc/u_core_xzr/u_if_id/inst_addr_ff/qout_r_reg[21]

  Ref  DFF        Name(Last) r:/WORK/g03_top_IO/u_g03_soc/u_core_xzr/u_if_id/inst_addr_ff/qout_r_reg[22]
  Impl DFF        Name(Last) i:/WORK/g03_top_IO/u_g03_soc/u_core_xzr/u_if_id/inst_addr_ff/qout_r_reg[22]

  Ref  DFF        Name(Last) r:/WORK/g03_top_IO/u_g03_soc/u_core_xzr/u_if_id/inst_addr_ff/qout_r_reg[23]
  Impl DFF        Name(Last) i:/WORK/g03_top_IO/u_g03_soc/u_core_xzr/u_if_id/inst_addr_ff/qout_r_reg[23]

  Ref  DFF        Name(Last) r:/WORK/g03_top_IO/u_g03_soc/u_core_xzr/u_if_id/inst_addr_ff/qout_r_reg[24]
  Impl DFF        Name(Last) i:/WORK/g03_top_IO/u_g03_soc/u_core_xzr/u_if_id/inst_addr_ff/qout_r_reg[24]

  Ref  DFF        Name(Last) r:/WORK/g03_top_IO/u_g03_soc/u_core_xzr/u_if_id/inst_addr_ff/qout_r_reg[25]
  Impl DFF        Name(Last) i:/WORK/g03_top_IO/u_g03_soc/u_core_xzr/u_if_id/inst_addr_ff/qout_r_reg[25]

  Ref  DFF        Name(Last) r:/WORK/g03_top_IO/u_g03_soc/u_core_xzr/u_if_id/inst_addr_ff/qout_r_reg[26]
  Impl DFF        Name(Last) i:/WORK/g03_top_IO/u_g03_soc/u_core_xzr/u_if_id/inst_addr_ff/qout_r_reg[26]

  Ref  DFF        Name(Last) r:/WORK/g03_top_IO/u_g03_soc/u_core_xzr/u_if_id/inst_addr_ff/qout_r_reg[27]
  Impl DFF        Name(Last) i:/WORK/g03_top_IO/u_g03_soc/u_core_xzr/u_if_id/inst_addr_ff/qout_r_reg[27]

  Ref  DFF        Name(Last) r:/WORK/g03_top_IO/u_g03_soc/u_core_xzr/u_if_id/inst_addr_ff/qout_r_reg[28]
  Impl DFF        Name(Last) i:/WORK/g03_top_IO/u_g03_soc/u_core_xzr/u_if_id/inst_addr_ff/qout_r_reg[28]

  Ref  DFF        Name(Last) r:/WORK/g03_top_IO/u_g03_soc/u_core_xzr/u_if_id/inst_addr_ff/qout_r_reg[29]
  Impl DFF        Name(Last) i:/WORK/g03_top_IO/u_g03_soc/u_core_xzr/u_if_id/inst_addr_ff/qout_r_reg[29]

  Ref  DFF        Name(Last) r:/WORK/g03_top_IO/u_g03_soc/u_core_xzr/u_if_id/inst_addr_ff/qout_r_reg[2]
  Impl DFF        Name(Last) i:/WORK/g03_top_IO/u_g03_soc/u_core_xzr/u_if_id/inst_addr_ff/qout_r_reg[2]

  Ref  DFF        Name(Last) r:/WORK/g03_top_IO/u_g03_soc/u_core_xzr/u_if_id/inst_addr_ff/qout_r_reg[30]
  Impl DFF        Name(Last) i:/WORK/g03_top_IO/u_g03_soc/u_core_xzr/u_if_id/inst_addr_ff/qout_r_reg[30]

  Ref  DFF        Name(Last) r:/WORK/g03_top_IO/u_g03_soc/u_core_xzr/u_if_id/inst_addr_ff/qout_r_reg[31]
  Impl DFF        Name(Last) i:/WORK/g03_top_IO/u_g03_soc/u_core_xzr/u_if_id/inst_addr_ff/qout_r_reg[31]

  Ref  DFF        Name(Last) r:/WORK/g03_top_IO/u_g03_soc/u_core_xzr/u_if_id/inst_addr_ff/qout_r_reg[3]
  Impl DFF        Name(Last) i:/WORK/g03_top_IO/u_g03_soc/u_core_xzr/u_if_id/inst_addr_ff/qout_r_reg[3]

  Ref  DFF        Name(Last) r:/WORK/g03_top_IO/u_g03_soc/u_core_xzr/u_if_id/inst_addr_ff/qout_r_reg[4]
  Impl DFF        Name(Last) i:/WORK/g03_top_IO/u_g03_soc/u_core_xzr/u_if_id/inst_addr_ff/qout_r_reg[4]

  Ref  DFF        Name(Last) r:/WORK/g03_top_IO/u_g03_soc/u_core_xzr/u_if_id/inst_addr_ff/qout_r_reg[5]
  Impl DFF        Name(Last) i:/WORK/g03_top_IO/u_g03_soc/u_core_xzr/u_if_id/inst_addr_ff/qout_r_reg[5]

  Ref  DFF        Name(Last) r:/WORK/g03_top_IO/u_g03_soc/u_core_xzr/u_if_id/inst_addr_ff/qout_r_reg[6]
  Impl DFF        Name(Last) i:/WORK/g03_top_IO/u_g03_soc/u_core_xzr/u_if_id/inst_addr_ff/qout_r_reg[6]

  Ref  DFF        Name(Last) r:/WORK/g03_top_IO/u_g03_soc/u_core_xzr/u_if_id/inst_addr_ff/qout_r_reg[7]
  Impl DFF        Name(Last) i:/WORK/g03_top_IO/u_g03_soc/u_core_xzr/u_if_id/inst_addr_ff/qout_r_reg[7]

  Ref  DFF        Name(Last) r:/WORK/g03_top_IO/u_g03_soc/u_core_xzr/u_if_id/inst_addr_ff/qout_r_reg[8]
  Impl DFF        Name(Last) i:/WORK/g03_top_IO/u_g03_soc/u_core_xzr/u_if_id/inst_addr_ff/qout_r_reg[8]

  Ref  DFF        Name(Last) r:/WORK/g03_top_IO/u_g03_soc/u_core_xzr/u_if_id/inst_addr_ff/qout_r_reg[9]
  Impl DFF        Name(Last) i:/WORK/g03_top_IO/u_g03_soc/u_core_xzr/u_if_id/inst_addr_ff/qout_r_reg[9]

  Ref  DFF        Name(Last) r:/WORK/g03_top_IO/u_g03_soc/u_core_xzr/u_if_id/inst_ff/qout_r_reg[0]
  Impl DFF        Name(Last) i:/WORK/g03_top_IO/u_g03_soc/u_core_xzr/u_if_id/inst_ff/qout_r_reg[0]

  Ref  DFF        Name(Last) r:/WORK/g03_top_IO/u_g03_soc/u_core_xzr/u_if_id/inst_ff/qout_r_reg[10]
  Impl DFF        Name(Last) i:/WORK/g03_top_IO/u_g03_soc/u_core_xzr/u_if_id/inst_ff/qout_r_reg[10]

  Ref  DFF        Name(Last) r:/WORK/g03_top_IO/u_g03_soc/u_core_xzr/u_if_id/inst_ff/qout_r_reg[11]
  Impl DFF        Name(Last) i:/WORK/g03_top_IO/u_g03_soc/u_core_xzr/u_if_id/inst_ff/qout_r_reg[11]

  Ref  DFF        Name(Last) r:/WORK/g03_top_IO/u_g03_soc/u_core_xzr/u_if_id/inst_ff/qout_r_reg[12]
  Impl DFF        Name(Last) i:/WORK/g03_top_IO/u_g03_soc/u_core_xzr/u_if_id/inst_ff/qout_r_reg[12]

  Ref  DFF        Name(Last) r:/WORK/g03_top_IO/u_g03_soc/u_core_xzr/u_if_id/inst_ff/qout_r_reg[13]
  Impl DFF        Name(Last) i:/WORK/g03_top_IO/u_g03_soc/u_core_xzr/u_if_id/inst_ff/qout_r_reg[13]

  Ref  DFF        Name(Last) r:/WORK/g03_top_IO/u_g03_soc/u_core_xzr/u_if_id/inst_ff/qout_r_reg[14]
  Impl DFF        Name(Last) i:/WORK/g03_top_IO/u_g03_soc/u_core_xzr/u_if_id/inst_ff/qout_r_reg[14]

  Ref  DFF        Name(Last) r:/WORK/g03_top_IO/u_g03_soc/u_core_xzr/u_if_id/inst_ff/qout_r_reg[15]
  Impl DFF        Name(Last) i:/WORK/g03_top_IO/u_g03_soc/u_core_xzr/u_if_id/inst_ff/qout_r_reg[15]

  Ref  DFF        Name(Last) r:/WORK/g03_top_IO/u_g03_soc/u_core_xzr/u_if_id/inst_ff/qout_r_reg[16]
  Impl DFF        Name(Last) i:/WORK/g03_top_IO/u_g03_soc/u_core_xzr/u_if_id/inst_ff/qout_r_reg[16]

  Ref  DFF        Name(Last) r:/WORK/g03_top_IO/u_g03_soc/u_core_xzr/u_if_id/inst_ff/qout_r_reg[17]
  Impl DFF        Name(Last) i:/WORK/g03_top_IO/u_g03_soc/u_core_xzr/u_if_id/inst_ff/qout_r_reg[17]

  Ref  DFF        Name(Last) r:/WORK/g03_top_IO/u_g03_soc/u_core_xzr/u_if_id/inst_ff/qout_r_reg[18]
  Impl DFF        Name(Last) i:/WORK/g03_top_IO/u_g03_soc/u_core_xzr/u_if_id/inst_ff/qout_r_reg[18]

  Ref  DFF        Name(Last) r:/WORK/g03_top_IO/u_g03_soc/u_core_xzr/u_if_id/inst_ff/qout_r_reg[19]
  Impl DFF        Name(Last) i:/WORK/g03_top_IO/u_g03_soc/u_core_xzr/u_if_id/inst_ff/qout_r_reg[19]

  Ref  DFF        Name(Last) r:/WORK/g03_top_IO/u_g03_soc/u_core_xzr/u_if_id/inst_ff/qout_r_reg[1]
  Impl DFF        Name(Last) i:/WORK/g03_top_IO/u_g03_soc/u_core_xzr/u_if_id/inst_ff/qout_r_reg[1]

  Ref  DFF        Name(Last) r:/WORK/g03_top_IO/u_g03_soc/u_core_xzr/u_if_id/inst_ff/qout_r_reg[20]
  Impl DFF        Name(Last) i:/WORK/g03_top_IO/u_g03_soc/u_core_xzr/u_if_id/inst_ff/qout_r_reg[20]

  Ref  DFF        Name(Last) r:/WORK/g03_top_IO/u_g03_soc/u_core_xzr/u_if_id/inst_ff/qout_r_reg[21]
  Impl DFF        Name(Last) i:/WORK/g03_top_IO/u_g03_soc/u_core_xzr/u_if_id/inst_ff/qout_r_reg[21]

  Ref  DFF        Name(Last) r:/WORK/g03_top_IO/u_g03_soc/u_core_xzr/u_if_id/inst_ff/qout_r_reg[22]
  Impl DFF        Name(Last) i:/WORK/g03_top_IO/u_g03_soc/u_core_xzr/u_if_id/inst_ff/qout_r_reg[22]

  Ref  DFF        Name(Last) r:/WORK/g03_top_IO/u_g03_soc/u_core_xzr/u_if_id/inst_ff/qout_r_reg[23]
  Impl DFF        Name(Last) i:/WORK/g03_top_IO/u_g03_soc/u_core_xzr/u_if_id/inst_ff/qout_r_reg[23]

  Ref  DFF        Name(Last) r:/WORK/g03_top_IO/u_g03_soc/u_core_xzr/u_if_id/inst_ff/qout_r_reg[24]
  Impl DFF        Name(Last) i:/WORK/g03_top_IO/u_g03_soc/u_core_xzr/u_if_id/inst_ff/qout_r_reg[24]

  Ref  DFF        Name(Last) r:/WORK/g03_top_IO/u_g03_soc/u_core_xzr/u_if_id/inst_ff/qout_r_reg[25]
  Impl DFF        Name(Last) i:/WORK/g03_top_IO/u_g03_soc/u_core_xzr/u_if_id/inst_ff/qout_r_reg[25]

  Ref  DFF        Name(Last) r:/WORK/g03_top_IO/u_g03_soc/u_core_xzr/u_if_id/inst_ff/qout_r_reg[26]
  Impl DFF        Name(Last) i:/WORK/g03_top_IO/u_g03_soc/u_core_xzr/u_if_id/inst_ff/qout_r_reg[26]

  Ref  DFF        Name(Last) r:/WORK/g03_top_IO/u_g03_soc/u_core_xzr/u_if_id/inst_ff/qout_r_reg[27]
  Impl DFF        Name(Last) i:/WORK/g03_top_IO/u_g03_soc/u_core_xzr/u_if_id/inst_ff/qout_r_reg[27]

  Ref  DFF        Name(Last) r:/WORK/g03_top_IO/u_g03_soc/u_core_xzr/u_if_id/inst_ff/qout_r_reg[28]
  Impl DFF        Name(Last) i:/WORK/g03_top_IO/u_g03_soc/u_core_xzr/u_if_id/inst_ff/qout_r_reg[28]

  Ref  DFF        Name(Last) r:/WORK/g03_top_IO/u_g03_soc/u_core_xzr/u_if_id/inst_ff/qout_r_reg[29]
  Impl DFF        Name(Last) i:/WORK/g03_top_IO/u_g03_soc/u_core_xzr/u_if_id/inst_ff/qout_r_reg[29]

  Ref  DFF        Name(Last) r:/WORK/g03_top_IO/u_g03_soc/u_core_xzr/u_if_id/inst_ff/qout_r_reg[2]
  Impl DFF        Name(Last) i:/WORK/g03_top_IO/u_g03_soc/u_core_xzr/u_if_id/inst_ff/qout_r_reg[2]

  Ref  DFF        Name(Last) r:/WORK/g03_top_IO/u_g03_soc/u_core_xzr/u_if_id/inst_ff/qout_r_reg[30]
  Impl DFF        Name(Last) i:/WORK/g03_top_IO/u_g03_soc/u_core_xzr/u_if_id/inst_ff/qout_r_reg[30]

  Ref  DFF        Name(Last) r:/WORK/g03_top_IO/u_g03_soc/u_core_xzr/u_if_id/inst_ff/qout_r_reg[31]
  Impl DFF        Name(Last) i:/WORK/g03_top_IO/u_g03_soc/u_core_xzr/u_if_id/inst_ff/qout_r_reg[31]

  Ref  DFF        Name(Last) r:/WORK/g03_top_IO/u_g03_soc/u_core_xzr/u_if_id/inst_ff/qout_r_reg[3]
  Impl DFF        Name(Last) i:/WORK/g03_top_IO/u_g03_soc/u_core_xzr/u_if_id/inst_ff/qout_r_reg[3]

  Ref  DFF        Name(Last) r:/WORK/g03_top_IO/u_g03_soc/u_core_xzr/u_if_id/inst_ff/qout_r_reg[4]
  Impl DFF        Name(Last) i:/WORK/g03_top_IO/u_g03_soc/u_core_xzr/u_if_id/inst_ff/qout_r_reg[4]

  Ref  DFF        Name(Last) r:/WORK/g03_top_IO/u_g03_soc/u_core_xzr/u_if_id/inst_ff/qout_r_reg[5]
  Impl DFF        Name(Last) i:/WORK/g03_top_IO/u_g03_soc/u_core_xzr/u_if_id/inst_ff/qout_r_reg[5]

  Ref  DFF        Name(Last) r:/WORK/g03_top_IO/u_g03_soc/u_core_xzr/u_if_id/inst_ff/qout_r_reg[6]
  Impl DFF        Name(Last) i:/WORK/g03_top_IO/u_g03_soc/u_core_xzr/u_if_id/inst_ff/qout_r_reg[6]

  Ref  DFF        Name(Last) r:/WORK/g03_top_IO/u_g03_soc/u_core_xzr/u_if_id/inst_ff/qout_r_reg[7]
  Impl DFF        Name(Last) i:/WORK/g03_top_IO/u_g03_soc/u_core_xzr/u_if_id/inst_ff/qout_r_reg[7]

  Ref  DFF        Name(Last) r:/WORK/g03_top_IO/u_g03_soc/u_core_xzr/u_if_id/inst_ff/qout_r_reg[8]
  Impl DFF        Name(Last) i:/WORK/g03_top_IO/u_g03_soc/u_core_xzr/u_if_id/inst_ff/qout_r_reg[8]

  Ref  DFF        Name(Last) r:/WORK/g03_top_IO/u_g03_soc/u_core_xzr/u_if_id/inst_ff/qout_r_reg[9]
  Impl DFF        Name(Last) i:/WORK/g03_top_IO/u_g03_soc/u_core_xzr/u_if_id/inst_ff/qout_r_reg[9]

  Ref  DFF        Name(Last) r:/WORK/g03_top_IO/u_g03_soc/u_core_xzr/u_pc_reg/pc_o_reg[0]
  Impl DFF        Name(Last) i:/WORK/g03_top_IO/u_g03_soc/u_core_xzr/u_pc_reg/pc_o_reg[0]

  Ref  DFF        Name(Last) r:/WORK/g03_top_IO/u_g03_soc/u_core_xzr/u_pc_reg/pc_o_reg[10]
  Impl DFF        Name(Last) i:/WORK/g03_top_IO/u_g03_soc/u_core_xzr/u_pc_reg/pc_o_reg[10]

  Ref  DFF        Name(Last) r:/WORK/g03_top_IO/u_g03_soc/u_core_xzr/u_pc_reg/pc_o_reg[11]
  Impl DFF        Name(Last) i:/WORK/g03_top_IO/u_g03_soc/u_core_xzr/u_pc_reg/pc_o_reg[11]

  Ref  DFF        Name(Last) r:/WORK/g03_top_IO/u_g03_soc/u_core_xzr/u_pc_reg/pc_o_reg[12]
  Impl DFF        Name(Last) i:/WORK/g03_top_IO/u_g03_soc/u_core_xzr/u_pc_reg/pc_o_reg[12]

  Ref  DFF        Name(Last) r:/WORK/g03_top_IO/u_g03_soc/u_core_xzr/u_pc_reg/pc_o_reg[13]
  Impl DFF        Name(Last) i:/WORK/g03_top_IO/u_g03_soc/u_core_xzr/u_pc_reg/pc_o_reg[13]

  Ref  DFF        Name(Last) r:/WORK/g03_top_IO/u_g03_soc/u_core_xzr/u_pc_reg/pc_o_reg[14]
  Impl DFF        Name(Last) i:/WORK/g03_top_IO/u_g03_soc/u_core_xzr/u_pc_reg/pc_o_reg[14]

  Ref  DFF        Name(Last) r:/WORK/g03_top_IO/u_g03_soc/u_core_xzr/u_pc_reg/pc_o_reg[15]
  Impl DFF        Name(Last) i:/WORK/g03_top_IO/u_g03_soc/u_core_xzr/u_pc_reg/pc_o_reg[15]

  Ref  DFF        Name(Last) r:/WORK/g03_top_IO/u_g03_soc/u_core_xzr/u_pc_reg/pc_o_reg[16]
  Impl DFF        Name(Last) i:/WORK/g03_top_IO/u_g03_soc/u_core_xzr/u_pc_reg/pc_o_reg[16]

  Ref  DFF        Name(Last) r:/WORK/g03_top_IO/u_g03_soc/u_core_xzr/u_pc_reg/pc_o_reg[17]
  Impl DFF        Name(Last) i:/WORK/g03_top_IO/u_g03_soc/u_core_xzr/u_pc_reg/pc_o_reg[17]

  Ref  DFF        Name(Last) r:/WORK/g03_top_IO/u_g03_soc/u_core_xzr/u_pc_reg/pc_o_reg[18]
  Impl DFF        Name(Last) i:/WORK/g03_top_IO/u_g03_soc/u_core_xzr/u_pc_reg/pc_o_reg[18]

  Ref  DFF        Name(Last) r:/WORK/g03_top_IO/u_g03_soc/u_core_xzr/u_pc_reg/pc_o_reg[19]
  Impl DFF        Name(Last) i:/WORK/g03_top_IO/u_g03_soc/u_core_xzr/u_pc_reg/pc_o_reg[19]

  Ref  DFF        Name(Last) r:/WORK/g03_top_IO/u_g03_soc/u_core_xzr/u_pc_reg/pc_o_reg[1]
  Impl DFF        Name(Last) i:/WORK/g03_top_IO/u_g03_soc/u_core_xzr/u_pc_reg/pc_o_reg[1]

  Ref  DFF        Name(Last) r:/WORK/g03_top_IO/u_g03_soc/u_core_xzr/u_pc_reg/pc_o_reg[20]
  Impl DFF        Name(Last) i:/WORK/g03_top_IO/u_g03_soc/u_core_xzr/u_pc_reg/pc_o_reg[20]

  Ref  DFF        Name(Last) r:/WORK/g03_top_IO/u_g03_soc/u_core_xzr/u_pc_reg/pc_o_reg[21]
  Impl DFF        Name(Last) i:/WORK/g03_top_IO/u_g03_soc/u_core_xzr/u_pc_reg/pc_o_reg[21]

  Ref  DFF        Name(Last) r:/WORK/g03_top_IO/u_g03_soc/u_core_xzr/u_pc_reg/pc_o_reg[22]
  Impl DFF        Name(Last) i:/WORK/g03_top_IO/u_g03_soc/u_core_xzr/u_pc_reg/pc_o_reg[22]

  Ref  DFF        Name(Last) r:/WORK/g03_top_IO/u_g03_soc/u_core_xzr/u_pc_reg/pc_o_reg[23]
  Impl DFF        Name(Last) i:/WORK/g03_top_IO/u_g03_soc/u_core_xzr/u_pc_reg/pc_o_reg[23]

  Ref  DFF        Name(Last) r:/WORK/g03_top_IO/u_g03_soc/u_core_xzr/u_pc_reg/pc_o_reg[24]
  Impl DFF        Name(Last) i:/WORK/g03_top_IO/u_g03_soc/u_core_xzr/u_pc_reg/pc_o_reg[24]

  Ref  DFF        Name(Last) r:/WORK/g03_top_IO/u_g03_soc/u_core_xzr/u_pc_reg/pc_o_reg[25]
  Impl DFF        Name(Last) i:/WORK/g03_top_IO/u_g03_soc/u_core_xzr/u_pc_reg/pc_o_reg[25]

  Ref  DFF        Name(Last) r:/WORK/g03_top_IO/u_g03_soc/u_core_xzr/u_pc_reg/pc_o_reg[26]
  Impl DFF        Name(Last) i:/WORK/g03_top_IO/u_g03_soc/u_core_xzr/u_pc_reg/pc_o_reg[26]

  Ref  DFF        Name(Last) r:/WORK/g03_top_IO/u_g03_soc/u_core_xzr/u_pc_reg/pc_o_reg[27]
  Impl DFF        Name(Last) i:/WORK/g03_top_IO/u_g03_soc/u_core_xzr/u_pc_reg/pc_o_reg[27]

  Ref  DFF        Name(Last) r:/WORK/g03_top_IO/u_g03_soc/u_core_xzr/u_pc_reg/pc_o_reg[28]
  Impl DFF        Name(Last) i:/WORK/g03_top_IO/u_g03_soc/u_core_xzr/u_pc_reg/pc_o_reg[28]

  Ref  DFF        Name(Last) r:/WORK/g03_top_IO/u_g03_soc/u_core_xzr/u_pc_reg/pc_o_reg[29]
  Impl DFF        Name(Last) i:/WORK/g03_top_IO/u_g03_soc/u_core_xzr/u_pc_reg/pc_o_reg[29]

  Ref  DFF        Name(Last) r:/WORK/g03_top_IO/u_g03_soc/u_core_xzr/u_pc_reg/pc_o_reg[2]
  Impl DFF        Name(Last) i:/WORK/g03_top_IO/u_g03_soc/u_core_xzr/u_pc_reg/pc_o_reg[2]

  Ref  DFF        Name(Last) r:/WORK/g03_top_IO/u_g03_soc/u_core_xzr/u_pc_reg/pc_o_reg[30]
  Impl DFF        Name(Last) i:/WORK/g03_top_IO/u_g03_soc/u_core_xzr/u_pc_reg/pc_o_reg[30]

  Ref  DFF        Name(Last) r:/WORK/g03_top_IO/u_g03_soc/u_core_xzr/u_pc_reg/pc_o_reg[31]
  Impl DFF        Name(Last) i:/WORK/g03_top_IO/u_g03_soc/u_core_xzr/u_pc_reg/pc_o_reg[31]

  Ref  DFF        Name(Last) r:/WORK/g03_top_IO/u_g03_soc/u_core_xzr/u_pc_reg/pc_o_reg[3]
  Impl DFF        Name(Last) i:/WORK/g03_top_IO/u_g03_soc/u_core_xzr/u_pc_reg/pc_o_reg[3]

  Ref  DFF        Name(Last) r:/WORK/g03_top_IO/u_g03_soc/u_core_xzr/u_pc_reg/pc_o_reg[4]
  Impl DFF        Name(Last) i:/WORK/g03_top_IO/u_g03_soc/u_core_xzr/u_pc_reg/pc_o_reg[4]

  Ref  DFF        Name(Last) r:/WORK/g03_top_IO/u_g03_soc/u_core_xzr/u_pc_reg/pc_o_reg[5]
  Impl DFF        Name(Last) i:/WORK/g03_top_IO/u_g03_soc/u_core_xzr/u_pc_reg/pc_o_reg[5]

  Ref  DFF        Name(Last) r:/WORK/g03_top_IO/u_g03_soc/u_core_xzr/u_pc_reg/pc_o_reg[6]
  Impl DFF        Name(Last) i:/WORK/g03_top_IO/u_g03_soc/u_core_xzr/u_pc_reg/pc_o_reg[6]

  Ref  DFF        Name(Last) r:/WORK/g03_top_IO/u_g03_soc/u_core_xzr/u_pc_reg/pc_o_reg[7]
  Impl DFF        Name(Last) i:/WORK/g03_top_IO/u_g03_soc/u_core_xzr/u_pc_reg/pc_o_reg[7]

  Ref  DFF        Name(Last) r:/WORK/g03_top_IO/u_g03_soc/u_core_xzr/u_pc_reg/pc_o_reg[8]
  Impl DFF        Name(Last) i:/WORK/g03_top_IO/u_g03_soc/u_core_xzr/u_pc_reg/pc_o_reg[8]

  Ref  DFF        Name(Last) r:/WORK/g03_top_IO/u_g03_soc/u_core_xzr/u_pc_reg/pc_o_reg[9]
  Impl DFF        Name(Last) i:/WORK/g03_top_IO/u_g03_soc/u_core_xzr/u_pc_reg/pc_o_reg[9]

  Ref  DFF        Name(Last) r:/WORK/g03_top_IO/u_g03_soc/u_gpr_top/u_gpr/gpr_rw[10].not_x0.rf_dff/qout_r_reg[0]
  Impl DFF        Name(Last) i:/WORK/g03_top_IO/u_g03_soc/u_gpr_top/u_gpr/gpr_rw[10].not_x0.rf_dff/qout_r_reg[0]

  Ref  DFF        Name(Last) r:/WORK/g03_top_IO/u_g03_soc/u_gpr_top/u_gpr/gpr_rw[10].not_x0.rf_dff/qout_r_reg[10]
  Impl DFF        Name(Last) i:/WORK/g03_top_IO/u_g03_soc/u_gpr_top/u_gpr/gpr_rw[10].not_x0.rf_dff/qout_r_reg[10]

  Ref  DFF        Name(Last) r:/WORK/g03_top_IO/u_g03_soc/u_gpr_top/u_gpr/gpr_rw[10].not_x0.rf_dff/qout_r_reg[11]
  Impl DFF        Name(Last) i:/WORK/g03_top_IO/u_g03_soc/u_gpr_top/u_gpr/gpr_rw[10].not_x0.rf_dff/qout_r_reg[11]

  Ref  DFF        Name(Last) r:/WORK/g03_top_IO/u_g03_soc/u_gpr_top/u_gpr/gpr_rw[10].not_x0.rf_dff/qout_r_reg[12]
  Impl DFF        Name(Last) i:/WORK/g03_top_IO/u_g03_soc/u_gpr_top/u_gpr/gpr_rw[10].not_x0.rf_dff/qout_r_reg[12]

  Ref  DFF        Name(Last) r:/WORK/g03_top_IO/u_g03_soc/u_gpr_top/u_gpr/gpr_rw[10].not_x0.rf_dff/qout_r_reg[13]
  Impl DFF        Name(Last) i:/WORK/g03_top_IO/u_g03_soc/u_gpr_top/u_gpr/gpr_rw[10].not_x0.rf_dff/qout_r_reg[13]

  Ref  DFF        Name(Last) r:/WORK/g03_top_IO/u_g03_soc/u_gpr_top/u_gpr/gpr_rw[10].not_x0.rf_dff/qout_r_reg[14]
  Impl DFF        Name(Last) i:/WORK/g03_top_IO/u_g03_soc/u_gpr_top/u_gpr/gpr_rw[10].not_x0.rf_dff/qout_r_reg[14]

  Ref  DFF        Name(Last) r:/WORK/g03_top_IO/u_g03_soc/u_gpr_top/u_gpr/gpr_rw[10].not_x0.rf_dff/qout_r_reg[15]
  Impl DFF        Name(Last) i:/WORK/g03_top_IO/u_g03_soc/u_gpr_top/u_gpr/gpr_rw[10].not_x0.rf_dff/qout_r_reg[15]

  Ref  DFF        Name(Last) r:/WORK/g03_top_IO/u_g03_soc/u_gpr_top/u_gpr/gpr_rw[10].not_x0.rf_dff/qout_r_reg[16]
  Impl DFF        Name(Last) i:/WORK/g03_top_IO/u_g03_soc/u_gpr_top/u_gpr/gpr_rw[10].not_x0.rf_dff/qout_r_reg[16]

  Ref  DFF        Name(Last) r:/WORK/g03_top_IO/u_g03_soc/u_gpr_top/u_gpr/gpr_rw[10].not_x0.rf_dff/qout_r_reg[17]
  Impl DFF        Name(Last) i:/WORK/g03_top_IO/u_g03_soc/u_gpr_top/u_gpr/gpr_rw[10].not_x0.rf_dff/qout_r_reg[17]

  Ref  DFF        Name(Last) r:/WORK/g03_top_IO/u_g03_soc/u_gpr_top/u_gpr/gpr_rw[10].not_x0.rf_dff/qout_r_reg[18]
  Impl DFF        Name(Last) i:/WORK/g03_top_IO/u_g03_soc/u_gpr_top/u_gpr/gpr_rw[10].not_x0.rf_dff/qout_r_reg[18]

  Ref  DFF        Name(Last) r:/WORK/g03_top_IO/u_g03_soc/u_gpr_top/u_gpr/gpr_rw[10].not_x0.rf_dff/qout_r_reg[19]
  Impl DFF        Name(Last) i:/WORK/g03_top_IO/u_g03_soc/u_gpr_top/u_gpr/gpr_rw[10].not_x0.rf_dff/qout_r_reg[19]

  Ref  DFF        Name(Last) r:/WORK/g03_top_IO/u_g03_soc/u_gpr_top/u_gpr/gpr_rw[10].not_x0.rf_dff/qout_r_reg[1]
  Impl DFF        Name(Last) i:/WORK/g03_top_IO/u_g03_soc/u_gpr_top/u_gpr/gpr_rw[10].not_x0.rf_dff/qout_r_reg[1]

  Ref  DFF        Name(Last) r:/WORK/g03_top_IO/u_g03_soc/u_gpr_top/u_gpr/gpr_rw[10].not_x0.rf_dff/qout_r_reg[20]
  Impl DFF        Name(Last) i:/WORK/g03_top_IO/u_g03_soc/u_gpr_top/u_gpr/gpr_rw[10].not_x0.rf_dff/qout_r_reg[20]

  Ref  DFF        Name(Last) r:/WORK/g03_top_IO/u_g03_soc/u_gpr_top/u_gpr/gpr_rw[10].not_x0.rf_dff/qout_r_reg[21]
  Impl DFF        Name(Last) i:/WORK/g03_top_IO/u_g03_soc/u_gpr_top/u_gpr/gpr_rw[10].not_x0.rf_dff/qout_r_reg[21]

  Ref  DFF        Name(Last) r:/WORK/g03_top_IO/u_g03_soc/u_gpr_top/u_gpr/gpr_rw[10].not_x0.rf_dff/qout_r_reg[22]
  Impl DFF        Name(Last) i:/WORK/g03_top_IO/u_g03_soc/u_gpr_top/u_gpr/gpr_rw[10].not_x0.rf_dff/qout_r_reg[22]

  Ref  DFF        Name(Last) r:/WORK/g03_top_IO/u_g03_soc/u_gpr_top/u_gpr/gpr_rw[10].not_x0.rf_dff/qout_r_reg[23]
  Impl DFF        Name(Last) i:/WORK/g03_top_IO/u_g03_soc/u_gpr_top/u_gpr/gpr_rw[10].not_x0.rf_dff/qout_r_reg[23]

  Ref  DFF        Name(Last) r:/WORK/g03_top_IO/u_g03_soc/u_gpr_top/u_gpr/gpr_rw[10].not_x0.rf_dff/qout_r_reg[24]
  Impl DFF        Name(Last) i:/WORK/g03_top_IO/u_g03_soc/u_gpr_top/u_gpr/gpr_rw[10].not_x0.rf_dff/qout_r_reg[24]

  Ref  DFF        Name(Last) r:/WORK/g03_top_IO/u_g03_soc/u_gpr_top/u_gpr/gpr_rw[10].not_x0.rf_dff/qout_r_reg[25]
  Impl DFF        Name(Last) i:/WORK/g03_top_IO/u_g03_soc/u_gpr_top/u_gpr/gpr_rw[10].not_x0.rf_dff/qout_r_reg[25]

  Ref  DFF        Name(Last) r:/WORK/g03_top_IO/u_g03_soc/u_gpr_top/u_gpr/gpr_rw[10].not_x0.rf_dff/qout_r_reg[26]
  Impl DFF        Name(Last) i:/WORK/g03_top_IO/u_g03_soc/u_gpr_top/u_gpr/gpr_rw[10].not_x0.rf_dff/qout_r_reg[26]

  Ref  DFF        Name(Last) r:/WORK/g03_top_IO/u_g03_soc/u_gpr_top/u_gpr/gpr_rw[10].not_x0.rf_dff/qout_r_reg[27]
  Impl DFF        Name(Last) i:/WORK/g03_top_IO/u_g03_soc/u_gpr_top/u_gpr/gpr_rw[10].not_x0.rf_dff/qout_r_reg[27]

  Ref  DFF        Name(Last) r:/WORK/g03_top_IO/u_g03_soc/u_gpr_top/u_gpr/gpr_rw[10].not_x0.rf_dff/qout_r_reg[28]
  Impl DFF        Name(Last) i:/WORK/g03_top_IO/u_g03_soc/u_gpr_top/u_gpr/gpr_rw[10].not_x0.rf_dff/qout_r_reg[28]

  Ref  DFF        Name(Last) r:/WORK/g03_top_IO/u_g03_soc/u_gpr_top/u_gpr/gpr_rw[10].not_x0.rf_dff/qout_r_reg[29]
  Impl DFF        Name(Last) i:/WORK/g03_top_IO/u_g03_soc/u_gpr_top/u_gpr/gpr_rw[10].not_x0.rf_dff/qout_r_reg[29]

  Ref  DFF        Name(Last) r:/WORK/g03_top_IO/u_g03_soc/u_gpr_top/u_gpr/gpr_rw[10].not_x0.rf_dff/qout_r_reg[2]
  Impl DFF        Name(Last) i:/WORK/g03_top_IO/u_g03_soc/u_gpr_top/u_gpr/gpr_rw[10].not_x0.rf_dff/qout_r_reg[2]

  Ref  DFF        Name(Last) r:/WORK/g03_top_IO/u_g03_soc/u_gpr_top/u_gpr/gpr_rw[10].not_x0.rf_dff/qout_r_reg[30]
  Impl DFF        Name(Last) i:/WORK/g03_top_IO/u_g03_soc/u_gpr_top/u_gpr/gpr_rw[10].not_x0.rf_dff/qout_r_reg[30]

  Ref  DFF        Name(Last) r:/WORK/g03_top_IO/u_g03_soc/u_gpr_top/u_gpr/gpr_rw[10].not_x0.rf_dff/qout_r_reg[31]
  Impl DFF        Name(Last) i:/WORK/g03_top_IO/u_g03_soc/u_gpr_top/u_gpr/gpr_rw[10].not_x0.rf_dff/qout_r_reg[31]

  Ref  DFF        Name(Last) r:/WORK/g03_top_IO/u_g03_soc/u_gpr_top/u_gpr/gpr_rw[10].not_x0.rf_dff/qout_r_reg[3]
  Impl DFF        Name(Last) i:/WORK/g03_top_IO/u_g03_soc/u_gpr_top/u_gpr/gpr_rw[10].not_x0.rf_dff/qout_r_reg[3]

  Ref  DFF        Name(Last) r:/WORK/g03_top_IO/u_g03_soc/u_gpr_top/u_gpr/gpr_rw[10].not_x0.rf_dff/qout_r_reg[4]
  Impl DFF        Name(Last) i:/WORK/g03_top_IO/u_g03_soc/u_gpr_top/u_gpr/gpr_rw[10].not_x0.rf_dff/qout_r_reg[4]

  Ref  DFF        Name(Last) r:/WORK/g03_top_IO/u_g03_soc/u_gpr_top/u_gpr/gpr_rw[10].not_x0.rf_dff/qout_r_reg[5]
  Impl DFF        Name(Last) i:/WORK/g03_top_IO/u_g03_soc/u_gpr_top/u_gpr/gpr_rw[10].not_x0.rf_dff/qout_r_reg[5]

  Ref  DFF        Name(Last) r:/WORK/g03_top_IO/u_g03_soc/u_gpr_top/u_gpr/gpr_rw[10].not_x0.rf_dff/qout_r_reg[6]
  Impl DFF        Name(Last) i:/WORK/g03_top_IO/u_g03_soc/u_gpr_top/u_gpr/gpr_rw[10].not_x0.rf_dff/qout_r_reg[6]

  Ref  DFF        Name(Last) r:/WORK/g03_top_IO/u_g03_soc/u_gpr_top/u_gpr/gpr_rw[10].not_x0.rf_dff/qout_r_reg[7]
  Impl DFF        Name(Last) i:/WORK/g03_top_IO/u_g03_soc/u_gpr_top/u_gpr/gpr_rw[10].not_x0.rf_dff/qout_r_reg[7]

  Ref  DFF        Name(Last) r:/WORK/g03_top_IO/u_g03_soc/u_gpr_top/u_gpr/gpr_rw[10].not_x0.rf_dff/qout_r_reg[8]
  Impl DFF        Name(Last) i:/WORK/g03_top_IO/u_g03_soc/u_gpr_top/u_gpr/gpr_rw[10].not_x0.rf_dff/qout_r_reg[8]

  Ref  DFF        Name(Last) r:/WORK/g03_top_IO/u_g03_soc/u_gpr_top/u_gpr/gpr_rw[10].not_x0.rf_dff/qout_r_reg[9]
  Impl DFF        Name(Last) i:/WORK/g03_top_IO/u_g03_soc/u_gpr_top/u_gpr/gpr_rw[10].not_x0.rf_dff/qout_r_reg[9]

  Ref  DFF        Name(Last) r:/WORK/g03_top_IO/u_g03_soc/u_gpr_top/u_gpr/gpr_rw[11].not_x0.rf_dff/qout_r_reg[0]
  Impl DFF        Name(Last) i:/WORK/g03_top_IO/u_g03_soc/u_gpr_top/u_gpr/gpr_rw[11].not_x0.rf_dff/qout_r_reg[0]

  Ref  DFF        Name(Last) r:/WORK/g03_top_IO/u_g03_soc/u_gpr_top/u_gpr/gpr_rw[11].not_x0.rf_dff/qout_r_reg[10]
  Impl DFF        Name(Last) i:/WORK/g03_top_IO/u_g03_soc/u_gpr_top/u_gpr/gpr_rw[11].not_x0.rf_dff/qout_r_reg[10]

  Ref  DFF        Name(Last) r:/WORK/g03_top_IO/u_g03_soc/u_gpr_top/u_gpr/gpr_rw[11].not_x0.rf_dff/qout_r_reg[11]
  Impl DFF        Name(Last) i:/WORK/g03_top_IO/u_g03_soc/u_gpr_top/u_gpr/gpr_rw[11].not_x0.rf_dff/qout_r_reg[11]

  Ref  DFF        Name(Last) r:/WORK/g03_top_IO/u_g03_soc/u_gpr_top/u_gpr/gpr_rw[11].not_x0.rf_dff/qout_r_reg[12]
  Impl DFF        Name(Last) i:/WORK/g03_top_IO/u_g03_soc/u_gpr_top/u_gpr/gpr_rw[11].not_x0.rf_dff/qout_r_reg[12]

  Ref  DFF        Name(Last) r:/WORK/g03_top_IO/u_g03_soc/u_gpr_top/u_gpr/gpr_rw[11].not_x0.rf_dff/qout_r_reg[13]
  Impl DFF        Name(Last) i:/WORK/g03_top_IO/u_g03_soc/u_gpr_top/u_gpr/gpr_rw[11].not_x0.rf_dff/qout_r_reg[13]

  Ref  DFF        Name(Last) r:/WORK/g03_top_IO/u_g03_soc/u_gpr_top/u_gpr/gpr_rw[11].not_x0.rf_dff/qout_r_reg[14]
  Impl DFF        Name(Last) i:/WORK/g03_top_IO/u_g03_soc/u_gpr_top/u_gpr/gpr_rw[11].not_x0.rf_dff/qout_r_reg[14]

  Ref  DFF        Name(Last) r:/WORK/g03_top_IO/u_g03_soc/u_gpr_top/u_gpr/gpr_rw[11].not_x0.rf_dff/qout_r_reg[15]
  Impl DFF        Name(Last) i:/WORK/g03_top_IO/u_g03_soc/u_gpr_top/u_gpr/gpr_rw[11].not_x0.rf_dff/qout_r_reg[15]

  Ref  DFF        Name(Last) r:/WORK/g03_top_IO/u_g03_soc/u_gpr_top/u_gpr/gpr_rw[11].not_x0.rf_dff/qout_r_reg[16]
  Impl DFF        Name(Last) i:/WORK/g03_top_IO/u_g03_soc/u_gpr_top/u_gpr/gpr_rw[11].not_x0.rf_dff/qout_r_reg[16]

  Ref  DFF        Name(Last) r:/WORK/g03_top_IO/u_g03_soc/u_gpr_top/u_gpr/gpr_rw[11].not_x0.rf_dff/qout_r_reg[17]
  Impl DFF        Name(Last) i:/WORK/g03_top_IO/u_g03_soc/u_gpr_top/u_gpr/gpr_rw[11].not_x0.rf_dff/qout_r_reg[17]

  Ref  DFF        Name(Last) r:/WORK/g03_top_IO/u_g03_soc/u_gpr_top/u_gpr/gpr_rw[11].not_x0.rf_dff/qout_r_reg[18]
  Impl DFF        Name(Last) i:/WORK/g03_top_IO/u_g03_soc/u_gpr_top/u_gpr/gpr_rw[11].not_x0.rf_dff/qout_r_reg[18]

  Ref  DFF        Name(Last) r:/WORK/g03_top_IO/u_g03_soc/u_gpr_top/u_gpr/gpr_rw[11].not_x0.rf_dff/qout_r_reg[19]
  Impl DFF        Name(Last) i:/WORK/g03_top_IO/u_g03_soc/u_gpr_top/u_gpr/gpr_rw[11].not_x0.rf_dff/qout_r_reg[19]

  Ref  DFF        Name(Last) r:/WORK/g03_top_IO/u_g03_soc/u_gpr_top/u_gpr/gpr_rw[11].not_x0.rf_dff/qout_r_reg[1]
  Impl DFF        Name(Last) i:/WORK/g03_top_IO/u_g03_soc/u_gpr_top/u_gpr/gpr_rw[11].not_x0.rf_dff/qout_r_reg[1]

  Ref  DFF        Name(Last) r:/WORK/g03_top_IO/u_g03_soc/u_gpr_top/u_gpr/gpr_rw[11].not_x0.rf_dff/qout_r_reg[20]
  Impl DFF        Name(Last) i:/WORK/g03_top_IO/u_g03_soc/u_gpr_top/u_gpr/gpr_rw[11].not_x0.rf_dff/qout_r_reg[20]

  Ref  DFF        Name(Last) r:/WORK/g03_top_IO/u_g03_soc/u_gpr_top/u_gpr/gpr_rw[11].not_x0.rf_dff/qout_r_reg[21]
  Impl DFF        Name(Last) i:/WORK/g03_top_IO/u_g03_soc/u_gpr_top/u_gpr/gpr_rw[11].not_x0.rf_dff/qout_r_reg[21]

  Ref  DFF        Name(Last) r:/WORK/g03_top_IO/u_g03_soc/u_gpr_top/u_gpr/gpr_rw[11].not_x0.rf_dff/qout_r_reg[22]
  Impl DFF        Name(Last) i:/WORK/g03_top_IO/u_g03_soc/u_gpr_top/u_gpr/gpr_rw[11].not_x0.rf_dff/qout_r_reg[22]

  Ref  DFF        Name(Last) r:/WORK/g03_top_IO/u_g03_soc/u_gpr_top/u_gpr/gpr_rw[11].not_x0.rf_dff/qout_r_reg[23]
  Impl DFF        Name(Last) i:/WORK/g03_top_IO/u_g03_soc/u_gpr_top/u_gpr/gpr_rw[11].not_x0.rf_dff/qout_r_reg[23]

  Ref  DFF        Name(Last) r:/WORK/g03_top_IO/u_g03_soc/u_gpr_top/u_gpr/gpr_rw[11].not_x0.rf_dff/qout_r_reg[24]
  Impl DFF        Name(Last) i:/WORK/g03_top_IO/u_g03_soc/u_gpr_top/u_gpr/gpr_rw[11].not_x0.rf_dff/qout_r_reg[24]

  Ref  DFF        Name(Last) r:/WORK/g03_top_IO/u_g03_soc/u_gpr_top/u_gpr/gpr_rw[11].not_x0.rf_dff/qout_r_reg[25]
  Impl DFF        Name(Last) i:/WORK/g03_top_IO/u_g03_soc/u_gpr_top/u_gpr/gpr_rw[11].not_x0.rf_dff/qout_r_reg[25]

  Ref  DFF        Name(Last) r:/WORK/g03_top_IO/u_g03_soc/u_gpr_top/u_gpr/gpr_rw[11].not_x0.rf_dff/qout_r_reg[26]
  Impl DFF        Name(Last) i:/WORK/g03_top_IO/u_g03_soc/u_gpr_top/u_gpr/gpr_rw[11].not_x0.rf_dff/qout_r_reg[26]

  Ref  DFF        Name(Last) r:/WORK/g03_top_IO/u_g03_soc/u_gpr_top/u_gpr/gpr_rw[11].not_x0.rf_dff/qout_r_reg[27]
  Impl DFF        Name(Last) i:/WORK/g03_top_IO/u_g03_soc/u_gpr_top/u_gpr/gpr_rw[11].not_x0.rf_dff/qout_r_reg[27]

  Ref  DFF        Name(Last) r:/WORK/g03_top_IO/u_g03_soc/u_gpr_top/u_gpr/gpr_rw[11].not_x0.rf_dff/qout_r_reg[28]
  Impl DFF        Name(Last) i:/WORK/g03_top_IO/u_g03_soc/u_gpr_top/u_gpr/gpr_rw[11].not_x0.rf_dff/qout_r_reg[28]

  Ref  DFF        Name(Last) r:/WORK/g03_top_IO/u_g03_soc/u_gpr_top/u_gpr/gpr_rw[11].not_x0.rf_dff/qout_r_reg[29]
  Impl DFF        Name(Last) i:/WORK/g03_top_IO/u_g03_soc/u_gpr_top/u_gpr/gpr_rw[11].not_x0.rf_dff/qout_r_reg[29]

  Ref  DFF        Name(Last) r:/WORK/g03_top_IO/u_g03_soc/u_gpr_top/u_gpr/gpr_rw[11].not_x0.rf_dff/qout_r_reg[2]
  Impl DFF        Name(Last) i:/WORK/g03_top_IO/u_g03_soc/u_gpr_top/u_gpr/gpr_rw[11].not_x0.rf_dff/qout_r_reg[2]

  Ref  DFF        Name(Last) r:/WORK/g03_top_IO/u_g03_soc/u_gpr_top/u_gpr/gpr_rw[11].not_x0.rf_dff/qout_r_reg[30]
  Impl DFF        Name(Last) i:/WORK/g03_top_IO/u_g03_soc/u_gpr_top/u_gpr/gpr_rw[11].not_x0.rf_dff/qout_r_reg[30]

  Ref  DFF        Name(Last) r:/WORK/g03_top_IO/u_g03_soc/u_gpr_top/u_gpr/gpr_rw[11].not_x0.rf_dff/qout_r_reg[31]
  Impl DFF        Name(Last) i:/WORK/g03_top_IO/u_g03_soc/u_gpr_top/u_gpr/gpr_rw[11].not_x0.rf_dff/qout_r_reg[31]

  Ref  DFF        Name(Last) r:/WORK/g03_top_IO/u_g03_soc/u_gpr_top/u_gpr/gpr_rw[11].not_x0.rf_dff/qout_r_reg[3]
  Impl DFF        Name(Last) i:/WORK/g03_top_IO/u_g03_soc/u_gpr_top/u_gpr/gpr_rw[11].not_x0.rf_dff/qout_r_reg[3]

  Ref  DFF        Name(Last) r:/WORK/g03_top_IO/u_g03_soc/u_gpr_top/u_gpr/gpr_rw[11].not_x0.rf_dff/qout_r_reg[4]
  Impl DFF        Name(Last) i:/WORK/g03_top_IO/u_g03_soc/u_gpr_top/u_gpr/gpr_rw[11].not_x0.rf_dff/qout_r_reg[4]

  Ref  DFF        Name(Last) r:/WORK/g03_top_IO/u_g03_soc/u_gpr_top/u_gpr/gpr_rw[11].not_x0.rf_dff/qout_r_reg[5]
  Impl DFF        Name(Last) i:/WORK/g03_top_IO/u_g03_soc/u_gpr_top/u_gpr/gpr_rw[11].not_x0.rf_dff/qout_r_reg[5]

  Ref  DFF        Name(Last) r:/WORK/g03_top_IO/u_g03_soc/u_gpr_top/u_gpr/gpr_rw[11].not_x0.rf_dff/qout_r_reg[6]
  Impl DFF        Name(Last) i:/WORK/g03_top_IO/u_g03_soc/u_gpr_top/u_gpr/gpr_rw[11].not_x0.rf_dff/qout_r_reg[6]

  Ref  DFF        Name(Last) r:/WORK/g03_top_IO/u_g03_soc/u_gpr_top/u_gpr/gpr_rw[11].not_x0.rf_dff/qout_r_reg[7]
  Impl DFF        Name(Last) i:/WORK/g03_top_IO/u_g03_soc/u_gpr_top/u_gpr/gpr_rw[11].not_x0.rf_dff/qout_r_reg[7]

  Ref  DFF        Name(Last) r:/WORK/g03_top_IO/u_g03_soc/u_gpr_top/u_gpr/gpr_rw[11].not_x0.rf_dff/qout_r_reg[8]
  Impl DFF        Name(Last) i:/WORK/g03_top_IO/u_g03_soc/u_gpr_top/u_gpr/gpr_rw[11].not_x0.rf_dff/qout_r_reg[8]

  Ref  DFF        Name(Last) r:/WORK/g03_top_IO/u_g03_soc/u_gpr_top/u_gpr/gpr_rw[11].not_x0.rf_dff/qout_r_reg[9]
  Impl DFF        Name(Last) i:/WORK/g03_top_IO/u_g03_soc/u_gpr_top/u_gpr/gpr_rw[11].not_x0.rf_dff/qout_r_reg[9]

  Ref  DFF        Name(Last) r:/WORK/g03_top_IO/u_g03_soc/u_gpr_top/u_gpr/gpr_rw[12].not_x0.rf_dff/qout_r_reg[0]
  Impl DFF        Name(Last) i:/WORK/g03_top_IO/u_g03_soc/u_gpr_top/u_gpr/gpr_rw[12].not_x0.rf_dff/qout_r_reg[0]

  Ref  DFF        Name(Last) r:/WORK/g03_top_IO/u_g03_soc/u_gpr_top/u_gpr/gpr_rw[12].not_x0.rf_dff/qout_r_reg[10]
  Impl DFF        Name(Last) i:/WORK/g03_top_IO/u_g03_soc/u_gpr_top/u_gpr/gpr_rw[12].not_x0.rf_dff/qout_r_reg[10]

  Ref  DFF        Name(Last) r:/WORK/g03_top_IO/u_g03_soc/u_gpr_top/u_gpr/gpr_rw[12].not_x0.rf_dff/qout_r_reg[11]
  Impl DFF        Name(Last) i:/WORK/g03_top_IO/u_g03_soc/u_gpr_top/u_gpr/gpr_rw[12].not_x0.rf_dff/qout_r_reg[11]

  Ref  DFF        Name(Last) r:/WORK/g03_top_IO/u_g03_soc/u_gpr_top/u_gpr/gpr_rw[12].not_x0.rf_dff/qout_r_reg[12]
  Impl DFF        Name(Last) i:/WORK/g03_top_IO/u_g03_soc/u_gpr_top/u_gpr/gpr_rw[12].not_x0.rf_dff/qout_r_reg[12]

  Ref  DFF        Name(Last) r:/WORK/g03_top_IO/u_g03_soc/u_gpr_top/u_gpr/gpr_rw[12].not_x0.rf_dff/qout_r_reg[13]
  Impl DFF        Name(Last) i:/WORK/g03_top_IO/u_g03_soc/u_gpr_top/u_gpr/gpr_rw[12].not_x0.rf_dff/qout_r_reg[13]

  Ref  DFF        Name(Last) r:/WORK/g03_top_IO/u_g03_soc/u_gpr_top/u_gpr/gpr_rw[12].not_x0.rf_dff/qout_r_reg[14]
  Impl DFF        Name(Last) i:/WORK/g03_top_IO/u_g03_soc/u_gpr_top/u_gpr/gpr_rw[12].not_x0.rf_dff/qout_r_reg[14]

  Ref  DFF        Name(Last) r:/WORK/g03_top_IO/u_g03_soc/u_gpr_top/u_gpr/gpr_rw[12].not_x0.rf_dff/qout_r_reg[15]
  Impl DFF        Name(Last) i:/WORK/g03_top_IO/u_g03_soc/u_gpr_top/u_gpr/gpr_rw[12].not_x0.rf_dff/qout_r_reg[15]

  Ref  DFF        Name(Last) r:/WORK/g03_top_IO/u_g03_soc/u_gpr_top/u_gpr/gpr_rw[12].not_x0.rf_dff/qout_r_reg[16]
  Impl DFF        Name(Last) i:/WORK/g03_top_IO/u_g03_soc/u_gpr_top/u_gpr/gpr_rw[12].not_x0.rf_dff/qout_r_reg[16]

  Ref  DFF        Name(Last) r:/WORK/g03_top_IO/u_g03_soc/u_gpr_top/u_gpr/gpr_rw[12].not_x0.rf_dff/qout_r_reg[17]
  Impl DFF        Name(Last) i:/WORK/g03_top_IO/u_g03_soc/u_gpr_top/u_gpr/gpr_rw[12].not_x0.rf_dff/qout_r_reg[17]

  Ref  DFF        Name(Last) r:/WORK/g03_top_IO/u_g03_soc/u_gpr_top/u_gpr/gpr_rw[12].not_x0.rf_dff/qout_r_reg[18]
  Impl DFF        Name(Last) i:/WORK/g03_top_IO/u_g03_soc/u_gpr_top/u_gpr/gpr_rw[12].not_x0.rf_dff/qout_r_reg[18]

  Ref  DFF        Name(Last) r:/WORK/g03_top_IO/u_g03_soc/u_gpr_top/u_gpr/gpr_rw[12].not_x0.rf_dff/qout_r_reg[19]
  Impl DFF        Name(Last) i:/WORK/g03_top_IO/u_g03_soc/u_gpr_top/u_gpr/gpr_rw[12].not_x0.rf_dff/qout_r_reg[19]

  Ref  DFF        Name(Last) r:/WORK/g03_top_IO/u_g03_soc/u_gpr_top/u_gpr/gpr_rw[12].not_x0.rf_dff/qout_r_reg[1]
  Impl DFF        Name(Last) i:/WORK/g03_top_IO/u_g03_soc/u_gpr_top/u_gpr/gpr_rw[12].not_x0.rf_dff/qout_r_reg[1]

  Ref  DFF        Name(Last) r:/WORK/g03_top_IO/u_g03_soc/u_gpr_top/u_gpr/gpr_rw[12].not_x0.rf_dff/qout_r_reg[20]
  Impl DFF        Name(Last) i:/WORK/g03_top_IO/u_g03_soc/u_gpr_top/u_gpr/gpr_rw[12].not_x0.rf_dff/qout_r_reg[20]

  Ref  DFF        Name(Last) r:/WORK/g03_top_IO/u_g03_soc/u_gpr_top/u_gpr/gpr_rw[12].not_x0.rf_dff/qout_r_reg[21]
  Impl DFF        Name(Last) i:/WORK/g03_top_IO/u_g03_soc/u_gpr_top/u_gpr/gpr_rw[12].not_x0.rf_dff/qout_r_reg[21]

  Ref  DFF        Name(Last) r:/WORK/g03_top_IO/u_g03_soc/u_gpr_top/u_gpr/gpr_rw[12].not_x0.rf_dff/qout_r_reg[22]
  Impl DFF        Name(Last) i:/WORK/g03_top_IO/u_g03_soc/u_gpr_top/u_gpr/gpr_rw[12].not_x0.rf_dff/qout_r_reg[22]

  Ref  DFF        Name(Last) r:/WORK/g03_top_IO/u_g03_soc/u_gpr_top/u_gpr/gpr_rw[12].not_x0.rf_dff/qout_r_reg[23]
  Impl DFF        Name(Last) i:/WORK/g03_top_IO/u_g03_soc/u_gpr_top/u_gpr/gpr_rw[12].not_x0.rf_dff/qout_r_reg[23]

  Ref  DFF        Name(Last) r:/WORK/g03_top_IO/u_g03_soc/u_gpr_top/u_gpr/gpr_rw[12].not_x0.rf_dff/qout_r_reg[24]
  Impl DFF        Name(Last) i:/WORK/g03_top_IO/u_g03_soc/u_gpr_top/u_gpr/gpr_rw[12].not_x0.rf_dff/qout_r_reg[24]

  Ref  DFF        Name(Last) r:/WORK/g03_top_IO/u_g03_soc/u_gpr_top/u_gpr/gpr_rw[12].not_x0.rf_dff/qout_r_reg[25]
  Impl DFF        Name(Last) i:/WORK/g03_top_IO/u_g03_soc/u_gpr_top/u_gpr/gpr_rw[12].not_x0.rf_dff/qout_r_reg[25]

  Ref  DFF        Name(Last) r:/WORK/g03_top_IO/u_g03_soc/u_gpr_top/u_gpr/gpr_rw[12].not_x0.rf_dff/qout_r_reg[26]
  Impl DFF        Name(Last) i:/WORK/g03_top_IO/u_g03_soc/u_gpr_top/u_gpr/gpr_rw[12].not_x0.rf_dff/qout_r_reg[26]

  Ref  DFF        Name(Last) r:/WORK/g03_top_IO/u_g03_soc/u_gpr_top/u_gpr/gpr_rw[12].not_x0.rf_dff/qout_r_reg[27]
  Impl DFF        Name(Last) i:/WORK/g03_top_IO/u_g03_soc/u_gpr_top/u_gpr/gpr_rw[12].not_x0.rf_dff/qout_r_reg[27]

  Ref  DFF        Name(Last) r:/WORK/g03_top_IO/u_g03_soc/u_gpr_top/u_gpr/gpr_rw[12].not_x0.rf_dff/qout_r_reg[28]
  Impl DFF        Name(Last) i:/WORK/g03_top_IO/u_g03_soc/u_gpr_top/u_gpr/gpr_rw[12].not_x0.rf_dff/qout_r_reg[28]

  Ref  DFF        Name(Last) r:/WORK/g03_top_IO/u_g03_soc/u_gpr_top/u_gpr/gpr_rw[12].not_x0.rf_dff/qout_r_reg[29]
  Impl DFF        Name(Last) i:/WORK/g03_top_IO/u_g03_soc/u_gpr_top/u_gpr/gpr_rw[12].not_x0.rf_dff/qout_r_reg[29]

  Ref  DFF        Name(Last) r:/WORK/g03_top_IO/u_g03_soc/u_gpr_top/u_gpr/gpr_rw[12].not_x0.rf_dff/qout_r_reg[2]
  Impl DFF        Name(Last) i:/WORK/g03_top_IO/u_g03_soc/u_gpr_top/u_gpr/gpr_rw[12].not_x0.rf_dff/qout_r_reg[2]

  Ref  DFF        Name(Last) r:/WORK/g03_top_IO/u_g03_soc/u_gpr_top/u_gpr/gpr_rw[12].not_x0.rf_dff/qout_r_reg[30]
  Impl DFF        Name(Last) i:/WORK/g03_top_IO/u_g03_soc/u_gpr_top/u_gpr/gpr_rw[12].not_x0.rf_dff/qout_r_reg[30]

  Ref  DFF        Name(Last) r:/WORK/g03_top_IO/u_g03_soc/u_gpr_top/u_gpr/gpr_rw[12].not_x0.rf_dff/qout_r_reg[31]
  Impl DFF        Name(Last) i:/WORK/g03_top_IO/u_g03_soc/u_gpr_top/u_gpr/gpr_rw[12].not_x0.rf_dff/qout_r_reg[31]

  Ref  DFF        Name(Last) r:/WORK/g03_top_IO/u_g03_soc/u_gpr_top/u_gpr/gpr_rw[12].not_x0.rf_dff/qout_r_reg[3]
  Impl DFF        Name(Last) i:/WORK/g03_top_IO/u_g03_soc/u_gpr_top/u_gpr/gpr_rw[12].not_x0.rf_dff/qout_r_reg[3]

  Ref  DFF        Name(Last) r:/WORK/g03_top_IO/u_g03_soc/u_gpr_top/u_gpr/gpr_rw[12].not_x0.rf_dff/qout_r_reg[4]
  Impl DFF        Name(Last) i:/WORK/g03_top_IO/u_g03_soc/u_gpr_top/u_gpr/gpr_rw[12].not_x0.rf_dff/qout_r_reg[4]

  Ref  DFF        Name(Last) r:/WORK/g03_top_IO/u_g03_soc/u_gpr_top/u_gpr/gpr_rw[12].not_x0.rf_dff/qout_r_reg[5]
  Impl DFF        Name(Last) i:/WORK/g03_top_IO/u_g03_soc/u_gpr_top/u_gpr/gpr_rw[12].not_x0.rf_dff/qout_r_reg[5]

  Ref  DFF        Name(Last) r:/WORK/g03_top_IO/u_g03_soc/u_gpr_top/u_gpr/gpr_rw[12].not_x0.rf_dff/qout_r_reg[6]
  Impl DFF        Name(Last) i:/WORK/g03_top_IO/u_g03_soc/u_gpr_top/u_gpr/gpr_rw[12].not_x0.rf_dff/qout_r_reg[6]

  Ref  DFF        Name(Last) r:/WORK/g03_top_IO/u_g03_soc/u_gpr_top/u_gpr/gpr_rw[12].not_x0.rf_dff/qout_r_reg[7]
  Impl DFF        Name(Last) i:/WORK/g03_top_IO/u_g03_soc/u_gpr_top/u_gpr/gpr_rw[12].not_x0.rf_dff/qout_r_reg[7]

  Ref  DFF        Name(Last) r:/WORK/g03_top_IO/u_g03_soc/u_gpr_top/u_gpr/gpr_rw[12].not_x0.rf_dff/qout_r_reg[8]
  Impl DFF        Name(Last) i:/WORK/g03_top_IO/u_g03_soc/u_gpr_top/u_gpr/gpr_rw[12].not_x0.rf_dff/qout_r_reg[8]

  Ref  DFF        Name(Last) r:/WORK/g03_top_IO/u_g03_soc/u_gpr_top/u_gpr/gpr_rw[12].not_x0.rf_dff/qout_r_reg[9]
  Impl DFF        Name(Last) i:/WORK/g03_top_IO/u_g03_soc/u_gpr_top/u_gpr/gpr_rw[12].not_x0.rf_dff/qout_r_reg[9]

  Ref  DFF        Name(Last) r:/WORK/g03_top_IO/u_g03_soc/u_gpr_top/u_gpr/gpr_rw[13].not_x0.rf_dff/qout_r_reg[0]
  Impl DFF        Name(Last) i:/WORK/g03_top_IO/u_g03_soc/u_gpr_top/u_gpr/gpr_rw[13].not_x0.rf_dff/qout_r_reg[0]

  Ref  DFF        Name(Last) r:/WORK/g03_top_IO/u_g03_soc/u_gpr_top/u_gpr/gpr_rw[13].not_x0.rf_dff/qout_r_reg[10]
  Impl DFF        Name(Last) i:/WORK/g03_top_IO/u_g03_soc/u_gpr_top/u_gpr/gpr_rw[13].not_x0.rf_dff/qout_r_reg[10]

  Ref  DFF        Name(Last) r:/WORK/g03_top_IO/u_g03_soc/u_gpr_top/u_gpr/gpr_rw[13].not_x0.rf_dff/qout_r_reg[11]
  Impl DFF        Name(Last) i:/WORK/g03_top_IO/u_g03_soc/u_gpr_top/u_gpr/gpr_rw[13].not_x0.rf_dff/qout_r_reg[11]

  Ref  DFF        Name(Last) r:/WORK/g03_top_IO/u_g03_soc/u_gpr_top/u_gpr/gpr_rw[13].not_x0.rf_dff/qout_r_reg[12]
  Impl DFF        Name(Last) i:/WORK/g03_top_IO/u_g03_soc/u_gpr_top/u_gpr/gpr_rw[13].not_x0.rf_dff/qout_r_reg[12]

  Ref  DFF        Name(Last) r:/WORK/g03_top_IO/u_g03_soc/u_gpr_top/u_gpr/gpr_rw[13].not_x0.rf_dff/qout_r_reg[13]
  Impl DFF        Name(Last) i:/WORK/g03_top_IO/u_g03_soc/u_gpr_top/u_gpr/gpr_rw[13].not_x0.rf_dff/qout_r_reg[13]

  Ref  DFF        Name(Last) r:/WORK/g03_top_IO/u_g03_soc/u_gpr_top/u_gpr/gpr_rw[13].not_x0.rf_dff/qout_r_reg[14]
  Impl DFF        Name(Last) i:/WORK/g03_top_IO/u_g03_soc/u_gpr_top/u_gpr/gpr_rw[13].not_x0.rf_dff/qout_r_reg[14]

  Ref  DFF        Name(Last) r:/WORK/g03_top_IO/u_g03_soc/u_gpr_top/u_gpr/gpr_rw[13].not_x0.rf_dff/qout_r_reg[15]
  Impl DFF        Name(Last) i:/WORK/g03_top_IO/u_g03_soc/u_gpr_top/u_gpr/gpr_rw[13].not_x0.rf_dff/qout_r_reg[15]

  Ref  DFF        Name(Last) r:/WORK/g03_top_IO/u_g03_soc/u_gpr_top/u_gpr/gpr_rw[13].not_x0.rf_dff/qout_r_reg[16]
  Impl DFF        Name(Last) i:/WORK/g03_top_IO/u_g03_soc/u_gpr_top/u_gpr/gpr_rw[13].not_x0.rf_dff/qout_r_reg[16]

  Ref  DFF        Name(Last) r:/WORK/g03_top_IO/u_g03_soc/u_gpr_top/u_gpr/gpr_rw[13].not_x0.rf_dff/qout_r_reg[17]
  Impl DFF        Name(Last) i:/WORK/g03_top_IO/u_g03_soc/u_gpr_top/u_gpr/gpr_rw[13].not_x0.rf_dff/qout_r_reg[17]

  Ref  DFF        Name(Last) r:/WORK/g03_top_IO/u_g03_soc/u_gpr_top/u_gpr/gpr_rw[13].not_x0.rf_dff/qout_r_reg[18]
  Impl DFF        Name(Last) i:/WORK/g03_top_IO/u_g03_soc/u_gpr_top/u_gpr/gpr_rw[13].not_x0.rf_dff/qout_r_reg[18]

  Ref  DFF        Name(Last) r:/WORK/g03_top_IO/u_g03_soc/u_gpr_top/u_gpr/gpr_rw[13].not_x0.rf_dff/qout_r_reg[19]
  Impl DFF        Name(Last) i:/WORK/g03_top_IO/u_g03_soc/u_gpr_top/u_gpr/gpr_rw[13].not_x0.rf_dff/qout_r_reg[19]

  Ref  DFF        Name(Last) r:/WORK/g03_top_IO/u_g03_soc/u_gpr_top/u_gpr/gpr_rw[13].not_x0.rf_dff/qout_r_reg[1]
  Impl DFF        Name(Last) i:/WORK/g03_top_IO/u_g03_soc/u_gpr_top/u_gpr/gpr_rw[13].not_x0.rf_dff/qout_r_reg[1]

  Ref  DFF        Name(Last) r:/WORK/g03_top_IO/u_g03_soc/u_gpr_top/u_gpr/gpr_rw[13].not_x0.rf_dff/qout_r_reg[20]
  Impl DFF        Name(Last) i:/WORK/g03_top_IO/u_g03_soc/u_gpr_top/u_gpr/gpr_rw[13].not_x0.rf_dff/qout_r_reg[20]

  Ref  DFF        Name(Last) r:/WORK/g03_top_IO/u_g03_soc/u_gpr_top/u_gpr/gpr_rw[13].not_x0.rf_dff/qout_r_reg[21]
  Impl DFF        Name(Last) i:/WORK/g03_top_IO/u_g03_soc/u_gpr_top/u_gpr/gpr_rw[13].not_x0.rf_dff/qout_r_reg[21]

  Ref  DFF        Name(Last) r:/WORK/g03_top_IO/u_g03_soc/u_gpr_top/u_gpr/gpr_rw[13].not_x0.rf_dff/qout_r_reg[22]
  Impl DFF        Name(Last) i:/WORK/g03_top_IO/u_g03_soc/u_gpr_top/u_gpr/gpr_rw[13].not_x0.rf_dff/qout_r_reg[22]

  Ref  DFF        Name(Last) r:/WORK/g03_top_IO/u_g03_soc/u_gpr_top/u_gpr/gpr_rw[13].not_x0.rf_dff/qout_r_reg[23]
  Impl DFF        Name(Last) i:/WORK/g03_top_IO/u_g03_soc/u_gpr_top/u_gpr/gpr_rw[13].not_x0.rf_dff/qout_r_reg[23]

  Ref  DFF        Name(Last) r:/WORK/g03_top_IO/u_g03_soc/u_gpr_top/u_gpr/gpr_rw[13].not_x0.rf_dff/qout_r_reg[24]
  Impl DFF        Name(Last) i:/WORK/g03_top_IO/u_g03_soc/u_gpr_top/u_gpr/gpr_rw[13].not_x0.rf_dff/qout_r_reg[24]

  Ref  DFF        Name(Last) r:/WORK/g03_top_IO/u_g03_soc/u_gpr_top/u_gpr/gpr_rw[13].not_x0.rf_dff/qout_r_reg[25]
  Impl DFF        Name(Last) i:/WORK/g03_top_IO/u_g03_soc/u_gpr_top/u_gpr/gpr_rw[13].not_x0.rf_dff/qout_r_reg[25]

  Ref  DFF        Name(Last) r:/WORK/g03_top_IO/u_g03_soc/u_gpr_top/u_gpr/gpr_rw[13].not_x0.rf_dff/qout_r_reg[26]
  Impl DFF        Name(Last) i:/WORK/g03_top_IO/u_g03_soc/u_gpr_top/u_gpr/gpr_rw[13].not_x0.rf_dff/qout_r_reg[26]

  Ref  DFF        Name(Last) r:/WORK/g03_top_IO/u_g03_soc/u_gpr_top/u_gpr/gpr_rw[13].not_x0.rf_dff/qout_r_reg[27]
  Impl DFF        Name(Last) i:/WORK/g03_top_IO/u_g03_soc/u_gpr_top/u_gpr/gpr_rw[13].not_x0.rf_dff/qout_r_reg[27]

  Ref  DFF        Name(Last) r:/WORK/g03_top_IO/u_g03_soc/u_gpr_top/u_gpr/gpr_rw[13].not_x0.rf_dff/qout_r_reg[28]
  Impl DFF        Name(Last) i:/WORK/g03_top_IO/u_g03_soc/u_gpr_top/u_gpr/gpr_rw[13].not_x0.rf_dff/qout_r_reg[28]

  Ref  DFF        Name(Last) r:/WORK/g03_top_IO/u_g03_soc/u_gpr_top/u_gpr/gpr_rw[13].not_x0.rf_dff/qout_r_reg[29]
  Impl DFF        Name(Last) i:/WORK/g03_top_IO/u_g03_soc/u_gpr_top/u_gpr/gpr_rw[13].not_x0.rf_dff/qout_r_reg[29]

  Ref  DFF        Name(Last) r:/WORK/g03_top_IO/u_g03_soc/u_gpr_top/u_gpr/gpr_rw[13].not_x0.rf_dff/qout_r_reg[2]
  Impl DFF        Name(Last) i:/WORK/g03_top_IO/u_g03_soc/u_gpr_top/u_gpr/gpr_rw[13].not_x0.rf_dff/qout_r_reg[2]

  Ref  DFF        Name(Last) r:/WORK/g03_top_IO/u_g03_soc/u_gpr_top/u_gpr/gpr_rw[13].not_x0.rf_dff/qout_r_reg[30]
  Impl DFF        Name(Last) i:/WORK/g03_top_IO/u_g03_soc/u_gpr_top/u_gpr/gpr_rw[13].not_x0.rf_dff/qout_r_reg[30]

  Ref  DFF        Name(Last) r:/WORK/g03_top_IO/u_g03_soc/u_gpr_top/u_gpr/gpr_rw[13].not_x0.rf_dff/qout_r_reg[31]
  Impl DFF        Name(Last) i:/WORK/g03_top_IO/u_g03_soc/u_gpr_top/u_gpr/gpr_rw[13].not_x0.rf_dff/qout_r_reg[31]

  Ref  DFF        Name(Last) r:/WORK/g03_top_IO/u_g03_soc/u_gpr_top/u_gpr/gpr_rw[13].not_x0.rf_dff/qout_r_reg[3]
  Impl DFF        Name(Last) i:/WORK/g03_top_IO/u_g03_soc/u_gpr_top/u_gpr/gpr_rw[13].not_x0.rf_dff/qout_r_reg[3]

  Ref  DFF        Name(Last) r:/WORK/g03_top_IO/u_g03_soc/u_gpr_top/u_gpr/gpr_rw[13].not_x0.rf_dff/qout_r_reg[4]
  Impl DFF        Name(Last) i:/WORK/g03_top_IO/u_g03_soc/u_gpr_top/u_gpr/gpr_rw[13].not_x0.rf_dff/qout_r_reg[4]

  Ref  DFF        Name(Last) r:/WORK/g03_top_IO/u_g03_soc/u_gpr_top/u_gpr/gpr_rw[13].not_x0.rf_dff/qout_r_reg[5]
  Impl DFF        Name(Last) i:/WORK/g03_top_IO/u_g03_soc/u_gpr_top/u_gpr/gpr_rw[13].not_x0.rf_dff/qout_r_reg[5]

  Ref  DFF        Name(Last) r:/WORK/g03_top_IO/u_g03_soc/u_gpr_top/u_gpr/gpr_rw[13].not_x0.rf_dff/qout_r_reg[6]
  Impl DFF        Name(Last) i:/WORK/g03_top_IO/u_g03_soc/u_gpr_top/u_gpr/gpr_rw[13].not_x0.rf_dff/qout_r_reg[6]

  Ref  DFF        Name(Last) r:/WORK/g03_top_IO/u_g03_soc/u_gpr_top/u_gpr/gpr_rw[13].not_x0.rf_dff/qout_r_reg[7]
  Impl DFF        Name(Last) i:/WORK/g03_top_IO/u_g03_soc/u_gpr_top/u_gpr/gpr_rw[13].not_x0.rf_dff/qout_r_reg[7]

  Ref  DFF        Name(Last) r:/WORK/g03_top_IO/u_g03_soc/u_gpr_top/u_gpr/gpr_rw[13].not_x0.rf_dff/qout_r_reg[8]
  Impl DFF        Name(Last) i:/WORK/g03_top_IO/u_g03_soc/u_gpr_top/u_gpr/gpr_rw[13].not_x0.rf_dff/qout_r_reg[8]

  Ref  DFF        Name(Last) r:/WORK/g03_top_IO/u_g03_soc/u_gpr_top/u_gpr/gpr_rw[13].not_x0.rf_dff/qout_r_reg[9]
  Impl DFF        Name(Last) i:/WORK/g03_top_IO/u_g03_soc/u_gpr_top/u_gpr/gpr_rw[13].not_x0.rf_dff/qout_r_reg[9]

  Ref  DFF        Name(Last) r:/WORK/g03_top_IO/u_g03_soc/u_gpr_top/u_gpr/gpr_rw[14].not_x0.rf_dff/qout_r_reg[0]
  Impl DFF        Name(Last) i:/WORK/g03_top_IO/u_g03_soc/u_gpr_top/u_gpr/gpr_rw[14].not_x0.rf_dff/qout_r_reg[0]

  Ref  DFF        Name(Last) r:/WORK/g03_top_IO/u_g03_soc/u_gpr_top/u_gpr/gpr_rw[14].not_x0.rf_dff/qout_r_reg[10]
  Impl DFF        Name(Last) i:/WORK/g03_top_IO/u_g03_soc/u_gpr_top/u_gpr/gpr_rw[14].not_x0.rf_dff/qout_r_reg[10]

  Ref  DFF        Name(Last) r:/WORK/g03_top_IO/u_g03_soc/u_gpr_top/u_gpr/gpr_rw[14].not_x0.rf_dff/qout_r_reg[11]
  Impl DFF        Name(Last) i:/WORK/g03_top_IO/u_g03_soc/u_gpr_top/u_gpr/gpr_rw[14].not_x0.rf_dff/qout_r_reg[11]

  Ref  DFF        Name(Last) r:/WORK/g03_top_IO/u_g03_soc/u_gpr_top/u_gpr/gpr_rw[14].not_x0.rf_dff/qout_r_reg[12]
  Impl DFF        Name(Last) i:/WORK/g03_top_IO/u_g03_soc/u_gpr_top/u_gpr/gpr_rw[14].not_x0.rf_dff/qout_r_reg[12]

  Ref  DFF        Name(Last) r:/WORK/g03_top_IO/u_g03_soc/u_gpr_top/u_gpr/gpr_rw[14].not_x0.rf_dff/qout_r_reg[13]
  Impl DFF        Name(Last) i:/WORK/g03_top_IO/u_g03_soc/u_gpr_top/u_gpr/gpr_rw[14].not_x0.rf_dff/qout_r_reg[13]

  Ref  DFF        Name(Last) r:/WORK/g03_top_IO/u_g03_soc/u_gpr_top/u_gpr/gpr_rw[14].not_x0.rf_dff/qout_r_reg[14]
  Impl DFF        Name(Last) i:/WORK/g03_top_IO/u_g03_soc/u_gpr_top/u_gpr/gpr_rw[14].not_x0.rf_dff/qout_r_reg[14]

  Ref  DFF        Name(Last) r:/WORK/g03_top_IO/u_g03_soc/u_gpr_top/u_gpr/gpr_rw[14].not_x0.rf_dff/qout_r_reg[15]
  Impl DFF        Name(Last) i:/WORK/g03_top_IO/u_g03_soc/u_gpr_top/u_gpr/gpr_rw[14].not_x0.rf_dff/qout_r_reg[15]

  Ref  DFF        Name(Last) r:/WORK/g03_top_IO/u_g03_soc/u_gpr_top/u_gpr/gpr_rw[14].not_x0.rf_dff/qout_r_reg[16]
  Impl DFF        Name(Last) i:/WORK/g03_top_IO/u_g03_soc/u_gpr_top/u_gpr/gpr_rw[14].not_x0.rf_dff/qout_r_reg[16]

  Ref  DFF        Name(Last) r:/WORK/g03_top_IO/u_g03_soc/u_gpr_top/u_gpr/gpr_rw[14].not_x0.rf_dff/qout_r_reg[17]
  Impl DFF        Name(Last) i:/WORK/g03_top_IO/u_g03_soc/u_gpr_top/u_gpr/gpr_rw[14].not_x0.rf_dff/qout_r_reg[17]

  Ref  DFF        Name(Last) r:/WORK/g03_top_IO/u_g03_soc/u_gpr_top/u_gpr/gpr_rw[14].not_x0.rf_dff/qout_r_reg[18]
  Impl DFF        Name(Last) i:/WORK/g03_top_IO/u_g03_soc/u_gpr_top/u_gpr/gpr_rw[14].not_x0.rf_dff/qout_r_reg[18]

  Ref  DFF        Name(Last) r:/WORK/g03_top_IO/u_g03_soc/u_gpr_top/u_gpr/gpr_rw[14].not_x0.rf_dff/qout_r_reg[19]
  Impl DFF        Name(Last) i:/WORK/g03_top_IO/u_g03_soc/u_gpr_top/u_gpr/gpr_rw[14].not_x0.rf_dff/qout_r_reg[19]

  Ref  DFF        Name(Last) r:/WORK/g03_top_IO/u_g03_soc/u_gpr_top/u_gpr/gpr_rw[14].not_x0.rf_dff/qout_r_reg[1]
  Impl DFF        Name(Last) i:/WORK/g03_top_IO/u_g03_soc/u_gpr_top/u_gpr/gpr_rw[14].not_x0.rf_dff/qout_r_reg[1]

  Ref  DFF        Name(Last) r:/WORK/g03_top_IO/u_g03_soc/u_gpr_top/u_gpr/gpr_rw[14].not_x0.rf_dff/qout_r_reg[20]
  Impl DFF        Name(Last) i:/WORK/g03_top_IO/u_g03_soc/u_gpr_top/u_gpr/gpr_rw[14].not_x0.rf_dff/qout_r_reg[20]

  Ref  DFF        Name(Last) r:/WORK/g03_top_IO/u_g03_soc/u_gpr_top/u_gpr/gpr_rw[14].not_x0.rf_dff/qout_r_reg[21]
  Impl DFF        Name(Last) i:/WORK/g03_top_IO/u_g03_soc/u_gpr_top/u_gpr/gpr_rw[14].not_x0.rf_dff/qout_r_reg[21]

  Ref  DFF        Name(Last) r:/WORK/g03_top_IO/u_g03_soc/u_gpr_top/u_gpr/gpr_rw[14].not_x0.rf_dff/qout_r_reg[22]
  Impl DFF        Name(Last) i:/WORK/g03_top_IO/u_g03_soc/u_gpr_top/u_gpr/gpr_rw[14].not_x0.rf_dff/qout_r_reg[22]

  Ref  DFF        Name(Last) r:/WORK/g03_top_IO/u_g03_soc/u_gpr_top/u_gpr/gpr_rw[14].not_x0.rf_dff/qout_r_reg[23]
  Impl DFF        Name(Last) i:/WORK/g03_top_IO/u_g03_soc/u_gpr_top/u_gpr/gpr_rw[14].not_x0.rf_dff/qout_r_reg[23]

  Ref  DFF        Name(Last) r:/WORK/g03_top_IO/u_g03_soc/u_gpr_top/u_gpr/gpr_rw[14].not_x0.rf_dff/qout_r_reg[24]
  Impl DFF        Name(Last) i:/WORK/g03_top_IO/u_g03_soc/u_gpr_top/u_gpr/gpr_rw[14].not_x0.rf_dff/qout_r_reg[24]

  Ref  DFF        Name(Last) r:/WORK/g03_top_IO/u_g03_soc/u_gpr_top/u_gpr/gpr_rw[14].not_x0.rf_dff/qout_r_reg[25]
  Impl DFF        Name(Last) i:/WORK/g03_top_IO/u_g03_soc/u_gpr_top/u_gpr/gpr_rw[14].not_x0.rf_dff/qout_r_reg[25]

  Ref  DFF        Name(Last) r:/WORK/g03_top_IO/u_g03_soc/u_gpr_top/u_gpr/gpr_rw[14].not_x0.rf_dff/qout_r_reg[26]
  Impl DFF        Name(Last) i:/WORK/g03_top_IO/u_g03_soc/u_gpr_top/u_gpr/gpr_rw[14].not_x0.rf_dff/qout_r_reg[26]

  Ref  DFF        Name(Last) r:/WORK/g03_top_IO/u_g03_soc/u_gpr_top/u_gpr/gpr_rw[14].not_x0.rf_dff/qout_r_reg[27]
  Impl DFF        Name(Last) i:/WORK/g03_top_IO/u_g03_soc/u_gpr_top/u_gpr/gpr_rw[14].not_x0.rf_dff/qout_r_reg[27]

  Ref  DFF        Name(Last) r:/WORK/g03_top_IO/u_g03_soc/u_gpr_top/u_gpr/gpr_rw[14].not_x0.rf_dff/qout_r_reg[28]
  Impl DFF        Name(Last) i:/WORK/g03_top_IO/u_g03_soc/u_gpr_top/u_gpr/gpr_rw[14].not_x0.rf_dff/qout_r_reg[28]

  Ref  DFF        Name(Last) r:/WORK/g03_top_IO/u_g03_soc/u_gpr_top/u_gpr/gpr_rw[14].not_x0.rf_dff/qout_r_reg[29]
  Impl DFF        Name(Last) i:/WORK/g03_top_IO/u_g03_soc/u_gpr_top/u_gpr/gpr_rw[14].not_x0.rf_dff/qout_r_reg[29]

  Ref  DFF        Name(Last) r:/WORK/g03_top_IO/u_g03_soc/u_gpr_top/u_gpr/gpr_rw[14].not_x0.rf_dff/qout_r_reg[2]
  Impl DFF        Name(Last) i:/WORK/g03_top_IO/u_g03_soc/u_gpr_top/u_gpr/gpr_rw[14].not_x0.rf_dff/qout_r_reg[2]

  Ref  DFF        Name(Last) r:/WORK/g03_top_IO/u_g03_soc/u_gpr_top/u_gpr/gpr_rw[14].not_x0.rf_dff/qout_r_reg[30]
  Impl DFF        Name(Last) i:/WORK/g03_top_IO/u_g03_soc/u_gpr_top/u_gpr/gpr_rw[14].not_x0.rf_dff/qout_r_reg[30]

  Ref  DFF        Name(Last) r:/WORK/g03_top_IO/u_g03_soc/u_gpr_top/u_gpr/gpr_rw[14].not_x0.rf_dff/qout_r_reg[31]
  Impl DFF        Name(Last) i:/WORK/g03_top_IO/u_g03_soc/u_gpr_top/u_gpr/gpr_rw[14].not_x0.rf_dff/qout_r_reg[31]

  Ref  DFF        Name(Last) r:/WORK/g03_top_IO/u_g03_soc/u_gpr_top/u_gpr/gpr_rw[14].not_x0.rf_dff/qout_r_reg[3]
  Impl DFF        Name(Last) i:/WORK/g03_top_IO/u_g03_soc/u_gpr_top/u_gpr/gpr_rw[14].not_x0.rf_dff/qout_r_reg[3]

  Ref  DFF        Name(Last) r:/WORK/g03_top_IO/u_g03_soc/u_gpr_top/u_gpr/gpr_rw[14].not_x0.rf_dff/qout_r_reg[4]
  Impl DFF        Name(Last) i:/WORK/g03_top_IO/u_g03_soc/u_gpr_top/u_gpr/gpr_rw[14].not_x0.rf_dff/qout_r_reg[4]

  Ref  DFF        Name(Last) r:/WORK/g03_top_IO/u_g03_soc/u_gpr_top/u_gpr/gpr_rw[14].not_x0.rf_dff/qout_r_reg[5]
  Impl DFF        Name(Last) i:/WORK/g03_top_IO/u_g03_soc/u_gpr_top/u_gpr/gpr_rw[14].not_x0.rf_dff/qout_r_reg[5]

  Ref  DFF        Name(Last) r:/WORK/g03_top_IO/u_g03_soc/u_gpr_top/u_gpr/gpr_rw[14].not_x0.rf_dff/qout_r_reg[6]
  Impl DFF        Name(Last) i:/WORK/g03_top_IO/u_g03_soc/u_gpr_top/u_gpr/gpr_rw[14].not_x0.rf_dff/qout_r_reg[6]

  Ref  DFF        Name(Last) r:/WORK/g03_top_IO/u_g03_soc/u_gpr_top/u_gpr/gpr_rw[14].not_x0.rf_dff/qout_r_reg[7]
  Impl DFF        Name(Last) i:/WORK/g03_top_IO/u_g03_soc/u_gpr_top/u_gpr/gpr_rw[14].not_x0.rf_dff/qout_r_reg[7]

  Ref  DFF        Name(Last) r:/WORK/g03_top_IO/u_g03_soc/u_gpr_top/u_gpr/gpr_rw[14].not_x0.rf_dff/qout_r_reg[8]
  Impl DFF        Name(Last) i:/WORK/g03_top_IO/u_g03_soc/u_gpr_top/u_gpr/gpr_rw[14].not_x0.rf_dff/qout_r_reg[8]

  Ref  DFF        Name(Last) r:/WORK/g03_top_IO/u_g03_soc/u_gpr_top/u_gpr/gpr_rw[14].not_x0.rf_dff/qout_r_reg[9]
  Impl DFF        Name(Last) i:/WORK/g03_top_IO/u_g03_soc/u_gpr_top/u_gpr/gpr_rw[14].not_x0.rf_dff/qout_r_reg[9]

  Ref  DFF        Name(Last) r:/WORK/g03_top_IO/u_g03_soc/u_gpr_top/u_gpr/gpr_rw[15].not_x0.rf_dff/qout_r_reg[0]
  Impl DFF        Name(Last) i:/WORK/g03_top_IO/u_g03_soc/u_gpr_top/u_gpr/gpr_rw[15].not_x0.rf_dff/qout_r_reg[0]

  Ref  DFF        Name(Last) r:/WORK/g03_top_IO/u_g03_soc/u_gpr_top/u_gpr/gpr_rw[15].not_x0.rf_dff/qout_r_reg[10]
  Impl DFF        Name(Last) i:/WORK/g03_top_IO/u_g03_soc/u_gpr_top/u_gpr/gpr_rw[15].not_x0.rf_dff/qout_r_reg[10]

  Ref  DFF        Name(Last) r:/WORK/g03_top_IO/u_g03_soc/u_gpr_top/u_gpr/gpr_rw[15].not_x0.rf_dff/qout_r_reg[11]
  Impl DFF        Name(Last) i:/WORK/g03_top_IO/u_g03_soc/u_gpr_top/u_gpr/gpr_rw[15].not_x0.rf_dff/qout_r_reg[11]

  Ref  DFF        Name(Last) r:/WORK/g03_top_IO/u_g03_soc/u_gpr_top/u_gpr/gpr_rw[15].not_x0.rf_dff/qout_r_reg[12]
  Impl DFF        Name(Last) i:/WORK/g03_top_IO/u_g03_soc/u_gpr_top/u_gpr/gpr_rw[15].not_x0.rf_dff/qout_r_reg[12]

  Ref  DFF        Name(Last) r:/WORK/g03_top_IO/u_g03_soc/u_gpr_top/u_gpr/gpr_rw[15].not_x0.rf_dff/qout_r_reg[13]
  Impl DFF        Name(Last) i:/WORK/g03_top_IO/u_g03_soc/u_gpr_top/u_gpr/gpr_rw[15].not_x0.rf_dff/qout_r_reg[13]

  Ref  DFF        Name(Last) r:/WORK/g03_top_IO/u_g03_soc/u_gpr_top/u_gpr/gpr_rw[15].not_x0.rf_dff/qout_r_reg[14]
  Impl DFF        Name(Last) i:/WORK/g03_top_IO/u_g03_soc/u_gpr_top/u_gpr/gpr_rw[15].not_x0.rf_dff/qout_r_reg[14]

  Ref  DFF        Name(Last) r:/WORK/g03_top_IO/u_g03_soc/u_gpr_top/u_gpr/gpr_rw[15].not_x0.rf_dff/qout_r_reg[15]
  Impl DFF        Name(Last) i:/WORK/g03_top_IO/u_g03_soc/u_gpr_top/u_gpr/gpr_rw[15].not_x0.rf_dff/qout_r_reg[15]

  Ref  DFF        Name(Last) r:/WORK/g03_top_IO/u_g03_soc/u_gpr_top/u_gpr/gpr_rw[15].not_x0.rf_dff/qout_r_reg[16]
  Impl DFF        Name(Last) i:/WORK/g03_top_IO/u_g03_soc/u_gpr_top/u_gpr/gpr_rw[15].not_x0.rf_dff/qout_r_reg[16]

  Ref  DFF        Name(Last) r:/WORK/g03_top_IO/u_g03_soc/u_gpr_top/u_gpr/gpr_rw[15].not_x0.rf_dff/qout_r_reg[17]
  Impl DFF        Name(Last) i:/WORK/g03_top_IO/u_g03_soc/u_gpr_top/u_gpr/gpr_rw[15].not_x0.rf_dff/qout_r_reg[17]

  Ref  DFF        Name(Last) r:/WORK/g03_top_IO/u_g03_soc/u_gpr_top/u_gpr/gpr_rw[15].not_x0.rf_dff/qout_r_reg[18]
  Impl DFF        Name(Last) i:/WORK/g03_top_IO/u_g03_soc/u_gpr_top/u_gpr/gpr_rw[15].not_x0.rf_dff/qout_r_reg[18]

  Ref  DFF        Name(Last) r:/WORK/g03_top_IO/u_g03_soc/u_gpr_top/u_gpr/gpr_rw[15].not_x0.rf_dff/qout_r_reg[19]
  Impl DFF        Name(Last) i:/WORK/g03_top_IO/u_g03_soc/u_gpr_top/u_gpr/gpr_rw[15].not_x0.rf_dff/qout_r_reg[19]

  Ref  DFF        Name(Last) r:/WORK/g03_top_IO/u_g03_soc/u_gpr_top/u_gpr/gpr_rw[15].not_x0.rf_dff/qout_r_reg[1]
  Impl DFF        Name(Last) i:/WORK/g03_top_IO/u_g03_soc/u_gpr_top/u_gpr/gpr_rw[15].not_x0.rf_dff/qout_r_reg[1]

  Ref  DFF        Name(Last) r:/WORK/g03_top_IO/u_g03_soc/u_gpr_top/u_gpr/gpr_rw[15].not_x0.rf_dff/qout_r_reg[20]
  Impl DFF        Name(Last) i:/WORK/g03_top_IO/u_g03_soc/u_gpr_top/u_gpr/gpr_rw[15].not_x0.rf_dff/qout_r_reg[20]

  Ref  DFF        Name(Last) r:/WORK/g03_top_IO/u_g03_soc/u_gpr_top/u_gpr/gpr_rw[15].not_x0.rf_dff/qout_r_reg[21]
  Impl DFF        Name(Last) i:/WORK/g03_top_IO/u_g03_soc/u_gpr_top/u_gpr/gpr_rw[15].not_x0.rf_dff/qout_r_reg[21]

  Ref  DFF        Name(Last) r:/WORK/g03_top_IO/u_g03_soc/u_gpr_top/u_gpr/gpr_rw[15].not_x0.rf_dff/qout_r_reg[22]
  Impl DFF        Name(Last) i:/WORK/g03_top_IO/u_g03_soc/u_gpr_top/u_gpr/gpr_rw[15].not_x0.rf_dff/qout_r_reg[22]

  Ref  DFF        Name(Last) r:/WORK/g03_top_IO/u_g03_soc/u_gpr_top/u_gpr/gpr_rw[15].not_x0.rf_dff/qout_r_reg[23]
  Impl DFF        Name(Last) i:/WORK/g03_top_IO/u_g03_soc/u_gpr_top/u_gpr/gpr_rw[15].not_x0.rf_dff/qout_r_reg[23]

  Ref  DFF        Name(Last) r:/WORK/g03_top_IO/u_g03_soc/u_gpr_top/u_gpr/gpr_rw[15].not_x0.rf_dff/qout_r_reg[24]
  Impl DFF        Name(Last) i:/WORK/g03_top_IO/u_g03_soc/u_gpr_top/u_gpr/gpr_rw[15].not_x0.rf_dff/qout_r_reg[24]

  Ref  DFF        Name(Last) r:/WORK/g03_top_IO/u_g03_soc/u_gpr_top/u_gpr/gpr_rw[15].not_x0.rf_dff/qout_r_reg[25]
  Impl DFF        Name(Last) i:/WORK/g03_top_IO/u_g03_soc/u_gpr_top/u_gpr/gpr_rw[15].not_x0.rf_dff/qout_r_reg[25]

  Ref  DFF        Name(Last) r:/WORK/g03_top_IO/u_g03_soc/u_gpr_top/u_gpr/gpr_rw[15].not_x0.rf_dff/qout_r_reg[26]
  Impl DFF        Name(Last) i:/WORK/g03_top_IO/u_g03_soc/u_gpr_top/u_gpr/gpr_rw[15].not_x0.rf_dff/qout_r_reg[26]

  Ref  DFF        Name(Last) r:/WORK/g03_top_IO/u_g03_soc/u_gpr_top/u_gpr/gpr_rw[15].not_x0.rf_dff/qout_r_reg[27]
  Impl DFF        Name(Last) i:/WORK/g03_top_IO/u_g03_soc/u_gpr_top/u_gpr/gpr_rw[15].not_x0.rf_dff/qout_r_reg[27]

  Ref  DFF        Name(Last) r:/WORK/g03_top_IO/u_g03_soc/u_gpr_top/u_gpr/gpr_rw[15].not_x0.rf_dff/qout_r_reg[28]
  Impl DFF        Name(Last) i:/WORK/g03_top_IO/u_g03_soc/u_gpr_top/u_gpr/gpr_rw[15].not_x0.rf_dff/qout_r_reg[28]

  Ref  DFF        Name(Last) r:/WORK/g03_top_IO/u_g03_soc/u_gpr_top/u_gpr/gpr_rw[15].not_x0.rf_dff/qout_r_reg[29]
  Impl DFF        Name(Last) i:/WORK/g03_top_IO/u_g03_soc/u_gpr_top/u_gpr/gpr_rw[15].not_x0.rf_dff/qout_r_reg[29]

  Ref  DFF        Name(Last) r:/WORK/g03_top_IO/u_g03_soc/u_gpr_top/u_gpr/gpr_rw[15].not_x0.rf_dff/qout_r_reg[2]
  Impl DFF        Name(Last) i:/WORK/g03_top_IO/u_g03_soc/u_gpr_top/u_gpr/gpr_rw[15].not_x0.rf_dff/qout_r_reg[2]

  Ref  DFF        Name(Last) r:/WORK/g03_top_IO/u_g03_soc/u_gpr_top/u_gpr/gpr_rw[15].not_x0.rf_dff/qout_r_reg[30]
  Impl DFF        Name(Last) i:/WORK/g03_top_IO/u_g03_soc/u_gpr_top/u_gpr/gpr_rw[15].not_x0.rf_dff/qout_r_reg[30]

  Ref  DFF        Name(Last) r:/WORK/g03_top_IO/u_g03_soc/u_gpr_top/u_gpr/gpr_rw[15].not_x0.rf_dff/qout_r_reg[31]
  Impl DFF        Name(Last) i:/WORK/g03_top_IO/u_g03_soc/u_gpr_top/u_gpr/gpr_rw[15].not_x0.rf_dff/qout_r_reg[31]

  Ref  DFF        Name(Last) r:/WORK/g03_top_IO/u_g03_soc/u_gpr_top/u_gpr/gpr_rw[15].not_x0.rf_dff/qout_r_reg[3]
  Impl DFF        Name(Last) i:/WORK/g03_top_IO/u_g03_soc/u_gpr_top/u_gpr/gpr_rw[15].not_x0.rf_dff/qout_r_reg[3]

  Ref  DFF        Name(Last) r:/WORK/g03_top_IO/u_g03_soc/u_gpr_top/u_gpr/gpr_rw[15].not_x0.rf_dff/qout_r_reg[4]
  Impl DFF        Name(Last) i:/WORK/g03_top_IO/u_g03_soc/u_gpr_top/u_gpr/gpr_rw[15].not_x0.rf_dff/qout_r_reg[4]

  Ref  DFF        Name(Last) r:/WORK/g03_top_IO/u_g03_soc/u_gpr_top/u_gpr/gpr_rw[15].not_x0.rf_dff/qout_r_reg[5]
  Impl DFF        Name(Last) i:/WORK/g03_top_IO/u_g03_soc/u_gpr_top/u_gpr/gpr_rw[15].not_x0.rf_dff/qout_r_reg[5]

  Ref  DFF        Name(Last) r:/WORK/g03_top_IO/u_g03_soc/u_gpr_top/u_gpr/gpr_rw[15].not_x0.rf_dff/qout_r_reg[6]
  Impl DFF        Name(Last) i:/WORK/g03_top_IO/u_g03_soc/u_gpr_top/u_gpr/gpr_rw[15].not_x0.rf_dff/qout_r_reg[6]

  Ref  DFF        Name(Last) r:/WORK/g03_top_IO/u_g03_soc/u_gpr_top/u_gpr/gpr_rw[15].not_x0.rf_dff/qout_r_reg[7]
  Impl DFF        Name(Last) i:/WORK/g03_top_IO/u_g03_soc/u_gpr_top/u_gpr/gpr_rw[15].not_x0.rf_dff/qout_r_reg[7]

  Ref  DFF        Name(Last) r:/WORK/g03_top_IO/u_g03_soc/u_gpr_top/u_gpr/gpr_rw[15].not_x0.rf_dff/qout_r_reg[8]
  Impl DFF        Name(Last) i:/WORK/g03_top_IO/u_g03_soc/u_gpr_top/u_gpr/gpr_rw[15].not_x0.rf_dff/qout_r_reg[8]

  Ref  DFF        Name(Last) r:/WORK/g03_top_IO/u_g03_soc/u_gpr_top/u_gpr/gpr_rw[15].not_x0.rf_dff/qout_r_reg[9]
  Impl DFF        Name(Last) i:/WORK/g03_top_IO/u_g03_soc/u_gpr_top/u_gpr/gpr_rw[15].not_x0.rf_dff/qout_r_reg[9]

  Ref  DFF        Name(Last) r:/WORK/g03_top_IO/u_g03_soc/u_gpr_top/u_gpr/gpr_rw[16].not_x0.rf_dff/qout_r_reg[0]
  Impl DFF        Name(Last) i:/WORK/g03_top_IO/u_g03_soc/u_gpr_top/u_gpr/gpr_rw[16].not_x0.rf_dff/qout_r_reg[0]

  Ref  DFF        Name(Last) r:/WORK/g03_top_IO/u_g03_soc/u_gpr_top/u_gpr/gpr_rw[16].not_x0.rf_dff/qout_r_reg[10]
  Impl DFF        Name(Last) i:/WORK/g03_top_IO/u_g03_soc/u_gpr_top/u_gpr/gpr_rw[16].not_x0.rf_dff/qout_r_reg[10]

  Ref  DFF        Name(Last) r:/WORK/g03_top_IO/u_g03_soc/u_gpr_top/u_gpr/gpr_rw[16].not_x0.rf_dff/qout_r_reg[11]
  Impl DFF        Name(Last) i:/WORK/g03_top_IO/u_g03_soc/u_gpr_top/u_gpr/gpr_rw[16].not_x0.rf_dff/qout_r_reg[11]

  Ref  DFF        Name(Last) r:/WORK/g03_top_IO/u_g03_soc/u_gpr_top/u_gpr/gpr_rw[16].not_x0.rf_dff/qout_r_reg[12]
  Impl DFF        Name(Last) i:/WORK/g03_top_IO/u_g03_soc/u_gpr_top/u_gpr/gpr_rw[16].not_x0.rf_dff/qout_r_reg[12]

  Ref  DFF        Name(Last) r:/WORK/g03_top_IO/u_g03_soc/u_gpr_top/u_gpr/gpr_rw[16].not_x0.rf_dff/qout_r_reg[13]
  Impl DFF        Name(Last) i:/WORK/g03_top_IO/u_g03_soc/u_gpr_top/u_gpr/gpr_rw[16].not_x0.rf_dff/qout_r_reg[13]

  Ref  DFF        Name(Last) r:/WORK/g03_top_IO/u_g03_soc/u_gpr_top/u_gpr/gpr_rw[16].not_x0.rf_dff/qout_r_reg[14]
  Impl DFF        Name(Last) i:/WORK/g03_top_IO/u_g03_soc/u_gpr_top/u_gpr/gpr_rw[16].not_x0.rf_dff/qout_r_reg[14]

  Ref  DFF        Name(Last) r:/WORK/g03_top_IO/u_g03_soc/u_gpr_top/u_gpr/gpr_rw[16].not_x0.rf_dff/qout_r_reg[15]
  Impl DFF        Name(Last) i:/WORK/g03_top_IO/u_g03_soc/u_gpr_top/u_gpr/gpr_rw[16].not_x0.rf_dff/qout_r_reg[15]

  Ref  DFF        Name(Last) r:/WORK/g03_top_IO/u_g03_soc/u_gpr_top/u_gpr/gpr_rw[16].not_x0.rf_dff/qout_r_reg[16]
  Impl DFF        Name(Last) i:/WORK/g03_top_IO/u_g03_soc/u_gpr_top/u_gpr/gpr_rw[16].not_x0.rf_dff/qout_r_reg[16]

  Ref  DFF        Name(Last) r:/WORK/g03_top_IO/u_g03_soc/u_gpr_top/u_gpr/gpr_rw[16].not_x0.rf_dff/qout_r_reg[17]
  Impl DFF        Name(Last) i:/WORK/g03_top_IO/u_g03_soc/u_gpr_top/u_gpr/gpr_rw[16].not_x0.rf_dff/qout_r_reg[17]

  Ref  DFF        Name(Last) r:/WORK/g03_top_IO/u_g03_soc/u_gpr_top/u_gpr/gpr_rw[16].not_x0.rf_dff/qout_r_reg[18]
  Impl DFF        Name(Last) i:/WORK/g03_top_IO/u_g03_soc/u_gpr_top/u_gpr/gpr_rw[16].not_x0.rf_dff/qout_r_reg[18]

  Ref  DFF        Name(Last) r:/WORK/g03_top_IO/u_g03_soc/u_gpr_top/u_gpr/gpr_rw[16].not_x0.rf_dff/qout_r_reg[19]
  Impl DFF        Name(Last) i:/WORK/g03_top_IO/u_g03_soc/u_gpr_top/u_gpr/gpr_rw[16].not_x0.rf_dff/qout_r_reg[19]

  Ref  DFF        Name(Last) r:/WORK/g03_top_IO/u_g03_soc/u_gpr_top/u_gpr/gpr_rw[16].not_x0.rf_dff/qout_r_reg[1]
  Impl DFF        Name(Last) i:/WORK/g03_top_IO/u_g03_soc/u_gpr_top/u_gpr/gpr_rw[16].not_x0.rf_dff/qout_r_reg[1]

  Ref  DFF        Name(Last) r:/WORK/g03_top_IO/u_g03_soc/u_gpr_top/u_gpr/gpr_rw[16].not_x0.rf_dff/qout_r_reg[20]
  Impl DFF        Name(Last) i:/WORK/g03_top_IO/u_g03_soc/u_gpr_top/u_gpr/gpr_rw[16].not_x0.rf_dff/qout_r_reg[20]

  Ref  DFF        Name(Last) r:/WORK/g03_top_IO/u_g03_soc/u_gpr_top/u_gpr/gpr_rw[16].not_x0.rf_dff/qout_r_reg[21]
  Impl DFF        Name(Last) i:/WORK/g03_top_IO/u_g03_soc/u_gpr_top/u_gpr/gpr_rw[16].not_x0.rf_dff/qout_r_reg[21]

  Ref  DFF        Name(Last) r:/WORK/g03_top_IO/u_g03_soc/u_gpr_top/u_gpr/gpr_rw[16].not_x0.rf_dff/qout_r_reg[22]
  Impl DFF        Name(Last) i:/WORK/g03_top_IO/u_g03_soc/u_gpr_top/u_gpr/gpr_rw[16].not_x0.rf_dff/qout_r_reg[22]

  Ref  DFF        Name(Last) r:/WORK/g03_top_IO/u_g03_soc/u_gpr_top/u_gpr/gpr_rw[16].not_x0.rf_dff/qout_r_reg[23]
  Impl DFF        Name(Last) i:/WORK/g03_top_IO/u_g03_soc/u_gpr_top/u_gpr/gpr_rw[16].not_x0.rf_dff/qout_r_reg[23]

  Ref  DFF        Name(Last) r:/WORK/g03_top_IO/u_g03_soc/u_gpr_top/u_gpr/gpr_rw[16].not_x0.rf_dff/qout_r_reg[24]
  Impl DFF        Name(Last) i:/WORK/g03_top_IO/u_g03_soc/u_gpr_top/u_gpr/gpr_rw[16].not_x0.rf_dff/qout_r_reg[24]

  Ref  DFF        Name(Last) r:/WORK/g03_top_IO/u_g03_soc/u_gpr_top/u_gpr/gpr_rw[16].not_x0.rf_dff/qout_r_reg[25]
  Impl DFF        Name(Last) i:/WORK/g03_top_IO/u_g03_soc/u_gpr_top/u_gpr/gpr_rw[16].not_x0.rf_dff/qout_r_reg[25]

  Ref  DFF        Name(Last) r:/WORK/g03_top_IO/u_g03_soc/u_gpr_top/u_gpr/gpr_rw[16].not_x0.rf_dff/qout_r_reg[26]
  Impl DFF        Name(Last) i:/WORK/g03_top_IO/u_g03_soc/u_gpr_top/u_gpr/gpr_rw[16].not_x0.rf_dff/qout_r_reg[26]

  Ref  DFF        Name(Last) r:/WORK/g03_top_IO/u_g03_soc/u_gpr_top/u_gpr/gpr_rw[16].not_x0.rf_dff/qout_r_reg[27]
  Impl DFF        Name(Last) i:/WORK/g03_top_IO/u_g03_soc/u_gpr_top/u_gpr/gpr_rw[16].not_x0.rf_dff/qout_r_reg[27]

  Ref  DFF        Name(Last) r:/WORK/g03_top_IO/u_g03_soc/u_gpr_top/u_gpr/gpr_rw[16].not_x0.rf_dff/qout_r_reg[28]
  Impl DFF        Name(Last) i:/WORK/g03_top_IO/u_g03_soc/u_gpr_top/u_gpr/gpr_rw[16].not_x0.rf_dff/qout_r_reg[28]

  Ref  DFF        Name(Last) r:/WORK/g03_top_IO/u_g03_soc/u_gpr_top/u_gpr/gpr_rw[16].not_x0.rf_dff/qout_r_reg[29]
  Impl DFF        Name(Last) i:/WORK/g03_top_IO/u_g03_soc/u_gpr_top/u_gpr/gpr_rw[16].not_x0.rf_dff/qout_r_reg[29]

  Ref  DFF        Name(Last) r:/WORK/g03_top_IO/u_g03_soc/u_gpr_top/u_gpr/gpr_rw[16].not_x0.rf_dff/qout_r_reg[2]
  Impl DFF        Name(Last) i:/WORK/g03_top_IO/u_g03_soc/u_gpr_top/u_gpr/gpr_rw[16].not_x0.rf_dff/qout_r_reg[2]

  Ref  DFF        Name(Last) r:/WORK/g03_top_IO/u_g03_soc/u_gpr_top/u_gpr/gpr_rw[16].not_x0.rf_dff/qout_r_reg[30]
  Impl DFF        Name(Last) i:/WORK/g03_top_IO/u_g03_soc/u_gpr_top/u_gpr/gpr_rw[16].not_x0.rf_dff/qout_r_reg[30]

  Ref  DFF        Name(Last) r:/WORK/g03_top_IO/u_g03_soc/u_gpr_top/u_gpr/gpr_rw[16].not_x0.rf_dff/qout_r_reg[31]
  Impl DFF        Name(Last) i:/WORK/g03_top_IO/u_g03_soc/u_gpr_top/u_gpr/gpr_rw[16].not_x0.rf_dff/qout_r_reg[31]

  Ref  DFF        Name(Last) r:/WORK/g03_top_IO/u_g03_soc/u_gpr_top/u_gpr/gpr_rw[16].not_x0.rf_dff/qout_r_reg[3]
  Impl DFF        Name(Last) i:/WORK/g03_top_IO/u_g03_soc/u_gpr_top/u_gpr/gpr_rw[16].not_x0.rf_dff/qout_r_reg[3]

  Ref  DFF        Name(Last) r:/WORK/g03_top_IO/u_g03_soc/u_gpr_top/u_gpr/gpr_rw[16].not_x0.rf_dff/qout_r_reg[4]
  Impl DFF        Name(Last) i:/WORK/g03_top_IO/u_g03_soc/u_gpr_top/u_gpr/gpr_rw[16].not_x0.rf_dff/qout_r_reg[4]

  Ref  DFF        Name(Last) r:/WORK/g03_top_IO/u_g03_soc/u_gpr_top/u_gpr/gpr_rw[16].not_x0.rf_dff/qout_r_reg[5]
  Impl DFF        Name(Last) i:/WORK/g03_top_IO/u_g03_soc/u_gpr_top/u_gpr/gpr_rw[16].not_x0.rf_dff/qout_r_reg[5]

  Ref  DFF        Name(Last) r:/WORK/g03_top_IO/u_g03_soc/u_gpr_top/u_gpr/gpr_rw[16].not_x0.rf_dff/qout_r_reg[6]
  Impl DFF        Name(Last) i:/WORK/g03_top_IO/u_g03_soc/u_gpr_top/u_gpr/gpr_rw[16].not_x0.rf_dff/qout_r_reg[6]

  Ref  DFF        Name(Last) r:/WORK/g03_top_IO/u_g03_soc/u_gpr_top/u_gpr/gpr_rw[16].not_x0.rf_dff/qout_r_reg[7]
  Impl DFF        Name(Last) i:/WORK/g03_top_IO/u_g03_soc/u_gpr_top/u_gpr/gpr_rw[16].not_x0.rf_dff/qout_r_reg[7]

  Ref  DFF        Name(Last) r:/WORK/g03_top_IO/u_g03_soc/u_gpr_top/u_gpr/gpr_rw[16].not_x0.rf_dff/qout_r_reg[8]
  Impl DFF        Name(Last) i:/WORK/g03_top_IO/u_g03_soc/u_gpr_top/u_gpr/gpr_rw[16].not_x0.rf_dff/qout_r_reg[8]

  Ref  DFF        Name(Last) r:/WORK/g03_top_IO/u_g03_soc/u_gpr_top/u_gpr/gpr_rw[16].not_x0.rf_dff/qout_r_reg[9]
  Impl DFF        Name(Last) i:/WORK/g03_top_IO/u_g03_soc/u_gpr_top/u_gpr/gpr_rw[16].not_x0.rf_dff/qout_r_reg[9]

  Ref  DFF        Name(Last) r:/WORK/g03_top_IO/u_g03_soc/u_gpr_top/u_gpr/gpr_rw[17].not_x0.rf_dff/qout_r_reg[0]
  Impl DFF        Name(Last) i:/WORK/g03_top_IO/u_g03_soc/u_gpr_top/u_gpr/gpr_rw[17].not_x0.rf_dff/qout_r_reg[0]

  Ref  DFF        Name(Last) r:/WORK/g03_top_IO/u_g03_soc/u_gpr_top/u_gpr/gpr_rw[17].not_x0.rf_dff/qout_r_reg[10]
  Impl DFF        Name(Last) i:/WORK/g03_top_IO/u_g03_soc/u_gpr_top/u_gpr/gpr_rw[17].not_x0.rf_dff/qout_r_reg[10]

  Ref  DFF        Name(Last) r:/WORK/g03_top_IO/u_g03_soc/u_gpr_top/u_gpr/gpr_rw[17].not_x0.rf_dff/qout_r_reg[11]
  Impl DFF        Name(Last) i:/WORK/g03_top_IO/u_g03_soc/u_gpr_top/u_gpr/gpr_rw[17].not_x0.rf_dff/qout_r_reg[11]

  Ref  DFF        Name(Last) r:/WORK/g03_top_IO/u_g03_soc/u_gpr_top/u_gpr/gpr_rw[17].not_x0.rf_dff/qout_r_reg[12]
  Impl DFF        Name(Last) i:/WORK/g03_top_IO/u_g03_soc/u_gpr_top/u_gpr/gpr_rw[17].not_x0.rf_dff/qout_r_reg[12]

  Ref  DFF        Name(Last) r:/WORK/g03_top_IO/u_g03_soc/u_gpr_top/u_gpr/gpr_rw[17].not_x0.rf_dff/qout_r_reg[13]
  Impl DFF        Name(Last) i:/WORK/g03_top_IO/u_g03_soc/u_gpr_top/u_gpr/gpr_rw[17].not_x0.rf_dff/qout_r_reg[13]

  Ref  DFF        Name(Last) r:/WORK/g03_top_IO/u_g03_soc/u_gpr_top/u_gpr/gpr_rw[17].not_x0.rf_dff/qout_r_reg[14]
  Impl DFF        Name(Last) i:/WORK/g03_top_IO/u_g03_soc/u_gpr_top/u_gpr/gpr_rw[17].not_x0.rf_dff/qout_r_reg[14]

  Ref  DFF        Name(Last) r:/WORK/g03_top_IO/u_g03_soc/u_gpr_top/u_gpr/gpr_rw[17].not_x0.rf_dff/qout_r_reg[15]
  Impl DFF        Name(Last) i:/WORK/g03_top_IO/u_g03_soc/u_gpr_top/u_gpr/gpr_rw[17].not_x0.rf_dff/qout_r_reg[15]

  Ref  DFF        Name(Last) r:/WORK/g03_top_IO/u_g03_soc/u_gpr_top/u_gpr/gpr_rw[17].not_x0.rf_dff/qout_r_reg[16]
  Impl DFF        Name(Last) i:/WORK/g03_top_IO/u_g03_soc/u_gpr_top/u_gpr/gpr_rw[17].not_x0.rf_dff/qout_r_reg[16]

  Ref  DFF        Name(Last) r:/WORK/g03_top_IO/u_g03_soc/u_gpr_top/u_gpr/gpr_rw[17].not_x0.rf_dff/qout_r_reg[17]
  Impl DFF        Name(Last) i:/WORK/g03_top_IO/u_g03_soc/u_gpr_top/u_gpr/gpr_rw[17].not_x0.rf_dff/qout_r_reg[17]

  Ref  DFF        Name(Last) r:/WORK/g03_top_IO/u_g03_soc/u_gpr_top/u_gpr/gpr_rw[17].not_x0.rf_dff/qout_r_reg[18]
  Impl DFF        Name(Last) i:/WORK/g03_top_IO/u_g03_soc/u_gpr_top/u_gpr/gpr_rw[17].not_x0.rf_dff/qout_r_reg[18]

  Ref  DFF        Name(Last) r:/WORK/g03_top_IO/u_g03_soc/u_gpr_top/u_gpr/gpr_rw[17].not_x0.rf_dff/qout_r_reg[19]
  Impl DFF        Name(Last) i:/WORK/g03_top_IO/u_g03_soc/u_gpr_top/u_gpr/gpr_rw[17].not_x0.rf_dff/qout_r_reg[19]

  Ref  DFF        Name(Last) r:/WORK/g03_top_IO/u_g03_soc/u_gpr_top/u_gpr/gpr_rw[17].not_x0.rf_dff/qout_r_reg[1]
  Impl DFF        Name(Last) i:/WORK/g03_top_IO/u_g03_soc/u_gpr_top/u_gpr/gpr_rw[17].not_x0.rf_dff/qout_r_reg[1]

  Ref  DFF        Name(Last) r:/WORK/g03_top_IO/u_g03_soc/u_gpr_top/u_gpr/gpr_rw[17].not_x0.rf_dff/qout_r_reg[20]
  Impl DFF        Name(Last) i:/WORK/g03_top_IO/u_g03_soc/u_gpr_top/u_gpr/gpr_rw[17].not_x0.rf_dff/qout_r_reg[20]

  Ref  DFF        Name(Last) r:/WORK/g03_top_IO/u_g03_soc/u_gpr_top/u_gpr/gpr_rw[17].not_x0.rf_dff/qout_r_reg[21]
  Impl DFF        Name(Last) i:/WORK/g03_top_IO/u_g03_soc/u_gpr_top/u_gpr/gpr_rw[17].not_x0.rf_dff/qout_r_reg[21]

  Ref  DFF        Name(Last) r:/WORK/g03_top_IO/u_g03_soc/u_gpr_top/u_gpr/gpr_rw[17].not_x0.rf_dff/qout_r_reg[22]
  Impl DFF        Name(Last) i:/WORK/g03_top_IO/u_g03_soc/u_gpr_top/u_gpr/gpr_rw[17].not_x0.rf_dff/qout_r_reg[22]

  Ref  DFF        Name(Last) r:/WORK/g03_top_IO/u_g03_soc/u_gpr_top/u_gpr/gpr_rw[17].not_x0.rf_dff/qout_r_reg[23]
  Impl DFF        Name(Last) i:/WORK/g03_top_IO/u_g03_soc/u_gpr_top/u_gpr/gpr_rw[17].not_x0.rf_dff/qout_r_reg[23]

  Ref  DFF        Name(Last) r:/WORK/g03_top_IO/u_g03_soc/u_gpr_top/u_gpr/gpr_rw[17].not_x0.rf_dff/qout_r_reg[24]
  Impl DFF        Name(Last) i:/WORK/g03_top_IO/u_g03_soc/u_gpr_top/u_gpr/gpr_rw[17].not_x0.rf_dff/qout_r_reg[24]

  Ref  DFF        Name(Last) r:/WORK/g03_top_IO/u_g03_soc/u_gpr_top/u_gpr/gpr_rw[17].not_x0.rf_dff/qout_r_reg[25]
  Impl DFF        Name(Last) i:/WORK/g03_top_IO/u_g03_soc/u_gpr_top/u_gpr/gpr_rw[17].not_x0.rf_dff/qout_r_reg[25]

  Ref  DFF        Name(Last) r:/WORK/g03_top_IO/u_g03_soc/u_gpr_top/u_gpr/gpr_rw[17].not_x0.rf_dff/qout_r_reg[26]
  Impl DFF        Name(Last) i:/WORK/g03_top_IO/u_g03_soc/u_gpr_top/u_gpr/gpr_rw[17].not_x0.rf_dff/qout_r_reg[26]

  Ref  DFF        Name(Last) r:/WORK/g03_top_IO/u_g03_soc/u_gpr_top/u_gpr/gpr_rw[17].not_x0.rf_dff/qout_r_reg[27]
  Impl DFF        Name(Last) i:/WORK/g03_top_IO/u_g03_soc/u_gpr_top/u_gpr/gpr_rw[17].not_x0.rf_dff/qout_r_reg[27]

  Ref  DFF        Name(Last) r:/WORK/g03_top_IO/u_g03_soc/u_gpr_top/u_gpr/gpr_rw[17].not_x0.rf_dff/qout_r_reg[28]
  Impl DFF        Name(Last) i:/WORK/g03_top_IO/u_g03_soc/u_gpr_top/u_gpr/gpr_rw[17].not_x0.rf_dff/qout_r_reg[28]

  Ref  DFF        Name(Last) r:/WORK/g03_top_IO/u_g03_soc/u_gpr_top/u_gpr/gpr_rw[17].not_x0.rf_dff/qout_r_reg[29]
  Impl DFF        Name(Last) i:/WORK/g03_top_IO/u_g03_soc/u_gpr_top/u_gpr/gpr_rw[17].not_x0.rf_dff/qout_r_reg[29]

  Ref  DFF        Name(Last) r:/WORK/g03_top_IO/u_g03_soc/u_gpr_top/u_gpr/gpr_rw[17].not_x0.rf_dff/qout_r_reg[2]
  Impl DFF        Name(Last) i:/WORK/g03_top_IO/u_g03_soc/u_gpr_top/u_gpr/gpr_rw[17].not_x0.rf_dff/qout_r_reg[2]

  Ref  DFF        Name(Last) r:/WORK/g03_top_IO/u_g03_soc/u_gpr_top/u_gpr/gpr_rw[17].not_x0.rf_dff/qout_r_reg[30]
  Impl DFF        Name(Last) i:/WORK/g03_top_IO/u_g03_soc/u_gpr_top/u_gpr/gpr_rw[17].not_x0.rf_dff/qout_r_reg[30]

  Ref  DFF        Name(Last) r:/WORK/g03_top_IO/u_g03_soc/u_gpr_top/u_gpr/gpr_rw[17].not_x0.rf_dff/qout_r_reg[31]
  Impl DFF        Name(Last) i:/WORK/g03_top_IO/u_g03_soc/u_gpr_top/u_gpr/gpr_rw[17].not_x0.rf_dff/qout_r_reg[31]

  Ref  DFF        Name(Last) r:/WORK/g03_top_IO/u_g03_soc/u_gpr_top/u_gpr/gpr_rw[17].not_x0.rf_dff/qout_r_reg[3]
  Impl DFF        Name(Last) i:/WORK/g03_top_IO/u_g03_soc/u_gpr_top/u_gpr/gpr_rw[17].not_x0.rf_dff/qout_r_reg[3]

  Ref  DFF        Name(Last) r:/WORK/g03_top_IO/u_g03_soc/u_gpr_top/u_gpr/gpr_rw[17].not_x0.rf_dff/qout_r_reg[4]
  Impl DFF        Name(Last) i:/WORK/g03_top_IO/u_g03_soc/u_gpr_top/u_gpr/gpr_rw[17].not_x0.rf_dff/qout_r_reg[4]

  Ref  DFF        Name(Last) r:/WORK/g03_top_IO/u_g03_soc/u_gpr_top/u_gpr/gpr_rw[17].not_x0.rf_dff/qout_r_reg[5]
  Impl DFF        Name(Last) i:/WORK/g03_top_IO/u_g03_soc/u_gpr_top/u_gpr/gpr_rw[17].not_x0.rf_dff/qout_r_reg[5]

  Ref  DFF        Name(Last) r:/WORK/g03_top_IO/u_g03_soc/u_gpr_top/u_gpr/gpr_rw[17].not_x0.rf_dff/qout_r_reg[6]
  Impl DFF        Name(Last) i:/WORK/g03_top_IO/u_g03_soc/u_gpr_top/u_gpr/gpr_rw[17].not_x0.rf_dff/qout_r_reg[6]

  Ref  DFF        Name(Last) r:/WORK/g03_top_IO/u_g03_soc/u_gpr_top/u_gpr/gpr_rw[17].not_x0.rf_dff/qout_r_reg[7]
  Impl DFF        Name(Last) i:/WORK/g03_top_IO/u_g03_soc/u_gpr_top/u_gpr/gpr_rw[17].not_x0.rf_dff/qout_r_reg[7]

  Ref  DFF        Name(Last) r:/WORK/g03_top_IO/u_g03_soc/u_gpr_top/u_gpr/gpr_rw[17].not_x0.rf_dff/qout_r_reg[8]
  Impl DFF        Name(Last) i:/WORK/g03_top_IO/u_g03_soc/u_gpr_top/u_gpr/gpr_rw[17].not_x0.rf_dff/qout_r_reg[8]

  Ref  DFF        Name(Last) r:/WORK/g03_top_IO/u_g03_soc/u_gpr_top/u_gpr/gpr_rw[17].not_x0.rf_dff/qout_r_reg[9]
  Impl DFF        Name(Last) i:/WORK/g03_top_IO/u_g03_soc/u_gpr_top/u_gpr/gpr_rw[17].not_x0.rf_dff/qout_r_reg[9]

  Ref  DFF        Name(Last) r:/WORK/g03_top_IO/u_g03_soc/u_gpr_top/u_gpr/gpr_rw[18].not_x0.rf_dff/qout_r_reg[0]
  Impl DFF        Name(Last) i:/WORK/g03_top_IO/u_g03_soc/u_gpr_top/u_gpr/gpr_rw[18].not_x0.rf_dff/qout_r_reg[0]

  Ref  DFF        Name(Last) r:/WORK/g03_top_IO/u_g03_soc/u_gpr_top/u_gpr/gpr_rw[18].not_x0.rf_dff/qout_r_reg[10]
  Impl DFF        Name(Last) i:/WORK/g03_top_IO/u_g03_soc/u_gpr_top/u_gpr/gpr_rw[18].not_x0.rf_dff/qout_r_reg[10]

  Ref  DFF        Name(Last) r:/WORK/g03_top_IO/u_g03_soc/u_gpr_top/u_gpr/gpr_rw[18].not_x0.rf_dff/qout_r_reg[11]
  Impl DFF        Name(Last) i:/WORK/g03_top_IO/u_g03_soc/u_gpr_top/u_gpr/gpr_rw[18].not_x0.rf_dff/qout_r_reg[11]

  Ref  DFF        Name(Last) r:/WORK/g03_top_IO/u_g03_soc/u_gpr_top/u_gpr/gpr_rw[18].not_x0.rf_dff/qout_r_reg[12]
  Impl DFF        Name(Last) i:/WORK/g03_top_IO/u_g03_soc/u_gpr_top/u_gpr/gpr_rw[18].not_x0.rf_dff/qout_r_reg[12]

  Ref  DFF        Name(Last) r:/WORK/g03_top_IO/u_g03_soc/u_gpr_top/u_gpr/gpr_rw[18].not_x0.rf_dff/qout_r_reg[13]
  Impl DFF        Name(Last) i:/WORK/g03_top_IO/u_g03_soc/u_gpr_top/u_gpr/gpr_rw[18].not_x0.rf_dff/qout_r_reg[13]

  Ref  DFF        Name(Last) r:/WORK/g03_top_IO/u_g03_soc/u_gpr_top/u_gpr/gpr_rw[18].not_x0.rf_dff/qout_r_reg[14]
  Impl DFF        Name(Last) i:/WORK/g03_top_IO/u_g03_soc/u_gpr_top/u_gpr/gpr_rw[18].not_x0.rf_dff/qout_r_reg[14]

  Ref  DFF        Name(Last) r:/WORK/g03_top_IO/u_g03_soc/u_gpr_top/u_gpr/gpr_rw[18].not_x0.rf_dff/qout_r_reg[15]
  Impl DFF        Name(Last) i:/WORK/g03_top_IO/u_g03_soc/u_gpr_top/u_gpr/gpr_rw[18].not_x0.rf_dff/qout_r_reg[15]

  Ref  DFF        Name(Last) r:/WORK/g03_top_IO/u_g03_soc/u_gpr_top/u_gpr/gpr_rw[18].not_x0.rf_dff/qout_r_reg[16]
  Impl DFF        Name(Last) i:/WORK/g03_top_IO/u_g03_soc/u_gpr_top/u_gpr/gpr_rw[18].not_x0.rf_dff/qout_r_reg[16]

  Ref  DFF        Name(Last) r:/WORK/g03_top_IO/u_g03_soc/u_gpr_top/u_gpr/gpr_rw[18].not_x0.rf_dff/qout_r_reg[17]
  Impl DFF        Name(Last) i:/WORK/g03_top_IO/u_g03_soc/u_gpr_top/u_gpr/gpr_rw[18].not_x0.rf_dff/qout_r_reg[17]

  Ref  DFF        Name(Last) r:/WORK/g03_top_IO/u_g03_soc/u_gpr_top/u_gpr/gpr_rw[18].not_x0.rf_dff/qout_r_reg[18]
  Impl DFF        Name(Last) i:/WORK/g03_top_IO/u_g03_soc/u_gpr_top/u_gpr/gpr_rw[18].not_x0.rf_dff/qout_r_reg[18]

  Ref  DFF        Name(Last) r:/WORK/g03_top_IO/u_g03_soc/u_gpr_top/u_gpr/gpr_rw[18].not_x0.rf_dff/qout_r_reg[19]
  Impl DFF        Name(Last) i:/WORK/g03_top_IO/u_g03_soc/u_gpr_top/u_gpr/gpr_rw[18].not_x0.rf_dff/qout_r_reg[19]

  Ref  DFF        Name(Last) r:/WORK/g03_top_IO/u_g03_soc/u_gpr_top/u_gpr/gpr_rw[18].not_x0.rf_dff/qout_r_reg[1]
  Impl DFF        Name(Last) i:/WORK/g03_top_IO/u_g03_soc/u_gpr_top/u_gpr/gpr_rw[18].not_x0.rf_dff/qout_r_reg[1]

  Ref  DFF        Name(Last) r:/WORK/g03_top_IO/u_g03_soc/u_gpr_top/u_gpr/gpr_rw[18].not_x0.rf_dff/qout_r_reg[20]
  Impl DFF        Name(Last) i:/WORK/g03_top_IO/u_g03_soc/u_gpr_top/u_gpr/gpr_rw[18].not_x0.rf_dff/qout_r_reg[20]

  Ref  DFF        Name(Last) r:/WORK/g03_top_IO/u_g03_soc/u_gpr_top/u_gpr/gpr_rw[18].not_x0.rf_dff/qout_r_reg[21]
  Impl DFF        Name(Last) i:/WORK/g03_top_IO/u_g03_soc/u_gpr_top/u_gpr/gpr_rw[18].not_x0.rf_dff/qout_r_reg[21]

  Ref  DFF        Name(Last) r:/WORK/g03_top_IO/u_g03_soc/u_gpr_top/u_gpr/gpr_rw[18].not_x0.rf_dff/qout_r_reg[22]
  Impl DFF        Name(Last) i:/WORK/g03_top_IO/u_g03_soc/u_gpr_top/u_gpr/gpr_rw[18].not_x0.rf_dff/qout_r_reg[22]

  Ref  DFF        Name(Last) r:/WORK/g03_top_IO/u_g03_soc/u_gpr_top/u_gpr/gpr_rw[18].not_x0.rf_dff/qout_r_reg[23]
  Impl DFF        Name(Last) i:/WORK/g03_top_IO/u_g03_soc/u_gpr_top/u_gpr/gpr_rw[18].not_x0.rf_dff/qout_r_reg[23]

  Ref  DFF        Name(Last) r:/WORK/g03_top_IO/u_g03_soc/u_gpr_top/u_gpr/gpr_rw[18].not_x0.rf_dff/qout_r_reg[24]
  Impl DFF        Name(Last) i:/WORK/g03_top_IO/u_g03_soc/u_gpr_top/u_gpr/gpr_rw[18].not_x0.rf_dff/qout_r_reg[24]

  Ref  DFF        Name(Last) r:/WORK/g03_top_IO/u_g03_soc/u_gpr_top/u_gpr/gpr_rw[18].not_x0.rf_dff/qout_r_reg[25]
  Impl DFF        Name(Last) i:/WORK/g03_top_IO/u_g03_soc/u_gpr_top/u_gpr/gpr_rw[18].not_x0.rf_dff/qout_r_reg[25]

  Ref  DFF        Name(Last) r:/WORK/g03_top_IO/u_g03_soc/u_gpr_top/u_gpr/gpr_rw[18].not_x0.rf_dff/qout_r_reg[26]
  Impl DFF        Name(Last) i:/WORK/g03_top_IO/u_g03_soc/u_gpr_top/u_gpr/gpr_rw[18].not_x0.rf_dff/qout_r_reg[26]

  Ref  DFF        Name(Last) r:/WORK/g03_top_IO/u_g03_soc/u_gpr_top/u_gpr/gpr_rw[18].not_x0.rf_dff/qout_r_reg[27]
  Impl DFF        Name(Last) i:/WORK/g03_top_IO/u_g03_soc/u_gpr_top/u_gpr/gpr_rw[18].not_x0.rf_dff/qout_r_reg[27]

  Ref  DFF        Name(Last) r:/WORK/g03_top_IO/u_g03_soc/u_gpr_top/u_gpr/gpr_rw[18].not_x0.rf_dff/qout_r_reg[28]
  Impl DFF        Name(Last) i:/WORK/g03_top_IO/u_g03_soc/u_gpr_top/u_gpr/gpr_rw[18].not_x0.rf_dff/qout_r_reg[28]

  Ref  DFF        Name(Last) r:/WORK/g03_top_IO/u_g03_soc/u_gpr_top/u_gpr/gpr_rw[18].not_x0.rf_dff/qout_r_reg[29]
  Impl DFF        Name(Last) i:/WORK/g03_top_IO/u_g03_soc/u_gpr_top/u_gpr/gpr_rw[18].not_x0.rf_dff/qout_r_reg[29]

  Ref  DFF        Name(Last) r:/WORK/g03_top_IO/u_g03_soc/u_gpr_top/u_gpr/gpr_rw[18].not_x0.rf_dff/qout_r_reg[2]
  Impl DFF        Name(Last) i:/WORK/g03_top_IO/u_g03_soc/u_gpr_top/u_gpr/gpr_rw[18].not_x0.rf_dff/qout_r_reg[2]

  Ref  DFF        Name(Last) r:/WORK/g03_top_IO/u_g03_soc/u_gpr_top/u_gpr/gpr_rw[18].not_x0.rf_dff/qout_r_reg[30]
  Impl DFF        Name(Last) i:/WORK/g03_top_IO/u_g03_soc/u_gpr_top/u_gpr/gpr_rw[18].not_x0.rf_dff/qout_r_reg[30]

  Ref  DFF        Name(Last) r:/WORK/g03_top_IO/u_g03_soc/u_gpr_top/u_gpr/gpr_rw[18].not_x0.rf_dff/qout_r_reg[31]
  Impl DFF        Name(Last) i:/WORK/g03_top_IO/u_g03_soc/u_gpr_top/u_gpr/gpr_rw[18].not_x0.rf_dff/qout_r_reg[31]

  Ref  DFF        Name(Last) r:/WORK/g03_top_IO/u_g03_soc/u_gpr_top/u_gpr/gpr_rw[18].not_x0.rf_dff/qout_r_reg[3]
  Impl DFF        Name(Last) i:/WORK/g03_top_IO/u_g03_soc/u_gpr_top/u_gpr/gpr_rw[18].not_x0.rf_dff/qout_r_reg[3]

  Ref  DFF        Name(Last) r:/WORK/g03_top_IO/u_g03_soc/u_gpr_top/u_gpr/gpr_rw[18].not_x0.rf_dff/qout_r_reg[4]
  Impl DFF        Name(Last) i:/WORK/g03_top_IO/u_g03_soc/u_gpr_top/u_gpr/gpr_rw[18].not_x0.rf_dff/qout_r_reg[4]

  Ref  DFF        Name(Last) r:/WORK/g03_top_IO/u_g03_soc/u_gpr_top/u_gpr/gpr_rw[18].not_x0.rf_dff/qout_r_reg[5]
  Impl DFF        Name(Last) i:/WORK/g03_top_IO/u_g03_soc/u_gpr_top/u_gpr/gpr_rw[18].not_x0.rf_dff/qout_r_reg[5]

  Ref  DFF        Name(Last) r:/WORK/g03_top_IO/u_g03_soc/u_gpr_top/u_gpr/gpr_rw[18].not_x0.rf_dff/qout_r_reg[6]
  Impl DFF        Name(Last) i:/WORK/g03_top_IO/u_g03_soc/u_gpr_top/u_gpr/gpr_rw[18].not_x0.rf_dff/qout_r_reg[6]

  Ref  DFF        Name(Last) r:/WORK/g03_top_IO/u_g03_soc/u_gpr_top/u_gpr/gpr_rw[18].not_x0.rf_dff/qout_r_reg[7]
  Impl DFF        Name(Last) i:/WORK/g03_top_IO/u_g03_soc/u_gpr_top/u_gpr/gpr_rw[18].not_x0.rf_dff/qout_r_reg[7]

  Ref  DFF        Name(Last) r:/WORK/g03_top_IO/u_g03_soc/u_gpr_top/u_gpr/gpr_rw[18].not_x0.rf_dff/qout_r_reg[8]
  Impl DFF        Name(Last) i:/WORK/g03_top_IO/u_g03_soc/u_gpr_top/u_gpr/gpr_rw[18].not_x0.rf_dff/qout_r_reg[8]

  Ref  DFF        Name(Last) r:/WORK/g03_top_IO/u_g03_soc/u_gpr_top/u_gpr/gpr_rw[18].not_x0.rf_dff/qout_r_reg[9]
  Impl DFF        Name(Last) i:/WORK/g03_top_IO/u_g03_soc/u_gpr_top/u_gpr/gpr_rw[18].not_x0.rf_dff/qout_r_reg[9]

  Ref  DFF        Name(Last) r:/WORK/g03_top_IO/u_g03_soc/u_gpr_top/u_gpr/gpr_rw[19].not_x0.rf_dff/qout_r_reg[0]
  Impl DFF        Name(Last) i:/WORK/g03_top_IO/u_g03_soc/u_gpr_top/u_gpr/gpr_rw[19].not_x0.rf_dff/qout_r_reg[0]

  Ref  DFF        Name(Last) r:/WORK/g03_top_IO/u_g03_soc/u_gpr_top/u_gpr/gpr_rw[19].not_x0.rf_dff/qout_r_reg[10]
  Impl DFF        Name(Last) i:/WORK/g03_top_IO/u_g03_soc/u_gpr_top/u_gpr/gpr_rw[19].not_x0.rf_dff/qout_r_reg[10]

  Ref  DFF        Name(Last) r:/WORK/g03_top_IO/u_g03_soc/u_gpr_top/u_gpr/gpr_rw[19].not_x0.rf_dff/qout_r_reg[11]
  Impl DFF        Name(Last) i:/WORK/g03_top_IO/u_g03_soc/u_gpr_top/u_gpr/gpr_rw[19].not_x0.rf_dff/qout_r_reg[11]

  Ref  DFF        Name(Last) r:/WORK/g03_top_IO/u_g03_soc/u_gpr_top/u_gpr/gpr_rw[19].not_x0.rf_dff/qout_r_reg[12]
  Impl DFF        Name(Last) i:/WORK/g03_top_IO/u_g03_soc/u_gpr_top/u_gpr/gpr_rw[19].not_x0.rf_dff/qout_r_reg[12]

  Ref  DFF        Name(Last) r:/WORK/g03_top_IO/u_g03_soc/u_gpr_top/u_gpr/gpr_rw[19].not_x0.rf_dff/qout_r_reg[13]
  Impl DFF        Name(Last) i:/WORK/g03_top_IO/u_g03_soc/u_gpr_top/u_gpr/gpr_rw[19].not_x0.rf_dff/qout_r_reg[13]

  Ref  DFF        Name(Last) r:/WORK/g03_top_IO/u_g03_soc/u_gpr_top/u_gpr/gpr_rw[19].not_x0.rf_dff/qout_r_reg[14]
  Impl DFF        Name(Last) i:/WORK/g03_top_IO/u_g03_soc/u_gpr_top/u_gpr/gpr_rw[19].not_x0.rf_dff/qout_r_reg[14]

  Ref  DFF        Name(Last) r:/WORK/g03_top_IO/u_g03_soc/u_gpr_top/u_gpr/gpr_rw[19].not_x0.rf_dff/qout_r_reg[15]
  Impl DFF        Name(Last) i:/WORK/g03_top_IO/u_g03_soc/u_gpr_top/u_gpr/gpr_rw[19].not_x0.rf_dff/qout_r_reg[15]

  Ref  DFF        Name(Last) r:/WORK/g03_top_IO/u_g03_soc/u_gpr_top/u_gpr/gpr_rw[19].not_x0.rf_dff/qout_r_reg[16]
  Impl DFF        Name(Last) i:/WORK/g03_top_IO/u_g03_soc/u_gpr_top/u_gpr/gpr_rw[19].not_x0.rf_dff/qout_r_reg[16]

  Ref  DFF        Name(Last) r:/WORK/g03_top_IO/u_g03_soc/u_gpr_top/u_gpr/gpr_rw[19].not_x0.rf_dff/qout_r_reg[17]
  Impl DFF        Name(Last) i:/WORK/g03_top_IO/u_g03_soc/u_gpr_top/u_gpr/gpr_rw[19].not_x0.rf_dff/qout_r_reg[17]

  Ref  DFF        Name(Last) r:/WORK/g03_top_IO/u_g03_soc/u_gpr_top/u_gpr/gpr_rw[19].not_x0.rf_dff/qout_r_reg[18]
  Impl DFF        Name(Last) i:/WORK/g03_top_IO/u_g03_soc/u_gpr_top/u_gpr/gpr_rw[19].not_x0.rf_dff/qout_r_reg[18]

  Ref  DFF        Name(Last) r:/WORK/g03_top_IO/u_g03_soc/u_gpr_top/u_gpr/gpr_rw[19].not_x0.rf_dff/qout_r_reg[19]
  Impl DFF        Name(Last) i:/WORK/g03_top_IO/u_g03_soc/u_gpr_top/u_gpr/gpr_rw[19].not_x0.rf_dff/qout_r_reg[19]

  Ref  DFF        Name(Last) r:/WORK/g03_top_IO/u_g03_soc/u_gpr_top/u_gpr/gpr_rw[19].not_x0.rf_dff/qout_r_reg[1]
  Impl DFF        Name(Last) i:/WORK/g03_top_IO/u_g03_soc/u_gpr_top/u_gpr/gpr_rw[19].not_x0.rf_dff/qout_r_reg[1]

  Ref  DFF        Name(Last) r:/WORK/g03_top_IO/u_g03_soc/u_gpr_top/u_gpr/gpr_rw[19].not_x0.rf_dff/qout_r_reg[20]
  Impl DFF        Name(Last) i:/WORK/g03_top_IO/u_g03_soc/u_gpr_top/u_gpr/gpr_rw[19].not_x0.rf_dff/qout_r_reg[20]

  Ref  DFF        Name(Last) r:/WORK/g03_top_IO/u_g03_soc/u_gpr_top/u_gpr/gpr_rw[19].not_x0.rf_dff/qout_r_reg[21]
  Impl DFF        Name(Last) i:/WORK/g03_top_IO/u_g03_soc/u_gpr_top/u_gpr/gpr_rw[19].not_x0.rf_dff/qout_r_reg[21]

  Ref  DFF        Name(Last) r:/WORK/g03_top_IO/u_g03_soc/u_gpr_top/u_gpr/gpr_rw[19].not_x0.rf_dff/qout_r_reg[22]
  Impl DFF        Name(Last) i:/WORK/g03_top_IO/u_g03_soc/u_gpr_top/u_gpr/gpr_rw[19].not_x0.rf_dff/qout_r_reg[22]

  Ref  DFF        Name(Last) r:/WORK/g03_top_IO/u_g03_soc/u_gpr_top/u_gpr/gpr_rw[19].not_x0.rf_dff/qout_r_reg[23]
  Impl DFF        Name(Last) i:/WORK/g03_top_IO/u_g03_soc/u_gpr_top/u_gpr/gpr_rw[19].not_x0.rf_dff/qout_r_reg[23]

  Ref  DFF        Name(Last) r:/WORK/g03_top_IO/u_g03_soc/u_gpr_top/u_gpr/gpr_rw[19].not_x0.rf_dff/qout_r_reg[24]
  Impl DFF        Name(Last) i:/WORK/g03_top_IO/u_g03_soc/u_gpr_top/u_gpr/gpr_rw[19].not_x0.rf_dff/qout_r_reg[24]

  Ref  DFF        Name(Last) r:/WORK/g03_top_IO/u_g03_soc/u_gpr_top/u_gpr/gpr_rw[19].not_x0.rf_dff/qout_r_reg[25]
  Impl DFF        Name(Last) i:/WORK/g03_top_IO/u_g03_soc/u_gpr_top/u_gpr/gpr_rw[19].not_x0.rf_dff/qout_r_reg[25]

  Ref  DFF        Name(Last) r:/WORK/g03_top_IO/u_g03_soc/u_gpr_top/u_gpr/gpr_rw[19].not_x0.rf_dff/qout_r_reg[26]
  Impl DFF        Name(Last) i:/WORK/g03_top_IO/u_g03_soc/u_gpr_top/u_gpr/gpr_rw[19].not_x0.rf_dff/qout_r_reg[26]

  Ref  DFF        Name(Last) r:/WORK/g03_top_IO/u_g03_soc/u_gpr_top/u_gpr/gpr_rw[19].not_x0.rf_dff/qout_r_reg[27]
  Impl DFF        Name(Last) i:/WORK/g03_top_IO/u_g03_soc/u_gpr_top/u_gpr/gpr_rw[19].not_x0.rf_dff/qout_r_reg[27]

  Ref  DFF        Name(Last) r:/WORK/g03_top_IO/u_g03_soc/u_gpr_top/u_gpr/gpr_rw[19].not_x0.rf_dff/qout_r_reg[28]
  Impl DFF        Name(Last) i:/WORK/g03_top_IO/u_g03_soc/u_gpr_top/u_gpr/gpr_rw[19].not_x0.rf_dff/qout_r_reg[28]

  Ref  DFF        Name(Last) r:/WORK/g03_top_IO/u_g03_soc/u_gpr_top/u_gpr/gpr_rw[19].not_x0.rf_dff/qout_r_reg[29]
  Impl DFF        Name(Last) i:/WORK/g03_top_IO/u_g03_soc/u_gpr_top/u_gpr/gpr_rw[19].not_x0.rf_dff/qout_r_reg[29]

  Ref  DFF        Name(Last) r:/WORK/g03_top_IO/u_g03_soc/u_gpr_top/u_gpr/gpr_rw[19].not_x0.rf_dff/qout_r_reg[2]
  Impl DFF        Name(Last) i:/WORK/g03_top_IO/u_g03_soc/u_gpr_top/u_gpr/gpr_rw[19].not_x0.rf_dff/qout_r_reg[2]

  Ref  DFF        Name(Last) r:/WORK/g03_top_IO/u_g03_soc/u_gpr_top/u_gpr/gpr_rw[19].not_x0.rf_dff/qout_r_reg[30]
  Impl DFF        Name(Last) i:/WORK/g03_top_IO/u_g03_soc/u_gpr_top/u_gpr/gpr_rw[19].not_x0.rf_dff/qout_r_reg[30]

  Ref  DFF        Name(Last) r:/WORK/g03_top_IO/u_g03_soc/u_gpr_top/u_gpr/gpr_rw[19].not_x0.rf_dff/qout_r_reg[31]
  Impl DFF        Name(Last) i:/WORK/g03_top_IO/u_g03_soc/u_gpr_top/u_gpr/gpr_rw[19].not_x0.rf_dff/qout_r_reg[31]

  Ref  DFF        Name(Last) r:/WORK/g03_top_IO/u_g03_soc/u_gpr_top/u_gpr/gpr_rw[19].not_x0.rf_dff/qout_r_reg[3]
  Impl DFF        Name(Last) i:/WORK/g03_top_IO/u_g03_soc/u_gpr_top/u_gpr/gpr_rw[19].not_x0.rf_dff/qout_r_reg[3]

  Ref  DFF        Name(Last) r:/WORK/g03_top_IO/u_g03_soc/u_gpr_top/u_gpr/gpr_rw[19].not_x0.rf_dff/qout_r_reg[4]
  Impl DFF        Name(Last) i:/WORK/g03_top_IO/u_g03_soc/u_gpr_top/u_gpr/gpr_rw[19].not_x0.rf_dff/qout_r_reg[4]

  Ref  DFF        Name(Last) r:/WORK/g03_top_IO/u_g03_soc/u_gpr_top/u_gpr/gpr_rw[19].not_x0.rf_dff/qout_r_reg[5]
  Impl DFF        Name(Last) i:/WORK/g03_top_IO/u_g03_soc/u_gpr_top/u_gpr/gpr_rw[19].not_x0.rf_dff/qout_r_reg[5]

  Ref  DFF        Name(Last) r:/WORK/g03_top_IO/u_g03_soc/u_gpr_top/u_gpr/gpr_rw[19].not_x0.rf_dff/qout_r_reg[6]
  Impl DFF        Name(Last) i:/WORK/g03_top_IO/u_g03_soc/u_gpr_top/u_gpr/gpr_rw[19].not_x0.rf_dff/qout_r_reg[6]

  Ref  DFF        Name(Last) r:/WORK/g03_top_IO/u_g03_soc/u_gpr_top/u_gpr/gpr_rw[19].not_x0.rf_dff/qout_r_reg[7]
  Impl DFF        Name(Last) i:/WORK/g03_top_IO/u_g03_soc/u_gpr_top/u_gpr/gpr_rw[19].not_x0.rf_dff/qout_r_reg[7]

  Ref  DFF        Name(Last) r:/WORK/g03_top_IO/u_g03_soc/u_gpr_top/u_gpr/gpr_rw[19].not_x0.rf_dff/qout_r_reg[8]
  Impl DFF        Name(Last) i:/WORK/g03_top_IO/u_g03_soc/u_gpr_top/u_gpr/gpr_rw[19].not_x0.rf_dff/qout_r_reg[8]

  Ref  DFF        Name(Last) r:/WORK/g03_top_IO/u_g03_soc/u_gpr_top/u_gpr/gpr_rw[19].not_x0.rf_dff/qout_r_reg[9]
  Impl DFF        Name(Last) i:/WORK/g03_top_IO/u_g03_soc/u_gpr_top/u_gpr/gpr_rw[19].not_x0.rf_dff/qout_r_reg[9]

  Ref  DFF        Name(Last) r:/WORK/g03_top_IO/u_g03_soc/u_gpr_top/u_gpr/gpr_rw[1].not_x0.rf_dff/qout_r_reg[0]
  Impl DFF        Name(Last) i:/WORK/g03_top_IO/u_g03_soc/u_gpr_top/u_gpr/gpr_rw[1].not_x0.rf_dff/qout_r_reg[0]

  Ref  DFF        Name(Last) r:/WORK/g03_top_IO/u_g03_soc/u_gpr_top/u_gpr/gpr_rw[1].not_x0.rf_dff/qout_r_reg[10]
  Impl DFF        Name(Last) i:/WORK/g03_top_IO/u_g03_soc/u_gpr_top/u_gpr/gpr_rw[1].not_x0.rf_dff/qout_r_reg[10]

  Ref  DFF        Name(Last) r:/WORK/g03_top_IO/u_g03_soc/u_gpr_top/u_gpr/gpr_rw[1].not_x0.rf_dff/qout_r_reg[11]
  Impl DFF        Name(Last) i:/WORK/g03_top_IO/u_g03_soc/u_gpr_top/u_gpr/gpr_rw[1].not_x0.rf_dff/qout_r_reg[11]

  Ref  DFF        Name(Last) r:/WORK/g03_top_IO/u_g03_soc/u_gpr_top/u_gpr/gpr_rw[1].not_x0.rf_dff/qout_r_reg[12]
  Impl DFF        Name(Last) i:/WORK/g03_top_IO/u_g03_soc/u_gpr_top/u_gpr/gpr_rw[1].not_x0.rf_dff/qout_r_reg[12]

  Ref  DFF        Name(Last) r:/WORK/g03_top_IO/u_g03_soc/u_gpr_top/u_gpr/gpr_rw[1].not_x0.rf_dff/qout_r_reg[13]
  Impl DFF        Name(Last) i:/WORK/g03_top_IO/u_g03_soc/u_gpr_top/u_gpr/gpr_rw[1].not_x0.rf_dff/qout_r_reg[13]

  Ref  DFF        Name(Last) r:/WORK/g03_top_IO/u_g03_soc/u_gpr_top/u_gpr/gpr_rw[1].not_x0.rf_dff/qout_r_reg[14]
  Impl DFF        Name(Last) i:/WORK/g03_top_IO/u_g03_soc/u_gpr_top/u_gpr/gpr_rw[1].not_x0.rf_dff/qout_r_reg[14]

  Ref  DFF        Name(Last) r:/WORK/g03_top_IO/u_g03_soc/u_gpr_top/u_gpr/gpr_rw[1].not_x0.rf_dff/qout_r_reg[15]
  Impl DFF        Name(Last) i:/WORK/g03_top_IO/u_g03_soc/u_gpr_top/u_gpr/gpr_rw[1].not_x0.rf_dff/qout_r_reg[15]

  Ref  DFF        Name(Last) r:/WORK/g03_top_IO/u_g03_soc/u_gpr_top/u_gpr/gpr_rw[1].not_x0.rf_dff/qout_r_reg[16]
  Impl DFF        Name(Last) i:/WORK/g03_top_IO/u_g03_soc/u_gpr_top/u_gpr/gpr_rw[1].not_x0.rf_dff/qout_r_reg[16]

  Ref  DFF        Name(Last) r:/WORK/g03_top_IO/u_g03_soc/u_gpr_top/u_gpr/gpr_rw[1].not_x0.rf_dff/qout_r_reg[17]
  Impl DFF        Name(Last) i:/WORK/g03_top_IO/u_g03_soc/u_gpr_top/u_gpr/gpr_rw[1].not_x0.rf_dff/qout_r_reg[17]

  Ref  DFF        Name(Last) r:/WORK/g03_top_IO/u_g03_soc/u_gpr_top/u_gpr/gpr_rw[1].not_x0.rf_dff/qout_r_reg[18]
  Impl DFF        Name(Last) i:/WORK/g03_top_IO/u_g03_soc/u_gpr_top/u_gpr/gpr_rw[1].not_x0.rf_dff/qout_r_reg[18]

  Ref  DFF        Name(Last) r:/WORK/g03_top_IO/u_g03_soc/u_gpr_top/u_gpr/gpr_rw[1].not_x0.rf_dff/qout_r_reg[19]
  Impl DFF        Name(Last) i:/WORK/g03_top_IO/u_g03_soc/u_gpr_top/u_gpr/gpr_rw[1].not_x0.rf_dff/qout_r_reg[19]

  Ref  DFF        Name(Last) r:/WORK/g03_top_IO/u_g03_soc/u_gpr_top/u_gpr/gpr_rw[1].not_x0.rf_dff/qout_r_reg[1]
  Impl DFF        Name(Last) i:/WORK/g03_top_IO/u_g03_soc/u_gpr_top/u_gpr/gpr_rw[1].not_x0.rf_dff/qout_r_reg[1]

  Ref  DFF        Name(Last) r:/WORK/g03_top_IO/u_g03_soc/u_gpr_top/u_gpr/gpr_rw[1].not_x0.rf_dff/qout_r_reg[20]
  Impl DFF        Name(Last) i:/WORK/g03_top_IO/u_g03_soc/u_gpr_top/u_gpr/gpr_rw[1].not_x0.rf_dff/qout_r_reg[20]

  Ref  DFF        Name(Last) r:/WORK/g03_top_IO/u_g03_soc/u_gpr_top/u_gpr/gpr_rw[1].not_x0.rf_dff/qout_r_reg[21]
  Impl DFF        Name(Last) i:/WORK/g03_top_IO/u_g03_soc/u_gpr_top/u_gpr/gpr_rw[1].not_x0.rf_dff/qout_r_reg[21]

  Ref  DFF        Name(Last) r:/WORK/g03_top_IO/u_g03_soc/u_gpr_top/u_gpr/gpr_rw[1].not_x0.rf_dff/qout_r_reg[22]
  Impl DFF        Name(Last) i:/WORK/g03_top_IO/u_g03_soc/u_gpr_top/u_gpr/gpr_rw[1].not_x0.rf_dff/qout_r_reg[22]

  Ref  DFF        Name(Last) r:/WORK/g03_top_IO/u_g03_soc/u_gpr_top/u_gpr/gpr_rw[1].not_x0.rf_dff/qout_r_reg[23]
  Impl DFF        Name(Last) i:/WORK/g03_top_IO/u_g03_soc/u_gpr_top/u_gpr/gpr_rw[1].not_x0.rf_dff/qout_r_reg[23]

  Ref  DFF        Name(Last) r:/WORK/g03_top_IO/u_g03_soc/u_gpr_top/u_gpr/gpr_rw[1].not_x0.rf_dff/qout_r_reg[24]
  Impl DFF        Name(Last) i:/WORK/g03_top_IO/u_g03_soc/u_gpr_top/u_gpr/gpr_rw[1].not_x0.rf_dff/qout_r_reg[24]

  Ref  DFF        Name(Last) r:/WORK/g03_top_IO/u_g03_soc/u_gpr_top/u_gpr/gpr_rw[1].not_x0.rf_dff/qout_r_reg[25]
  Impl DFF        Name(Last) i:/WORK/g03_top_IO/u_g03_soc/u_gpr_top/u_gpr/gpr_rw[1].not_x0.rf_dff/qout_r_reg[25]

  Ref  DFF        Name(Last) r:/WORK/g03_top_IO/u_g03_soc/u_gpr_top/u_gpr/gpr_rw[1].not_x0.rf_dff/qout_r_reg[26]
  Impl DFF        Name(Last) i:/WORK/g03_top_IO/u_g03_soc/u_gpr_top/u_gpr/gpr_rw[1].not_x0.rf_dff/qout_r_reg[26]

  Ref  DFF        Name(Last) r:/WORK/g03_top_IO/u_g03_soc/u_gpr_top/u_gpr/gpr_rw[1].not_x0.rf_dff/qout_r_reg[27]
  Impl DFF        Name(Last) i:/WORK/g03_top_IO/u_g03_soc/u_gpr_top/u_gpr/gpr_rw[1].not_x0.rf_dff/qout_r_reg[27]

  Ref  DFF        Name(Last) r:/WORK/g03_top_IO/u_g03_soc/u_gpr_top/u_gpr/gpr_rw[1].not_x0.rf_dff/qout_r_reg[28]
  Impl DFF        Name(Last) i:/WORK/g03_top_IO/u_g03_soc/u_gpr_top/u_gpr/gpr_rw[1].not_x0.rf_dff/qout_r_reg[28]

  Ref  DFF        Name(Last) r:/WORK/g03_top_IO/u_g03_soc/u_gpr_top/u_gpr/gpr_rw[1].not_x0.rf_dff/qout_r_reg[29]
  Impl DFF        Name(Last) i:/WORK/g03_top_IO/u_g03_soc/u_gpr_top/u_gpr/gpr_rw[1].not_x0.rf_dff/qout_r_reg[29]

  Ref  DFF        Name(Last) r:/WORK/g03_top_IO/u_g03_soc/u_gpr_top/u_gpr/gpr_rw[1].not_x0.rf_dff/qout_r_reg[2]
  Impl DFF        Name(Last) i:/WORK/g03_top_IO/u_g03_soc/u_gpr_top/u_gpr/gpr_rw[1].not_x0.rf_dff/qout_r_reg[2]

  Ref  DFF        Name(Last) r:/WORK/g03_top_IO/u_g03_soc/u_gpr_top/u_gpr/gpr_rw[1].not_x0.rf_dff/qout_r_reg[30]
  Impl DFF        Name(Last) i:/WORK/g03_top_IO/u_g03_soc/u_gpr_top/u_gpr/gpr_rw[1].not_x0.rf_dff/qout_r_reg[30]

  Ref  DFF        Name(Last) r:/WORK/g03_top_IO/u_g03_soc/u_gpr_top/u_gpr/gpr_rw[1].not_x0.rf_dff/qout_r_reg[31]
  Impl DFF        Name(Last) i:/WORK/g03_top_IO/u_g03_soc/u_gpr_top/u_gpr/gpr_rw[1].not_x0.rf_dff/qout_r_reg[31]

  Ref  DFF        Name(Last) r:/WORK/g03_top_IO/u_g03_soc/u_gpr_top/u_gpr/gpr_rw[1].not_x0.rf_dff/qout_r_reg[3]
  Impl DFF        Name(Last) i:/WORK/g03_top_IO/u_g03_soc/u_gpr_top/u_gpr/gpr_rw[1].not_x0.rf_dff/qout_r_reg[3]

  Ref  DFF        Name(Last) r:/WORK/g03_top_IO/u_g03_soc/u_gpr_top/u_gpr/gpr_rw[1].not_x0.rf_dff/qout_r_reg[4]
  Impl DFF        Name(Last) i:/WORK/g03_top_IO/u_g03_soc/u_gpr_top/u_gpr/gpr_rw[1].not_x0.rf_dff/qout_r_reg[4]

  Ref  DFF        Name(Last) r:/WORK/g03_top_IO/u_g03_soc/u_gpr_top/u_gpr/gpr_rw[1].not_x0.rf_dff/qout_r_reg[5]
  Impl DFF        Name(Last) i:/WORK/g03_top_IO/u_g03_soc/u_gpr_top/u_gpr/gpr_rw[1].not_x0.rf_dff/qout_r_reg[5]

  Ref  DFF        Name(Last) r:/WORK/g03_top_IO/u_g03_soc/u_gpr_top/u_gpr/gpr_rw[1].not_x0.rf_dff/qout_r_reg[6]
  Impl DFF        Name(Last) i:/WORK/g03_top_IO/u_g03_soc/u_gpr_top/u_gpr/gpr_rw[1].not_x0.rf_dff/qout_r_reg[6]

  Ref  DFF        Name(Last) r:/WORK/g03_top_IO/u_g03_soc/u_gpr_top/u_gpr/gpr_rw[1].not_x0.rf_dff/qout_r_reg[7]
  Impl DFF        Name(Last) i:/WORK/g03_top_IO/u_g03_soc/u_gpr_top/u_gpr/gpr_rw[1].not_x0.rf_dff/qout_r_reg[7]

  Ref  DFF        Name(Last) r:/WORK/g03_top_IO/u_g03_soc/u_gpr_top/u_gpr/gpr_rw[1].not_x0.rf_dff/qout_r_reg[8]
  Impl DFF        Name(Last) i:/WORK/g03_top_IO/u_g03_soc/u_gpr_top/u_gpr/gpr_rw[1].not_x0.rf_dff/qout_r_reg[8]

  Ref  DFF        Name(Last) r:/WORK/g03_top_IO/u_g03_soc/u_gpr_top/u_gpr/gpr_rw[1].not_x0.rf_dff/qout_r_reg[9]
  Impl DFF        Name(Last) i:/WORK/g03_top_IO/u_g03_soc/u_gpr_top/u_gpr/gpr_rw[1].not_x0.rf_dff/qout_r_reg[9]

  Ref  DFF        Name(Last) r:/WORK/g03_top_IO/u_g03_soc/u_gpr_top/u_gpr/gpr_rw[20].not_x0.rf_dff/qout_r_reg[0]
  Impl DFF        Name(Last) i:/WORK/g03_top_IO/u_g03_soc/u_gpr_top/u_gpr/gpr_rw[20].not_x0.rf_dff/qout_r_reg[0]

  Ref  DFF        Name(Last) r:/WORK/g03_top_IO/u_g03_soc/u_gpr_top/u_gpr/gpr_rw[20].not_x0.rf_dff/qout_r_reg[10]
  Impl DFF        Name(Last) i:/WORK/g03_top_IO/u_g03_soc/u_gpr_top/u_gpr/gpr_rw[20].not_x0.rf_dff/qout_r_reg[10]

  Ref  DFF        Name(Last) r:/WORK/g03_top_IO/u_g03_soc/u_gpr_top/u_gpr/gpr_rw[20].not_x0.rf_dff/qout_r_reg[11]
  Impl DFF        Name(Last) i:/WORK/g03_top_IO/u_g03_soc/u_gpr_top/u_gpr/gpr_rw[20].not_x0.rf_dff/qout_r_reg[11]

  Ref  DFF        Name(Last) r:/WORK/g03_top_IO/u_g03_soc/u_gpr_top/u_gpr/gpr_rw[20].not_x0.rf_dff/qout_r_reg[12]
  Impl DFF        Name(Last) i:/WORK/g03_top_IO/u_g03_soc/u_gpr_top/u_gpr/gpr_rw[20].not_x0.rf_dff/qout_r_reg[12]

  Ref  DFF        Name(Last) r:/WORK/g03_top_IO/u_g03_soc/u_gpr_top/u_gpr/gpr_rw[20].not_x0.rf_dff/qout_r_reg[13]
  Impl DFF        Name(Last) i:/WORK/g03_top_IO/u_g03_soc/u_gpr_top/u_gpr/gpr_rw[20].not_x0.rf_dff/qout_r_reg[13]

  Ref  DFF        Name(Last) r:/WORK/g03_top_IO/u_g03_soc/u_gpr_top/u_gpr/gpr_rw[20].not_x0.rf_dff/qout_r_reg[14]
  Impl DFF        Name(Last) i:/WORK/g03_top_IO/u_g03_soc/u_gpr_top/u_gpr/gpr_rw[20].not_x0.rf_dff/qout_r_reg[14]

  Ref  DFF        Name(Last) r:/WORK/g03_top_IO/u_g03_soc/u_gpr_top/u_gpr/gpr_rw[20].not_x0.rf_dff/qout_r_reg[15]
  Impl DFF        Name(Last) i:/WORK/g03_top_IO/u_g03_soc/u_gpr_top/u_gpr/gpr_rw[20].not_x0.rf_dff/qout_r_reg[15]

  Ref  DFF        Name(Last) r:/WORK/g03_top_IO/u_g03_soc/u_gpr_top/u_gpr/gpr_rw[20].not_x0.rf_dff/qout_r_reg[16]
  Impl DFF        Name(Last) i:/WORK/g03_top_IO/u_g03_soc/u_gpr_top/u_gpr/gpr_rw[20].not_x0.rf_dff/qout_r_reg[16]

  Ref  DFF        Name(Last) r:/WORK/g03_top_IO/u_g03_soc/u_gpr_top/u_gpr/gpr_rw[20].not_x0.rf_dff/qout_r_reg[17]
  Impl DFF        Name(Last) i:/WORK/g03_top_IO/u_g03_soc/u_gpr_top/u_gpr/gpr_rw[20].not_x0.rf_dff/qout_r_reg[17]

  Ref  DFF        Name(Last) r:/WORK/g03_top_IO/u_g03_soc/u_gpr_top/u_gpr/gpr_rw[20].not_x0.rf_dff/qout_r_reg[18]
  Impl DFF        Name(Last) i:/WORK/g03_top_IO/u_g03_soc/u_gpr_top/u_gpr/gpr_rw[20].not_x0.rf_dff/qout_r_reg[18]

  Ref  DFF        Name(Last) r:/WORK/g03_top_IO/u_g03_soc/u_gpr_top/u_gpr/gpr_rw[20].not_x0.rf_dff/qout_r_reg[19]
  Impl DFF        Name(Last) i:/WORK/g03_top_IO/u_g03_soc/u_gpr_top/u_gpr/gpr_rw[20].not_x0.rf_dff/qout_r_reg[19]

  Ref  DFF        Name(Last) r:/WORK/g03_top_IO/u_g03_soc/u_gpr_top/u_gpr/gpr_rw[20].not_x0.rf_dff/qout_r_reg[1]
  Impl DFF        Name(Last) i:/WORK/g03_top_IO/u_g03_soc/u_gpr_top/u_gpr/gpr_rw[20].not_x0.rf_dff/qout_r_reg[1]

  Ref  DFF        Name(Last) r:/WORK/g03_top_IO/u_g03_soc/u_gpr_top/u_gpr/gpr_rw[20].not_x0.rf_dff/qout_r_reg[20]
  Impl DFF        Name(Last) i:/WORK/g03_top_IO/u_g03_soc/u_gpr_top/u_gpr/gpr_rw[20].not_x0.rf_dff/qout_r_reg[20]

  Ref  DFF        Name(Last) r:/WORK/g03_top_IO/u_g03_soc/u_gpr_top/u_gpr/gpr_rw[20].not_x0.rf_dff/qout_r_reg[21]
  Impl DFF        Name(Last) i:/WORK/g03_top_IO/u_g03_soc/u_gpr_top/u_gpr/gpr_rw[20].not_x0.rf_dff/qout_r_reg[21]

  Ref  DFF        Name(Last) r:/WORK/g03_top_IO/u_g03_soc/u_gpr_top/u_gpr/gpr_rw[20].not_x0.rf_dff/qout_r_reg[22]
  Impl DFF        Name(Last) i:/WORK/g03_top_IO/u_g03_soc/u_gpr_top/u_gpr/gpr_rw[20].not_x0.rf_dff/qout_r_reg[22]

  Ref  DFF        Name(Last) r:/WORK/g03_top_IO/u_g03_soc/u_gpr_top/u_gpr/gpr_rw[20].not_x0.rf_dff/qout_r_reg[23]
  Impl DFF        Name(Last) i:/WORK/g03_top_IO/u_g03_soc/u_gpr_top/u_gpr/gpr_rw[20].not_x0.rf_dff/qout_r_reg[23]

  Ref  DFF        Name(Last) r:/WORK/g03_top_IO/u_g03_soc/u_gpr_top/u_gpr/gpr_rw[20].not_x0.rf_dff/qout_r_reg[24]
  Impl DFF        Name(Last) i:/WORK/g03_top_IO/u_g03_soc/u_gpr_top/u_gpr/gpr_rw[20].not_x0.rf_dff/qout_r_reg[24]

  Ref  DFF        Name(Last) r:/WORK/g03_top_IO/u_g03_soc/u_gpr_top/u_gpr/gpr_rw[20].not_x0.rf_dff/qout_r_reg[25]
  Impl DFF        Name(Last) i:/WORK/g03_top_IO/u_g03_soc/u_gpr_top/u_gpr/gpr_rw[20].not_x0.rf_dff/qout_r_reg[25]

  Ref  DFF        Name(Last) r:/WORK/g03_top_IO/u_g03_soc/u_gpr_top/u_gpr/gpr_rw[20].not_x0.rf_dff/qout_r_reg[26]
  Impl DFF        Name(Last) i:/WORK/g03_top_IO/u_g03_soc/u_gpr_top/u_gpr/gpr_rw[20].not_x0.rf_dff/qout_r_reg[26]

  Ref  DFF        Name(Last) r:/WORK/g03_top_IO/u_g03_soc/u_gpr_top/u_gpr/gpr_rw[20].not_x0.rf_dff/qout_r_reg[27]
  Impl DFF        Name(Last) i:/WORK/g03_top_IO/u_g03_soc/u_gpr_top/u_gpr/gpr_rw[20].not_x0.rf_dff/qout_r_reg[27]

  Ref  DFF        Name(Last) r:/WORK/g03_top_IO/u_g03_soc/u_gpr_top/u_gpr/gpr_rw[20].not_x0.rf_dff/qout_r_reg[28]
  Impl DFF        Name(Last) i:/WORK/g03_top_IO/u_g03_soc/u_gpr_top/u_gpr/gpr_rw[20].not_x0.rf_dff/qout_r_reg[28]

  Ref  DFF        Name(Last) r:/WORK/g03_top_IO/u_g03_soc/u_gpr_top/u_gpr/gpr_rw[20].not_x0.rf_dff/qout_r_reg[29]
  Impl DFF        Name(Last) i:/WORK/g03_top_IO/u_g03_soc/u_gpr_top/u_gpr/gpr_rw[20].not_x0.rf_dff/qout_r_reg[29]

  Ref  DFF        Name(Last) r:/WORK/g03_top_IO/u_g03_soc/u_gpr_top/u_gpr/gpr_rw[20].not_x0.rf_dff/qout_r_reg[2]
  Impl DFF        Name(Last) i:/WORK/g03_top_IO/u_g03_soc/u_gpr_top/u_gpr/gpr_rw[20].not_x0.rf_dff/qout_r_reg[2]

  Ref  DFF        Name(Last) r:/WORK/g03_top_IO/u_g03_soc/u_gpr_top/u_gpr/gpr_rw[20].not_x0.rf_dff/qout_r_reg[30]
  Impl DFF        Name(Last) i:/WORK/g03_top_IO/u_g03_soc/u_gpr_top/u_gpr/gpr_rw[20].not_x0.rf_dff/qout_r_reg[30]

  Ref  DFF        Name(Last) r:/WORK/g03_top_IO/u_g03_soc/u_gpr_top/u_gpr/gpr_rw[20].not_x0.rf_dff/qout_r_reg[31]
  Impl DFF        Name(Last) i:/WORK/g03_top_IO/u_g03_soc/u_gpr_top/u_gpr/gpr_rw[20].not_x0.rf_dff/qout_r_reg[31]

  Ref  DFF        Name(Last) r:/WORK/g03_top_IO/u_g03_soc/u_gpr_top/u_gpr/gpr_rw[20].not_x0.rf_dff/qout_r_reg[3]
  Impl DFF        Name(Last) i:/WORK/g03_top_IO/u_g03_soc/u_gpr_top/u_gpr/gpr_rw[20].not_x0.rf_dff/qout_r_reg[3]

  Ref  DFF        Name(Last) r:/WORK/g03_top_IO/u_g03_soc/u_gpr_top/u_gpr/gpr_rw[20].not_x0.rf_dff/qout_r_reg[4]
  Impl DFF        Name(Last) i:/WORK/g03_top_IO/u_g03_soc/u_gpr_top/u_gpr/gpr_rw[20].not_x0.rf_dff/qout_r_reg[4]

  Ref  DFF        Name(Last) r:/WORK/g03_top_IO/u_g03_soc/u_gpr_top/u_gpr/gpr_rw[20].not_x0.rf_dff/qout_r_reg[5]
  Impl DFF        Name(Last) i:/WORK/g03_top_IO/u_g03_soc/u_gpr_top/u_gpr/gpr_rw[20].not_x0.rf_dff/qout_r_reg[5]

  Ref  DFF        Name(Last) r:/WORK/g03_top_IO/u_g03_soc/u_gpr_top/u_gpr/gpr_rw[20].not_x0.rf_dff/qout_r_reg[6]
  Impl DFF        Name(Last) i:/WORK/g03_top_IO/u_g03_soc/u_gpr_top/u_gpr/gpr_rw[20].not_x0.rf_dff/qout_r_reg[6]

  Ref  DFF        Name(Last) r:/WORK/g03_top_IO/u_g03_soc/u_gpr_top/u_gpr/gpr_rw[20].not_x0.rf_dff/qout_r_reg[7]
  Impl DFF        Name(Last) i:/WORK/g03_top_IO/u_g03_soc/u_gpr_top/u_gpr/gpr_rw[20].not_x0.rf_dff/qout_r_reg[7]

  Ref  DFF        Name(Last) r:/WORK/g03_top_IO/u_g03_soc/u_gpr_top/u_gpr/gpr_rw[20].not_x0.rf_dff/qout_r_reg[8]
  Impl DFF        Name(Last) i:/WORK/g03_top_IO/u_g03_soc/u_gpr_top/u_gpr/gpr_rw[20].not_x0.rf_dff/qout_r_reg[8]

  Ref  DFF        Name(Last) r:/WORK/g03_top_IO/u_g03_soc/u_gpr_top/u_gpr/gpr_rw[20].not_x0.rf_dff/qout_r_reg[9]
  Impl DFF        Name(Last) i:/WORK/g03_top_IO/u_g03_soc/u_gpr_top/u_gpr/gpr_rw[20].not_x0.rf_dff/qout_r_reg[9]

  Ref  DFF        Name(Last) r:/WORK/g03_top_IO/u_g03_soc/u_gpr_top/u_gpr/gpr_rw[21].not_x0.rf_dff/qout_r_reg[0]
  Impl DFF        Name(Last) i:/WORK/g03_top_IO/u_g03_soc/u_gpr_top/u_gpr/gpr_rw[21].not_x0.rf_dff/qout_r_reg[0]

  Ref  DFF        Name(Last) r:/WORK/g03_top_IO/u_g03_soc/u_gpr_top/u_gpr/gpr_rw[21].not_x0.rf_dff/qout_r_reg[10]
  Impl DFF        Name(Last) i:/WORK/g03_top_IO/u_g03_soc/u_gpr_top/u_gpr/gpr_rw[21].not_x0.rf_dff/qout_r_reg[10]

  Ref  DFF        Name(Last) r:/WORK/g03_top_IO/u_g03_soc/u_gpr_top/u_gpr/gpr_rw[21].not_x0.rf_dff/qout_r_reg[11]
  Impl DFF        Name(Last) i:/WORK/g03_top_IO/u_g03_soc/u_gpr_top/u_gpr/gpr_rw[21].not_x0.rf_dff/qout_r_reg[11]

  Ref  DFF        Name(Last) r:/WORK/g03_top_IO/u_g03_soc/u_gpr_top/u_gpr/gpr_rw[21].not_x0.rf_dff/qout_r_reg[12]
  Impl DFF        Name(Last) i:/WORK/g03_top_IO/u_g03_soc/u_gpr_top/u_gpr/gpr_rw[21].not_x0.rf_dff/qout_r_reg[12]

  Ref  DFF        Name(Last) r:/WORK/g03_top_IO/u_g03_soc/u_gpr_top/u_gpr/gpr_rw[21].not_x0.rf_dff/qout_r_reg[13]
  Impl DFF        Name(Last) i:/WORK/g03_top_IO/u_g03_soc/u_gpr_top/u_gpr/gpr_rw[21].not_x0.rf_dff/qout_r_reg[13]

  Ref  DFF        Name(Last) r:/WORK/g03_top_IO/u_g03_soc/u_gpr_top/u_gpr/gpr_rw[21].not_x0.rf_dff/qout_r_reg[14]
  Impl DFF        Name(Last) i:/WORK/g03_top_IO/u_g03_soc/u_gpr_top/u_gpr/gpr_rw[21].not_x0.rf_dff/qout_r_reg[14]

  Ref  DFF        Name(Last) r:/WORK/g03_top_IO/u_g03_soc/u_gpr_top/u_gpr/gpr_rw[21].not_x0.rf_dff/qout_r_reg[15]
  Impl DFF        Name(Last) i:/WORK/g03_top_IO/u_g03_soc/u_gpr_top/u_gpr/gpr_rw[21].not_x0.rf_dff/qout_r_reg[15]

  Ref  DFF        Name(Last) r:/WORK/g03_top_IO/u_g03_soc/u_gpr_top/u_gpr/gpr_rw[21].not_x0.rf_dff/qout_r_reg[16]
  Impl DFF        Name(Last) i:/WORK/g03_top_IO/u_g03_soc/u_gpr_top/u_gpr/gpr_rw[21].not_x0.rf_dff/qout_r_reg[16]

  Ref  DFF        Name(Last) r:/WORK/g03_top_IO/u_g03_soc/u_gpr_top/u_gpr/gpr_rw[21].not_x0.rf_dff/qout_r_reg[17]
  Impl DFF        Name(Last) i:/WORK/g03_top_IO/u_g03_soc/u_gpr_top/u_gpr/gpr_rw[21].not_x0.rf_dff/qout_r_reg[17]

  Ref  DFF        Name(Last) r:/WORK/g03_top_IO/u_g03_soc/u_gpr_top/u_gpr/gpr_rw[21].not_x0.rf_dff/qout_r_reg[18]
  Impl DFF        Name(Last) i:/WORK/g03_top_IO/u_g03_soc/u_gpr_top/u_gpr/gpr_rw[21].not_x0.rf_dff/qout_r_reg[18]

  Ref  DFF        Name(Last) r:/WORK/g03_top_IO/u_g03_soc/u_gpr_top/u_gpr/gpr_rw[21].not_x0.rf_dff/qout_r_reg[19]
  Impl DFF        Name(Last) i:/WORK/g03_top_IO/u_g03_soc/u_gpr_top/u_gpr/gpr_rw[21].not_x0.rf_dff/qout_r_reg[19]

  Ref  DFF        Name(Last) r:/WORK/g03_top_IO/u_g03_soc/u_gpr_top/u_gpr/gpr_rw[21].not_x0.rf_dff/qout_r_reg[1]
  Impl DFF        Name(Last) i:/WORK/g03_top_IO/u_g03_soc/u_gpr_top/u_gpr/gpr_rw[21].not_x0.rf_dff/qout_r_reg[1]

  Ref  DFF        Name(Last) r:/WORK/g03_top_IO/u_g03_soc/u_gpr_top/u_gpr/gpr_rw[21].not_x0.rf_dff/qout_r_reg[20]
  Impl DFF        Name(Last) i:/WORK/g03_top_IO/u_g03_soc/u_gpr_top/u_gpr/gpr_rw[21].not_x0.rf_dff/qout_r_reg[20]

  Ref  DFF        Name(Last) r:/WORK/g03_top_IO/u_g03_soc/u_gpr_top/u_gpr/gpr_rw[21].not_x0.rf_dff/qout_r_reg[21]
  Impl DFF        Name(Last) i:/WORK/g03_top_IO/u_g03_soc/u_gpr_top/u_gpr/gpr_rw[21].not_x0.rf_dff/qout_r_reg[21]

  Ref  DFF        Name(Last) r:/WORK/g03_top_IO/u_g03_soc/u_gpr_top/u_gpr/gpr_rw[21].not_x0.rf_dff/qout_r_reg[22]
  Impl DFF        Name(Last) i:/WORK/g03_top_IO/u_g03_soc/u_gpr_top/u_gpr/gpr_rw[21].not_x0.rf_dff/qout_r_reg[22]

  Ref  DFF        Name(Last) r:/WORK/g03_top_IO/u_g03_soc/u_gpr_top/u_gpr/gpr_rw[21].not_x0.rf_dff/qout_r_reg[23]
  Impl DFF        Name(Last) i:/WORK/g03_top_IO/u_g03_soc/u_gpr_top/u_gpr/gpr_rw[21].not_x0.rf_dff/qout_r_reg[23]

  Ref  DFF        Name(Last) r:/WORK/g03_top_IO/u_g03_soc/u_gpr_top/u_gpr/gpr_rw[21].not_x0.rf_dff/qout_r_reg[24]
  Impl DFF        Name(Last) i:/WORK/g03_top_IO/u_g03_soc/u_gpr_top/u_gpr/gpr_rw[21].not_x0.rf_dff/qout_r_reg[24]

  Ref  DFF        Name(Last) r:/WORK/g03_top_IO/u_g03_soc/u_gpr_top/u_gpr/gpr_rw[21].not_x0.rf_dff/qout_r_reg[25]
  Impl DFF        Name(Last) i:/WORK/g03_top_IO/u_g03_soc/u_gpr_top/u_gpr/gpr_rw[21].not_x0.rf_dff/qout_r_reg[25]

  Ref  DFF        Name(Last) r:/WORK/g03_top_IO/u_g03_soc/u_gpr_top/u_gpr/gpr_rw[21].not_x0.rf_dff/qout_r_reg[26]
  Impl DFF        Name(Last) i:/WORK/g03_top_IO/u_g03_soc/u_gpr_top/u_gpr/gpr_rw[21].not_x0.rf_dff/qout_r_reg[26]

  Ref  DFF        Name(Last) r:/WORK/g03_top_IO/u_g03_soc/u_gpr_top/u_gpr/gpr_rw[21].not_x0.rf_dff/qout_r_reg[27]
  Impl DFF        Name(Last) i:/WORK/g03_top_IO/u_g03_soc/u_gpr_top/u_gpr/gpr_rw[21].not_x0.rf_dff/qout_r_reg[27]

  Ref  DFF        Name(Last) r:/WORK/g03_top_IO/u_g03_soc/u_gpr_top/u_gpr/gpr_rw[21].not_x0.rf_dff/qout_r_reg[28]
  Impl DFF        Name(Last) i:/WORK/g03_top_IO/u_g03_soc/u_gpr_top/u_gpr/gpr_rw[21].not_x0.rf_dff/qout_r_reg[28]

  Ref  DFF        Name(Last) r:/WORK/g03_top_IO/u_g03_soc/u_gpr_top/u_gpr/gpr_rw[21].not_x0.rf_dff/qout_r_reg[29]
  Impl DFF        Name(Last) i:/WORK/g03_top_IO/u_g03_soc/u_gpr_top/u_gpr/gpr_rw[21].not_x0.rf_dff/qout_r_reg[29]

  Ref  DFF        Name(Last) r:/WORK/g03_top_IO/u_g03_soc/u_gpr_top/u_gpr/gpr_rw[21].not_x0.rf_dff/qout_r_reg[2]
  Impl DFF        Name(Last) i:/WORK/g03_top_IO/u_g03_soc/u_gpr_top/u_gpr/gpr_rw[21].not_x0.rf_dff/qout_r_reg[2]

  Ref  DFF        Name(Last) r:/WORK/g03_top_IO/u_g03_soc/u_gpr_top/u_gpr/gpr_rw[21].not_x0.rf_dff/qout_r_reg[30]
  Impl DFF        Name(Last) i:/WORK/g03_top_IO/u_g03_soc/u_gpr_top/u_gpr/gpr_rw[21].not_x0.rf_dff/qout_r_reg[30]

  Ref  DFF        Name(Last) r:/WORK/g03_top_IO/u_g03_soc/u_gpr_top/u_gpr/gpr_rw[21].not_x0.rf_dff/qout_r_reg[31]
  Impl DFF        Name(Last) i:/WORK/g03_top_IO/u_g03_soc/u_gpr_top/u_gpr/gpr_rw[21].not_x0.rf_dff/qout_r_reg[31]

  Ref  DFF        Name(Last) r:/WORK/g03_top_IO/u_g03_soc/u_gpr_top/u_gpr/gpr_rw[21].not_x0.rf_dff/qout_r_reg[3]
  Impl DFF        Name(Last) i:/WORK/g03_top_IO/u_g03_soc/u_gpr_top/u_gpr/gpr_rw[21].not_x0.rf_dff/qout_r_reg[3]

  Ref  DFF        Name(Last) r:/WORK/g03_top_IO/u_g03_soc/u_gpr_top/u_gpr/gpr_rw[21].not_x0.rf_dff/qout_r_reg[4]
  Impl DFF        Name(Last) i:/WORK/g03_top_IO/u_g03_soc/u_gpr_top/u_gpr/gpr_rw[21].not_x0.rf_dff/qout_r_reg[4]

  Ref  DFF        Name(Last) r:/WORK/g03_top_IO/u_g03_soc/u_gpr_top/u_gpr/gpr_rw[21].not_x0.rf_dff/qout_r_reg[5]
  Impl DFF        Name(Last) i:/WORK/g03_top_IO/u_g03_soc/u_gpr_top/u_gpr/gpr_rw[21].not_x0.rf_dff/qout_r_reg[5]

  Ref  DFF        Name(Last) r:/WORK/g03_top_IO/u_g03_soc/u_gpr_top/u_gpr/gpr_rw[21].not_x0.rf_dff/qout_r_reg[6]
  Impl DFF        Name(Last) i:/WORK/g03_top_IO/u_g03_soc/u_gpr_top/u_gpr/gpr_rw[21].not_x0.rf_dff/qout_r_reg[6]

  Ref  DFF        Name(Last) r:/WORK/g03_top_IO/u_g03_soc/u_gpr_top/u_gpr/gpr_rw[21].not_x0.rf_dff/qout_r_reg[7]
  Impl DFF        Name(Last) i:/WORK/g03_top_IO/u_g03_soc/u_gpr_top/u_gpr/gpr_rw[21].not_x0.rf_dff/qout_r_reg[7]

  Ref  DFF        Name(Last) r:/WORK/g03_top_IO/u_g03_soc/u_gpr_top/u_gpr/gpr_rw[21].not_x0.rf_dff/qout_r_reg[8]
  Impl DFF        Name(Last) i:/WORK/g03_top_IO/u_g03_soc/u_gpr_top/u_gpr/gpr_rw[21].not_x0.rf_dff/qout_r_reg[8]

  Ref  DFF        Name(Last) r:/WORK/g03_top_IO/u_g03_soc/u_gpr_top/u_gpr/gpr_rw[21].not_x0.rf_dff/qout_r_reg[9]
  Impl DFF        Name(Last) i:/WORK/g03_top_IO/u_g03_soc/u_gpr_top/u_gpr/gpr_rw[21].not_x0.rf_dff/qout_r_reg[9]

  Ref  DFF        Name(Last) r:/WORK/g03_top_IO/u_g03_soc/u_gpr_top/u_gpr/gpr_rw[22].not_x0.rf_dff/qout_r_reg[0]
  Impl DFF        Name(Last) i:/WORK/g03_top_IO/u_g03_soc/u_gpr_top/u_gpr/gpr_rw[22].not_x0.rf_dff/qout_r_reg[0]

  Ref  DFF        Name(Last) r:/WORK/g03_top_IO/u_g03_soc/u_gpr_top/u_gpr/gpr_rw[22].not_x0.rf_dff/qout_r_reg[10]
  Impl DFF        Name(Last) i:/WORK/g03_top_IO/u_g03_soc/u_gpr_top/u_gpr/gpr_rw[22].not_x0.rf_dff/qout_r_reg[10]

  Ref  DFF        Name(Last) r:/WORK/g03_top_IO/u_g03_soc/u_gpr_top/u_gpr/gpr_rw[22].not_x0.rf_dff/qout_r_reg[11]
  Impl DFF        Name(Last) i:/WORK/g03_top_IO/u_g03_soc/u_gpr_top/u_gpr/gpr_rw[22].not_x0.rf_dff/qout_r_reg[11]

  Ref  DFF        Name(Last) r:/WORK/g03_top_IO/u_g03_soc/u_gpr_top/u_gpr/gpr_rw[22].not_x0.rf_dff/qout_r_reg[12]
  Impl DFF        Name(Last) i:/WORK/g03_top_IO/u_g03_soc/u_gpr_top/u_gpr/gpr_rw[22].not_x0.rf_dff/qout_r_reg[12]

  Ref  DFF        Name(Last) r:/WORK/g03_top_IO/u_g03_soc/u_gpr_top/u_gpr/gpr_rw[22].not_x0.rf_dff/qout_r_reg[13]
  Impl DFF        Name(Last) i:/WORK/g03_top_IO/u_g03_soc/u_gpr_top/u_gpr/gpr_rw[22].not_x0.rf_dff/qout_r_reg[13]

  Ref  DFF        Name(Last) r:/WORK/g03_top_IO/u_g03_soc/u_gpr_top/u_gpr/gpr_rw[22].not_x0.rf_dff/qout_r_reg[14]
  Impl DFF        Name(Last) i:/WORK/g03_top_IO/u_g03_soc/u_gpr_top/u_gpr/gpr_rw[22].not_x0.rf_dff/qout_r_reg[14]

  Ref  DFF        Name(Last) r:/WORK/g03_top_IO/u_g03_soc/u_gpr_top/u_gpr/gpr_rw[22].not_x0.rf_dff/qout_r_reg[15]
  Impl DFF        Name(Last) i:/WORK/g03_top_IO/u_g03_soc/u_gpr_top/u_gpr/gpr_rw[22].not_x0.rf_dff/qout_r_reg[15]

  Ref  DFF        Name(Last) r:/WORK/g03_top_IO/u_g03_soc/u_gpr_top/u_gpr/gpr_rw[22].not_x0.rf_dff/qout_r_reg[16]
  Impl DFF        Name(Last) i:/WORK/g03_top_IO/u_g03_soc/u_gpr_top/u_gpr/gpr_rw[22].not_x0.rf_dff/qout_r_reg[16]

  Ref  DFF        Name(Last) r:/WORK/g03_top_IO/u_g03_soc/u_gpr_top/u_gpr/gpr_rw[22].not_x0.rf_dff/qout_r_reg[17]
  Impl DFF        Name(Last) i:/WORK/g03_top_IO/u_g03_soc/u_gpr_top/u_gpr/gpr_rw[22].not_x0.rf_dff/qout_r_reg[17]

  Ref  DFF        Name(Last) r:/WORK/g03_top_IO/u_g03_soc/u_gpr_top/u_gpr/gpr_rw[22].not_x0.rf_dff/qout_r_reg[18]
  Impl DFF        Name(Last) i:/WORK/g03_top_IO/u_g03_soc/u_gpr_top/u_gpr/gpr_rw[22].not_x0.rf_dff/qout_r_reg[18]

  Ref  DFF        Name(Last) r:/WORK/g03_top_IO/u_g03_soc/u_gpr_top/u_gpr/gpr_rw[22].not_x0.rf_dff/qout_r_reg[19]
  Impl DFF        Name(Last) i:/WORK/g03_top_IO/u_g03_soc/u_gpr_top/u_gpr/gpr_rw[22].not_x0.rf_dff/qout_r_reg[19]

  Ref  DFF        Name(Last) r:/WORK/g03_top_IO/u_g03_soc/u_gpr_top/u_gpr/gpr_rw[22].not_x0.rf_dff/qout_r_reg[1]
  Impl DFF        Name(Last) i:/WORK/g03_top_IO/u_g03_soc/u_gpr_top/u_gpr/gpr_rw[22].not_x0.rf_dff/qout_r_reg[1]

  Ref  DFF        Name(Last) r:/WORK/g03_top_IO/u_g03_soc/u_gpr_top/u_gpr/gpr_rw[22].not_x0.rf_dff/qout_r_reg[20]
  Impl DFF        Name(Last) i:/WORK/g03_top_IO/u_g03_soc/u_gpr_top/u_gpr/gpr_rw[22].not_x0.rf_dff/qout_r_reg[20]

  Ref  DFF        Name(Last) r:/WORK/g03_top_IO/u_g03_soc/u_gpr_top/u_gpr/gpr_rw[22].not_x0.rf_dff/qout_r_reg[21]
  Impl DFF        Name(Last) i:/WORK/g03_top_IO/u_g03_soc/u_gpr_top/u_gpr/gpr_rw[22].not_x0.rf_dff/qout_r_reg[21]

  Ref  DFF        Name(Last) r:/WORK/g03_top_IO/u_g03_soc/u_gpr_top/u_gpr/gpr_rw[22].not_x0.rf_dff/qout_r_reg[22]
  Impl DFF        Name(Last) i:/WORK/g03_top_IO/u_g03_soc/u_gpr_top/u_gpr/gpr_rw[22].not_x0.rf_dff/qout_r_reg[22]

  Ref  DFF        Name(Last) r:/WORK/g03_top_IO/u_g03_soc/u_gpr_top/u_gpr/gpr_rw[22].not_x0.rf_dff/qout_r_reg[23]
  Impl DFF        Name(Last) i:/WORK/g03_top_IO/u_g03_soc/u_gpr_top/u_gpr/gpr_rw[22].not_x0.rf_dff/qout_r_reg[23]

  Ref  DFF        Name(Last) r:/WORK/g03_top_IO/u_g03_soc/u_gpr_top/u_gpr/gpr_rw[22].not_x0.rf_dff/qout_r_reg[24]
  Impl DFF        Name(Last) i:/WORK/g03_top_IO/u_g03_soc/u_gpr_top/u_gpr/gpr_rw[22].not_x0.rf_dff/qout_r_reg[24]

  Ref  DFF        Name(Last) r:/WORK/g03_top_IO/u_g03_soc/u_gpr_top/u_gpr/gpr_rw[22].not_x0.rf_dff/qout_r_reg[25]
  Impl DFF        Name(Last) i:/WORK/g03_top_IO/u_g03_soc/u_gpr_top/u_gpr/gpr_rw[22].not_x0.rf_dff/qout_r_reg[25]

  Ref  DFF        Name(Last) r:/WORK/g03_top_IO/u_g03_soc/u_gpr_top/u_gpr/gpr_rw[22].not_x0.rf_dff/qout_r_reg[26]
  Impl DFF        Name(Last) i:/WORK/g03_top_IO/u_g03_soc/u_gpr_top/u_gpr/gpr_rw[22].not_x0.rf_dff/qout_r_reg[26]

  Ref  DFF        Name(Last) r:/WORK/g03_top_IO/u_g03_soc/u_gpr_top/u_gpr/gpr_rw[22].not_x0.rf_dff/qout_r_reg[27]
  Impl DFF        Name(Last) i:/WORK/g03_top_IO/u_g03_soc/u_gpr_top/u_gpr/gpr_rw[22].not_x0.rf_dff/qout_r_reg[27]

  Ref  DFF        Name(Last) r:/WORK/g03_top_IO/u_g03_soc/u_gpr_top/u_gpr/gpr_rw[22].not_x0.rf_dff/qout_r_reg[28]
  Impl DFF        Name(Last) i:/WORK/g03_top_IO/u_g03_soc/u_gpr_top/u_gpr/gpr_rw[22].not_x0.rf_dff/qout_r_reg[28]

  Ref  DFF        Name(Last) r:/WORK/g03_top_IO/u_g03_soc/u_gpr_top/u_gpr/gpr_rw[22].not_x0.rf_dff/qout_r_reg[29]
  Impl DFF        Name(Last) i:/WORK/g03_top_IO/u_g03_soc/u_gpr_top/u_gpr/gpr_rw[22].not_x0.rf_dff/qout_r_reg[29]

  Ref  DFF        Name(Last) r:/WORK/g03_top_IO/u_g03_soc/u_gpr_top/u_gpr/gpr_rw[22].not_x0.rf_dff/qout_r_reg[2]
  Impl DFF        Name(Last) i:/WORK/g03_top_IO/u_g03_soc/u_gpr_top/u_gpr/gpr_rw[22].not_x0.rf_dff/qout_r_reg[2]

  Ref  DFF        Name(Last) r:/WORK/g03_top_IO/u_g03_soc/u_gpr_top/u_gpr/gpr_rw[22].not_x0.rf_dff/qout_r_reg[30]
  Impl DFF        Name(Last) i:/WORK/g03_top_IO/u_g03_soc/u_gpr_top/u_gpr/gpr_rw[22].not_x0.rf_dff/qout_r_reg[30]

  Ref  DFF        Name(Last) r:/WORK/g03_top_IO/u_g03_soc/u_gpr_top/u_gpr/gpr_rw[22].not_x0.rf_dff/qout_r_reg[31]
  Impl DFF        Name(Last) i:/WORK/g03_top_IO/u_g03_soc/u_gpr_top/u_gpr/gpr_rw[22].not_x0.rf_dff/qout_r_reg[31]

  Ref  DFF        Name(Last) r:/WORK/g03_top_IO/u_g03_soc/u_gpr_top/u_gpr/gpr_rw[22].not_x0.rf_dff/qout_r_reg[3]
  Impl DFF        Name(Last) i:/WORK/g03_top_IO/u_g03_soc/u_gpr_top/u_gpr/gpr_rw[22].not_x0.rf_dff/qout_r_reg[3]

  Ref  DFF        Name(Last) r:/WORK/g03_top_IO/u_g03_soc/u_gpr_top/u_gpr/gpr_rw[22].not_x0.rf_dff/qout_r_reg[4]
  Impl DFF        Name(Last) i:/WORK/g03_top_IO/u_g03_soc/u_gpr_top/u_gpr/gpr_rw[22].not_x0.rf_dff/qout_r_reg[4]

  Ref  DFF        Name(Last) r:/WORK/g03_top_IO/u_g03_soc/u_gpr_top/u_gpr/gpr_rw[22].not_x0.rf_dff/qout_r_reg[5]
  Impl DFF        Name(Last) i:/WORK/g03_top_IO/u_g03_soc/u_gpr_top/u_gpr/gpr_rw[22].not_x0.rf_dff/qout_r_reg[5]

  Ref  DFF        Name(Last) r:/WORK/g03_top_IO/u_g03_soc/u_gpr_top/u_gpr/gpr_rw[22].not_x0.rf_dff/qout_r_reg[6]
  Impl DFF        Name(Last) i:/WORK/g03_top_IO/u_g03_soc/u_gpr_top/u_gpr/gpr_rw[22].not_x0.rf_dff/qout_r_reg[6]

  Ref  DFF        Name(Last) r:/WORK/g03_top_IO/u_g03_soc/u_gpr_top/u_gpr/gpr_rw[22].not_x0.rf_dff/qout_r_reg[7]
  Impl DFF        Name(Last) i:/WORK/g03_top_IO/u_g03_soc/u_gpr_top/u_gpr/gpr_rw[22].not_x0.rf_dff/qout_r_reg[7]

  Ref  DFF        Name(Last) r:/WORK/g03_top_IO/u_g03_soc/u_gpr_top/u_gpr/gpr_rw[22].not_x0.rf_dff/qout_r_reg[8]
  Impl DFF        Name(Last) i:/WORK/g03_top_IO/u_g03_soc/u_gpr_top/u_gpr/gpr_rw[22].not_x0.rf_dff/qout_r_reg[8]

  Ref  DFF        Name(Last) r:/WORK/g03_top_IO/u_g03_soc/u_gpr_top/u_gpr/gpr_rw[22].not_x0.rf_dff/qout_r_reg[9]
  Impl DFF        Name(Last) i:/WORK/g03_top_IO/u_g03_soc/u_gpr_top/u_gpr/gpr_rw[22].not_x0.rf_dff/qout_r_reg[9]

  Ref  DFF        Name(Last) r:/WORK/g03_top_IO/u_g03_soc/u_gpr_top/u_gpr/gpr_rw[23].not_x0.rf_dff/qout_r_reg[0]
  Impl DFF        Name(Last) i:/WORK/g03_top_IO/u_g03_soc/u_gpr_top/u_gpr/gpr_rw[23].not_x0.rf_dff/qout_r_reg[0]

  Ref  DFF        Name(Last) r:/WORK/g03_top_IO/u_g03_soc/u_gpr_top/u_gpr/gpr_rw[23].not_x0.rf_dff/qout_r_reg[10]
  Impl DFF        Name(Last) i:/WORK/g03_top_IO/u_g03_soc/u_gpr_top/u_gpr/gpr_rw[23].not_x0.rf_dff/qout_r_reg[10]

  Ref  DFF        Name(Last) r:/WORK/g03_top_IO/u_g03_soc/u_gpr_top/u_gpr/gpr_rw[23].not_x0.rf_dff/qout_r_reg[11]
  Impl DFF        Name(Last) i:/WORK/g03_top_IO/u_g03_soc/u_gpr_top/u_gpr/gpr_rw[23].not_x0.rf_dff/qout_r_reg[11]

  Ref  DFF        Name(Last) r:/WORK/g03_top_IO/u_g03_soc/u_gpr_top/u_gpr/gpr_rw[23].not_x0.rf_dff/qout_r_reg[12]
  Impl DFF        Name(Last) i:/WORK/g03_top_IO/u_g03_soc/u_gpr_top/u_gpr/gpr_rw[23].not_x0.rf_dff/qout_r_reg[12]

  Ref  DFF        Name(Last) r:/WORK/g03_top_IO/u_g03_soc/u_gpr_top/u_gpr/gpr_rw[23].not_x0.rf_dff/qout_r_reg[13]
  Impl DFF        Name(Last) i:/WORK/g03_top_IO/u_g03_soc/u_gpr_top/u_gpr/gpr_rw[23].not_x0.rf_dff/qout_r_reg[13]

  Ref  DFF        Name(Last) r:/WORK/g03_top_IO/u_g03_soc/u_gpr_top/u_gpr/gpr_rw[23].not_x0.rf_dff/qout_r_reg[14]
  Impl DFF        Name(Last) i:/WORK/g03_top_IO/u_g03_soc/u_gpr_top/u_gpr/gpr_rw[23].not_x0.rf_dff/qout_r_reg[14]

  Ref  DFF        Name(Last) r:/WORK/g03_top_IO/u_g03_soc/u_gpr_top/u_gpr/gpr_rw[23].not_x0.rf_dff/qout_r_reg[15]
  Impl DFF        Name(Last) i:/WORK/g03_top_IO/u_g03_soc/u_gpr_top/u_gpr/gpr_rw[23].not_x0.rf_dff/qout_r_reg[15]

  Ref  DFF        Name(Last) r:/WORK/g03_top_IO/u_g03_soc/u_gpr_top/u_gpr/gpr_rw[23].not_x0.rf_dff/qout_r_reg[16]
  Impl DFF        Name(Last) i:/WORK/g03_top_IO/u_g03_soc/u_gpr_top/u_gpr/gpr_rw[23].not_x0.rf_dff/qout_r_reg[16]

  Ref  DFF        Name(Last) r:/WORK/g03_top_IO/u_g03_soc/u_gpr_top/u_gpr/gpr_rw[23].not_x0.rf_dff/qout_r_reg[17]
  Impl DFF        Name(Last) i:/WORK/g03_top_IO/u_g03_soc/u_gpr_top/u_gpr/gpr_rw[23].not_x0.rf_dff/qout_r_reg[17]

  Ref  DFF        Name(Last) r:/WORK/g03_top_IO/u_g03_soc/u_gpr_top/u_gpr/gpr_rw[23].not_x0.rf_dff/qout_r_reg[18]
  Impl DFF        Name(Last) i:/WORK/g03_top_IO/u_g03_soc/u_gpr_top/u_gpr/gpr_rw[23].not_x0.rf_dff/qout_r_reg[18]

  Ref  DFF        Name(Last) r:/WORK/g03_top_IO/u_g03_soc/u_gpr_top/u_gpr/gpr_rw[23].not_x0.rf_dff/qout_r_reg[19]
  Impl DFF        Name(Last) i:/WORK/g03_top_IO/u_g03_soc/u_gpr_top/u_gpr/gpr_rw[23].not_x0.rf_dff/qout_r_reg[19]

  Ref  DFF        Name(Last) r:/WORK/g03_top_IO/u_g03_soc/u_gpr_top/u_gpr/gpr_rw[23].not_x0.rf_dff/qout_r_reg[1]
  Impl DFF        Name(Last) i:/WORK/g03_top_IO/u_g03_soc/u_gpr_top/u_gpr/gpr_rw[23].not_x0.rf_dff/qout_r_reg[1]

  Ref  DFF        Name(Last) r:/WORK/g03_top_IO/u_g03_soc/u_gpr_top/u_gpr/gpr_rw[23].not_x0.rf_dff/qout_r_reg[20]
  Impl DFF        Name(Last) i:/WORK/g03_top_IO/u_g03_soc/u_gpr_top/u_gpr/gpr_rw[23].not_x0.rf_dff/qout_r_reg[20]

  Ref  DFF        Name(Last) r:/WORK/g03_top_IO/u_g03_soc/u_gpr_top/u_gpr/gpr_rw[23].not_x0.rf_dff/qout_r_reg[21]
  Impl DFF        Name(Last) i:/WORK/g03_top_IO/u_g03_soc/u_gpr_top/u_gpr/gpr_rw[23].not_x0.rf_dff/qout_r_reg[21]

  Ref  DFF        Name(Last) r:/WORK/g03_top_IO/u_g03_soc/u_gpr_top/u_gpr/gpr_rw[23].not_x0.rf_dff/qout_r_reg[22]
  Impl DFF        Name(Last) i:/WORK/g03_top_IO/u_g03_soc/u_gpr_top/u_gpr/gpr_rw[23].not_x0.rf_dff/qout_r_reg[22]

  Ref  DFF        Name(Last) r:/WORK/g03_top_IO/u_g03_soc/u_gpr_top/u_gpr/gpr_rw[23].not_x0.rf_dff/qout_r_reg[23]
  Impl DFF        Name(Last) i:/WORK/g03_top_IO/u_g03_soc/u_gpr_top/u_gpr/gpr_rw[23].not_x0.rf_dff/qout_r_reg[23]

  Ref  DFF        Name(Last) r:/WORK/g03_top_IO/u_g03_soc/u_gpr_top/u_gpr/gpr_rw[23].not_x0.rf_dff/qout_r_reg[24]
  Impl DFF        Name(Last) i:/WORK/g03_top_IO/u_g03_soc/u_gpr_top/u_gpr/gpr_rw[23].not_x0.rf_dff/qout_r_reg[24]

  Ref  DFF        Name(Last) r:/WORK/g03_top_IO/u_g03_soc/u_gpr_top/u_gpr/gpr_rw[23].not_x0.rf_dff/qout_r_reg[25]
  Impl DFF        Name(Last) i:/WORK/g03_top_IO/u_g03_soc/u_gpr_top/u_gpr/gpr_rw[23].not_x0.rf_dff/qout_r_reg[25]

  Ref  DFF        Name(Last) r:/WORK/g03_top_IO/u_g03_soc/u_gpr_top/u_gpr/gpr_rw[23].not_x0.rf_dff/qout_r_reg[26]
  Impl DFF        Name(Last) i:/WORK/g03_top_IO/u_g03_soc/u_gpr_top/u_gpr/gpr_rw[23].not_x0.rf_dff/qout_r_reg[26]

  Ref  DFF        Name(Last) r:/WORK/g03_top_IO/u_g03_soc/u_gpr_top/u_gpr/gpr_rw[23].not_x0.rf_dff/qout_r_reg[27]
  Impl DFF        Name(Last) i:/WORK/g03_top_IO/u_g03_soc/u_gpr_top/u_gpr/gpr_rw[23].not_x0.rf_dff/qout_r_reg[27]

  Ref  DFF        Name(Last) r:/WORK/g03_top_IO/u_g03_soc/u_gpr_top/u_gpr/gpr_rw[23].not_x0.rf_dff/qout_r_reg[28]
  Impl DFF        Name(Last) i:/WORK/g03_top_IO/u_g03_soc/u_gpr_top/u_gpr/gpr_rw[23].not_x0.rf_dff/qout_r_reg[28]

  Ref  DFF        Name(Last) r:/WORK/g03_top_IO/u_g03_soc/u_gpr_top/u_gpr/gpr_rw[23].not_x0.rf_dff/qout_r_reg[29]
  Impl DFF        Name(Last) i:/WORK/g03_top_IO/u_g03_soc/u_gpr_top/u_gpr/gpr_rw[23].not_x0.rf_dff/qout_r_reg[29]

  Ref  DFF        Name(Last) r:/WORK/g03_top_IO/u_g03_soc/u_gpr_top/u_gpr/gpr_rw[23].not_x0.rf_dff/qout_r_reg[2]
  Impl DFF        Name(Last) i:/WORK/g03_top_IO/u_g03_soc/u_gpr_top/u_gpr/gpr_rw[23].not_x0.rf_dff/qout_r_reg[2]

  Ref  DFF        Name(Last) r:/WORK/g03_top_IO/u_g03_soc/u_gpr_top/u_gpr/gpr_rw[23].not_x0.rf_dff/qout_r_reg[30]
  Impl DFF        Name(Last) i:/WORK/g03_top_IO/u_g03_soc/u_gpr_top/u_gpr/gpr_rw[23].not_x0.rf_dff/qout_r_reg[30]

  Ref  DFF        Name(Last) r:/WORK/g03_top_IO/u_g03_soc/u_gpr_top/u_gpr/gpr_rw[23].not_x0.rf_dff/qout_r_reg[31]
  Impl DFF        Name(Last) i:/WORK/g03_top_IO/u_g03_soc/u_gpr_top/u_gpr/gpr_rw[23].not_x0.rf_dff/qout_r_reg[31]

  Ref  DFF        Name(Last) r:/WORK/g03_top_IO/u_g03_soc/u_gpr_top/u_gpr/gpr_rw[23].not_x0.rf_dff/qout_r_reg[3]
  Impl DFF        Name(Last) i:/WORK/g03_top_IO/u_g03_soc/u_gpr_top/u_gpr/gpr_rw[23].not_x0.rf_dff/qout_r_reg[3]

  Ref  DFF        Name(Last) r:/WORK/g03_top_IO/u_g03_soc/u_gpr_top/u_gpr/gpr_rw[23].not_x0.rf_dff/qout_r_reg[4]
  Impl DFF        Name(Last) i:/WORK/g03_top_IO/u_g03_soc/u_gpr_top/u_gpr/gpr_rw[23].not_x0.rf_dff/qout_r_reg[4]

  Ref  DFF        Name(Last) r:/WORK/g03_top_IO/u_g03_soc/u_gpr_top/u_gpr/gpr_rw[23].not_x0.rf_dff/qout_r_reg[5]
  Impl DFF        Name(Last) i:/WORK/g03_top_IO/u_g03_soc/u_gpr_top/u_gpr/gpr_rw[23].not_x0.rf_dff/qout_r_reg[5]

  Ref  DFF        Name(Last) r:/WORK/g03_top_IO/u_g03_soc/u_gpr_top/u_gpr/gpr_rw[23].not_x0.rf_dff/qout_r_reg[6]
  Impl DFF        Name(Last) i:/WORK/g03_top_IO/u_g03_soc/u_gpr_top/u_gpr/gpr_rw[23].not_x0.rf_dff/qout_r_reg[6]

  Ref  DFF        Name(Last) r:/WORK/g03_top_IO/u_g03_soc/u_gpr_top/u_gpr/gpr_rw[23].not_x0.rf_dff/qout_r_reg[7]
  Impl DFF        Name(Last) i:/WORK/g03_top_IO/u_g03_soc/u_gpr_top/u_gpr/gpr_rw[23].not_x0.rf_dff/qout_r_reg[7]

  Ref  DFF        Name(Last) r:/WORK/g03_top_IO/u_g03_soc/u_gpr_top/u_gpr/gpr_rw[23].not_x0.rf_dff/qout_r_reg[8]
  Impl DFF        Name(Last) i:/WORK/g03_top_IO/u_g03_soc/u_gpr_top/u_gpr/gpr_rw[23].not_x0.rf_dff/qout_r_reg[8]

  Ref  DFF        Name(Last) r:/WORK/g03_top_IO/u_g03_soc/u_gpr_top/u_gpr/gpr_rw[23].not_x0.rf_dff/qout_r_reg[9]
  Impl DFF        Name(Last) i:/WORK/g03_top_IO/u_g03_soc/u_gpr_top/u_gpr/gpr_rw[23].not_x0.rf_dff/qout_r_reg[9]

  Ref  DFF        Name(Last) r:/WORK/g03_top_IO/u_g03_soc/u_gpr_top/u_gpr/gpr_rw[24].not_x0.rf_dff/qout_r_reg[0]
  Impl DFF        Name(Last) i:/WORK/g03_top_IO/u_g03_soc/u_gpr_top/u_gpr/gpr_rw[24].not_x0.rf_dff/qout_r_reg[0]

  Ref  DFF        Name(Last) r:/WORK/g03_top_IO/u_g03_soc/u_gpr_top/u_gpr/gpr_rw[24].not_x0.rf_dff/qout_r_reg[10]
  Impl DFF        Name(Last) i:/WORK/g03_top_IO/u_g03_soc/u_gpr_top/u_gpr/gpr_rw[24].not_x0.rf_dff/qout_r_reg[10]

  Ref  DFF        Name(Last) r:/WORK/g03_top_IO/u_g03_soc/u_gpr_top/u_gpr/gpr_rw[24].not_x0.rf_dff/qout_r_reg[11]
  Impl DFF        Name(Last) i:/WORK/g03_top_IO/u_g03_soc/u_gpr_top/u_gpr/gpr_rw[24].not_x0.rf_dff/qout_r_reg[11]

  Ref  DFF        Name(Last) r:/WORK/g03_top_IO/u_g03_soc/u_gpr_top/u_gpr/gpr_rw[24].not_x0.rf_dff/qout_r_reg[12]
  Impl DFF        Name(Last) i:/WORK/g03_top_IO/u_g03_soc/u_gpr_top/u_gpr/gpr_rw[24].not_x0.rf_dff/qout_r_reg[12]

  Ref  DFF        Name(Last) r:/WORK/g03_top_IO/u_g03_soc/u_gpr_top/u_gpr/gpr_rw[24].not_x0.rf_dff/qout_r_reg[13]
  Impl DFF        Name(Last) i:/WORK/g03_top_IO/u_g03_soc/u_gpr_top/u_gpr/gpr_rw[24].not_x0.rf_dff/qout_r_reg[13]

  Ref  DFF        Name(Last) r:/WORK/g03_top_IO/u_g03_soc/u_gpr_top/u_gpr/gpr_rw[24].not_x0.rf_dff/qout_r_reg[14]
  Impl DFF        Name(Last) i:/WORK/g03_top_IO/u_g03_soc/u_gpr_top/u_gpr/gpr_rw[24].not_x0.rf_dff/qout_r_reg[14]

  Ref  DFF        Name(Last) r:/WORK/g03_top_IO/u_g03_soc/u_gpr_top/u_gpr/gpr_rw[24].not_x0.rf_dff/qout_r_reg[15]
  Impl DFF        Name(Last) i:/WORK/g03_top_IO/u_g03_soc/u_gpr_top/u_gpr/gpr_rw[24].not_x0.rf_dff/qout_r_reg[15]

  Ref  DFF        Name(Last) r:/WORK/g03_top_IO/u_g03_soc/u_gpr_top/u_gpr/gpr_rw[24].not_x0.rf_dff/qout_r_reg[16]
  Impl DFF        Name(Last) i:/WORK/g03_top_IO/u_g03_soc/u_gpr_top/u_gpr/gpr_rw[24].not_x0.rf_dff/qout_r_reg[16]

  Ref  DFF        Name(Last) r:/WORK/g03_top_IO/u_g03_soc/u_gpr_top/u_gpr/gpr_rw[24].not_x0.rf_dff/qout_r_reg[17]
  Impl DFF        Name(Last) i:/WORK/g03_top_IO/u_g03_soc/u_gpr_top/u_gpr/gpr_rw[24].not_x0.rf_dff/qout_r_reg[17]

  Ref  DFF        Name(Last) r:/WORK/g03_top_IO/u_g03_soc/u_gpr_top/u_gpr/gpr_rw[24].not_x0.rf_dff/qout_r_reg[18]
  Impl DFF        Name(Last) i:/WORK/g03_top_IO/u_g03_soc/u_gpr_top/u_gpr/gpr_rw[24].not_x0.rf_dff/qout_r_reg[18]

  Ref  DFF        Name(Last) r:/WORK/g03_top_IO/u_g03_soc/u_gpr_top/u_gpr/gpr_rw[24].not_x0.rf_dff/qout_r_reg[19]
  Impl DFF        Name(Last) i:/WORK/g03_top_IO/u_g03_soc/u_gpr_top/u_gpr/gpr_rw[24].not_x0.rf_dff/qout_r_reg[19]

  Ref  DFF        Name(Last) r:/WORK/g03_top_IO/u_g03_soc/u_gpr_top/u_gpr/gpr_rw[24].not_x0.rf_dff/qout_r_reg[1]
  Impl DFF        Name(Last) i:/WORK/g03_top_IO/u_g03_soc/u_gpr_top/u_gpr/gpr_rw[24].not_x0.rf_dff/qout_r_reg[1]

  Ref  DFF        Name(Last) r:/WORK/g03_top_IO/u_g03_soc/u_gpr_top/u_gpr/gpr_rw[24].not_x0.rf_dff/qout_r_reg[20]
  Impl DFF        Name(Last) i:/WORK/g03_top_IO/u_g03_soc/u_gpr_top/u_gpr/gpr_rw[24].not_x0.rf_dff/qout_r_reg[20]

  Ref  DFF        Name(Last) r:/WORK/g03_top_IO/u_g03_soc/u_gpr_top/u_gpr/gpr_rw[24].not_x0.rf_dff/qout_r_reg[21]
  Impl DFF        Name(Last) i:/WORK/g03_top_IO/u_g03_soc/u_gpr_top/u_gpr/gpr_rw[24].not_x0.rf_dff/qout_r_reg[21]

  Ref  DFF        Name(Last) r:/WORK/g03_top_IO/u_g03_soc/u_gpr_top/u_gpr/gpr_rw[24].not_x0.rf_dff/qout_r_reg[22]
  Impl DFF        Name(Last) i:/WORK/g03_top_IO/u_g03_soc/u_gpr_top/u_gpr/gpr_rw[24].not_x0.rf_dff/qout_r_reg[22]

  Ref  DFF        Name(Last) r:/WORK/g03_top_IO/u_g03_soc/u_gpr_top/u_gpr/gpr_rw[24].not_x0.rf_dff/qout_r_reg[23]
  Impl DFF        Name(Last) i:/WORK/g03_top_IO/u_g03_soc/u_gpr_top/u_gpr/gpr_rw[24].not_x0.rf_dff/qout_r_reg[23]

  Ref  DFF        Name(Last) r:/WORK/g03_top_IO/u_g03_soc/u_gpr_top/u_gpr/gpr_rw[24].not_x0.rf_dff/qout_r_reg[24]
  Impl DFF        Name(Last) i:/WORK/g03_top_IO/u_g03_soc/u_gpr_top/u_gpr/gpr_rw[24].not_x0.rf_dff/qout_r_reg[24]

  Ref  DFF        Name(Last) r:/WORK/g03_top_IO/u_g03_soc/u_gpr_top/u_gpr/gpr_rw[24].not_x0.rf_dff/qout_r_reg[25]
  Impl DFF        Name(Last) i:/WORK/g03_top_IO/u_g03_soc/u_gpr_top/u_gpr/gpr_rw[24].not_x0.rf_dff/qout_r_reg[25]

  Ref  DFF        Name(Last) r:/WORK/g03_top_IO/u_g03_soc/u_gpr_top/u_gpr/gpr_rw[24].not_x0.rf_dff/qout_r_reg[26]
  Impl DFF        Name(Last) i:/WORK/g03_top_IO/u_g03_soc/u_gpr_top/u_gpr/gpr_rw[24].not_x0.rf_dff/qout_r_reg[26]

  Ref  DFF        Name(Last) r:/WORK/g03_top_IO/u_g03_soc/u_gpr_top/u_gpr/gpr_rw[24].not_x0.rf_dff/qout_r_reg[27]
  Impl DFF        Name(Last) i:/WORK/g03_top_IO/u_g03_soc/u_gpr_top/u_gpr/gpr_rw[24].not_x0.rf_dff/qout_r_reg[27]

  Ref  DFF        Name(Last) r:/WORK/g03_top_IO/u_g03_soc/u_gpr_top/u_gpr/gpr_rw[24].not_x0.rf_dff/qout_r_reg[28]
  Impl DFF        Name(Last) i:/WORK/g03_top_IO/u_g03_soc/u_gpr_top/u_gpr/gpr_rw[24].not_x0.rf_dff/qout_r_reg[28]

  Ref  DFF        Name(Last) r:/WORK/g03_top_IO/u_g03_soc/u_gpr_top/u_gpr/gpr_rw[24].not_x0.rf_dff/qout_r_reg[29]
  Impl DFF        Name(Last) i:/WORK/g03_top_IO/u_g03_soc/u_gpr_top/u_gpr/gpr_rw[24].not_x0.rf_dff/qout_r_reg[29]

  Ref  DFF        Name(Last) r:/WORK/g03_top_IO/u_g03_soc/u_gpr_top/u_gpr/gpr_rw[24].not_x0.rf_dff/qout_r_reg[2]
  Impl DFF        Name(Last) i:/WORK/g03_top_IO/u_g03_soc/u_gpr_top/u_gpr/gpr_rw[24].not_x0.rf_dff/qout_r_reg[2]

  Ref  DFF        Name(Last) r:/WORK/g03_top_IO/u_g03_soc/u_gpr_top/u_gpr/gpr_rw[24].not_x0.rf_dff/qout_r_reg[30]
  Impl DFF        Name(Last) i:/WORK/g03_top_IO/u_g03_soc/u_gpr_top/u_gpr/gpr_rw[24].not_x0.rf_dff/qout_r_reg[30]

  Ref  DFF        Name(Last) r:/WORK/g03_top_IO/u_g03_soc/u_gpr_top/u_gpr/gpr_rw[24].not_x0.rf_dff/qout_r_reg[31]
  Impl DFF        Name(Last) i:/WORK/g03_top_IO/u_g03_soc/u_gpr_top/u_gpr/gpr_rw[24].not_x0.rf_dff/qout_r_reg[31]

  Ref  DFF        Name(Last) r:/WORK/g03_top_IO/u_g03_soc/u_gpr_top/u_gpr/gpr_rw[24].not_x0.rf_dff/qout_r_reg[3]
  Impl DFF        Name(Last) i:/WORK/g03_top_IO/u_g03_soc/u_gpr_top/u_gpr/gpr_rw[24].not_x0.rf_dff/qout_r_reg[3]

  Ref  DFF        Name(Last) r:/WORK/g03_top_IO/u_g03_soc/u_gpr_top/u_gpr/gpr_rw[24].not_x0.rf_dff/qout_r_reg[4]
  Impl DFF        Name(Last) i:/WORK/g03_top_IO/u_g03_soc/u_gpr_top/u_gpr/gpr_rw[24].not_x0.rf_dff/qout_r_reg[4]

  Ref  DFF        Name(Last) r:/WORK/g03_top_IO/u_g03_soc/u_gpr_top/u_gpr/gpr_rw[24].not_x0.rf_dff/qout_r_reg[5]
  Impl DFF        Name(Last) i:/WORK/g03_top_IO/u_g03_soc/u_gpr_top/u_gpr/gpr_rw[24].not_x0.rf_dff/qout_r_reg[5]

  Ref  DFF        Name(Last) r:/WORK/g03_top_IO/u_g03_soc/u_gpr_top/u_gpr/gpr_rw[24].not_x0.rf_dff/qout_r_reg[6]
  Impl DFF        Name(Last) i:/WORK/g03_top_IO/u_g03_soc/u_gpr_top/u_gpr/gpr_rw[24].not_x0.rf_dff/qout_r_reg[6]

  Ref  DFF        Name(Last) r:/WORK/g03_top_IO/u_g03_soc/u_gpr_top/u_gpr/gpr_rw[24].not_x0.rf_dff/qout_r_reg[7]
  Impl DFF        Name(Last) i:/WORK/g03_top_IO/u_g03_soc/u_gpr_top/u_gpr/gpr_rw[24].not_x0.rf_dff/qout_r_reg[7]

  Ref  DFF        Name(Last) r:/WORK/g03_top_IO/u_g03_soc/u_gpr_top/u_gpr/gpr_rw[24].not_x0.rf_dff/qout_r_reg[8]
  Impl DFF        Name(Last) i:/WORK/g03_top_IO/u_g03_soc/u_gpr_top/u_gpr/gpr_rw[24].not_x0.rf_dff/qout_r_reg[8]

  Ref  DFF        Name(Last) r:/WORK/g03_top_IO/u_g03_soc/u_gpr_top/u_gpr/gpr_rw[24].not_x0.rf_dff/qout_r_reg[9]
  Impl DFF        Name(Last) i:/WORK/g03_top_IO/u_g03_soc/u_gpr_top/u_gpr/gpr_rw[24].not_x0.rf_dff/qout_r_reg[9]

  Ref  DFF        Name(Last) r:/WORK/g03_top_IO/u_g03_soc/u_gpr_top/u_gpr/gpr_rw[25].not_x0.rf_dff/qout_r_reg[0]
  Impl DFF        Name(Last) i:/WORK/g03_top_IO/u_g03_soc/u_gpr_top/u_gpr/gpr_rw[25].not_x0.rf_dff/qout_r_reg[0]

  Ref  DFF        Name(Last) r:/WORK/g03_top_IO/u_g03_soc/u_gpr_top/u_gpr/gpr_rw[25].not_x0.rf_dff/qout_r_reg[10]
  Impl DFF        Name(Last) i:/WORK/g03_top_IO/u_g03_soc/u_gpr_top/u_gpr/gpr_rw[25].not_x0.rf_dff/qout_r_reg[10]

  Ref  DFF        Name(Last) r:/WORK/g03_top_IO/u_g03_soc/u_gpr_top/u_gpr/gpr_rw[25].not_x0.rf_dff/qout_r_reg[11]
  Impl DFF        Name(Last) i:/WORK/g03_top_IO/u_g03_soc/u_gpr_top/u_gpr/gpr_rw[25].not_x0.rf_dff/qout_r_reg[11]

  Ref  DFF        Name(Last) r:/WORK/g03_top_IO/u_g03_soc/u_gpr_top/u_gpr/gpr_rw[25].not_x0.rf_dff/qout_r_reg[12]
  Impl DFF        Name(Last) i:/WORK/g03_top_IO/u_g03_soc/u_gpr_top/u_gpr/gpr_rw[25].not_x0.rf_dff/qout_r_reg[12]

  Ref  DFF        Name(Last) r:/WORK/g03_top_IO/u_g03_soc/u_gpr_top/u_gpr/gpr_rw[25].not_x0.rf_dff/qout_r_reg[13]
  Impl DFF        Name(Last) i:/WORK/g03_top_IO/u_g03_soc/u_gpr_top/u_gpr/gpr_rw[25].not_x0.rf_dff/qout_r_reg[13]

  Ref  DFF        Name(Last) r:/WORK/g03_top_IO/u_g03_soc/u_gpr_top/u_gpr/gpr_rw[25].not_x0.rf_dff/qout_r_reg[14]
  Impl DFF        Name(Last) i:/WORK/g03_top_IO/u_g03_soc/u_gpr_top/u_gpr/gpr_rw[25].not_x0.rf_dff/qout_r_reg[14]

  Ref  DFF        Name(Last) r:/WORK/g03_top_IO/u_g03_soc/u_gpr_top/u_gpr/gpr_rw[25].not_x0.rf_dff/qout_r_reg[15]
  Impl DFF        Name(Last) i:/WORK/g03_top_IO/u_g03_soc/u_gpr_top/u_gpr/gpr_rw[25].not_x0.rf_dff/qout_r_reg[15]

  Ref  DFF        Name(Last) r:/WORK/g03_top_IO/u_g03_soc/u_gpr_top/u_gpr/gpr_rw[25].not_x0.rf_dff/qout_r_reg[16]
  Impl DFF        Name(Last) i:/WORK/g03_top_IO/u_g03_soc/u_gpr_top/u_gpr/gpr_rw[25].not_x0.rf_dff/qout_r_reg[16]

  Ref  DFF        Name(Last) r:/WORK/g03_top_IO/u_g03_soc/u_gpr_top/u_gpr/gpr_rw[25].not_x0.rf_dff/qout_r_reg[17]
  Impl DFF        Name(Last) i:/WORK/g03_top_IO/u_g03_soc/u_gpr_top/u_gpr/gpr_rw[25].not_x0.rf_dff/qout_r_reg[17]

  Ref  DFF        Name(Last) r:/WORK/g03_top_IO/u_g03_soc/u_gpr_top/u_gpr/gpr_rw[25].not_x0.rf_dff/qout_r_reg[18]
  Impl DFF        Name(Last) i:/WORK/g03_top_IO/u_g03_soc/u_gpr_top/u_gpr/gpr_rw[25].not_x0.rf_dff/qout_r_reg[18]

  Ref  DFF        Name(Last) r:/WORK/g03_top_IO/u_g03_soc/u_gpr_top/u_gpr/gpr_rw[25].not_x0.rf_dff/qout_r_reg[19]
  Impl DFF        Name(Last) i:/WORK/g03_top_IO/u_g03_soc/u_gpr_top/u_gpr/gpr_rw[25].not_x0.rf_dff/qout_r_reg[19]

  Ref  DFF        Name(Last) r:/WORK/g03_top_IO/u_g03_soc/u_gpr_top/u_gpr/gpr_rw[25].not_x0.rf_dff/qout_r_reg[1]
  Impl DFF        Name(Last) i:/WORK/g03_top_IO/u_g03_soc/u_gpr_top/u_gpr/gpr_rw[25].not_x0.rf_dff/qout_r_reg[1]

  Ref  DFF        Name(Last) r:/WORK/g03_top_IO/u_g03_soc/u_gpr_top/u_gpr/gpr_rw[25].not_x0.rf_dff/qout_r_reg[20]
  Impl DFF        Name(Last) i:/WORK/g03_top_IO/u_g03_soc/u_gpr_top/u_gpr/gpr_rw[25].not_x0.rf_dff/qout_r_reg[20]

  Ref  DFF        Name(Last) r:/WORK/g03_top_IO/u_g03_soc/u_gpr_top/u_gpr/gpr_rw[25].not_x0.rf_dff/qout_r_reg[21]
  Impl DFF        Name(Last) i:/WORK/g03_top_IO/u_g03_soc/u_gpr_top/u_gpr/gpr_rw[25].not_x0.rf_dff/qout_r_reg[21]

  Ref  DFF        Name(Last) r:/WORK/g03_top_IO/u_g03_soc/u_gpr_top/u_gpr/gpr_rw[25].not_x0.rf_dff/qout_r_reg[22]
  Impl DFF        Name(Last) i:/WORK/g03_top_IO/u_g03_soc/u_gpr_top/u_gpr/gpr_rw[25].not_x0.rf_dff/qout_r_reg[22]

  Ref  DFF        Name(Last) r:/WORK/g03_top_IO/u_g03_soc/u_gpr_top/u_gpr/gpr_rw[25].not_x0.rf_dff/qout_r_reg[23]
  Impl DFF        Name(Last) i:/WORK/g03_top_IO/u_g03_soc/u_gpr_top/u_gpr/gpr_rw[25].not_x0.rf_dff/qout_r_reg[23]

  Ref  DFF        Name(Last) r:/WORK/g03_top_IO/u_g03_soc/u_gpr_top/u_gpr/gpr_rw[25].not_x0.rf_dff/qout_r_reg[24]
  Impl DFF        Name(Last) i:/WORK/g03_top_IO/u_g03_soc/u_gpr_top/u_gpr/gpr_rw[25].not_x0.rf_dff/qout_r_reg[24]

  Ref  DFF        Name(Last) r:/WORK/g03_top_IO/u_g03_soc/u_gpr_top/u_gpr/gpr_rw[25].not_x0.rf_dff/qout_r_reg[25]
  Impl DFF        Name(Last) i:/WORK/g03_top_IO/u_g03_soc/u_gpr_top/u_gpr/gpr_rw[25].not_x0.rf_dff/qout_r_reg[25]

  Ref  DFF        Name(Last) r:/WORK/g03_top_IO/u_g03_soc/u_gpr_top/u_gpr/gpr_rw[25].not_x0.rf_dff/qout_r_reg[26]
  Impl DFF        Name(Last) i:/WORK/g03_top_IO/u_g03_soc/u_gpr_top/u_gpr/gpr_rw[25].not_x0.rf_dff/qout_r_reg[26]

  Ref  DFF        Name(Last) r:/WORK/g03_top_IO/u_g03_soc/u_gpr_top/u_gpr/gpr_rw[25].not_x0.rf_dff/qout_r_reg[27]
  Impl DFF        Name(Last) i:/WORK/g03_top_IO/u_g03_soc/u_gpr_top/u_gpr/gpr_rw[25].not_x0.rf_dff/qout_r_reg[27]

  Ref  DFF        Name(Last) r:/WORK/g03_top_IO/u_g03_soc/u_gpr_top/u_gpr/gpr_rw[25].not_x0.rf_dff/qout_r_reg[28]
  Impl DFF        Name(Last) i:/WORK/g03_top_IO/u_g03_soc/u_gpr_top/u_gpr/gpr_rw[25].not_x0.rf_dff/qout_r_reg[28]

  Ref  DFF        Name(Last) r:/WORK/g03_top_IO/u_g03_soc/u_gpr_top/u_gpr/gpr_rw[25].not_x0.rf_dff/qout_r_reg[29]
  Impl DFF        Name(Last) i:/WORK/g03_top_IO/u_g03_soc/u_gpr_top/u_gpr/gpr_rw[25].not_x0.rf_dff/qout_r_reg[29]

  Ref  DFF        Name(Last) r:/WORK/g03_top_IO/u_g03_soc/u_gpr_top/u_gpr/gpr_rw[25].not_x0.rf_dff/qout_r_reg[2]
  Impl DFF        Name(Last) i:/WORK/g03_top_IO/u_g03_soc/u_gpr_top/u_gpr/gpr_rw[25].not_x0.rf_dff/qout_r_reg[2]

  Ref  DFF        Name(Last) r:/WORK/g03_top_IO/u_g03_soc/u_gpr_top/u_gpr/gpr_rw[25].not_x0.rf_dff/qout_r_reg[30]
  Impl DFF        Name(Last) i:/WORK/g03_top_IO/u_g03_soc/u_gpr_top/u_gpr/gpr_rw[25].not_x0.rf_dff/qout_r_reg[30]

  Ref  DFF        Name(Last) r:/WORK/g03_top_IO/u_g03_soc/u_gpr_top/u_gpr/gpr_rw[25].not_x0.rf_dff/qout_r_reg[31]
  Impl DFF        Name(Last) i:/WORK/g03_top_IO/u_g03_soc/u_gpr_top/u_gpr/gpr_rw[25].not_x0.rf_dff/qout_r_reg[31]

  Ref  DFF        Name(Last) r:/WORK/g03_top_IO/u_g03_soc/u_gpr_top/u_gpr/gpr_rw[25].not_x0.rf_dff/qout_r_reg[3]
  Impl DFF        Name(Last) i:/WORK/g03_top_IO/u_g03_soc/u_gpr_top/u_gpr/gpr_rw[25].not_x0.rf_dff/qout_r_reg[3]

  Ref  DFF        Name(Last) r:/WORK/g03_top_IO/u_g03_soc/u_gpr_top/u_gpr/gpr_rw[25].not_x0.rf_dff/qout_r_reg[4]
  Impl DFF        Name(Last) i:/WORK/g03_top_IO/u_g03_soc/u_gpr_top/u_gpr/gpr_rw[25].not_x0.rf_dff/qout_r_reg[4]

  Ref  DFF        Name(Last) r:/WORK/g03_top_IO/u_g03_soc/u_gpr_top/u_gpr/gpr_rw[25].not_x0.rf_dff/qout_r_reg[5]
  Impl DFF        Name(Last) i:/WORK/g03_top_IO/u_g03_soc/u_gpr_top/u_gpr/gpr_rw[25].not_x0.rf_dff/qout_r_reg[5]

  Ref  DFF        Name(Last) r:/WORK/g03_top_IO/u_g03_soc/u_gpr_top/u_gpr/gpr_rw[25].not_x0.rf_dff/qout_r_reg[6]
  Impl DFF        Name(Last) i:/WORK/g03_top_IO/u_g03_soc/u_gpr_top/u_gpr/gpr_rw[25].not_x0.rf_dff/qout_r_reg[6]

  Ref  DFF        Name(Last) r:/WORK/g03_top_IO/u_g03_soc/u_gpr_top/u_gpr/gpr_rw[25].not_x0.rf_dff/qout_r_reg[7]
  Impl DFF        Name(Last) i:/WORK/g03_top_IO/u_g03_soc/u_gpr_top/u_gpr/gpr_rw[25].not_x0.rf_dff/qout_r_reg[7]

  Ref  DFF        Name(Last) r:/WORK/g03_top_IO/u_g03_soc/u_gpr_top/u_gpr/gpr_rw[25].not_x0.rf_dff/qout_r_reg[8]
  Impl DFF        Name(Last) i:/WORK/g03_top_IO/u_g03_soc/u_gpr_top/u_gpr/gpr_rw[25].not_x0.rf_dff/qout_r_reg[8]

  Ref  DFF        Name(Last) r:/WORK/g03_top_IO/u_g03_soc/u_gpr_top/u_gpr/gpr_rw[25].not_x0.rf_dff/qout_r_reg[9]
  Impl DFF        Name(Last) i:/WORK/g03_top_IO/u_g03_soc/u_gpr_top/u_gpr/gpr_rw[25].not_x0.rf_dff/qout_r_reg[9]

  Ref  DFF        Name(Last) r:/WORK/g03_top_IO/u_g03_soc/u_gpr_top/u_gpr/gpr_rw[26].not_x0.rf_dff/qout_r_reg[0]
  Impl DFF        Name(Last) i:/WORK/g03_top_IO/u_g03_soc/u_gpr_top/u_gpr/gpr_rw[26].not_x0.rf_dff/qout_r_reg[0]

  Ref  DFF        Name(Last) r:/WORK/g03_top_IO/u_g03_soc/u_gpr_top/u_gpr/gpr_rw[26].not_x0.rf_dff/qout_r_reg[10]
  Impl DFF        Name(Last) i:/WORK/g03_top_IO/u_g03_soc/u_gpr_top/u_gpr/gpr_rw[26].not_x0.rf_dff/qout_r_reg[10]

  Ref  DFF        Name(Last) r:/WORK/g03_top_IO/u_g03_soc/u_gpr_top/u_gpr/gpr_rw[26].not_x0.rf_dff/qout_r_reg[11]
  Impl DFF        Name(Last) i:/WORK/g03_top_IO/u_g03_soc/u_gpr_top/u_gpr/gpr_rw[26].not_x0.rf_dff/qout_r_reg[11]

  Ref  DFF        Name(Last) r:/WORK/g03_top_IO/u_g03_soc/u_gpr_top/u_gpr/gpr_rw[26].not_x0.rf_dff/qout_r_reg[12]
  Impl DFF        Name(Last) i:/WORK/g03_top_IO/u_g03_soc/u_gpr_top/u_gpr/gpr_rw[26].not_x0.rf_dff/qout_r_reg[12]

  Ref  DFF        Name(Last) r:/WORK/g03_top_IO/u_g03_soc/u_gpr_top/u_gpr/gpr_rw[26].not_x0.rf_dff/qout_r_reg[13]
  Impl DFF        Name(Last) i:/WORK/g03_top_IO/u_g03_soc/u_gpr_top/u_gpr/gpr_rw[26].not_x0.rf_dff/qout_r_reg[13]

  Ref  DFF        Name(Last) r:/WORK/g03_top_IO/u_g03_soc/u_gpr_top/u_gpr/gpr_rw[26].not_x0.rf_dff/qout_r_reg[14]
  Impl DFF        Name(Last) i:/WORK/g03_top_IO/u_g03_soc/u_gpr_top/u_gpr/gpr_rw[26].not_x0.rf_dff/qout_r_reg[14]

  Ref  DFF        Name(Last) r:/WORK/g03_top_IO/u_g03_soc/u_gpr_top/u_gpr/gpr_rw[26].not_x0.rf_dff/qout_r_reg[15]
  Impl DFF        Name(Last) i:/WORK/g03_top_IO/u_g03_soc/u_gpr_top/u_gpr/gpr_rw[26].not_x0.rf_dff/qout_r_reg[15]

  Ref  DFF        Name(Last) r:/WORK/g03_top_IO/u_g03_soc/u_gpr_top/u_gpr/gpr_rw[26].not_x0.rf_dff/qout_r_reg[16]
  Impl DFF        Name(Last) i:/WORK/g03_top_IO/u_g03_soc/u_gpr_top/u_gpr/gpr_rw[26].not_x0.rf_dff/qout_r_reg[16]

  Ref  DFF        Name(Last) r:/WORK/g03_top_IO/u_g03_soc/u_gpr_top/u_gpr/gpr_rw[26].not_x0.rf_dff/qout_r_reg[17]
  Impl DFF        Name(Last) i:/WORK/g03_top_IO/u_g03_soc/u_gpr_top/u_gpr/gpr_rw[26].not_x0.rf_dff/qout_r_reg[17]

  Ref  DFF        Name(Last) r:/WORK/g03_top_IO/u_g03_soc/u_gpr_top/u_gpr/gpr_rw[26].not_x0.rf_dff/qout_r_reg[18]
  Impl DFF        Name(Last) i:/WORK/g03_top_IO/u_g03_soc/u_gpr_top/u_gpr/gpr_rw[26].not_x0.rf_dff/qout_r_reg[18]

  Ref  DFF        Name(Last) r:/WORK/g03_top_IO/u_g03_soc/u_gpr_top/u_gpr/gpr_rw[26].not_x0.rf_dff/qout_r_reg[19]
  Impl DFF        Name(Last) i:/WORK/g03_top_IO/u_g03_soc/u_gpr_top/u_gpr/gpr_rw[26].not_x0.rf_dff/qout_r_reg[19]

  Ref  DFF        Name(Last) r:/WORK/g03_top_IO/u_g03_soc/u_gpr_top/u_gpr/gpr_rw[26].not_x0.rf_dff/qout_r_reg[1]
  Impl DFF        Name(Last) i:/WORK/g03_top_IO/u_g03_soc/u_gpr_top/u_gpr/gpr_rw[26].not_x0.rf_dff/qout_r_reg[1]

  Ref  DFF        Name(Last) r:/WORK/g03_top_IO/u_g03_soc/u_gpr_top/u_gpr/gpr_rw[26].not_x0.rf_dff/qout_r_reg[20]
  Impl DFF        Name(Last) i:/WORK/g03_top_IO/u_g03_soc/u_gpr_top/u_gpr/gpr_rw[26].not_x0.rf_dff/qout_r_reg[20]

  Ref  DFF        Name(Last) r:/WORK/g03_top_IO/u_g03_soc/u_gpr_top/u_gpr/gpr_rw[26].not_x0.rf_dff/qout_r_reg[21]
  Impl DFF        Name(Last) i:/WORK/g03_top_IO/u_g03_soc/u_gpr_top/u_gpr/gpr_rw[26].not_x0.rf_dff/qout_r_reg[21]

  Ref  DFF        Name(Last) r:/WORK/g03_top_IO/u_g03_soc/u_gpr_top/u_gpr/gpr_rw[26].not_x0.rf_dff/qout_r_reg[22]
  Impl DFF        Name(Last) i:/WORK/g03_top_IO/u_g03_soc/u_gpr_top/u_gpr/gpr_rw[26].not_x0.rf_dff/qout_r_reg[22]

  Ref  DFF        Name(Last) r:/WORK/g03_top_IO/u_g03_soc/u_gpr_top/u_gpr/gpr_rw[26].not_x0.rf_dff/qout_r_reg[23]
  Impl DFF        Name(Last) i:/WORK/g03_top_IO/u_g03_soc/u_gpr_top/u_gpr/gpr_rw[26].not_x0.rf_dff/qout_r_reg[23]

  Ref  DFF        Name(Last) r:/WORK/g03_top_IO/u_g03_soc/u_gpr_top/u_gpr/gpr_rw[26].not_x0.rf_dff/qout_r_reg[24]
  Impl DFF        Name(Last) i:/WORK/g03_top_IO/u_g03_soc/u_gpr_top/u_gpr/gpr_rw[26].not_x0.rf_dff/qout_r_reg[24]

  Ref  DFF        Name(Last) r:/WORK/g03_top_IO/u_g03_soc/u_gpr_top/u_gpr/gpr_rw[26].not_x0.rf_dff/qout_r_reg[25]
  Impl DFF        Name(Last) i:/WORK/g03_top_IO/u_g03_soc/u_gpr_top/u_gpr/gpr_rw[26].not_x0.rf_dff/qout_r_reg[25]

  Ref  DFF        Name(Last) r:/WORK/g03_top_IO/u_g03_soc/u_gpr_top/u_gpr/gpr_rw[26].not_x0.rf_dff/qout_r_reg[26]
  Impl DFF        Name(Last) i:/WORK/g03_top_IO/u_g03_soc/u_gpr_top/u_gpr/gpr_rw[26].not_x0.rf_dff/qout_r_reg[26]

  Ref  DFF        Name(Last) r:/WORK/g03_top_IO/u_g03_soc/u_gpr_top/u_gpr/gpr_rw[26].not_x0.rf_dff/qout_r_reg[27]
  Impl DFF        Name(Last) i:/WORK/g03_top_IO/u_g03_soc/u_gpr_top/u_gpr/gpr_rw[26].not_x0.rf_dff/qout_r_reg[27]

  Ref  DFF        Name(Last) r:/WORK/g03_top_IO/u_g03_soc/u_gpr_top/u_gpr/gpr_rw[26].not_x0.rf_dff/qout_r_reg[28]
  Impl DFF        Name(Last) i:/WORK/g03_top_IO/u_g03_soc/u_gpr_top/u_gpr/gpr_rw[26].not_x0.rf_dff/qout_r_reg[28]

  Ref  DFF        Name(Last) r:/WORK/g03_top_IO/u_g03_soc/u_gpr_top/u_gpr/gpr_rw[26].not_x0.rf_dff/qout_r_reg[29]
  Impl DFF        Name(Last) i:/WORK/g03_top_IO/u_g03_soc/u_gpr_top/u_gpr/gpr_rw[26].not_x0.rf_dff/qout_r_reg[29]

  Ref  DFF        Name(Last) r:/WORK/g03_top_IO/u_g03_soc/u_gpr_top/u_gpr/gpr_rw[26].not_x0.rf_dff/qout_r_reg[2]
  Impl DFF        Name(Last) i:/WORK/g03_top_IO/u_g03_soc/u_gpr_top/u_gpr/gpr_rw[26].not_x0.rf_dff/qout_r_reg[2]

  Ref  DFF        Name(Last) r:/WORK/g03_top_IO/u_g03_soc/u_gpr_top/u_gpr/gpr_rw[26].not_x0.rf_dff/qout_r_reg[30]
  Impl DFF        Name(Last) i:/WORK/g03_top_IO/u_g03_soc/u_gpr_top/u_gpr/gpr_rw[26].not_x0.rf_dff/qout_r_reg[30]

  Ref  DFF        Name(Last) r:/WORK/g03_top_IO/u_g03_soc/u_gpr_top/u_gpr/gpr_rw[26].not_x0.rf_dff/qout_r_reg[31]
  Impl DFF        Name(Last) i:/WORK/g03_top_IO/u_g03_soc/u_gpr_top/u_gpr/gpr_rw[26].not_x0.rf_dff/qout_r_reg[31]

  Ref  DFF        Name(Last) r:/WORK/g03_top_IO/u_g03_soc/u_gpr_top/u_gpr/gpr_rw[26].not_x0.rf_dff/qout_r_reg[3]
  Impl DFF        Name(Last) i:/WORK/g03_top_IO/u_g03_soc/u_gpr_top/u_gpr/gpr_rw[26].not_x0.rf_dff/qout_r_reg[3]

  Ref  DFF        Name(Last) r:/WORK/g03_top_IO/u_g03_soc/u_gpr_top/u_gpr/gpr_rw[26].not_x0.rf_dff/qout_r_reg[4]
  Impl DFF        Name(Last) i:/WORK/g03_top_IO/u_g03_soc/u_gpr_top/u_gpr/gpr_rw[26].not_x0.rf_dff/qout_r_reg[4]

  Ref  DFF        Name(Last) r:/WORK/g03_top_IO/u_g03_soc/u_gpr_top/u_gpr/gpr_rw[26].not_x0.rf_dff/qout_r_reg[5]
  Impl DFF        Name(Last) i:/WORK/g03_top_IO/u_g03_soc/u_gpr_top/u_gpr/gpr_rw[26].not_x0.rf_dff/qout_r_reg[5]

  Ref  DFF        Name(Last) r:/WORK/g03_top_IO/u_g03_soc/u_gpr_top/u_gpr/gpr_rw[26].not_x0.rf_dff/qout_r_reg[6]
  Impl DFF        Name(Last) i:/WORK/g03_top_IO/u_g03_soc/u_gpr_top/u_gpr/gpr_rw[26].not_x0.rf_dff/qout_r_reg[6]

  Ref  DFF        Name(Last) r:/WORK/g03_top_IO/u_g03_soc/u_gpr_top/u_gpr/gpr_rw[26].not_x0.rf_dff/qout_r_reg[7]
  Impl DFF        Name(Last) i:/WORK/g03_top_IO/u_g03_soc/u_gpr_top/u_gpr/gpr_rw[26].not_x0.rf_dff/qout_r_reg[7]

  Ref  DFF        Name(Last) r:/WORK/g03_top_IO/u_g03_soc/u_gpr_top/u_gpr/gpr_rw[26].not_x0.rf_dff/qout_r_reg[8]
  Impl DFF        Name(Last) i:/WORK/g03_top_IO/u_g03_soc/u_gpr_top/u_gpr/gpr_rw[26].not_x0.rf_dff/qout_r_reg[8]

  Ref  DFF        Name(Last) r:/WORK/g03_top_IO/u_g03_soc/u_gpr_top/u_gpr/gpr_rw[26].not_x0.rf_dff/qout_r_reg[9]
  Impl DFF        Name(Last) i:/WORK/g03_top_IO/u_g03_soc/u_gpr_top/u_gpr/gpr_rw[26].not_x0.rf_dff/qout_r_reg[9]

  Ref  DFF        Name(Last) r:/WORK/g03_top_IO/u_g03_soc/u_gpr_top/u_gpr/gpr_rw[27].not_x0.rf_dff/qout_r_reg[0]
  Impl DFF        Name(Last) i:/WORK/g03_top_IO/u_g03_soc/u_gpr_top/u_gpr/gpr_rw[27].not_x0.rf_dff/qout_r_reg[0]

  Ref  DFF        Name(Last) r:/WORK/g03_top_IO/u_g03_soc/u_gpr_top/u_gpr/gpr_rw[27].not_x0.rf_dff/qout_r_reg[10]
  Impl DFF        Name(Last) i:/WORK/g03_top_IO/u_g03_soc/u_gpr_top/u_gpr/gpr_rw[27].not_x0.rf_dff/qout_r_reg[10]

  Ref  DFF        Name(Last) r:/WORK/g03_top_IO/u_g03_soc/u_gpr_top/u_gpr/gpr_rw[27].not_x0.rf_dff/qout_r_reg[11]
  Impl DFF        Name(Last) i:/WORK/g03_top_IO/u_g03_soc/u_gpr_top/u_gpr/gpr_rw[27].not_x0.rf_dff/qout_r_reg[11]

  Ref  DFF        Name(Last) r:/WORK/g03_top_IO/u_g03_soc/u_gpr_top/u_gpr/gpr_rw[27].not_x0.rf_dff/qout_r_reg[12]
  Impl DFF        Name(Last) i:/WORK/g03_top_IO/u_g03_soc/u_gpr_top/u_gpr/gpr_rw[27].not_x0.rf_dff/qout_r_reg[12]

  Ref  DFF        Name(Last) r:/WORK/g03_top_IO/u_g03_soc/u_gpr_top/u_gpr/gpr_rw[27].not_x0.rf_dff/qout_r_reg[13]
  Impl DFF        Name(Last) i:/WORK/g03_top_IO/u_g03_soc/u_gpr_top/u_gpr/gpr_rw[27].not_x0.rf_dff/qout_r_reg[13]

  Ref  DFF        Name(Last) r:/WORK/g03_top_IO/u_g03_soc/u_gpr_top/u_gpr/gpr_rw[27].not_x0.rf_dff/qout_r_reg[14]
  Impl DFF        Name(Last) i:/WORK/g03_top_IO/u_g03_soc/u_gpr_top/u_gpr/gpr_rw[27].not_x0.rf_dff/qout_r_reg[14]

  Ref  DFF        Name(Last) r:/WORK/g03_top_IO/u_g03_soc/u_gpr_top/u_gpr/gpr_rw[27].not_x0.rf_dff/qout_r_reg[15]
  Impl DFF        Name(Last) i:/WORK/g03_top_IO/u_g03_soc/u_gpr_top/u_gpr/gpr_rw[27].not_x0.rf_dff/qout_r_reg[15]

  Ref  DFF        Name(Last) r:/WORK/g03_top_IO/u_g03_soc/u_gpr_top/u_gpr/gpr_rw[27].not_x0.rf_dff/qout_r_reg[16]
  Impl DFF        Name(Last) i:/WORK/g03_top_IO/u_g03_soc/u_gpr_top/u_gpr/gpr_rw[27].not_x0.rf_dff/qout_r_reg[16]

  Ref  DFF        Name(Last) r:/WORK/g03_top_IO/u_g03_soc/u_gpr_top/u_gpr/gpr_rw[27].not_x0.rf_dff/qout_r_reg[17]
  Impl DFF        Name(Last) i:/WORK/g03_top_IO/u_g03_soc/u_gpr_top/u_gpr/gpr_rw[27].not_x0.rf_dff/qout_r_reg[17]

  Ref  DFF        Name(Last) r:/WORK/g03_top_IO/u_g03_soc/u_gpr_top/u_gpr/gpr_rw[27].not_x0.rf_dff/qout_r_reg[18]
  Impl DFF        Name(Last) i:/WORK/g03_top_IO/u_g03_soc/u_gpr_top/u_gpr/gpr_rw[27].not_x0.rf_dff/qout_r_reg[18]

  Ref  DFF        Name(Last) r:/WORK/g03_top_IO/u_g03_soc/u_gpr_top/u_gpr/gpr_rw[27].not_x0.rf_dff/qout_r_reg[19]
  Impl DFF        Name(Last) i:/WORK/g03_top_IO/u_g03_soc/u_gpr_top/u_gpr/gpr_rw[27].not_x0.rf_dff/qout_r_reg[19]

  Ref  DFF        Name(Last) r:/WORK/g03_top_IO/u_g03_soc/u_gpr_top/u_gpr/gpr_rw[27].not_x0.rf_dff/qout_r_reg[1]
  Impl DFF        Name(Last) i:/WORK/g03_top_IO/u_g03_soc/u_gpr_top/u_gpr/gpr_rw[27].not_x0.rf_dff/qout_r_reg[1]

  Ref  DFF        Name(Last) r:/WORK/g03_top_IO/u_g03_soc/u_gpr_top/u_gpr/gpr_rw[27].not_x0.rf_dff/qout_r_reg[20]
  Impl DFF        Name(Last) i:/WORK/g03_top_IO/u_g03_soc/u_gpr_top/u_gpr/gpr_rw[27].not_x0.rf_dff/qout_r_reg[20]

  Ref  DFF        Name(Last) r:/WORK/g03_top_IO/u_g03_soc/u_gpr_top/u_gpr/gpr_rw[27].not_x0.rf_dff/qout_r_reg[21]
  Impl DFF        Name(Last) i:/WORK/g03_top_IO/u_g03_soc/u_gpr_top/u_gpr/gpr_rw[27].not_x0.rf_dff/qout_r_reg[21]

  Ref  DFF        Name(Last) r:/WORK/g03_top_IO/u_g03_soc/u_gpr_top/u_gpr/gpr_rw[27].not_x0.rf_dff/qout_r_reg[22]
  Impl DFF        Name(Last) i:/WORK/g03_top_IO/u_g03_soc/u_gpr_top/u_gpr/gpr_rw[27].not_x0.rf_dff/qout_r_reg[22]

  Ref  DFF        Name(Last) r:/WORK/g03_top_IO/u_g03_soc/u_gpr_top/u_gpr/gpr_rw[27].not_x0.rf_dff/qout_r_reg[23]
  Impl DFF        Name(Last) i:/WORK/g03_top_IO/u_g03_soc/u_gpr_top/u_gpr/gpr_rw[27].not_x0.rf_dff/qout_r_reg[23]

  Ref  DFF        Name(Last) r:/WORK/g03_top_IO/u_g03_soc/u_gpr_top/u_gpr/gpr_rw[27].not_x0.rf_dff/qout_r_reg[24]
  Impl DFF        Name(Last) i:/WORK/g03_top_IO/u_g03_soc/u_gpr_top/u_gpr/gpr_rw[27].not_x0.rf_dff/qout_r_reg[24]

  Ref  DFF        Name(Last) r:/WORK/g03_top_IO/u_g03_soc/u_gpr_top/u_gpr/gpr_rw[27].not_x0.rf_dff/qout_r_reg[25]
  Impl DFF        Name(Last) i:/WORK/g03_top_IO/u_g03_soc/u_gpr_top/u_gpr/gpr_rw[27].not_x0.rf_dff/qout_r_reg[25]

  Ref  DFF        Name(Last) r:/WORK/g03_top_IO/u_g03_soc/u_gpr_top/u_gpr/gpr_rw[27].not_x0.rf_dff/qout_r_reg[26]
  Impl DFF        Name(Last) i:/WORK/g03_top_IO/u_g03_soc/u_gpr_top/u_gpr/gpr_rw[27].not_x0.rf_dff/qout_r_reg[26]

  Ref  DFF        Name(Last) r:/WORK/g03_top_IO/u_g03_soc/u_gpr_top/u_gpr/gpr_rw[27].not_x0.rf_dff/qout_r_reg[27]
  Impl DFF        Name(Last) i:/WORK/g03_top_IO/u_g03_soc/u_gpr_top/u_gpr/gpr_rw[27].not_x0.rf_dff/qout_r_reg[27]

  Ref  DFF        Name(Last) r:/WORK/g03_top_IO/u_g03_soc/u_gpr_top/u_gpr/gpr_rw[27].not_x0.rf_dff/qout_r_reg[28]
  Impl DFF        Name(Last) i:/WORK/g03_top_IO/u_g03_soc/u_gpr_top/u_gpr/gpr_rw[27].not_x0.rf_dff/qout_r_reg[28]

  Ref  DFF        Name(Last) r:/WORK/g03_top_IO/u_g03_soc/u_gpr_top/u_gpr/gpr_rw[27].not_x0.rf_dff/qout_r_reg[29]
  Impl DFF        Name(Last) i:/WORK/g03_top_IO/u_g03_soc/u_gpr_top/u_gpr/gpr_rw[27].not_x0.rf_dff/qout_r_reg[29]

  Ref  DFF        Name(Last) r:/WORK/g03_top_IO/u_g03_soc/u_gpr_top/u_gpr/gpr_rw[27].not_x0.rf_dff/qout_r_reg[2]
  Impl DFF        Name(Last) i:/WORK/g03_top_IO/u_g03_soc/u_gpr_top/u_gpr/gpr_rw[27].not_x0.rf_dff/qout_r_reg[2]

  Ref  DFF        Name(Last) r:/WORK/g03_top_IO/u_g03_soc/u_gpr_top/u_gpr/gpr_rw[27].not_x0.rf_dff/qout_r_reg[30]
  Impl DFF        Name(Last) i:/WORK/g03_top_IO/u_g03_soc/u_gpr_top/u_gpr/gpr_rw[27].not_x0.rf_dff/qout_r_reg[30]

  Ref  DFF        Name(Last) r:/WORK/g03_top_IO/u_g03_soc/u_gpr_top/u_gpr/gpr_rw[27].not_x0.rf_dff/qout_r_reg[31]
  Impl DFF        Name(Last) i:/WORK/g03_top_IO/u_g03_soc/u_gpr_top/u_gpr/gpr_rw[27].not_x0.rf_dff/qout_r_reg[31]

  Ref  DFF        Name(Last) r:/WORK/g03_top_IO/u_g03_soc/u_gpr_top/u_gpr/gpr_rw[27].not_x0.rf_dff/qout_r_reg[3]
  Impl DFF        Name(Last) i:/WORK/g03_top_IO/u_g03_soc/u_gpr_top/u_gpr/gpr_rw[27].not_x0.rf_dff/qout_r_reg[3]

  Ref  DFF        Name(Last) r:/WORK/g03_top_IO/u_g03_soc/u_gpr_top/u_gpr/gpr_rw[27].not_x0.rf_dff/qout_r_reg[4]
  Impl DFF        Name(Last) i:/WORK/g03_top_IO/u_g03_soc/u_gpr_top/u_gpr/gpr_rw[27].not_x0.rf_dff/qout_r_reg[4]

  Ref  DFF        Name(Last) r:/WORK/g03_top_IO/u_g03_soc/u_gpr_top/u_gpr/gpr_rw[27].not_x0.rf_dff/qout_r_reg[5]
  Impl DFF        Name(Last) i:/WORK/g03_top_IO/u_g03_soc/u_gpr_top/u_gpr/gpr_rw[27].not_x0.rf_dff/qout_r_reg[5]

  Ref  DFF        Name(Last) r:/WORK/g03_top_IO/u_g03_soc/u_gpr_top/u_gpr/gpr_rw[27].not_x0.rf_dff/qout_r_reg[6]
  Impl DFF        Name(Last) i:/WORK/g03_top_IO/u_g03_soc/u_gpr_top/u_gpr/gpr_rw[27].not_x0.rf_dff/qout_r_reg[6]

  Ref  DFF        Name(Last) r:/WORK/g03_top_IO/u_g03_soc/u_gpr_top/u_gpr/gpr_rw[27].not_x0.rf_dff/qout_r_reg[7]
  Impl DFF        Name(Last) i:/WORK/g03_top_IO/u_g03_soc/u_gpr_top/u_gpr/gpr_rw[27].not_x0.rf_dff/qout_r_reg[7]

  Ref  DFF        Name(Last) r:/WORK/g03_top_IO/u_g03_soc/u_gpr_top/u_gpr/gpr_rw[27].not_x0.rf_dff/qout_r_reg[8]
  Impl DFF        Name(Last) i:/WORK/g03_top_IO/u_g03_soc/u_gpr_top/u_gpr/gpr_rw[27].not_x0.rf_dff/qout_r_reg[8]

  Ref  DFF        Name(Last) r:/WORK/g03_top_IO/u_g03_soc/u_gpr_top/u_gpr/gpr_rw[27].not_x0.rf_dff/qout_r_reg[9]
  Impl DFF        Name(Last) i:/WORK/g03_top_IO/u_g03_soc/u_gpr_top/u_gpr/gpr_rw[27].not_x0.rf_dff/qout_r_reg[9]

  Ref  DFF        Name(Last) r:/WORK/g03_top_IO/u_g03_soc/u_gpr_top/u_gpr/gpr_rw[28].not_x0.rf_dff/qout_r_reg[0]
  Impl DFF        Name(Last) i:/WORK/g03_top_IO/u_g03_soc/u_gpr_top/u_gpr/gpr_rw[28].not_x0.rf_dff/qout_r_reg[0]

  Ref  DFF        Name(Last) r:/WORK/g03_top_IO/u_g03_soc/u_gpr_top/u_gpr/gpr_rw[28].not_x0.rf_dff/qout_r_reg[10]
  Impl DFF        Name(Last) i:/WORK/g03_top_IO/u_g03_soc/u_gpr_top/u_gpr/gpr_rw[28].not_x0.rf_dff/qout_r_reg[10]

  Ref  DFF        Name(Last) r:/WORK/g03_top_IO/u_g03_soc/u_gpr_top/u_gpr/gpr_rw[28].not_x0.rf_dff/qout_r_reg[11]
  Impl DFF        Name(Last) i:/WORK/g03_top_IO/u_g03_soc/u_gpr_top/u_gpr/gpr_rw[28].not_x0.rf_dff/qout_r_reg[11]

  Ref  DFF        Name(Last) r:/WORK/g03_top_IO/u_g03_soc/u_gpr_top/u_gpr/gpr_rw[28].not_x0.rf_dff/qout_r_reg[12]
  Impl DFF        Name(Last) i:/WORK/g03_top_IO/u_g03_soc/u_gpr_top/u_gpr/gpr_rw[28].not_x0.rf_dff/qout_r_reg[12]

  Ref  DFF        Name(Last) r:/WORK/g03_top_IO/u_g03_soc/u_gpr_top/u_gpr/gpr_rw[28].not_x0.rf_dff/qout_r_reg[13]
  Impl DFF        Name(Last) i:/WORK/g03_top_IO/u_g03_soc/u_gpr_top/u_gpr/gpr_rw[28].not_x0.rf_dff/qout_r_reg[13]

  Ref  DFF        Name(Last) r:/WORK/g03_top_IO/u_g03_soc/u_gpr_top/u_gpr/gpr_rw[28].not_x0.rf_dff/qout_r_reg[14]
  Impl DFF        Name(Last) i:/WORK/g03_top_IO/u_g03_soc/u_gpr_top/u_gpr/gpr_rw[28].not_x0.rf_dff/qout_r_reg[14]

  Ref  DFF        Name(Last) r:/WORK/g03_top_IO/u_g03_soc/u_gpr_top/u_gpr/gpr_rw[28].not_x0.rf_dff/qout_r_reg[15]
  Impl DFF        Name(Last) i:/WORK/g03_top_IO/u_g03_soc/u_gpr_top/u_gpr/gpr_rw[28].not_x0.rf_dff/qout_r_reg[15]

  Ref  DFF        Name(Last) r:/WORK/g03_top_IO/u_g03_soc/u_gpr_top/u_gpr/gpr_rw[28].not_x0.rf_dff/qout_r_reg[16]
  Impl DFF        Name(Last) i:/WORK/g03_top_IO/u_g03_soc/u_gpr_top/u_gpr/gpr_rw[28].not_x0.rf_dff/qout_r_reg[16]

  Ref  DFF        Name(Last) r:/WORK/g03_top_IO/u_g03_soc/u_gpr_top/u_gpr/gpr_rw[28].not_x0.rf_dff/qout_r_reg[17]
  Impl DFF        Name(Last) i:/WORK/g03_top_IO/u_g03_soc/u_gpr_top/u_gpr/gpr_rw[28].not_x0.rf_dff/qout_r_reg[17]

  Ref  DFF        Name(Last) r:/WORK/g03_top_IO/u_g03_soc/u_gpr_top/u_gpr/gpr_rw[28].not_x0.rf_dff/qout_r_reg[18]
  Impl DFF        Name(Last) i:/WORK/g03_top_IO/u_g03_soc/u_gpr_top/u_gpr/gpr_rw[28].not_x0.rf_dff/qout_r_reg[18]

  Ref  DFF        Name(Last) r:/WORK/g03_top_IO/u_g03_soc/u_gpr_top/u_gpr/gpr_rw[28].not_x0.rf_dff/qout_r_reg[19]
  Impl DFF        Name(Last) i:/WORK/g03_top_IO/u_g03_soc/u_gpr_top/u_gpr/gpr_rw[28].not_x0.rf_dff/qout_r_reg[19]

  Ref  DFF        Name(Last) r:/WORK/g03_top_IO/u_g03_soc/u_gpr_top/u_gpr/gpr_rw[28].not_x0.rf_dff/qout_r_reg[1]
  Impl DFF        Name(Last) i:/WORK/g03_top_IO/u_g03_soc/u_gpr_top/u_gpr/gpr_rw[28].not_x0.rf_dff/qout_r_reg[1]

  Ref  DFF        Name(Last) r:/WORK/g03_top_IO/u_g03_soc/u_gpr_top/u_gpr/gpr_rw[28].not_x0.rf_dff/qout_r_reg[20]
  Impl DFF        Name(Last) i:/WORK/g03_top_IO/u_g03_soc/u_gpr_top/u_gpr/gpr_rw[28].not_x0.rf_dff/qout_r_reg[20]

  Ref  DFF        Name(Last) r:/WORK/g03_top_IO/u_g03_soc/u_gpr_top/u_gpr/gpr_rw[28].not_x0.rf_dff/qout_r_reg[21]
  Impl DFF        Name(Last) i:/WORK/g03_top_IO/u_g03_soc/u_gpr_top/u_gpr/gpr_rw[28].not_x0.rf_dff/qout_r_reg[21]

  Ref  DFF        Name(Last) r:/WORK/g03_top_IO/u_g03_soc/u_gpr_top/u_gpr/gpr_rw[28].not_x0.rf_dff/qout_r_reg[22]
  Impl DFF        Name(Last) i:/WORK/g03_top_IO/u_g03_soc/u_gpr_top/u_gpr/gpr_rw[28].not_x0.rf_dff/qout_r_reg[22]

  Ref  DFF        Name(Last) r:/WORK/g03_top_IO/u_g03_soc/u_gpr_top/u_gpr/gpr_rw[28].not_x0.rf_dff/qout_r_reg[23]
  Impl DFF        Name(Last) i:/WORK/g03_top_IO/u_g03_soc/u_gpr_top/u_gpr/gpr_rw[28].not_x0.rf_dff/qout_r_reg[23]

  Ref  DFF        Name(Last) r:/WORK/g03_top_IO/u_g03_soc/u_gpr_top/u_gpr/gpr_rw[28].not_x0.rf_dff/qout_r_reg[24]
  Impl DFF        Name(Last) i:/WORK/g03_top_IO/u_g03_soc/u_gpr_top/u_gpr/gpr_rw[28].not_x0.rf_dff/qout_r_reg[24]

  Ref  DFF        Name(Last) r:/WORK/g03_top_IO/u_g03_soc/u_gpr_top/u_gpr/gpr_rw[28].not_x0.rf_dff/qout_r_reg[25]
  Impl DFF        Name(Last) i:/WORK/g03_top_IO/u_g03_soc/u_gpr_top/u_gpr/gpr_rw[28].not_x0.rf_dff/qout_r_reg[25]

  Ref  DFF        Name(Last) r:/WORK/g03_top_IO/u_g03_soc/u_gpr_top/u_gpr/gpr_rw[28].not_x0.rf_dff/qout_r_reg[26]
  Impl DFF        Name(Last) i:/WORK/g03_top_IO/u_g03_soc/u_gpr_top/u_gpr/gpr_rw[28].not_x0.rf_dff/qout_r_reg[26]

  Ref  DFF        Name(Last) r:/WORK/g03_top_IO/u_g03_soc/u_gpr_top/u_gpr/gpr_rw[28].not_x0.rf_dff/qout_r_reg[27]
  Impl DFF        Name(Last) i:/WORK/g03_top_IO/u_g03_soc/u_gpr_top/u_gpr/gpr_rw[28].not_x0.rf_dff/qout_r_reg[27]

  Ref  DFF        Name(Last) r:/WORK/g03_top_IO/u_g03_soc/u_gpr_top/u_gpr/gpr_rw[28].not_x0.rf_dff/qout_r_reg[28]
  Impl DFF        Name(Last) i:/WORK/g03_top_IO/u_g03_soc/u_gpr_top/u_gpr/gpr_rw[28].not_x0.rf_dff/qout_r_reg[28]

  Ref  DFF        Name(Last) r:/WORK/g03_top_IO/u_g03_soc/u_gpr_top/u_gpr/gpr_rw[28].not_x0.rf_dff/qout_r_reg[29]
  Impl DFF        Name(Last) i:/WORK/g03_top_IO/u_g03_soc/u_gpr_top/u_gpr/gpr_rw[28].not_x0.rf_dff/qout_r_reg[29]

  Ref  DFF        Name(Last) r:/WORK/g03_top_IO/u_g03_soc/u_gpr_top/u_gpr/gpr_rw[28].not_x0.rf_dff/qout_r_reg[2]
  Impl DFF        Name(Last) i:/WORK/g03_top_IO/u_g03_soc/u_gpr_top/u_gpr/gpr_rw[28].not_x0.rf_dff/qout_r_reg[2]

  Ref  DFF        Name(Last) r:/WORK/g03_top_IO/u_g03_soc/u_gpr_top/u_gpr/gpr_rw[28].not_x0.rf_dff/qout_r_reg[30]
  Impl DFF        Name(Last) i:/WORK/g03_top_IO/u_g03_soc/u_gpr_top/u_gpr/gpr_rw[28].not_x0.rf_dff/qout_r_reg[30]

  Ref  DFF        Name(Last) r:/WORK/g03_top_IO/u_g03_soc/u_gpr_top/u_gpr/gpr_rw[28].not_x0.rf_dff/qout_r_reg[31]
  Impl DFF        Name(Last) i:/WORK/g03_top_IO/u_g03_soc/u_gpr_top/u_gpr/gpr_rw[28].not_x0.rf_dff/qout_r_reg[31]

  Ref  DFF        Name(Last) r:/WORK/g03_top_IO/u_g03_soc/u_gpr_top/u_gpr/gpr_rw[28].not_x0.rf_dff/qout_r_reg[3]
  Impl DFF        Name(Last) i:/WORK/g03_top_IO/u_g03_soc/u_gpr_top/u_gpr/gpr_rw[28].not_x0.rf_dff/qout_r_reg[3]

  Ref  DFF        Name(Last) r:/WORK/g03_top_IO/u_g03_soc/u_gpr_top/u_gpr/gpr_rw[28].not_x0.rf_dff/qout_r_reg[4]
  Impl DFF        Name(Last) i:/WORK/g03_top_IO/u_g03_soc/u_gpr_top/u_gpr/gpr_rw[28].not_x0.rf_dff/qout_r_reg[4]

  Ref  DFF        Name(Last) r:/WORK/g03_top_IO/u_g03_soc/u_gpr_top/u_gpr/gpr_rw[28].not_x0.rf_dff/qout_r_reg[5]
  Impl DFF        Name(Last) i:/WORK/g03_top_IO/u_g03_soc/u_gpr_top/u_gpr/gpr_rw[28].not_x0.rf_dff/qout_r_reg[5]

  Ref  DFF        Name(Last) r:/WORK/g03_top_IO/u_g03_soc/u_gpr_top/u_gpr/gpr_rw[28].not_x0.rf_dff/qout_r_reg[6]
  Impl DFF        Name(Last) i:/WORK/g03_top_IO/u_g03_soc/u_gpr_top/u_gpr/gpr_rw[28].not_x0.rf_dff/qout_r_reg[6]

  Ref  DFF        Name(Last) r:/WORK/g03_top_IO/u_g03_soc/u_gpr_top/u_gpr/gpr_rw[28].not_x0.rf_dff/qout_r_reg[7]
  Impl DFF        Name(Last) i:/WORK/g03_top_IO/u_g03_soc/u_gpr_top/u_gpr/gpr_rw[28].not_x0.rf_dff/qout_r_reg[7]

  Ref  DFF        Name(Last) r:/WORK/g03_top_IO/u_g03_soc/u_gpr_top/u_gpr/gpr_rw[28].not_x0.rf_dff/qout_r_reg[8]
  Impl DFF        Name(Last) i:/WORK/g03_top_IO/u_g03_soc/u_gpr_top/u_gpr/gpr_rw[28].not_x0.rf_dff/qout_r_reg[8]

  Ref  DFF        Name(Last) r:/WORK/g03_top_IO/u_g03_soc/u_gpr_top/u_gpr/gpr_rw[28].not_x0.rf_dff/qout_r_reg[9]
  Impl DFF        Name(Last) i:/WORK/g03_top_IO/u_g03_soc/u_gpr_top/u_gpr/gpr_rw[28].not_x0.rf_dff/qout_r_reg[9]

  Ref  DFF        Name(Last) r:/WORK/g03_top_IO/u_g03_soc/u_gpr_top/u_gpr/gpr_rw[29].not_x0.rf_dff/qout_r_reg[0]
  Impl DFF        Name(Last) i:/WORK/g03_top_IO/u_g03_soc/u_gpr_top/u_gpr/gpr_rw[29].not_x0.rf_dff/qout_r_reg[0]

  Ref  DFF        Name(Last) r:/WORK/g03_top_IO/u_g03_soc/u_gpr_top/u_gpr/gpr_rw[29].not_x0.rf_dff/qout_r_reg[10]
  Impl DFF        Name(Last) i:/WORK/g03_top_IO/u_g03_soc/u_gpr_top/u_gpr/gpr_rw[29].not_x0.rf_dff/qout_r_reg[10]

  Ref  DFF        Name(Last) r:/WORK/g03_top_IO/u_g03_soc/u_gpr_top/u_gpr/gpr_rw[29].not_x0.rf_dff/qout_r_reg[11]
  Impl DFF        Name(Last) i:/WORK/g03_top_IO/u_g03_soc/u_gpr_top/u_gpr/gpr_rw[29].not_x0.rf_dff/qout_r_reg[11]

  Ref  DFF        Name(Last) r:/WORK/g03_top_IO/u_g03_soc/u_gpr_top/u_gpr/gpr_rw[29].not_x0.rf_dff/qout_r_reg[12]
  Impl DFF        Name(Last) i:/WORK/g03_top_IO/u_g03_soc/u_gpr_top/u_gpr/gpr_rw[29].not_x0.rf_dff/qout_r_reg[12]

  Ref  DFF        Name(Last) r:/WORK/g03_top_IO/u_g03_soc/u_gpr_top/u_gpr/gpr_rw[29].not_x0.rf_dff/qout_r_reg[13]
  Impl DFF        Name(Last) i:/WORK/g03_top_IO/u_g03_soc/u_gpr_top/u_gpr/gpr_rw[29].not_x0.rf_dff/qout_r_reg[13]

  Ref  DFF        Name(Last) r:/WORK/g03_top_IO/u_g03_soc/u_gpr_top/u_gpr/gpr_rw[29].not_x0.rf_dff/qout_r_reg[14]
  Impl DFF        Name(Last) i:/WORK/g03_top_IO/u_g03_soc/u_gpr_top/u_gpr/gpr_rw[29].not_x0.rf_dff/qout_r_reg[14]

  Ref  DFF        Name(Last) r:/WORK/g03_top_IO/u_g03_soc/u_gpr_top/u_gpr/gpr_rw[29].not_x0.rf_dff/qout_r_reg[15]
  Impl DFF        Name(Last) i:/WORK/g03_top_IO/u_g03_soc/u_gpr_top/u_gpr/gpr_rw[29].not_x0.rf_dff/qout_r_reg[15]

  Ref  DFF        Name(Last) r:/WORK/g03_top_IO/u_g03_soc/u_gpr_top/u_gpr/gpr_rw[29].not_x0.rf_dff/qout_r_reg[16]
  Impl DFF        Name(Last) i:/WORK/g03_top_IO/u_g03_soc/u_gpr_top/u_gpr/gpr_rw[29].not_x0.rf_dff/qout_r_reg[16]

  Ref  DFF        Name(Last) r:/WORK/g03_top_IO/u_g03_soc/u_gpr_top/u_gpr/gpr_rw[29].not_x0.rf_dff/qout_r_reg[17]
  Impl DFF        Name(Last) i:/WORK/g03_top_IO/u_g03_soc/u_gpr_top/u_gpr/gpr_rw[29].not_x0.rf_dff/qout_r_reg[17]

  Ref  DFF        Name(Last) r:/WORK/g03_top_IO/u_g03_soc/u_gpr_top/u_gpr/gpr_rw[29].not_x0.rf_dff/qout_r_reg[18]
  Impl DFF        Name(Last) i:/WORK/g03_top_IO/u_g03_soc/u_gpr_top/u_gpr/gpr_rw[29].not_x0.rf_dff/qout_r_reg[18]

  Ref  DFF        Name(Last) r:/WORK/g03_top_IO/u_g03_soc/u_gpr_top/u_gpr/gpr_rw[29].not_x0.rf_dff/qout_r_reg[19]
  Impl DFF        Name(Last) i:/WORK/g03_top_IO/u_g03_soc/u_gpr_top/u_gpr/gpr_rw[29].not_x0.rf_dff/qout_r_reg[19]

  Ref  DFF        Name(Last) r:/WORK/g03_top_IO/u_g03_soc/u_gpr_top/u_gpr/gpr_rw[29].not_x0.rf_dff/qout_r_reg[1]
  Impl DFF        Name(Last) i:/WORK/g03_top_IO/u_g03_soc/u_gpr_top/u_gpr/gpr_rw[29].not_x0.rf_dff/qout_r_reg[1]

  Ref  DFF        Name(Last) r:/WORK/g03_top_IO/u_g03_soc/u_gpr_top/u_gpr/gpr_rw[29].not_x0.rf_dff/qout_r_reg[20]
  Impl DFF        Name(Last) i:/WORK/g03_top_IO/u_g03_soc/u_gpr_top/u_gpr/gpr_rw[29].not_x0.rf_dff/qout_r_reg[20]

  Ref  DFF        Name(Last) r:/WORK/g03_top_IO/u_g03_soc/u_gpr_top/u_gpr/gpr_rw[29].not_x0.rf_dff/qout_r_reg[21]
  Impl DFF        Name(Last) i:/WORK/g03_top_IO/u_g03_soc/u_gpr_top/u_gpr/gpr_rw[29].not_x0.rf_dff/qout_r_reg[21]

  Ref  DFF        Name(Last) r:/WORK/g03_top_IO/u_g03_soc/u_gpr_top/u_gpr/gpr_rw[29].not_x0.rf_dff/qout_r_reg[22]
  Impl DFF        Name(Last) i:/WORK/g03_top_IO/u_g03_soc/u_gpr_top/u_gpr/gpr_rw[29].not_x0.rf_dff/qout_r_reg[22]

  Ref  DFF        Name(Last) r:/WORK/g03_top_IO/u_g03_soc/u_gpr_top/u_gpr/gpr_rw[29].not_x0.rf_dff/qout_r_reg[23]
  Impl DFF        Name(Last) i:/WORK/g03_top_IO/u_g03_soc/u_gpr_top/u_gpr/gpr_rw[29].not_x0.rf_dff/qout_r_reg[23]

  Ref  DFF        Name(Last) r:/WORK/g03_top_IO/u_g03_soc/u_gpr_top/u_gpr/gpr_rw[29].not_x0.rf_dff/qout_r_reg[24]
  Impl DFF        Name(Last) i:/WORK/g03_top_IO/u_g03_soc/u_gpr_top/u_gpr/gpr_rw[29].not_x0.rf_dff/qout_r_reg[24]

  Ref  DFF        Name(Last) r:/WORK/g03_top_IO/u_g03_soc/u_gpr_top/u_gpr/gpr_rw[29].not_x0.rf_dff/qout_r_reg[25]
  Impl DFF        Name(Last) i:/WORK/g03_top_IO/u_g03_soc/u_gpr_top/u_gpr/gpr_rw[29].not_x0.rf_dff/qout_r_reg[25]

  Ref  DFF        Name(Last) r:/WORK/g03_top_IO/u_g03_soc/u_gpr_top/u_gpr/gpr_rw[29].not_x0.rf_dff/qout_r_reg[26]
  Impl DFF        Name(Last) i:/WORK/g03_top_IO/u_g03_soc/u_gpr_top/u_gpr/gpr_rw[29].not_x0.rf_dff/qout_r_reg[26]

  Ref  DFF        Name(Last) r:/WORK/g03_top_IO/u_g03_soc/u_gpr_top/u_gpr/gpr_rw[29].not_x0.rf_dff/qout_r_reg[27]
  Impl DFF        Name(Last) i:/WORK/g03_top_IO/u_g03_soc/u_gpr_top/u_gpr/gpr_rw[29].not_x0.rf_dff/qout_r_reg[27]

  Ref  DFF        Name(Last) r:/WORK/g03_top_IO/u_g03_soc/u_gpr_top/u_gpr/gpr_rw[29].not_x0.rf_dff/qout_r_reg[28]
  Impl DFF        Name(Last) i:/WORK/g03_top_IO/u_g03_soc/u_gpr_top/u_gpr/gpr_rw[29].not_x0.rf_dff/qout_r_reg[28]

  Ref  DFF        Name(Last) r:/WORK/g03_top_IO/u_g03_soc/u_gpr_top/u_gpr/gpr_rw[29].not_x0.rf_dff/qout_r_reg[29]
  Impl DFF        Name(Last) i:/WORK/g03_top_IO/u_g03_soc/u_gpr_top/u_gpr/gpr_rw[29].not_x0.rf_dff/qout_r_reg[29]

  Ref  DFF        Name(Last) r:/WORK/g03_top_IO/u_g03_soc/u_gpr_top/u_gpr/gpr_rw[29].not_x0.rf_dff/qout_r_reg[2]
  Impl DFF        Name(Last) i:/WORK/g03_top_IO/u_g03_soc/u_gpr_top/u_gpr/gpr_rw[29].not_x0.rf_dff/qout_r_reg[2]

  Ref  DFF        Name(Last) r:/WORK/g03_top_IO/u_g03_soc/u_gpr_top/u_gpr/gpr_rw[29].not_x0.rf_dff/qout_r_reg[30]
  Impl DFF        Name(Last) i:/WORK/g03_top_IO/u_g03_soc/u_gpr_top/u_gpr/gpr_rw[29].not_x0.rf_dff/qout_r_reg[30]

  Ref  DFF        Name(Last) r:/WORK/g03_top_IO/u_g03_soc/u_gpr_top/u_gpr/gpr_rw[29].not_x0.rf_dff/qout_r_reg[31]
  Impl DFF        Name(Last) i:/WORK/g03_top_IO/u_g03_soc/u_gpr_top/u_gpr/gpr_rw[29].not_x0.rf_dff/qout_r_reg[31]

  Ref  DFF        Name(Last) r:/WORK/g03_top_IO/u_g03_soc/u_gpr_top/u_gpr/gpr_rw[29].not_x0.rf_dff/qout_r_reg[3]
  Impl DFF        Name(Last) i:/WORK/g03_top_IO/u_g03_soc/u_gpr_top/u_gpr/gpr_rw[29].not_x0.rf_dff/qout_r_reg[3]

  Ref  DFF        Name(Last) r:/WORK/g03_top_IO/u_g03_soc/u_gpr_top/u_gpr/gpr_rw[29].not_x0.rf_dff/qout_r_reg[4]
  Impl DFF        Name(Last) i:/WORK/g03_top_IO/u_g03_soc/u_gpr_top/u_gpr/gpr_rw[29].not_x0.rf_dff/qout_r_reg[4]

  Ref  DFF        Name(Last) r:/WORK/g03_top_IO/u_g03_soc/u_gpr_top/u_gpr/gpr_rw[29].not_x0.rf_dff/qout_r_reg[5]
  Impl DFF        Name(Last) i:/WORK/g03_top_IO/u_g03_soc/u_gpr_top/u_gpr/gpr_rw[29].not_x0.rf_dff/qout_r_reg[5]

  Ref  DFF        Name(Last) r:/WORK/g03_top_IO/u_g03_soc/u_gpr_top/u_gpr/gpr_rw[29].not_x0.rf_dff/qout_r_reg[6]
  Impl DFF        Name(Last) i:/WORK/g03_top_IO/u_g03_soc/u_gpr_top/u_gpr/gpr_rw[29].not_x0.rf_dff/qout_r_reg[6]

  Ref  DFF        Name(Last) r:/WORK/g03_top_IO/u_g03_soc/u_gpr_top/u_gpr/gpr_rw[29].not_x0.rf_dff/qout_r_reg[7]
  Impl DFF        Name(Last) i:/WORK/g03_top_IO/u_g03_soc/u_gpr_top/u_gpr/gpr_rw[29].not_x0.rf_dff/qout_r_reg[7]

  Ref  DFF        Name(Last) r:/WORK/g03_top_IO/u_g03_soc/u_gpr_top/u_gpr/gpr_rw[29].not_x0.rf_dff/qout_r_reg[8]
  Impl DFF        Name(Last) i:/WORK/g03_top_IO/u_g03_soc/u_gpr_top/u_gpr/gpr_rw[29].not_x0.rf_dff/qout_r_reg[8]

  Ref  DFF        Name(Last) r:/WORK/g03_top_IO/u_g03_soc/u_gpr_top/u_gpr/gpr_rw[29].not_x0.rf_dff/qout_r_reg[9]
  Impl DFF        Name(Last) i:/WORK/g03_top_IO/u_g03_soc/u_gpr_top/u_gpr/gpr_rw[29].not_x0.rf_dff/qout_r_reg[9]

  Ref  DFF        Name(Last) r:/WORK/g03_top_IO/u_g03_soc/u_gpr_top/u_gpr/gpr_rw[2].not_x0.rf_dff/qout_r_reg[0]
  Impl DFF        Name(Last) i:/WORK/g03_top_IO/u_g03_soc/u_gpr_top/u_gpr/gpr_rw[2].not_x0.rf_dff/qout_r_reg[0]

  Ref  DFF        Name(Last) r:/WORK/g03_top_IO/u_g03_soc/u_gpr_top/u_gpr/gpr_rw[2].not_x0.rf_dff/qout_r_reg[10]
  Impl DFF        Name(Last) i:/WORK/g03_top_IO/u_g03_soc/u_gpr_top/u_gpr/gpr_rw[2].not_x0.rf_dff/qout_r_reg[10]

  Ref  DFF        Name(Last) r:/WORK/g03_top_IO/u_g03_soc/u_gpr_top/u_gpr/gpr_rw[2].not_x0.rf_dff/qout_r_reg[11]
  Impl DFF        Name(Last) i:/WORK/g03_top_IO/u_g03_soc/u_gpr_top/u_gpr/gpr_rw[2].not_x0.rf_dff/qout_r_reg[11]

  Ref  DFF        Name(Last) r:/WORK/g03_top_IO/u_g03_soc/u_gpr_top/u_gpr/gpr_rw[2].not_x0.rf_dff/qout_r_reg[12]
  Impl DFF        Name(Last) i:/WORK/g03_top_IO/u_g03_soc/u_gpr_top/u_gpr/gpr_rw[2].not_x0.rf_dff/qout_r_reg[12]

  Ref  DFF        Name(Last) r:/WORK/g03_top_IO/u_g03_soc/u_gpr_top/u_gpr/gpr_rw[2].not_x0.rf_dff/qout_r_reg[13]
  Impl DFF        Name(Last) i:/WORK/g03_top_IO/u_g03_soc/u_gpr_top/u_gpr/gpr_rw[2].not_x0.rf_dff/qout_r_reg[13]

  Ref  DFF        Name(Last) r:/WORK/g03_top_IO/u_g03_soc/u_gpr_top/u_gpr/gpr_rw[2].not_x0.rf_dff/qout_r_reg[14]
  Impl DFF        Name(Last) i:/WORK/g03_top_IO/u_g03_soc/u_gpr_top/u_gpr/gpr_rw[2].not_x0.rf_dff/qout_r_reg[14]

  Ref  DFF        Name(Last) r:/WORK/g03_top_IO/u_g03_soc/u_gpr_top/u_gpr/gpr_rw[2].not_x0.rf_dff/qout_r_reg[15]
  Impl DFF        Name(Last) i:/WORK/g03_top_IO/u_g03_soc/u_gpr_top/u_gpr/gpr_rw[2].not_x0.rf_dff/qout_r_reg[15]

  Ref  DFF        Name(Last) r:/WORK/g03_top_IO/u_g03_soc/u_gpr_top/u_gpr/gpr_rw[2].not_x0.rf_dff/qout_r_reg[16]
  Impl DFF        Name(Last) i:/WORK/g03_top_IO/u_g03_soc/u_gpr_top/u_gpr/gpr_rw[2].not_x0.rf_dff/qout_r_reg[16]

  Ref  DFF        Name(Last) r:/WORK/g03_top_IO/u_g03_soc/u_gpr_top/u_gpr/gpr_rw[2].not_x0.rf_dff/qout_r_reg[17]
  Impl DFF        Name(Last) i:/WORK/g03_top_IO/u_g03_soc/u_gpr_top/u_gpr/gpr_rw[2].not_x0.rf_dff/qout_r_reg[17]

  Ref  DFF        Name(Last) r:/WORK/g03_top_IO/u_g03_soc/u_gpr_top/u_gpr/gpr_rw[2].not_x0.rf_dff/qout_r_reg[18]
  Impl DFF        Name(Last) i:/WORK/g03_top_IO/u_g03_soc/u_gpr_top/u_gpr/gpr_rw[2].not_x0.rf_dff/qout_r_reg[18]

  Ref  DFF        Name(Last) r:/WORK/g03_top_IO/u_g03_soc/u_gpr_top/u_gpr/gpr_rw[2].not_x0.rf_dff/qout_r_reg[19]
  Impl DFF        Name(Last) i:/WORK/g03_top_IO/u_g03_soc/u_gpr_top/u_gpr/gpr_rw[2].not_x0.rf_dff/qout_r_reg[19]

  Ref  DFF        Name(Last) r:/WORK/g03_top_IO/u_g03_soc/u_gpr_top/u_gpr/gpr_rw[2].not_x0.rf_dff/qout_r_reg[1]
  Impl DFF        Name(Last) i:/WORK/g03_top_IO/u_g03_soc/u_gpr_top/u_gpr/gpr_rw[2].not_x0.rf_dff/qout_r_reg[1]

  Ref  DFF        Name(Last) r:/WORK/g03_top_IO/u_g03_soc/u_gpr_top/u_gpr/gpr_rw[2].not_x0.rf_dff/qout_r_reg[20]
  Impl DFF        Name(Last) i:/WORK/g03_top_IO/u_g03_soc/u_gpr_top/u_gpr/gpr_rw[2].not_x0.rf_dff/qout_r_reg[20]

  Ref  DFF        Name(Last) r:/WORK/g03_top_IO/u_g03_soc/u_gpr_top/u_gpr/gpr_rw[2].not_x0.rf_dff/qout_r_reg[21]
  Impl DFF        Name(Last) i:/WORK/g03_top_IO/u_g03_soc/u_gpr_top/u_gpr/gpr_rw[2].not_x0.rf_dff/qout_r_reg[21]

  Ref  DFF        Name(Last) r:/WORK/g03_top_IO/u_g03_soc/u_gpr_top/u_gpr/gpr_rw[2].not_x0.rf_dff/qout_r_reg[22]
  Impl DFF        Name(Last) i:/WORK/g03_top_IO/u_g03_soc/u_gpr_top/u_gpr/gpr_rw[2].not_x0.rf_dff/qout_r_reg[22]

  Ref  DFF        Name(Last) r:/WORK/g03_top_IO/u_g03_soc/u_gpr_top/u_gpr/gpr_rw[2].not_x0.rf_dff/qout_r_reg[23]
  Impl DFF        Name(Last) i:/WORK/g03_top_IO/u_g03_soc/u_gpr_top/u_gpr/gpr_rw[2].not_x0.rf_dff/qout_r_reg[23]

  Ref  DFF        Name(Last) r:/WORK/g03_top_IO/u_g03_soc/u_gpr_top/u_gpr/gpr_rw[2].not_x0.rf_dff/qout_r_reg[24]
  Impl DFF        Name(Last) i:/WORK/g03_top_IO/u_g03_soc/u_gpr_top/u_gpr/gpr_rw[2].not_x0.rf_dff/qout_r_reg[24]

  Ref  DFF        Name(Last) r:/WORK/g03_top_IO/u_g03_soc/u_gpr_top/u_gpr/gpr_rw[2].not_x0.rf_dff/qout_r_reg[25]
  Impl DFF        Name(Last) i:/WORK/g03_top_IO/u_g03_soc/u_gpr_top/u_gpr/gpr_rw[2].not_x0.rf_dff/qout_r_reg[25]

  Ref  DFF        Name(Last) r:/WORK/g03_top_IO/u_g03_soc/u_gpr_top/u_gpr/gpr_rw[2].not_x0.rf_dff/qout_r_reg[26]
  Impl DFF        Name(Last) i:/WORK/g03_top_IO/u_g03_soc/u_gpr_top/u_gpr/gpr_rw[2].not_x0.rf_dff/qout_r_reg[26]

  Ref  DFF        Name(Last) r:/WORK/g03_top_IO/u_g03_soc/u_gpr_top/u_gpr/gpr_rw[2].not_x0.rf_dff/qout_r_reg[27]
  Impl DFF        Name(Last) i:/WORK/g03_top_IO/u_g03_soc/u_gpr_top/u_gpr/gpr_rw[2].not_x0.rf_dff/qout_r_reg[27]

  Ref  DFF        Name(Last) r:/WORK/g03_top_IO/u_g03_soc/u_gpr_top/u_gpr/gpr_rw[2].not_x0.rf_dff/qout_r_reg[28]
  Impl DFF        Name(Last) i:/WORK/g03_top_IO/u_g03_soc/u_gpr_top/u_gpr/gpr_rw[2].not_x0.rf_dff/qout_r_reg[28]

  Ref  DFF        Name(Last) r:/WORK/g03_top_IO/u_g03_soc/u_gpr_top/u_gpr/gpr_rw[2].not_x0.rf_dff/qout_r_reg[29]
  Impl DFF        Name(Last) i:/WORK/g03_top_IO/u_g03_soc/u_gpr_top/u_gpr/gpr_rw[2].not_x0.rf_dff/qout_r_reg[29]

  Ref  DFF        Name(Last) r:/WORK/g03_top_IO/u_g03_soc/u_gpr_top/u_gpr/gpr_rw[2].not_x0.rf_dff/qout_r_reg[2]
  Impl DFF        Name(Last) i:/WORK/g03_top_IO/u_g03_soc/u_gpr_top/u_gpr/gpr_rw[2].not_x0.rf_dff/qout_r_reg[2]

  Ref  DFF        Name(Last) r:/WORK/g03_top_IO/u_g03_soc/u_gpr_top/u_gpr/gpr_rw[2].not_x0.rf_dff/qout_r_reg[30]
  Impl DFF        Name(Last) i:/WORK/g03_top_IO/u_g03_soc/u_gpr_top/u_gpr/gpr_rw[2].not_x0.rf_dff/qout_r_reg[30]

  Ref  DFF        Name(Last) r:/WORK/g03_top_IO/u_g03_soc/u_gpr_top/u_gpr/gpr_rw[2].not_x0.rf_dff/qout_r_reg[31]
  Impl DFF        Name(Last) i:/WORK/g03_top_IO/u_g03_soc/u_gpr_top/u_gpr/gpr_rw[2].not_x0.rf_dff/qout_r_reg[31]

  Ref  DFF        Name(Last) r:/WORK/g03_top_IO/u_g03_soc/u_gpr_top/u_gpr/gpr_rw[2].not_x0.rf_dff/qout_r_reg[3]
  Impl DFF        Name(Last) i:/WORK/g03_top_IO/u_g03_soc/u_gpr_top/u_gpr/gpr_rw[2].not_x0.rf_dff/qout_r_reg[3]

  Ref  DFF        Name(Last) r:/WORK/g03_top_IO/u_g03_soc/u_gpr_top/u_gpr/gpr_rw[2].not_x0.rf_dff/qout_r_reg[4]
  Impl DFF        Name(Last) i:/WORK/g03_top_IO/u_g03_soc/u_gpr_top/u_gpr/gpr_rw[2].not_x0.rf_dff/qout_r_reg[4]

  Ref  DFF        Name(Last) r:/WORK/g03_top_IO/u_g03_soc/u_gpr_top/u_gpr/gpr_rw[2].not_x0.rf_dff/qout_r_reg[5]
  Impl DFF        Name(Last) i:/WORK/g03_top_IO/u_g03_soc/u_gpr_top/u_gpr/gpr_rw[2].not_x0.rf_dff/qout_r_reg[5]

  Ref  DFF        Name(Last) r:/WORK/g03_top_IO/u_g03_soc/u_gpr_top/u_gpr/gpr_rw[2].not_x0.rf_dff/qout_r_reg[6]
  Impl DFF        Name(Last) i:/WORK/g03_top_IO/u_g03_soc/u_gpr_top/u_gpr/gpr_rw[2].not_x0.rf_dff/qout_r_reg[6]

  Ref  DFF        Name(Last) r:/WORK/g03_top_IO/u_g03_soc/u_gpr_top/u_gpr/gpr_rw[2].not_x0.rf_dff/qout_r_reg[7]
  Impl DFF        Name(Last) i:/WORK/g03_top_IO/u_g03_soc/u_gpr_top/u_gpr/gpr_rw[2].not_x0.rf_dff/qout_r_reg[7]

  Ref  DFF        Name(Last) r:/WORK/g03_top_IO/u_g03_soc/u_gpr_top/u_gpr/gpr_rw[2].not_x0.rf_dff/qout_r_reg[8]
  Impl DFF        Name(Last) i:/WORK/g03_top_IO/u_g03_soc/u_gpr_top/u_gpr/gpr_rw[2].not_x0.rf_dff/qout_r_reg[8]

  Ref  DFF        Name(Last) r:/WORK/g03_top_IO/u_g03_soc/u_gpr_top/u_gpr/gpr_rw[2].not_x0.rf_dff/qout_r_reg[9]
  Impl DFF        Name(Last) i:/WORK/g03_top_IO/u_g03_soc/u_gpr_top/u_gpr/gpr_rw[2].not_x0.rf_dff/qout_r_reg[9]

  Ref  DFF        Name(Last) r:/WORK/g03_top_IO/u_g03_soc/u_gpr_top/u_gpr/gpr_rw[30].not_x0.rf_dff/qout_r_reg[0]
  Impl DFF        Name(Last) i:/WORK/g03_top_IO/u_g03_soc/u_gpr_top/u_gpr/gpr_rw[30].not_x0.rf_dff/qout_r_reg[0]

  Ref  DFF        Name(Last) r:/WORK/g03_top_IO/u_g03_soc/u_gpr_top/u_gpr/gpr_rw[30].not_x0.rf_dff/qout_r_reg[10]
  Impl DFF        Name(Last) i:/WORK/g03_top_IO/u_g03_soc/u_gpr_top/u_gpr/gpr_rw[30].not_x0.rf_dff/qout_r_reg[10]

  Ref  DFF        Name(Last) r:/WORK/g03_top_IO/u_g03_soc/u_gpr_top/u_gpr/gpr_rw[30].not_x0.rf_dff/qout_r_reg[11]
  Impl DFF        Name(Last) i:/WORK/g03_top_IO/u_g03_soc/u_gpr_top/u_gpr/gpr_rw[30].not_x0.rf_dff/qout_r_reg[11]

  Ref  DFF        Name(Last) r:/WORK/g03_top_IO/u_g03_soc/u_gpr_top/u_gpr/gpr_rw[30].not_x0.rf_dff/qout_r_reg[12]
  Impl DFF        Name(Last) i:/WORK/g03_top_IO/u_g03_soc/u_gpr_top/u_gpr/gpr_rw[30].not_x0.rf_dff/qout_r_reg[12]

  Ref  DFF        Name(Last) r:/WORK/g03_top_IO/u_g03_soc/u_gpr_top/u_gpr/gpr_rw[30].not_x0.rf_dff/qout_r_reg[13]
  Impl DFF        Name(Last) i:/WORK/g03_top_IO/u_g03_soc/u_gpr_top/u_gpr/gpr_rw[30].not_x0.rf_dff/qout_r_reg[13]

  Ref  DFF        Name(Last) r:/WORK/g03_top_IO/u_g03_soc/u_gpr_top/u_gpr/gpr_rw[30].not_x0.rf_dff/qout_r_reg[14]
  Impl DFF        Name(Last) i:/WORK/g03_top_IO/u_g03_soc/u_gpr_top/u_gpr/gpr_rw[30].not_x0.rf_dff/qout_r_reg[14]

  Ref  DFF        Name(Last) r:/WORK/g03_top_IO/u_g03_soc/u_gpr_top/u_gpr/gpr_rw[30].not_x0.rf_dff/qout_r_reg[15]
  Impl DFF        Name(Last) i:/WORK/g03_top_IO/u_g03_soc/u_gpr_top/u_gpr/gpr_rw[30].not_x0.rf_dff/qout_r_reg[15]

  Ref  DFF        Name(Last) r:/WORK/g03_top_IO/u_g03_soc/u_gpr_top/u_gpr/gpr_rw[30].not_x0.rf_dff/qout_r_reg[16]
  Impl DFF        Name(Last) i:/WORK/g03_top_IO/u_g03_soc/u_gpr_top/u_gpr/gpr_rw[30].not_x0.rf_dff/qout_r_reg[16]

  Ref  DFF        Name(Last) r:/WORK/g03_top_IO/u_g03_soc/u_gpr_top/u_gpr/gpr_rw[30].not_x0.rf_dff/qout_r_reg[17]
  Impl DFF        Name(Last) i:/WORK/g03_top_IO/u_g03_soc/u_gpr_top/u_gpr/gpr_rw[30].not_x0.rf_dff/qout_r_reg[17]

  Ref  DFF        Name(Last) r:/WORK/g03_top_IO/u_g03_soc/u_gpr_top/u_gpr/gpr_rw[30].not_x0.rf_dff/qout_r_reg[18]
  Impl DFF        Name(Last) i:/WORK/g03_top_IO/u_g03_soc/u_gpr_top/u_gpr/gpr_rw[30].not_x0.rf_dff/qout_r_reg[18]

  Ref  DFF        Name(Last) r:/WORK/g03_top_IO/u_g03_soc/u_gpr_top/u_gpr/gpr_rw[30].not_x0.rf_dff/qout_r_reg[19]
  Impl DFF        Name(Last) i:/WORK/g03_top_IO/u_g03_soc/u_gpr_top/u_gpr/gpr_rw[30].not_x0.rf_dff/qout_r_reg[19]

  Ref  DFF        Name(Last) r:/WORK/g03_top_IO/u_g03_soc/u_gpr_top/u_gpr/gpr_rw[30].not_x0.rf_dff/qout_r_reg[1]
  Impl DFF        Name(Last) i:/WORK/g03_top_IO/u_g03_soc/u_gpr_top/u_gpr/gpr_rw[30].not_x0.rf_dff/qout_r_reg[1]

  Ref  DFF        Name(Last) r:/WORK/g03_top_IO/u_g03_soc/u_gpr_top/u_gpr/gpr_rw[30].not_x0.rf_dff/qout_r_reg[20]
  Impl DFF        Name(Last) i:/WORK/g03_top_IO/u_g03_soc/u_gpr_top/u_gpr/gpr_rw[30].not_x0.rf_dff/qout_r_reg[20]

  Ref  DFF        Name(Last) r:/WORK/g03_top_IO/u_g03_soc/u_gpr_top/u_gpr/gpr_rw[30].not_x0.rf_dff/qout_r_reg[21]
  Impl DFF        Name(Last) i:/WORK/g03_top_IO/u_g03_soc/u_gpr_top/u_gpr/gpr_rw[30].not_x0.rf_dff/qout_r_reg[21]

  Ref  DFF        Name(Last) r:/WORK/g03_top_IO/u_g03_soc/u_gpr_top/u_gpr/gpr_rw[30].not_x0.rf_dff/qout_r_reg[22]
  Impl DFF        Name(Last) i:/WORK/g03_top_IO/u_g03_soc/u_gpr_top/u_gpr/gpr_rw[30].not_x0.rf_dff/qout_r_reg[22]

  Ref  DFF        Name(Last) r:/WORK/g03_top_IO/u_g03_soc/u_gpr_top/u_gpr/gpr_rw[30].not_x0.rf_dff/qout_r_reg[23]
  Impl DFF        Name(Last) i:/WORK/g03_top_IO/u_g03_soc/u_gpr_top/u_gpr/gpr_rw[30].not_x0.rf_dff/qout_r_reg[23]

  Ref  DFF        Name(Last) r:/WORK/g03_top_IO/u_g03_soc/u_gpr_top/u_gpr/gpr_rw[30].not_x0.rf_dff/qout_r_reg[24]
  Impl DFF        Name(Last) i:/WORK/g03_top_IO/u_g03_soc/u_gpr_top/u_gpr/gpr_rw[30].not_x0.rf_dff/qout_r_reg[24]

  Ref  DFF        Name(Last) r:/WORK/g03_top_IO/u_g03_soc/u_gpr_top/u_gpr/gpr_rw[30].not_x0.rf_dff/qout_r_reg[25]
  Impl DFF        Name(Last) i:/WORK/g03_top_IO/u_g03_soc/u_gpr_top/u_gpr/gpr_rw[30].not_x0.rf_dff/qout_r_reg[25]

  Ref  DFF        Name(Last) r:/WORK/g03_top_IO/u_g03_soc/u_gpr_top/u_gpr/gpr_rw[30].not_x0.rf_dff/qout_r_reg[26]
  Impl DFF        Name(Last) i:/WORK/g03_top_IO/u_g03_soc/u_gpr_top/u_gpr/gpr_rw[30].not_x0.rf_dff/qout_r_reg[26]

  Ref  DFF        Name(Last) r:/WORK/g03_top_IO/u_g03_soc/u_gpr_top/u_gpr/gpr_rw[30].not_x0.rf_dff/qout_r_reg[27]
  Impl DFF        Name(Last) i:/WORK/g03_top_IO/u_g03_soc/u_gpr_top/u_gpr/gpr_rw[30].not_x0.rf_dff/qout_r_reg[27]

  Ref  DFF        Name(Last) r:/WORK/g03_top_IO/u_g03_soc/u_gpr_top/u_gpr/gpr_rw[30].not_x0.rf_dff/qout_r_reg[28]
  Impl DFF        Name(Last) i:/WORK/g03_top_IO/u_g03_soc/u_gpr_top/u_gpr/gpr_rw[30].not_x0.rf_dff/qout_r_reg[28]

  Ref  DFF        Name(Last) r:/WORK/g03_top_IO/u_g03_soc/u_gpr_top/u_gpr/gpr_rw[30].not_x0.rf_dff/qout_r_reg[29]
  Impl DFF        Name(Last) i:/WORK/g03_top_IO/u_g03_soc/u_gpr_top/u_gpr/gpr_rw[30].not_x0.rf_dff/qout_r_reg[29]

  Ref  DFF        Name(Last) r:/WORK/g03_top_IO/u_g03_soc/u_gpr_top/u_gpr/gpr_rw[30].not_x0.rf_dff/qout_r_reg[2]
  Impl DFF        Name(Last) i:/WORK/g03_top_IO/u_g03_soc/u_gpr_top/u_gpr/gpr_rw[30].not_x0.rf_dff/qout_r_reg[2]

  Ref  DFF        Name(Last) r:/WORK/g03_top_IO/u_g03_soc/u_gpr_top/u_gpr/gpr_rw[30].not_x0.rf_dff/qout_r_reg[30]
  Impl DFF        Name(Last) i:/WORK/g03_top_IO/u_g03_soc/u_gpr_top/u_gpr/gpr_rw[30].not_x0.rf_dff/qout_r_reg[30]

  Ref  DFF        Name(Last) r:/WORK/g03_top_IO/u_g03_soc/u_gpr_top/u_gpr/gpr_rw[30].not_x0.rf_dff/qout_r_reg[31]
  Impl DFF        Name(Last) i:/WORK/g03_top_IO/u_g03_soc/u_gpr_top/u_gpr/gpr_rw[30].not_x0.rf_dff/qout_r_reg[31]

  Ref  DFF        Name(Last) r:/WORK/g03_top_IO/u_g03_soc/u_gpr_top/u_gpr/gpr_rw[30].not_x0.rf_dff/qout_r_reg[3]
  Impl DFF        Name(Last) i:/WORK/g03_top_IO/u_g03_soc/u_gpr_top/u_gpr/gpr_rw[30].not_x0.rf_dff/qout_r_reg[3]

  Ref  DFF        Name(Last) r:/WORK/g03_top_IO/u_g03_soc/u_gpr_top/u_gpr/gpr_rw[30].not_x0.rf_dff/qout_r_reg[4]
  Impl DFF        Name(Last) i:/WORK/g03_top_IO/u_g03_soc/u_gpr_top/u_gpr/gpr_rw[30].not_x0.rf_dff/qout_r_reg[4]

  Ref  DFF        Name(Last) r:/WORK/g03_top_IO/u_g03_soc/u_gpr_top/u_gpr/gpr_rw[30].not_x0.rf_dff/qout_r_reg[5]
  Impl DFF        Name(Last) i:/WORK/g03_top_IO/u_g03_soc/u_gpr_top/u_gpr/gpr_rw[30].not_x0.rf_dff/qout_r_reg[5]

  Ref  DFF        Name(Last) r:/WORK/g03_top_IO/u_g03_soc/u_gpr_top/u_gpr/gpr_rw[30].not_x0.rf_dff/qout_r_reg[6]
  Impl DFF        Name(Last) i:/WORK/g03_top_IO/u_g03_soc/u_gpr_top/u_gpr/gpr_rw[30].not_x0.rf_dff/qout_r_reg[6]

  Ref  DFF        Name(Last) r:/WORK/g03_top_IO/u_g03_soc/u_gpr_top/u_gpr/gpr_rw[30].not_x0.rf_dff/qout_r_reg[7]
  Impl DFF        Name(Last) i:/WORK/g03_top_IO/u_g03_soc/u_gpr_top/u_gpr/gpr_rw[30].not_x0.rf_dff/qout_r_reg[7]

  Ref  DFF        Name(Last) r:/WORK/g03_top_IO/u_g03_soc/u_gpr_top/u_gpr/gpr_rw[30].not_x0.rf_dff/qout_r_reg[8]
  Impl DFF        Name(Last) i:/WORK/g03_top_IO/u_g03_soc/u_gpr_top/u_gpr/gpr_rw[30].not_x0.rf_dff/qout_r_reg[8]

  Ref  DFF        Name(Last) r:/WORK/g03_top_IO/u_g03_soc/u_gpr_top/u_gpr/gpr_rw[30].not_x0.rf_dff/qout_r_reg[9]
  Impl DFF        Name(Last) i:/WORK/g03_top_IO/u_g03_soc/u_gpr_top/u_gpr/gpr_rw[30].not_x0.rf_dff/qout_r_reg[9]

  Ref  DFF        Name(Last) r:/WORK/g03_top_IO/u_g03_soc/u_gpr_top/u_gpr/gpr_rw[31].not_x0.rf_dff/qout_r_reg[0]
  Impl DFF        Name(Last) i:/WORK/g03_top_IO/u_g03_soc/u_gpr_top/u_gpr/gpr_rw[31].not_x0.rf_dff/qout_r_reg[0]

  Ref  DFF        Name(Last) r:/WORK/g03_top_IO/u_g03_soc/u_gpr_top/u_gpr/gpr_rw[31].not_x0.rf_dff/qout_r_reg[10]
  Impl DFF        Name(Last) i:/WORK/g03_top_IO/u_g03_soc/u_gpr_top/u_gpr/gpr_rw[31].not_x0.rf_dff/qout_r_reg[10]

  Ref  DFF        Name(Last) r:/WORK/g03_top_IO/u_g03_soc/u_gpr_top/u_gpr/gpr_rw[31].not_x0.rf_dff/qout_r_reg[11]
  Impl DFF        Name(Last) i:/WORK/g03_top_IO/u_g03_soc/u_gpr_top/u_gpr/gpr_rw[31].not_x0.rf_dff/qout_r_reg[11]

  Ref  DFF        Name(Last) r:/WORK/g03_top_IO/u_g03_soc/u_gpr_top/u_gpr/gpr_rw[31].not_x0.rf_dff/qout_r_reg[12]
  Impl DFF        Name(Last) i:/WORK/g03_top_IO/u_g03_soc/u_gpr_top/u_gpr/gpr_rw[31].not_x0.rf_dff/qout_r_reg[12]

  Ref  DFF        Name(Last) r:/WORK/g03_top_IO/u_g03_soc/u_gpr_top/u_gpr/gpr_rw[31].not_x0.rf_dff/qout_r_reg[13]
  Impl DFF        Name(Last) i:/WORK/g03_top_IO/u_g03_soc/u_gpr_top/u_gpr/gpr_rw[31].not_x0.rf_dff/qout_r_reg[13]

  Ref  DFF        Name(Last) r:/WORK/g03_top_IO/u_g03_soc/u_gpr_top/u_gpr/gpr_rw[31].not_x0.rf_dff/qout_r_reg[14]
  Impl DFF        Name(Last) i:/WORK/g03_top_IO/u_g03_soc/u_gpr_top/u_gpr/gpr_rw[31].not_x0.rf_dff/qout_r_reg[14]

  Ref  DFF        Name(Last) r:/WORK/g03_top_IO/u_g03_soc/u_gpr_top/u_gpr/gpr_rw[31].not_x0.rf_dff/qout_r_reg[15]
  Impl DFF        Name(Last) i:/WORK/g03_top_IO/u_g03_soc/u_gpr_top/u_gpr/gpr_rw[31].not_x0.rf_dff/qout_r_reg[15]

  Ref  DFF        Name(Last) r:/WORK/g03_top_IO/u_g03_soc/u_gpr_top/u_gpr/gpr_rw[31].not_x0.rf_dff/qout_r_reg[16]
  Impl DFF        Name(Last) i:/WORK/g03_top_IO/u_g03_soc/u_gpr_top/u_gpr/gpr_rw[31].not_x0.rf_dff/qout_r_reg[16]

  Ref  DFF        Name(Last) r:/WORK/g03_top_IO/u_g03_soc/u_gpr_top/u_gpr/gpr_rw[31].not_x0.rf_dff/qout_r_reg[17]
  Impl DFF        Name(Last) i:/WORK/g03_top_IO/u_g03_soc/u_gpr_top/u_gpr/gpr_rw[31].not_x0.rf_dff/qout_r_reg[17]

  Ref  DFF        Name(Last) r:/WORK/g03_top_IO/u_g03_soc/u_gpr_top/u_gpr/gpr_rw[31].not_x0.rf_dff/qout_r_reg[18]
  Impl DFF        Name(Last) i:/WORK/g03_top_IO/u_g03_soc/u_gpr_top/u_gpr/gpr_rw[31].not_x0.rf_dff/qout_r_reg[18]

  Ref  DFF        Name(Last) r:/WORK/g03_top_IO/u_g03_soc/u_gpr_top/u_gpr/gpr_rw[31].not_x0.rf_dff/qout_r_reg[19]
  Impl DFF        Name(Last) i:/WORK/g03_top_IO/u_g03_soc/u_gpr_top/u_gpr/gpr_rw[31].not_x0.rf_dff/qout_r_reg[19]

  Ref  DFF        Name(Last) r:/WORK/g03_top_IO/u_g03_soc/u_gpr_top/u_gpr/gpr_rw[31].not_x0.rf_dff/qout_r_reg[1]
  Impl DFF        Name(Last) i:/WORK/g03_top_IO/u_g03_soc/u_gpr_top/u_gpr/gpr_rw[31].not_x0.rf_dff/qout_r_reg[1]

  Ref  DFF        Name(Last) r:/WORK/g03_top_IO/u_g03_soc/u_gpr_top/u_gpr/gpr_rw[31].not_x0.rf_dff/qout_r_reg[20]
  Impl DFF        Name(Last) i:/WORK/g03_top_IO/u_g03_soc/u_gpr_top/u_gpr/gpr_rw[31].not_x0.rf_dff/qout_r_reg[20]

  Ref  DFF        Name(Last) r:/WORK/g03_top_IO/u_g03_soc/u_gpr_top/u_gpr/gpr_rw[31].not_x0.rf_dff/qout_r_reg[21]
  Impl DFF        Name(Last) i:/WORK/g03_top_IO/u_g03_soc/u_gpr_top/u_gpr/gpr_rw[31].not_x0.rf_dff/qout_r_reg[21]

  Ref  DFF        Name(Last) r:/WORK/g03_top_IO/u_g03_soc/u_gpr_top/u_gpr/gpr_rw[31].not_x0.rf_dff/qout_r_reg[22]
  Impl DFF        Name(Last) i:/WORK/g03_top_IO/u_g03_soc/u_gpr_top/u_gpr/gpr_rw[31].not_x0.rf_dff/qout_r_reg[22]

  Ref  DFF        Name(Last) r:/WORK/g03_top_IO/u_g03_soc/u_gpr_top/u_gpr/gpr_rw[31].not_x0.rf_dff/qout_r_reg[23]
  Impl DFF        Name(Last) i:/WORK/g03_top_IO/u_g03_soc/u_gpr_top/u_gpr/gpr_rw[31].not_x0.rf_dff/qout_r_reg[23]

  Ref  DFF        Name(Last) r:/WORK/g03_top_IO/u_g03_soc/u_gpr_top/u_gpr/gpr_rw[31].not_x0.rf_dff/qout_r_reg[24]
  Impl DFF        Name(Last) i:/WORK/g03_top_IO/u_g03_soc/u_gpr_top/u_gpr/gpr_rw[31].not_x0.rf_dff/qout_r_reg[24]

  Ref  DFF        Name(Last) r:/WORK/g03_top_IO/u_g03_soc/u_gpr_top/u_gpr/gpr_rw[31].not_x0.rf_dff/qout_r_reg[25]
  Impl DFF        Name(Last) i:/WORK/g03_top_IO/u_g03_soc/u_gpr_top/u_gpr/gpr_rw[31].not_x0.rf_dff/qout_r_reg[25]

  Ref  DFF        Name(Last) r:/WORK/g03_top_IO/u_g03_soc/u_gpr_top/u_gpr/gpr_rw[31].not_x0.rf_dff/qout_r_reg[26]
  Impl DFF        Name(Last) i:/WORK/g03_top_IO/u_g03_soc/u_gpr_top/u_gpr/gpr_rw[31].not_x0.rf_dff/qout_r_reg[26]

  Ref  DFF        Name(Last) r:/WORK/g03_top_IO/u_g03_soc/u_gpr_top/u_gpr/gpr_rw[31].not_x0.rf_dff/qout_r_reg[27]
  Impl DFF        Name(Last) i:/WORK/g03_top_IO/u_g03_soc/u_gpr_top/u_gpr/gpr_rw[31].not_x0.rf_dff/qout_r_reg[27]

  Ref  DFF        Name(Last) r:/WORK/g03_top_IO/u_g03_soc/u_gpr_top/u_gpr/gpr_rw[31].not_x0.rf_dff/qout_r_reg[28]
  Impl DFF        Name(Last) i:/WORK/g03_top_IO/u_g03_soc/u_gpr_top/u_gpr/gpr_rw[31].not_x0.rf_dff/qout_r_reg[28]

  Ref  DFF        Name(Last) r:/WORK/g03_top_IO/u_g03_soc/u_gpr_top/u_gpr/gpr_rw[31].not_x0.rf_dff/qout_r_reg[29]
  Impl DFF        Name(Last) i:/WORK/g03_top_IO/u_g03_soc/u_gpr_top/u_gpr/gpr_rw[31].not_x0.rf_dff/qout_r_reg[29]

  Ref  DFF        Name(Last) r:/WORK/g03_top_IO/u_g03_soc/u_gpr_top/u_gpr/gpr_rw[31].not_x0.rf_dff/qout_r_reg[2]
  Impl DFF        Name(Last) i:/WORK/g03_top_IO/u_g03_soc/u_gpr_top/u_gpr/gpr_rw[31].not_x0.rf_dff/qout_r_reg[2]

  Ref  DFF        Name(Last) r:/WORK/g03_top_IO/u_g03_soc/u_gpr_top/u_gpr/gpr_rw[31].not_x0.rf_dff/qout_r_reg[30]
  Impl DFF        Name(Last) i:/WORK/g03_top_IO/u_g03_soc/u_gpr_top/u_gpr/gpr_rw[31].not_x0.rf_dff/qout_r_reg[30]

  Ref  DFF        Name(Last) r:/WORK/g03_top_IO/u_g03_soc/u_gpr_top/u_gpr/gpr_rw[31].not_x0.rf_dff/qout_r_reg[31]
  Impl DFF        Name(Last) i:/WORK/g03_top_IO/u_g03_soc/u_gpr_top/u_gpr/gpr_rw[31].not_x0.rf_dff/qout_r_reg[31]

  Ref  DFF        Name(Last) r:/WORK/g03_top_IO/u_g03_soc/u_gpr_top/u_gpr/gpr_rw[31].not_x0.rf_dff/qout_r_reg[3]
  Impl DFF        Name(Last) i:/WORK/g03_top_IO/u_g03_soc/u_gpr_top/u_gpr/gpr_rw[31].not_x0.rf_dff/qout_r_reg[3]

  Ref  DFF        Name(Last) r:/WORK/g03_top_IO/u_g03_soc/u_gpr_top/u_gpr/gpr_rw[31].not_x0.rf_dff/qout_r_reg[4]
  Impl DFF        Name(Last) i:/WORK/g03_top_IO/u_g03_soc/u_gpr_top/u_gpr/gpr_rw[31].not_x0.rf_dff/qout_r_reg[4]

  Ref  DFF        Name(Last) r:/WORK/g03_top_IO/u_g03_soc/u_gpr_top/u_gpr/gpr_rw[31].not_x0.rf_dff/qout_r_reg[5]
  Impl DFF        Name(Last) i:/WORK/g03_top_IO/u_g03_soc/u_gpr_top/u_gpr/gpr_rw[31].not_x0.rf_dff/qout_r_reg[5]

  Ref  DFF        Name(Last) r:/WORK/g03_top_IO/u_g03_soc/u_gpr_top/u_gpr/gpr_rw[31].not_x0.rf_dff/qout_r_reg[6]
  Impl DFF        Name(Last) i:/WORK/g03_top_IO/u_g03_soc/u_gpr_top/u_gpr/gpr_rw[31].not_x0.rf_dff/qout_r_reg[6]

  Ref  DFF        Name(Last) r:/WORK/g03_top_IO/u_g03_soc/u_gpr_top/u_gpr/gpr_rw[31].not_x0.rf_dff/qout_r_reg[7]
  Impl DFF        Name(Last) i:/WORK/g03_top_IO/u_g03_soc/u_gpr_top/u_gpr/gpr_rw[31].not_x0.rf_dff/qout_r_reg[7]

  Ref  DFF        Name(Last) r:/WORK/g03_top_IO/u_g03_soc/u_gpr_top/u_gpr/gpr_rw[31].not_x0.rf_dff/qout_r_reg[8]
  Impl DFF        Name(Last) i:/WORK/g03_top_IO/u_g03_soc/u_gpr_top/u_gpr/gpr_rw[31].not_x0.rf_dff/qout_r_reg[8]

  Ref  DFF        Name(Last) r:/WORK/g03_top_IO/u_g03_soc/u_gpr_top/u_gpr/gpr_rw[31].not_x0.rf_dff/qout_r_reg[9]
  Impl DFF        Name(Last) i:/WORK/g03_top_IO/u_g03_soc/u_gpr_top/u_gpr/gpr_rw[31].not_x0.rf_dff/qout_r_reg[9]

  Ref  DFF        Name(Last) r:/WORK/g03_top_IO/u_g03_soc/u_gpr_top/u_gpr/gpr_rw[3].not_x0.rf_dff/qout_r_reg[0]
  Impl DFF        Name(Last) i:/WORK/g03_top_IO/u_g03_soc/u_gpr_top/u_gpr/gpr_rw[3].not_x0.rf_dff/qout_r_reg[0]

  Ref  DFF        Name(Last) r:/WORK/g03_top_IO/u_g03_soc/u_gpr_top/u_gpr/gpr_rw[3].not_x0.rf_dff/qout_r_reg[10]
  Impl DFF        Name(Last) i:/WORK/g03_top_IO/u_g03_soc/u_gpr_top/u_gpr/gpr_rw[3].not_x0.rf_dff/qout_r_reg[10]

  Ref  DFF        Name(Last) r:/WORK/g03_top_IO/u_g03_soc/u_gpr_top/u_gpr/gpr_rw[3].not_x0.rf_dff/qout_r_reg[11]
  Impl DFF        Name(Last) i:/WORK/g03_top_IO/u_g03_soc/u_gpr_top/u_gpr/gpr_rw[3].not_x0.rf_dff/qout_r_reg[11]

  Ref  DFF        Name(Last) r:/WORK/g03_top_IO/u_g03_soc/u_gpr_top/u_gpr/gpr_rw[3].not_x0.rf_dff/qout_r_reg[12]
  Impl DFF        Name(Last) i:/WORK/g03_top_IO/u_g03_soc/u_gpr_top/u_gpr/gpr_rw[3].not_x0.rf_dff/qout_r_reg[12]

  Ref  DFF        Name(Last) r:/WORK/g03_top_IO/u_g03_soc/u_gpr_top/u_gpr/gpr_rw[3].not_x0.rf_dff/qout_r_reg[13]
  Impl DFF        Name(Last) i:/WORK/g03_top_IO/u_g03_soc/u_gpr_top/u_gpr/gpr_rw[3].not_x0.rf_dff/qout_r_reg[13]

  Ref  DFF        Name(Last) r:/WORK/g03_top_IO/u_g03_soc/u_gpr_top/u_gpr/gpr_rw[3].not_x0.rf_dff/qout_r_reg[14]
  Impl DFF        Name(Last) i:/WORK/g03_top_IO/u_g03_soc/u_gpr_top/u_gpr/gpr_rw[3].not_x0.rf_dff/qout_r_reg[14]

  Ref  DFF        Name(Last) r:/WORK/g03_top_IO/u_g03_soc/u_gpr_top/u_gpr/gpr_rw[3].not_x0.rf_dff/qout_r_reg[15]
  Impl DFF        Name(Last) i:/WORK/g03_top_IO/u_g03_soc/u_gpr_top/u_gpr/gpr_rw[3].not_x0.rf_dff/qout_r_reg[15]

  Ref  DFF        Name(Last) r:/WORK/g03_top_IO/u_g03_soc/u_gpr_top/u_gpr/gpr_rw[3].not_x0.rf_dff/qout_r_reg[16]
  Impl DFF        Name(Last) i:/WORK/g03_top_IO/u_g03_soc/u_gpr_top/u_gpr/gpr_rw[3].not_x0.rf_dff/qout_r_reg[16]

  Ref  DFF        Name(Last) r:/WORK/g03_top_IO/u_g03_soc/u_gpr_top/u_gpr/gpr_rw[3].not_x0.rf_dff/qout_r_reg[17]
  Impl DFF        Name(Last) i:/WORK/g03_top_IO/u_g03_soc/u_gpr_top/u_gpr/gpr_rw[3].not_x0.rf_dff/qout_r_reg[17]

  Ref  DFF        Name(Last) r:/WORK/g03_top_IO/u_g03_soc/u_gpr_top/u_gpr/gpr_rw[3].not_x0.rf_dff/qout_r_reg[18]
  Impl DFF        Name(Last) i:/WORK/g03_top_IO/u_g03_soc/u_gpr_top/u_gpr/gpr_rw[3].not_x0.rf_dff/qout_r_reg[18]

  Ref  DFF        Name(Last) r:/WORK/g03_top_IO/u_g03_soc/u_gpr_top/u_gpr/gpr_rw[3].not_x0.rf_dff/qout_r_reg[19]
  Impl DFF        Name(Last) i:/WORK/g03_top_IO/u_g03_soc/u_gpr_top/u_gpr/gpr_rw[3].not_x0.rf_dff/qout_r_reg[19]

  Ref  DFF        Name(Last) r:/WORK/g03_top_IO/u_g03_soc/u_gpr_top/u_gpr/gpr_rw[3].not_x0.rf_dff/qout_r_reg[1]
  Impl DFF        Name(Last) i:/WORK/g03_top_IO/u_g03_soc/u_gpr_top/u_gpr/gpr_rw[3].not_x0.rf_dff/qout_r_reg[1]

  Ref  DFF        Name(Last) r:/WORK/g03_top_IO/u_g03_soc/u_gpr_top/u_gpr/gpr_rw[3].not_x0.rf_dff/qout_r_reg[20]
  Impl DFF        Name(Last) i:/WORK/g03_top_IO/u_g03_soc/u_gpr_top/u_gpr/gpr_rw[3].not_x0.rf_dff/qout_r_reg[20]

  Ref  DFF        Name(Last) r:/WORK/g03_top_IO/u_g03_soc/u_gpr_top/u_gpr/gpr_rw[3].not_x0.rf_dff/qout_r_reg[21]
  Impl DFF        Name(Last) i:/WORK/g03_top_IO/u_g03_soc/u_gpr_top/u_gpr/gpr_rw[3].not_x0.rf_dff/qout_r_reg[21]

  Ref  DFF        Name(Last) r:/WORK/g03_top_IO/u_g03_soc/u_gpr_top/u_gpr/gpr_rw[3].not_x0.rf_dff/qout_r_reg[22]
  Impl DFF        Name(Last) i:/WORK/g03_top_IO/u_g03_soc/u_gpr_top/u_gpr/gpr_rw[3].not_x0.rf_dff/qout_r_reg[22]

  Ref  DFF        Name(Last) r:/WORK/g03_top_IO/u_g03_soc/u_gpr_top/u_gpr/gpr_rw[3].not_x0.rf_dff/qout_r_reg[23]
  Impl DFF        Name(Last) i:/WORK/g03_top_IO/u_g03_soc/u_gpr_top/u_gpr/gpr_rw[3].not_x0.rf_dff/qout_r_reg[23]

  Ref  DFF        Name(Last) r:/WORK/g03_top_IO/u_g03_soc/u_gpr_top/u_gpr/gpr_rw[3].not_x0.rf_dff/qout_r_reg[24]
  Impl DFF        Name(Last) i:/WORK/g03_top_IO/u_g03_soc/u_gpr_top/u_gpr/gpr_rw[3].not_x0.rf_dff/qout_r_reg[24]

  Ref  DFF        Name(Last) r:/WORK/g03_top_IO/u_g03_soc/u_gpr_top/u_gpr/gpr_rw[3].not_x0.rf_dff/qout_r_reg[25]
  Impl DFF        Name(Last) i:/WORK/g03_top_IO/u_g03_soc/u_gpr_top/u_gpr/gpr_rw[3].not_x0.rf_dff/qout_r_reg[25]

  Ref  DFF        Name(Last) r:/WORK/g03_top_IO/u_g03_soc/u_gpr_top/u_gpr/gpr_rw[3].not_x0.rf_dff/qout_r_reg[26]
  Impl DFF        Name(Last) i:/WORK/g03_top_IO/u_g03_soc/u_gpr_top/u_gpr/gpr_rw[3].not_x0.rf_dff/qout_r_reg[26]

  Ref  DFF        Name(Last) r:/WORK/g03_top_IO/u_g03_soc/u_gpr_top/u_gpr/gpr_rw[3].not_x0.rf_dff/qout_r_reg[27]
  Impl DFF        Name(Last) i:/WORK/g03_top_IO/u_g03_soc/u_gpr_top/u_gpr/gpr_rw[3].not_x0.rf_dff/qout_r_reg[27]

  Ref  DFF        Name(Last) r:/WORK/g03_top_IO/u_g03_soc/u_gpr_top/u_gpr/gpr_rw[3].not_x0.rf_dff/qout_r_reg[28]
  Impl DFF        Name(Last) i:/WORK/g03_top_IO/u_g03_soc/u_gpr_top/u_gpr/gpr_rw[3].not_x0.rf_dff/qout_r_reg[28]

  Ref  DFF        Name(Last) r:/WORK/g03_top_IO/u_g03_soc/u_gpr_top/u_gpr/gpr_rw[3].not_x0.rf_dff/qout_r_reg[29]
  Impl DFF        Name(Last) i:/WORK/g03_top_IO/u_g03_soc/u_gpr_top/u_gpr/gpr_rw[3].not_x0.rf_dff/qout_r_reg[29]

  Ref  DFF        Name(Last) r:/WORK/g03_top_IO/u_g03_soc/u_gpr_top/u_gpr/gpr_rw[3].not_x0.rf_dff/qout_r_reg[2]
  Impl DFF        Name(Last) i:/WORK/g03_top_IO/u_g03_soc/u_gpr_top/u_gpr/gpr_rw[3].not_x0.rf_dff/qout_r_reg[2]

  Ref  DFF        Name(Last) r:/WORK/g03_top_IO/u_g03_soc/u_gpr_top/u_gpr/gpr_rw[3].not_x0.rf_dff/qout_r_reg[30]
  Impl DFF        Name(Last) i:/WORK/g03_top_IO/u_g03_soc/u_gpr_top/u_gpr/gpr_rw[3].not_x0.rf_dff/qout_r_reg[30]

  Ref  DFF        Name(Last) r:/WORK/g03_top_IO/u_g03_soc/u_gpr_top/u_gpr/gpr_rw[3].not_x0.rf_dff/qout_r_reg[31]
  Impl DFF        Name(Last) i:/WORK/g03_top_IO/u_g03_soc/u_gpr_top/u_gpr/gpr_rw[3].not_x0.rf_dff/qout_r_reg[31]

  Ref  DFF        Name(Last) r:/WORK/g03_top_IO/u_g03_soc/u_gpr_top/u_gpr/gpr_rw[3].not_x0.rf_dff/qout_r_reg[3]
  Impl DFF        Name(Last) i:/WORK/g03_top_IO/u_g03_soc/u_gpr_top/u_gpr/gpr_rw[3].not_x0.rf_dff/qout_r_reg[3]

  Ref  DFF        Name(Last) r:/WORK/g03_top_IO/u_g03_soc/u_gpr_top/u_gpr/gpr_rw[3].not_x0.rf_dff/qout_r_reg[4]
  Impl DFF        Name(Last) i:/WORK/g03_top_IO/u_g03_soc/u_gpr_top/u_gpr/gpr_rw[3].not_x0.rf_dff/qout_r_reg[4]

  Ref  DFF        Name(Last) r:/WORK/g03_top_IO/u_g03_soc/u_gpr_top/u_gpr/gpr_rw[3].not_x0.rf_dff/qout_r_reg[5]
  Impl DFF        Name(Last) i:/WORK/g03_top_IO/u_g03_soc/u_gpr_top/u_gpr/gpr_rw[3].not_x0.rf_dff/qout_r_reg[5]

  Ref  DFF        Name(Last) r:/WORK/g03_top_IO/u_g03_soc/u_gpr_top/u_gpr/gpr_rw[3].not_x0.rf_dff/qout_r_reg[6]
  Impl DFF        Name(Last) i:/WORK/g03_top_IO/u_g03_soc/u_gpr_top/u_gpr/gpr_rw[3].not_x0.rf_dff/qout_r_reg[6]

  Ref  DFF        Name(Last) r:/WORK/g03_top_IO/u_g03_soc/u_gpr_top/u_gpr/gpr_rw[3].not_x0.rf_dff/qout_r_reg[7]
  Impl DFF        Name(Last) i:/WORK/g03_top_IO/u_g03_soc/u_gpr_top/u_gpr/gpr_rw[3].not_x0.rf_dff/qout_r_reg[7]

  Ref  DFF        Name(Last) r:/WORK/g03_top_IO/u_g03_soc/u_gpr_top/u_gpr/gpr_rw[3].not_x0.rf_dff/qout_r_reg[8]
  Impl DFF        Name(Last) i:/WORK/g03_top_IO/u_g03_soc/u_gpr_top/u_gpr/gpr_rw[3].not_x0.rf_dff/qout_r_reg[8]

  Ref  DFF        Name(Last) r:/WORK/g03_top_IO/u_g03_soc/u_gpr_top/u_gpr/gpr_rw[3].not_x0.rf_dff/qout_r_reg[9]
  Impl DFF        Name(Last) i:/WORK/g03_top_IO/u_g03_soc/u_gpr_top/u_gpr/gpr_rw[3].not_x0.rf_dff/qout_r_reg[9]

  Ref  DFF        Name(Last) r:/WORK/g03_top_IO/u_g03_soc/u_gpr_top/u_gpr/gpr_rw[4].not_x0.rf_dff/qout_r_reg[0]
  Impl DFF        Name(Last) i:/WORK/g03_top_IO/u_g03_soc/u_gpr_top/u_gpr/gpr_rw[4].not_x0.rf_dff/qout_r_reg[0]

  Ref  DFF        Name(Last) r:/WORK/g03_top_IO/u_g03_soc/u_gpr_top/u_gpr/gpr_rw[4].not_x0.rf_dff/qout_r_reg[10]
  Impl DFF        Name(Last) i:/WORK/g03_top_IO/u_g03_soc/u_gpr_top/u_gpr/gpr_rw[4].not_x0.rf_dff/qout_r_reg[10]

  Ref  DFF        Name(Last) r:/WORK/g03_top_IO/u_g03_soc/u_gpr_top/u_gpr/gpr_rw[4].not_x0.rf_dff/qout_r_reg[11]
  Impl DFF        Name(Last) i:/WORK/g03_top_IO/u_g03_soc/u_gpr_top/u_gpr/gpr_rw[4].not_x0.rf_dff/qout_r_reg[11]

  Ref  DFF        Name(Last) r:/WORK/g03_top_IO/u_g03_soc/u_gpr_top/u_gpr/gpr_rw[4].not_x0.rf_dff/qout_r_reg[12]
  Impl DFF        Name(Last) i:/WORK/g03_top_IO/u_g03_soc/u_gpr_top/u_gpr/gpr_rw[4].not_x0.rf_dff/qout_r_reg[12]

  Ref  DFF        Name(Last) r:/WORK/g03_top_IO/u_g03_soc/u_gpr_top/u_gpr/gpr_rw[4].not_x0.rf_dff/qout_r_reg[13]
  Impl DFF        Name(Last) i:/WORK/g03_top_IO/u_g03_soc/u_gpr_top/u_gpr/gpr_rw[4].not_x0.rf_dff/qout_r_reg[13]

  Ref  DFF        Name(Last) r:/WORK/g03_top_IO/u_g03_soc/u_gpr_top/u_gpr/gpr_rw[4].not_x0.rf_dff/qout_r_reg[14]
  Impl DFF        Name(Last) i:/WORK/g03_top_IO/u_g03_soc/u_gpr_top/u_gpr/gpr_rw[4].not_x0.rf_dff/qout_r_reg[14]

  Ref  DFF        Name(Last) r:/WORK/g03_top_IO/u_g03_soc/u_gpr_top/u_gpr/gpr_rw[4].not_x0.rf_dff/qout_r_reg[15]
  Impl DFF        Name(Last) i:/WORK/g03_top_IO/u_g03_soc/u_gpr_top/u_gpr/gpr_rw[4].not_x0.rf_dff/qout_r_reg[15]

  Ref  DFF        Name(Last) r:/WORK/g03_top_IO/u_g03_soc/u_gpr_top/u_gpr/gpr_rw[4].not_x0.rf_dff/qout_r_reg[16]
  Impl DFF        Name(Last) i:/WORK/g03_top_IO/u_g03_soc/u_gpr_top/u_gpr/gpr_rw[4].not_x0.rf_dff/qout_r_reg[16]

  Ref  DFF        Name(Last) r:/WORK/g03_top_IO/u_g03_soc/u_gpr_top/u_gpr/gpr_rw[4].not_x0.rf_dff/qout_r_reg[17]
  Impl DFF        Name(Last) i:/WORK/g03_top_IO/u_g03_soc/u_gpr_top/u_gpr/gpr_rw[4].not_x0.rf_dff/qout_r_reg[17]

  Ref  DFF        Name(Last) r:/WORK/g03_top_IO/u_g03_soc/u_gpr_top/u_gpr/gpr_rw[4].not_x0.rf_dff/qout_r_reg[18]
  Impl DFF        Name(Last) i:/WORK/g03_top_IO/u_g03_soc/u_gpr_top/u_gpr/gpr_rw[4].not_x0.rf_dff/qout_r_reg[18]

  Ref  DFF        Name(Last) r:/WORK/g03_top_IO/u_g03_soc/u_gpr_top/u_gpr/gpr_rw[4].not_x0.rf_dff/qout_r_reg[19]
  Impl DFF        Name(Last) i:/WORK/g03_top_IO/u_g03_soc/u_gpr_top/u_gpr/gpr_rw[4].not_x0.rf_dff/qout_r_reg[19]

  Ref  DFF        Name(Last) r:/WORK/g03_top_IO/u_g03_soc/u_gpr_top/u_gpr/gpr_rw[4].not_x0.rf_dff/qout_r_reg[1]
  Impl DFF        Name(Last) i:/WORK/g03_top_IO/u_g03_soc/u_gpr_top/u_gpr/gpr_rw[4].not_x0.rf_dff/qout_r_reg[1]

  Ref  DFF        Name(Last) r:/WORK/g03_top_IO/u_g03_soc/u_gpr_top/u_gpr/gpr_rw[4].not_x0.rf_dff/qout_r_reg[20]
  Impl DFF        Name(Last) i:/WORK/g03_top_IO/u_g03_soc/u_gpr_top/u_gpr/gpr_rw[4].not_x0.rf_dff/qout_r_reg[20]

  Ref  DFF        Name(Last) r:/WORK/g03_top_IO/u_g03_soc/u_gpr_top/u_gpr/gpr_rw[4].not_x0.rf_dff/qout_r_reg[21]
  Impl DFF        Name(Last) i:/WORK/g03_top_IO/u_g03_soc/u_gpr_top/u_gpr/gpr_rw[4].not_x0.rf_dff/qout_r_reg[21]

  Ref  DFF        Name(Last) r:/WORK/g03_top_IO/u_g03_soc/u_gpr_top/u_gpr/gpr_rw[4].not_x0.rf_dff/qout_r_reg[22]
  Impl DFF        Name(Last) i:/WORK/g03_top_IO/u_g03_soc/u_gpr_top/u_gpr/gpr_rw[4].not_x0.rf_dff/qout_r_reg[22]

  Ref  DFF        Name(Last) r:/WORK/g03_top_IO/u_g03_soc/u_gpr_top/u_gpr/gpr_rw[4].not_x0.rf_dff/qout_r_reg[23]
  Impl DFF        Name(Last) i:/WORK/g03_top_IO/u_g03_soc/u_gpr_top/u_gpr/gpr_rw[4].not_x0.rf_dff/qout_r_reg[23]

  Ref  DFF        Name(Last) r:/WORK/g03_top_IO/u_g03_soc/u_gpr_top/u_gpr/gpr_rw[4].not_x0.rf_dff/qout_r_reg[24]
  Impl DFF        Name(Last) i:/WORK/g03_top_IO/u_g03_soc/u_gpr_top/u_gpr/gpr_rw[4].not_x0.rf_dff/qout_r_reg[24]

  Ref  DFF        Name(Last) r:/WORK/g03_top_IO/u_g03_soc/u_gpr_top/u_gpr/gpr_rw[4].not_x0.rf_dff/qout_r_reg[25]
  Impl DFF        Name(Last) i:/WORK/g03_top_IO/u_g03_soc/u_gpr_top/u_gpr/gpr_rw[4].not_x0.rf_dff/qout_r_reg[25]

  Ref  DFF        Name(Last) r:/WORK/g03_top_IO/u_g03_soc/u_gpr_top/u_gpr/gpr_rw[4].not_x0.rf_dff/qout_r_reg[26]
  Impl DFF        Name(Last) i:/WORK/g03_top_IO/u_g03_soc/u_gpr_top/u_gpr/gpr_rw[4].not_x0.rf_dff/qout_r_reg[26]

  Ref  DFF        Name(Last) r:/WORK/g03_top_IO/u_g03_soc/u_gpr_top/u_gpr/gpr_rw[4].not_x0.rf_dff/qout_r_reg[27]
  Impl DFF        Name(Last) i:/WORK/g03_top_IO/u_g03_soc/u_gpr_top/u_gpr/gpr_rw[4].not_x0.rf_dff/qout_r_reg[27]

  Ref  DFF        Name(Last) r:/WORK/g03_top_IO/u_g03_soc/u_gpr_top/u_gpr/gpr_rw[4].not_x0.rf_dff/qout_r_reg[28]
  Impl DFF        Name(Last) i:/WORK/g03_top_IO/u_g03_soc/u_gpr_top/u_gpr/gpr_rw[4].not_x0.rf_dff/qout_r_reg[28]

  Ref  DFF        Name(Last) r:/WORK/g03_top_IO/u_g03_soc/u_gpr_top/u_gpr/gpr_rw[4].not_x0.rf_dff/qout_r_reg[29]
  Impl DFF        Name(Last) i:/WORK/g03_top_IO/u_g03_soc/u_gpr_top/u_gpr/gpr_rw[4].not_x0.rf_dff/qout_r_reg[29]

  Ref  DFF        Name(Last) r:/WORK/g03_top_IO/u_g03_soc/u_gpr_top/u_gpr/gpr_rw[4].not_x0.rf_dff/qout_r_reg[2]
  Impl DFF        Name(Last) i:/WORK/g03_top_IO/u_g03_soc/u_gpr_top/u_gpr/gpr_rw[4].not_x0.rf_dff/qout_r_reg[2]

  Ref  DFF        Name(Last) r:/WORK/g03_top_IO/u_g03_soc/u_gpr_top/u_gpr/gpr_rw[4].not_x0.rf_dff/qout_r_reg[30]
  Impl DFF        Name(Last) i:/WORK/g03_top_IO/u_g03_soc/u_gpr_top/u_gpr/gpr_rw[4].not_x0.rf_dff/qout_r_reg[30]

  Ref  DFF        Name(Last) r:/WORK/g03_top_IO/u_g03_soc/u_gpr_top/u_gpr/gpr_rw[4].not_x0.rf_dff/qout_r_reg[31]
  Impl DFF        Name(Last) i:/WORK/g03_top_IO/u_g03_soc/u_gpr_top/u_gpr/gpr_rw[4].not_x0.rf_dff/qout_r_reg[31]

  Ref  DFF        Name(Last) r:/WORK/g03_top_IO/u_g03_soc/u_gpr_top/u_gpr/gpr_rw[4].not_x0.rf_dff/qout_r_reg[3]
  Impl DFF        Name(Last) i:/WORK/g03_top_IO/u_g03_soc/u_gpr_top/u_gpr/gpr_rw[4].not_x0.rf_dff/qout_r_reg[3]

  Ref  DFF        Name(Last) r:/WORK/g03_top_IO/u_g03_soc/u_gpr_top/u_gpr/gpr_rw[4].not_x0.rf_dff/qout_r_reg[4]
  Impl DFF        Name(Last) i:/WORK/g03_top_IO/u_g03_soc/u_gpr_top/u_gpr/gpr_rw[4].not_x0.rf_dff/qout_r_reg[4]

  Ref  DFF        Name(Last) r:/WORK/g03_top_IO/u_g03_soc/u_gpr_top/u_gpr/gpr_rw[4].not_x0.rf_dff/qout_r_reg[5]
  Impl DFF        Name(Last) i:/WORK/g03_top_IO/u_g03_soc/u_gpr_top/u_gpr/gpr_rw[4].not_x0.rf_dff/qout_r_reg[5]

  Ref  DFF        Name(Last) r:/WORK/g03_top_IO/u_g03_soc/u_gpr_top/u_gpr/gpr_rw[4].not_x0.rf_dff/qout_r_reg[6]
  Impl DFF        Name(Last) i:/WORK/g03_top_IO/u_g03_soc/u_gpr_top/u_gpr/gpr_rw[4].not_x0.rf_dff/qout_r_reg[6]

  Ref  DFF        Name(Last) r:/WORK/g03_top_IO/u_g03_soc/u_gpr_top/u_gpr/gpr_rw[4].not_x0.rf_dff/qout_r_reg[7]
  Impl DFF        Name(Last) i:/WORK/g03_top_IO/u_g03_soc/u_gpr_top/u_gpr/gpr_rw[4].not_x0.rf_dff/qout_r_reg[7]

  Ref  DFF        Name(Last) r:/WORK/g03_top_IO/u_g03_soc/u_gpr_top/u_gpr/gpr_rw[4].not_x0.rf_dff/qout_r_reg[8]
  Impl DFF        Name(Last) i:/WORK/g03_top_IO/u_g03_soc/u_gpr_top/u_gpr/gpr_rw[4].not_x0.rf_dff/qout_r_reg[8]

  Ref  DFF        Name(Last) r:/WORK/g03_top_IO/u_g03_soc/u_gpr_top/u_gpr/gpr_rw[4].not_x0.rf_dff/qout_r_reg[9]
  Impl DFF        Name(Last) i:/WORK/g03_top_IO/u_g03_soc/u_gpr_top/u_gpr/gpr_rw[4].not_x0.rf_dff/qout_r_reg[9]

  Ref  DFF        Name(Last) r:/WORK/g03_top_IO/u_g03_soc/u_gpr_top/u_gpr/gpr_rw[5].not_x0.rf_dff/qout_r_reg[0]
  Impl DFF        Name(Last) i:/WORK/g03_top_IO/u_g03_soc/u_gpr_top/u_gpr/gpr_rw[5].not_x0.rf_dff/qout_r_reg[0]

  Ref  DFF        Name(Last) r:/WORK/g03_top_IO/u_g03_soc/u_gpr_top/u_gpr/gpr_rw[5].not_x0.rf_dff/qout_r_reg[10]
  Impl DFF        Name(Last) i:/WORK/g03_top_IO/u_g03_soc/u_gpr_top/u_gpr/gpr_rw[5].not_x0.rf_dff/qout_r_reg[10]

  Ref  DFF        Name(Last) r:/WORK/g03_top_IO/u_g03_soc/u_gpr_top/u_gpr/gpr_rw[5].not_x0.rf_dff/qout_r_reg[11]
  Impl DFF        Name(Last) i:/WORK/g03_top_IO/u_g03_soc/u_gpr_top/u_gpr/gpr_rw[5].not_x0.rf_dff/qout_r_reg[11]

  Ref  DFF        Name(Last) r:/WORK/g03_top_IO/u_g03_soc/u_gpr_top/u_gpr/gpr_rw[5].not_x0.rf_dff/qout_r_reg[12]
  Impl DFF        Name(Last) i:/WORK/g03_top_IO/u_g03_soc/u_gpr_top/u_gpr/gpr_rw[5].not_x0.rf_dff/qout_r_reg[12]

  Ref  DFF        Name(Last) r:/WORK/g03_top_IO/u_g03_soc/u_gpr_top/u_gpr/gpr_rw[5].not_x0.rf_dff/qout_r_reg[13]
  Impl DFF        Name(Last) i:/WORK/g03_top_IO/u_g03_soc/u_gpr_top/u_gpr/gpr_rw[5].not_x0.rf_dff/qout_r_reg[13]

  Ref  DFF        Name(Last) r:/WORK/g03_top_IO/u_g03_soc/u_gpr_top/u_gpr/gpr_rw[5].not_x0.rf_dff/qout_r_reg[14]
  Impl DFF        Name(Last) i:/WORK/g03_top_IO/u_g03_soc/u_gpr_top/u_gpr/gpr_rw[5].not_x0.rf_dff/qout_r_reg[14]

  Ref  DFF        Name(Last) r:/WORK/g03_top_IO/u_g03_soc/u_gpr_top/u_gpr/gpr_rw[5].not_x0.rf_dff/qout_r_reg[15]
  Impl DFF        Name(Last) i:/WORK/g03_top_IO/u_g03_soc/u_gpr_top/u_gpr/gpr_rw[5].not_x0.rf_dff/qout_r_reg[15]

  Ref  DFF        Name(Last) r:/WORK/g03_top_IO/u_g03_soc/u_gpr_top/u_gpr/gpr_rw[5].not_x0.rf_dff/qout_r_reg[16]
  Impl DFF        Name(Last) i:/WORK/g03_top_IO/u_g03_soc/u_gpr_top/u_gpr/gpr_rw[5].not_x0.rf_dff/qout_r_reg[16]

  Ref  DFF        Name(Last) r:/WORK/g03_top_IO/u_g03_soc/u_gpr_top/u_gpr/gpr_rw[5].not_x0.rf_dff/qout_r_reg[17]
  Impl DFF        Name(Last) i:/WORK/g03_top_IO/u_g03_soc/u_gpr_top/u_gpr/gpr_rw[5].not_x0.rf_dff/qout_r_reg[17]

  Ref  DFF        Name(Last) r:/WORK/g03_top_IO/u_g03_soc/u_gpr_top/u_gpr/gpr_rw[5].not_x0.rf_dff/qout_r_reg[18]
  Impl DFF        Name(Last) i:/WORK/g03_top_IO/u_g03_soc/u_gpr_top/u_gpr/gpr_rw[5].not_x0.rf_dff/qout_r_reg[18]

  Ref  DFF        Name(Last) r:/WORK/g03_top_IO/u_g03_soc/u_gpr_top/u_gpr/gpr_rw[5].not_x0.rf_dff/qout_r_reg[19]
  Impl DFF        Name(Last) i:/WORK/g03_top_IO/u_g03_soc/u_gpr_top/u_gpr/gpr_rw[5].not_x0.rf_dff/qout_r_reg[19]

  Ref  DFF        Name(Last) r:/WORK/g03_top_IO/u_g03_soc/u_gpr_top/u_gpr/gpr_rw[5].not_x0.rf_dff/qout_r_reg[1]
  Impl DFF        Name(Last) i:/WORK/g03_top_IO/u_g03_soc/u_gpr_top/u_gpr/gpr_rw[5].not_x0.rf_dff/qout_r_reg[1]

  Ref  DFF        Name(Last) r:/WORK/g03_top_IO/u_g03_soc/u_gpr_top/u_gpr/gpr_rw[5].not_x0.rf_dff/qout_r_reg[20]
  Impl DFF        Name(Last) i:/WORK/g03_top_IO/u_g03_soc/u_gpr_top/u_gpr/gpr_rw[5].not_x0.rf_dff/qout_r_reg[20]

  Ref  DFF        Name(Last) r:/WORK/g03_top_IO/u_g03_soc/u_gpr_top/u_gpr/gpr_rw[5].not_x0.rf_dff/qout_r_reg[21]
  Impl DFF        Name(Last) i:/WORK/g03_top_IO/u_g03_soc/u_gpr_top/u_gpr/gpr_rw[5].not_x0.rf_dff/qout_r_reg[21]

  Ref  DFF        Name(Last) r:/WORK/g03_top_IO/u_g03_soc/u_gpr_top/u_gpr/gpr_rw[5].not_x0.rf_dff/qout_r_reg[22]
  Impl DFF        Name(Last) i:/WORK/g03_top_IO/u_g03_soc/u_gpr_top/u_gpr/gpr_rw[5].not_x0.rf_dff/qout_r_reg[22]

  Ref  DFF        Name(Last) r:/WORK/g03_top_IO/u_g03_soc/u_gpr_top/u_gpr/gpr_rw[5].not_x0.rf_dff/qout_r_reg[23]
  Impl DFF        Name(Last) i:/WORK/g03_top_IO/u_g03_soc/u_gpr_top/u_gpr/gpr_rw[5].not_x0.rf_dff/qout_r_reg[23]

  Ref  DFF        Name(Last) r:/WORK/g03_top_IO/u_g03_soc/u_gpr_top/u_gpr/gpr_rw[5].not_x0.rf_dff/qout_r_reg[24]
  Impl DFF        Name(Last) i:/WORK/g03_top_IO/u_g03_soc/u_gpr_top/u_gpr/gpr_rw[5].not_x0.rf_dff/qout_r_reg[24]

  Ref  DFF        Name(Last) r:/WORK/g03_top_IO/u_g03_soc/u_gpr_top/u_gpr/gpr_rw[5].not_x0.rf_dff/qout_r_reg[25]
  Impl DFF        Name(Last) i:/WORK/g03_top_IO/u_g03_soc/u_gpr_top/u_gpr/gpr_rw[5].not_x0.rf_dff/qout_r_reg[25]

  Ref  DFF        Name(Last) r:/WORK/g03_top_IO/u_g03_soc/u_gpr_top/u_gpr/gpr_rw[5].not_x0.rf_dff/qout_r_reg[26]
  Impl DFF        Name(Last) i:/WORK/g03_top_IO/u_g03_soc/u_gpr_top/u_gpr/gpr_rw[5].not_x0.rf_dff/qout_r_reg[26]

  Ref  DFF        Name(Last) r:/WORK/g03_top_IO/u_g03_soc/u_gpr_top/u_gpr/gpr_rw[5].not_x0.rf_dff/qout_r_reg[27]
  Impl DFF        Name(Last) i:/WORK/g03_top_IO/u_g03_soc/u_gpr_top/u_gpr/gpr_rw[5].not_x0.rf_dff/qout_r_reg[27]

  Ref  DFF        Name(Last) r:/WORK/g03_top_IO/u_g03_soc/u_gpr_top/u_gpr/gpr_rw[5].not_x0.rf_dff/qout_r_reg[28]
  Impl DFF        Name(Last) i:/WORK/g03_top_IO/u_g03_soc/u_gpr_top/u_gpr/gpr_rw[5].not_x0.rf_dff/qout_r_reg[28]

  Ref  DFF        Name(Last) r:/WORK/g03_top_IO/u_g03_soc/u_gpr_top/u_gpr/gpr_rw[5].not_x0.rf_dff/qout_r_reg[29]
  Impl DFF        Name(Last) i:/WORK/g03_top_IO/u_g03_soc/u_gpr_top/u_gpr/gpr_rw[5].not_x0.rf_dff/qout_r_reg[29]

  Ref  DFF        Name(Last) r:/WORK/g03_top_IO/u_g03_soc/u_gpr_top/u_gpr/gpr_rw[5].not_x0.rf_dff/qout_r_reg[2]
  Impl DFF        Name(Last) i:/WORK/g03_top_IO/u_g03_soc/u_gpr_top/u_gpr/gpr_rw[5].not_x0.rf_dff/qout_r_reg[2]

  Ref  DFF        Name(Last) r:/WORK/g03_top_IO/u_g03_soc/u_gpr_top/u_gpr/gpr_rw[5].not_x0.rf_dff/qout_r_reg[30]
  Impl DFF        Name(Last) i:/WORK/g03_top_IO/u_g03_soc/u_gpr_top/u_gpr/gpr_rw[5].not_x0.rf_dff/qout_r_reg[30]

  Ref  DFF        Name(Last) r:/WORK/g03_top_IO/u_g03_soc/u_gpr_top/u_gpr/gpr_rw[5].not_x0.rf_dff/qout_r_reg[31]
  Impl DFF        Name(Last) i:/WORK/g03_top_IO/u_g03_soc/u_gpr_top/u_gpr/gpr_rw[5].not_x0.rf_dff/qout_r_reg[31]

  Ref  DFF        Name(Last) r:/WORK/g03_top_IO/u_g03_soc/u_gpr_top/u_gpr/gpr_rw[5].not_x0.rf_dff/qout_r_reg[3]
  Impl DFF        Name(Last) i:/WORK/g03_top_IO/u_g03_soc/u_gpr_top/u_gpr/gpr_rw[5].not_x0.rf_dff/qout_r_reg[3]

  Ref  DFF        Name(Last) r:/WORK/g03_top_IO/u_g03_soc/u_gpr_top/u_gpr/gpr_rw[5].not_x0.rf_dff/qout_r_reg[4]
  Impl DFF        Name(Last) i:/WORK/g03_top_IO/u_g03_soc/u_gpr_top/u_gpr/gpr_rw[5].not_x0.rf_dff/qout_r_reg[4]

  Ref  DFF        Name(Last) r:/WORK/g03_top_IO/u_g03_soc/u_gpr_top/u_gpr/gpr_rw[5].not_x0.rf_dff/qout_r_reg[5]
  Impl DFF        Name(Last) i:/WORK/g03_top_IO/u_g03_soc/u_gpr_top/u_gpr/gpr_rw[5].not_x0.rf_dff/qout_r_reg[5]

  Ref  DFF        Name(Last) r:/WORK/g03_top_IO/u_g03_soc/u_gpr_top/u_gpr/gpr_rw[5].not_x0.rf_dff/qout_r_reg[6]
  Impl DFF        Name(Last) i:/WORK/g03_top_IO/u_g03_soc/u_gpr_top/u_gpr/gpr_rw[5].not_x0.rf_dff/qout_r_reg[6]

  Ref  DFF        Name(Last) r:/WORK/g03_top_IO/u_g03_soc/u_gpr_top/u_gpr/gpr_rw[5].not_x0.rf_dff/qout_r_reg[7]
  Impl DFF        Name(Last) i:/WORK/g03_top_IO/u_g03_soc/u_gpr_top/u_gpr/gpr_rw[5].not_x0.rf_dff/qout_r_reg[7]

  Ref  DFF        Name(Last) r:/WORK/g03_top_IO/u_g03_soc/u_gpr_top/u_gpr/gpr_rw[5].not_x0.rf_dff/qout_r_reg[8]
  Impl DFF        Name(Last) i:/WORK/g03_top_IO/u_g03_soc/u_gpr_top/u_gpr/gpr_rw[5].not_x0.rf_dff/qout_r_reg[8]

  Ref  DFF        Name(Last) r:/WORK/g03_top_IO/u_g03_soc/u_gpr_top/u_gpr/gpr_rw[5].not_x0.rf_dff/qout_r_reg[9]
  Impl DFF        Name(Last) i:/WORK/g03_top_IO/u_g03_soc/u_gpr_top/u_gpr/gpr_rw[5].not_x0.rf_dff/qout_r_reg[9]

  Ref  DFF        Name(Last) r:/WORK/g03_top_IO/u_g03_soc/u_gpr_top/u_gpr/gpr_rw[6].not_x0.rf_dff/qout_r_reg[0]
  Impl DFF        Name(Last) i:/WORK/g03_top_IO/u_g03_soc/u_gpr_top/u_gpr/gpr_rw[6].not_x0.rf_dff/qout_r_reg[0]

  Ref  DFF        Name(Last) r:/WORK/g03_top_IO/u_g03_soc/u_gpr_top/u_gpr/gpr_rw[6].not_x0.rf_dff/qout_r_reg[10]
  Impl DFF        Name(Last) i:/WORK/g03_top_IO/u_g03_soc/u_gpr_top/u_gpr/gpr_rw[6].not_x0.rf_dff/qout_r_reg[10]

  Ref  DFF        Name(Last) r:/WORK/g03_top_IO/u_g03_soc/u_gpr_top/u_gpr/gpr_rw[6].not_x0.rf_dff/qout_r_reg[11]
  Impl DFF        Name(Last) i:/WORK/g03_top_IO/u_g03_soc/u_gpr_top/u_gpr/gpr_rw[6].not_x0.rf_dff/qout_r_reg[11]

  Ref  DFF        Name(Last) r:/WORK/g03_top_IO/u_g03_soc/u_gpr_top/u_gpr/gpr_rw[6].not_x0.rf_dff/qout_r_reg[12]
  Impl DFF        Name(Last) i:/WORK/g03_top_IO/u_g03_soc/u_gpr_top/u_gpr/gpr_rw[6].not_x0.rf_dff/qout_r_reg[12]

  Ref  DFF        Name(Last) r:/WORK/g03_top_IO/u_g03_soc/u_gpr_top/u_gpr/gpr_rw[6].not_x0.rf_dff/qout_r_reg[13]
  Impl DFF        Name(Last) i:/WORK/g03_top_IO/u_g03_soc/u_gpr_top/u_gpr/gpr_rw[6].not_x0.rf_dff/qout_r_reg[13]

  Ref  DFF        Name(Last) r:/WORK/g03_top_IO/u_g03_soc/u_gpr_top/u_gpr/gpr_rw[6].not_x0.rf_dff/qout_r_reg[14]
  Impl DFF        Name(Last) i:/WORK/g03_top_IO/u_g03_soc/u_gpr_top/u_gpr/gpr_rw[6].not_x0.rf_dff/qout_r_reg[14]

  Ref  DFF        Name(Last) r:/WORK/g03_top_IO/u_g03_soc/u_gpr_top/u_gpr/gpr_rw[6].not_x0.rf_dff/qout_r_reg[15]
  Impl DFF        Name(Last) i:/WORK/g03_top_IO/u_g03_soc/u_gpr_top/u_gpr/gpr_rw[6].not_x0.rf_dff/qout_r_reg[15]

  Ref  DFF        Name(Last) r:/WORK/g03_top_IO/u_g03_soc/u_gpr_top/u_gpr/gpr_rw[6].not_x0.rf_dff/qout_r_reg[16]
  Impl DFF        Name(Last) i:/WORK/g03_top_IO/u_g03_soc/u_gpr_top/u_gpr/gpr_rw[6].not_x0.rf_dff/qout_r_reg[16]

  Ref  DFF        Name(Last) r:/WORK/g03_top_IO/u_g03_soc/u_gpr_top/u_gpr/gpr_rw[6].not_x0.rf_dff/qout_r_reg[17]
  Impl DFF        Name(Last) i:/WORK/g03_top_IO/u_g03_soc/u_gpr_top/u_gpr/gpr_rw[6].not_x0.rf_dff/qout_r_reg[17]

  Ref  DFF        Name(Last) r:/WORK/g03_top_IO/u_g03_soc/u_gpr_top/u_gpr/gpr_rw[6].not_x0.rf_dff/qout_r_reg[18]
  Impl DFF        Name(Last) i:/WORK/g03_top_IO/u_g03_soc/u_gpr_top/u_gpr/gpr_rw[6].not_x0.rf_dff/qout_r_reg[18]

  Ref  DFF        Name(Last) r:/WORK/g03_top_IO/u_g03_soc/u_gpr_top/u_gpr/gpr_rw[6].not_x0.rf_dff/qout_r_reg[19]
  Impl DFF        Name(Last) i:/WORK/g03_top_IO/u_g03_soc/u_gpr_top/u_gpr/gpr_rw[6].not_x0.rf_dff/qout_r_reg[19]

  Ref  DFF        Name(Last) r:/WORK/g03_top_IO/u_g03_soc/u_gpr_top/u_gpr/gpr_rw[6].not_x0.rf_dff/qout_r_reg[1]
  Impl DFF        Name(Last) i:/WORK/g03_top_IO/u_g03_soc/u_gpr_top/u_gpr/gpr_rw[6].not_x0.rf_dff/qout_r_reg[1]

  Ref  DFF        Name(Last) r:/WORK/g03_top_IO/u_g03_soc/u_gpr_top/u_gpr/gpr_rw[6].not_x0.rf_dff/qout_r_reg[20]
  Impl DFF        Name(Last) i:/WORK/g03_top_IO/u_g03_soc/u_gpr_top/u_gpr/gpr_rw[6].not_x0.rf_dff/qout_r_reg[20]

  Ref  DFF        Name(Last) r:/WORK/g03_top_IO/u_g03_soc/u_gpr_top/u_gpr/gpr_rw[6].not_x0.rf_dff/qout_r_reg[21]
  Impl DFF        Name(Last) i:/WORK/g03_top_IO/u_g03_soc/u_gpr_top/u_gpr/gpr_rw[6].not_x0.rf_dff/qout_r_reg[21]

  Ref  DFF        Name(Last) r:/WORK/g03_top_IO/u_g03_soc/u_gpr_top/u_gpr/gpr_rw[6].not_x0.rf_dff/qout_r_reg[22]
  Impl DFF        Name(Last) i:/WORK/g03_top_IO/u_g03_soc/u_gpr_top/u_gpr/gpr_rw[6].not_x0.rf_dff/qout_r_reg[22]

  Ref  DFF        Name(Last) r:/WORK/g03_top_IO/u_g03_soc/u_gpr_top/u_gpr/gpr_rw[6].not_x0.rf_dff/qout_r_reg[23]
  Impl DFF        Name(Last) i:/WORK/g03_top_IO/u_g03_soc/u_gpr_top/u_gpr/gpr_rw[6].not_x0.rf_dff/qout_r_reg[23]

  Ref  DFF        Name(Last) r:/WORK/g03_top_IO/u_g03_soc/u_gpr_top/u_gpr/gpr_rw[6].not_x0.rf_dff/qout_r_reg[24]
  Impl DFF        Name(Last) i:/WORK/g03_top_IO/u_g03_soc/u_gpr_top/u_gpr/gpr_rw[6].not_x0.rf_dff/qout_r_reg[24]

  Ref  DFF        Name(Last) r:/WORK/g03_top_IO/u_g03_soc/u_gpr_top/u_gpr/gpr_rw[6].not_x0.rf_dff/qout_r_reg[25]
  Impl DFF        Name(Last) i:/WORK/g03_top_IO/u_g03_soc/u_gpr_top/u_gpr/gpr_rw[6].not_x0.rf_dff/qout_r_reg[25]

  Ref  DFF        Name(Last) r:/WORK/g03_top_IO/u_g03_soc/u_gpr_top/u_gpr/gpr_rw[6].not_x0.rf_dff/qout_r_reg[26]
  Impl DFF        Name(Last) i:/WORK/g03_top_IO/u_g03_soc/u_gpr_top/u_gpr/gpr_rw[6].not_x0.rf_dff/qout_r_reg[26]

  Ref  DFF        Name(Last) r:/WORK/g03_top_IO/u_g03_soc/u_gpr_top/u_gpr/gpr_rw[6].not_x0.rf_dff/qout_r_reg[27]
  Impl DFF        Name(Last) i:/WORK/g03_top_IO/u_g03_soc/u_gpr_top/u_gpr/gpr_rw[6].not_x0.rf_dff/qout_r_reg[27]

  Ref  DFF        Name(Last) r:/WORK/g03_top_IO/u_g03_soc/u_gpr_top/u_gpr/gpr_rw[6].not_x0.rf_dff/qout_r_reg[28]
  Impl DFF        Name(Last) i:/WORK/g03_top_IO/u_g03_soc/u_gpr_top/u_gpr/gpr_rw[6].not_x0.rf_dff/qout_r_reg[28]

  Ref  DFF        Name(Last) r:/WORK/g03_top_IO/u_g03_soc/u_gpr_top/u_gpr/gpr_rw[6].not_x0.rf_dff/qout_r_reg[29]
  Impl DFF        Name(Last) i:/WORK/g03_top_IO/u_g03_soc/u_gpr_top/u_gpr/gpr_rw[6].not_x0.rf_dff/qout_r_reg[29]

  Ref  DFF        Name(Last) r:/WORK/g03_top_IO/u_g03_soc/u_gpr_top/u_gpr/gpr_rw[6].not_x0.rf_dff/qout_r_reg[2]
  Impl DFF        Name(Last) i:/WORK/g03_top_IO/u_g03_soc/u_gpr_top/u_gpr/gpr_rw[6].not_x0.rf_dff/qout_r_reg[2]

  Ref  DFF        Name(Last) r:/WORK/g03_top_IO/u_g03_soc/u_gpr_top/u_gpr/gpr_rw[6].not_x0.rf_dff/qout_r_reg[30]
  Impl DFF        Name(Last) i:/WORK/g03_top_IO/u_g03_soc/u_gpr_top/u_gpr/gpr_rw[6].not_x0.rf_dff/qout_r_reg[30]

  Ref  DFF        Name(Last) r:/WORK/g03_top_IO/u_g03_soc/u_gpr_top/u_gpr/gpr_rw[6].not_x0.rf_dff/qout_r_reg[31]
  Impl DFF        Name(Last) i:/WORK/g03_top_IO/u_g03_soc/u_gpr_top/u_gpr/gpr_rw[6].not_x0.rf_dff/qout_r_reg[31]

  Ref  DFF        Name(Last) r:/WORK/g03_top_IO/u_g03_soc/u_gpr_top/u_gpr/gpr_rw[6].not_x0.rf_dff/qout_r_reg[3]
  Impl DFF        Name(Last) i:/WORK/g03_top_IO/u_g03_soc/u_gpr_top/u_gpr/gpr_rw[6].not_x0.rf_dff/qout_r_reg[3]

  Ref  DFF        Name(Last) r:/WORK/g03_top_IO/u_g03_soc/u_gpr_top/u_gpr/gpr_rw[6].not_x0.rf_dff/qout_r_reg[4]
  Impl DFF        Name(Last) i:/WORK/g03_top_IO/u_g03_soc/u_gpr_top/u_gpr/gpr_rw[6].not_x0.rf_dff/qout_r_reg[4]

  Ref  DFF        Name(Last) r:/WORK/g03_top_IO/u_g03_soc/u_gpr_top/u_gpr/gpr_rw[6].not_x0.rf_dff/qout_r_reg[5]
  Impl DFF        Name(Last) i:/WORK/g03_top_IO/u_g03_soc/u_gpr_top/u_gpr/gpr_rw[6].not_x0.rf_dff/qout_r_reg[5]

  Ref  DFF        Name(Last) r:/WORK/g03_top_IO/u_g03_soc/u_gpr_top/u_gpr/gpr_rw[6].not_x0.rf_dff/qout_r_reg[6]
  Impl DFF        Name(Last) i:/WORK/g03_top_IO/u_g03_soc/u_gpr_top/u_gpr/gpr_rw[6].not_x0.rf_dff/qout_r_reg[6]

  Ref  DFF        Name(Last) r:/WORK/g03_top_IO/u_g03_soc/u_gpr_top/u_gpr/gpr_rw[6].not_x0.rf_dff/qout_r_reg[7]
  Impl DFF        Name(Last) i:/WORK/g03_top_IO/u_g03_soc/u_gpr_top/u_gpr/gpr_rw[6].not_x0.rf_dff/qout_r_reg[7]

  Ref  DFF        Name(Last) r:/WORK/g03_top_IO/u_g03_soc/u_gpr_top/u_gpr/gpr_rw[6].not_x0.rf_dff/qout_r_reg[8]
  Impl DFF        Name(Last) i:/WORK/g03_top_IO/u_g03_soc/u_gpr_top/u_gpr/gpr_rw[6].not_x0.rf_dff/qout_r_reg[8]

  Ref  DFF        Name(Last) r:/WORK/g03_top_IO/u_g03_soc/u_gpr_top/u_gpr/gpr_rw[6].not_x0.rf_dff/qout_r_reg[9]
  Impl DFF        Name(Last) i:/WORK/g03_top_IO/u_g03_soc/u_gpr_top/u_gpr/gpr_rw[6].not_x0.rf_dff/qout_r_reg[9]

  Ref  DFF        Name(Last) r:/WORK/g03_top_IO/u_g03_soc/u_gpr_top/u_gpr/gpr_rw[7].not_x0.rf_dff/qout_r_reg[0]
  Impl DFF        Name(Last) i:/WORK/g03_top_IO/u_g03_soc/u_gpr_top/u_gpr/gpr_rw[7].not_x0.rf_dff/qout_r_reg[0]

  Ref  DFF        Name(Last) r:/WORK/g03_top_IO/u_g03_soc/u_gpr_top/u_gpr/gpr_rw[7].not_x0.rf_dff/qout_r_reg[10]
  Impl DFF        Name(Last) i:/WORK/g03_top_IO/u_g03_soc/u_gpr_top/u_gpr/gpr_rw[7].not_x0.rf_dff/qout_r_reg[10]

  Ref  DFF        Name(Last) r:/WORK/g03_top_IO/u_g03_soc/u_gpr_top/u_gpr/gpr_rw[7].not_x0.rf_dff/qout_r_reg[11]
  Impl DFF        Name(Last) i:/WORK/g03_top_IO/u_g03_soc/u_gpr_top/u_gpr/gpr_rw[7].not_x0.rf_dff/qout_r_reg[11]

  Ref  DFF        Name(Last) r:/WORK/g03_top_IO/u_g03_soc/u_gpr_top/u_gpr/gpr_rw[7].not_x0.rf_dff/qout_r_reg[12]
  Impl DFF        Name(Last) i:/WORK/g03_top_IO/u_g03_soc/u_gpr_top/u_gpr/gpr_rw[7].not_x0.rf_dff/qout_r_reg[12]

  Ref  DFF        Name(Last) r:/WORK/g03_top_IO/u_g03_soc/u_gpr_top/u_gpr/gpr_rw[7].not_x0.rf_dff/qout_r_reg[13]
  Impl DFF        Name(Last) i:/WORK/g03_top_IO/u_g03_soc/u_gpr_top/u_gpr/gpr_rw[7].not_x0.rf_dff/qout_r_reg[13]

  Ref  DFF        Name(Last) r:/WORK/g03_top_IO/u_g03_soc/u_gpr_top/u_gpr/gpr_rw[7].not_x0.rf_dff/qout_r_reg[14]
  Impl DFF        Name(Last) i:/WORK/g03_top_IO/u_g03_soc/u_gpr_top/u_gpr/gpr_rw[7].not_x0.rf_dff/qout_r_reg[14]

  Ref  DFF        Name(Last) r:/WORK/g03_top_IO/u_g03_soc/u_gpr_top/u_gpr/gpr_rw[7].not_x0.rf_dff/qout_r_reg[15]
  Impl DFF        Name(Last) i:/WORK/g03_top_IO/u_g03_soc/u_gpr_top/u_gpr/gpr_rw[7].not_x0.rf_dff/qout_r_reg[15]

  Ref  DFF        Name(Last) r:/WORK/g03_top_IO/u_g03_soc/u_gpr_top/u_gpr/gpr_rw[7].not_x0.rf_dff/qout_r_reg[16]
  Impl DFF        Name(Last) i:/WORK/g03_top_IO/u_g03_soc/u_gpr_top/u_gpr/gpr_rw[7].not_x0.rf_dff/qout_r_reg[16]

  Ref  DFF        Name(Last) r:/WORK/g03_top_IO/u_g03_soc/u_gpr_top/u_gpr/gpr_rw[7].not_x0.rf_dff/qout_r_reg[17]
  Impl DFF        Name(Last) i:/WORK/g03_top_IO/u_g03_soc/u_gpr_top/u_gpr/gpr_rw[7].not_x0.rf_dff/qout_r_reg[17]

  Ref  DFF        Name(Last) r:/WORK/g03_top_IO/u_g03_soc/u_gpr_top/u_gpr/gpr_rw[7].not_x0.rf_dff/qout_r_reg[18]
  Impl DFF        Name(Last) i:/WORK/g03_top_IO/u_g03_soc/u_gpr_top/u_gpr/gpr_rw[7].not_x0.rf_dff/qout_r_reg[18]

  Ref  DFF        Name(Last) r:/WORK/g03_top_IO/u_g03_soc/u_gpr_top/u_gpr/gpr_rw[7].not_x0.rf_dff/qout_r_reg[19]
  Impl DFF        Name(Last) i:/WORK/g03_top_IO/u_g03_soc/u_gpr_top/u_gpr/gpr_rw[7].not_x0.rf_dff/qout_r_reg[19]

  Ref  DFF        Name(Last) r:/WORK/g03_top_IO/u_g03_soc/u_gpr_top/u_gpr/gpr_rw[7].not_x0.rf_dff/qout_r_reg[1]
  Impl DFF        Name(Last) i:/WORK/g03_top_IO/u_g03_soc/u_gpr_top/u_gpr/gpr_rw[7].not_x0.rf_dff/qout_r_reg[1]

  Ref  DFF        Name(Last) r:/WORK/g03_top_IO/u_g03_soc/u_gpr_top/u_gpr/gpr_rw[7].not_x0.rf_dff/qout_r_reg[20]
  Impl DFF        Name(Last) i:/WORK/g03_top_IO/u_g03_soc/u_gpr_top/u_gpr/gpr_rw[7].not_x0.rf_dff/qout_r_reg[20]

  Ref  DFF        Name(Last) r:/WORK/g03_top_IO/u_g03_soc/u_gpr_top/u_gpr/gpr_rw[7].not_x0.rf_dff/qout_r_reg[21]
  Impl DFF        Name(Last) i:/WORK/g03_top_IO/u_g03_soc/u_gpr_top/u_gpr/gpr_rw[7].not_x0.rf_dff/qout_r_reg[21]

  Ref  DFF        Name(Last) r:/WORK/g03_top_IO/u_g03_soc/u_gpr_top/u_gpr/gpr_rw[7].not_x0.rf_dff/qout_r_reg[22]
  Impl DFF        Name(Last) i:/WORK/g03_top_IO/u_g03_soc/u_gpr_top/u_gpr/gpr_rw[7].not_x0.rf_dff/qout_r_reg[22]

  Ref  DFF        Name(Last) r:/WORK/g03_top_IO/u_g03_soc/u_gpr_top/u_gpr/gpr_rw[7].not_x0.rf_dff/qout_r_reg[23]
  Impl DFF        Name(Last) i:/WORK/g03_top_IO/u_g03_soc/u_gpr_top/u_gpr/gpr_rw[7].not_x0.rf_dff/qout_r_reg[23]

  Ref  DFF        Name(Last) r:/WORK/g03_top_IO/u_g03_soc/u_gpr_top/u_gpr/gpr_rw[7].not_x0.rf_dff/qout_r_reg[24]
  Impl DFF        Name(Last) i:/WORK/g03_top_IO/u_g03_soc/u_gpr_top/u_gpr/gpr_rw[7].not_x0.rf_dff/qout_r_reg[24]

  Ref  DFF        Name(Last) r:/WORK/g03_top_IO/u_g03_soc/u_gpr_top/u_gpr/gpr_rw[7].not_x0.rf_dff/qout_r_reg[25]
  Impl DFF        Name(Last) i:/WORK/g03_top_IO/u_g03_soc/u_gpr_top/u_gpr/gpr_rw[7].not_x0.rf_dff/qout_r_reg[25]

  Ref  DFF        Name(Last) r:/WORK/g03_top_IO/u_g03_soc/u_gpr_top/u_gpr/gpr_rw[7].not_x0.rf_dff/qout_r_reg[26]
  Impl DFF        Name(Last) i:/WORK/g03_top_IO/u_g03_soc/u_gpr_top/u_gpr/gpr_rw[7].not_x0.rf_dff/qout_r_reg[26]

  Ref  DFF        Name(Last) r:/WORK/g03_top_IO/u_g03_soc/u_gpr_top/u_gpr/gpr_rw[7].not_x0.rf_dff/qout_r_reg[27]
  Impl DFF        Name(Last) i:/WORK/g03_top_IO/u_g03_soc/u_gpr_top/u_gpr/gpr_rw[7].not_x0.rf_dff/qout_r_reg[27]

  Ref  DFF        Name(Last) r:/WORK/g03_top_IO/u_g03_soc/u_gpr_top/u_gpr/gpr_rw[7].not_x0.rf_dff/qout_r_reg[28]
  Impl DFF        Name(Last) i:/WORK/g03_top_IO/u_g03_soc/u_gpr_top/u_gpr/gpr_rw[7].not_x0.rf_dff/qout_r_reg[28]

  Ref  DFF        Name(Last) r:/WORK/g03_top_IO/u_g03_soc/u_gpr_top/u_gpr/gpr_rw[7].not_x0.rf_dff/qout_r_reg[29]
  Impl DFF        Name(Last) i:/WORK/g03_top_IO/u_g03_soc/u_gpr_top/u_gpr/gpr_rw[7].not_x0.rf_dff/qout_r_reg[29]

  Ref  DFF        Name(Last) r:/WORK/g03_top_IO/u_g03_soc/u_gpr_top/u_gpr/gpr_rw[7].not_x0.rf_dff/qout_r_reg[2]
  Impl DFF        Name(Last) i:/WORK/g03_top_IO/u_g03_soc/u_gpr_top/u_gpr/gpr_rw[7].not_x0.rf_dff/qout_r_reg[2]

  Ref  DFF        Name(Last) r:/WORK/g03_top_IO/u_g03_soc/u_gpr_top/u_gpr/gpr_rw[7].not_x0.rf_dff/qout_r_reg[30]
  Impl DFF        Name(Last) i:/WORK/g03_top_IO/u_g03_soc/u_gpr_top/u_gpr/gpr_rw[7].not_x0.rf_dff/qout_r_reg[30]

  Ref  DFF        Name(Last) r:/WORK/g03_top_IO/u_g03_soc/u_gpr_top/u_gpr/gpr_rw[7].not_x0.rf_dff/qout_r_reg[31]
  Impl DFF        Name(Last) i:/WORK/g03_top_IO/u_g03_soc/u_gpr_top/u_gpr/gpr_rw[7].not_x0.rf_dff/qout_r_reg[31]

  Ref  DFF        Name(Last) r:/WORK/g03_top_IO/u_g03_soc/u_gpr_top/u_gpr/gpr_rw[7].not_x0.rf_dff/qout_r_reg[3]
  Impl DFF        Name(Last) i:/WORK/g03_top_IO/u_g03_soc/u_gpr_top/u_gpr/gpr_rw[7].not_x0.rf_dff/qout_r_reg[3]

  Ref  DFF        Name(Last) r:/WORK/g03_top_IO/u_g03_soc/u_gpr_top/u_gpr/gpr_rw[7].not_x0.rf_dff/qout_r_reg[4]
  Impl DFF        Name(Last) i:/WORK/g03_top_IO/u_g03_soc/u_gpr_top/u_gpr/gpr_rw[7].not_x0.rf_dff/qout_r_reg[4]

  Ref  DFF        Name(Last) r:/WORK/g03_top_IO/u_g03_soc/u_gpr_top/u_gpr/gpr_rw[7].not_x0.rf_dff/qout_r_reg[5]
  Impl DFF        Name(Last) i:/WORK/g03_top_IO/u_g03_soc/u_gpr_top/u_gpr/gpr_rw[7].not_x0.rf_dff/qout_r_reg[5]

  Ref  DFF        Name(Last) r:/WORK/g03_top_IO/u_g03_soc/u_gpr_top/u_gpr/gpr_rw[7].not_x0.rf_dff/qout_r_reg[6]
  Impl DFF        Name(Last) i:/WORK/g03_top_IO/u_g03_soc/u_gpr_top/u_gpr/gpr_rw[7].not_x0.rf_dff/qout_r_reg[6]

  Ref  DFF        Name(Last) r:/WORK/g03_top_IO/u_g03_soc/u_gpr_top/u_gpr/gpr_rw[7].not_x0.rf_dff/qout_r_reg[7]
  Impl DFF        Name(Last) i:/WORK/g03_top_IO/u_g03_soc/u_gpr_top/u_gpr/gpr_rw[7].not_x0.rf_dff/qout_r_reg[7]

  Ref  DFF        Name(Last) r:/WORK/g03_top_IO/u_g03_soc/u_gpr_top/u_gpr/gpr_rw[7].not_x0.rf_dff/qout_r_reg[8]
  Impl DFF        Name(Last) i:/WORK/g03_top_IO/u_g03_soc/u_gpr_top/u_gpr/gpr_rw[7].not_x0.rf_dff/qout_r_reg[8]

  Ref  DFF        Name(Last) r:/WORK/g03_top_IO/u_g03_soc/u_gpr_top/u_gpr/gpr_rw[7].not_x0.rf_dff/qout_r_reg[9]
  Impl DFF        Name(Last) i:/WORK/g03_top_IO/u_g03_soc/u_gpr_top/u_gpr/gpr_rw[7].not_x0.rf_dff/qout_r_reg[9]

  Ref  DFF        Name(Last) r:/WORK/g03_top_IO/u_g03_soc/u_gpr_top/u_gpr/gpr_rw[8].not_x0.rf_dff/qout_r_reg[0]
  Impl DFF        Name(Last) i:/WORK/g03_top_IO/u_g03_soc/u_gpr_top/u_gpr/gpr_rw[8].not_x0.rf_dff/qout_r_reg[0]

  Ref  DFF        Name(Last) r:/WORK/g03_top_IO/u_g03_soc/u_gpr_top/u_gpr/gpr_rw[8].not_x0.rf_dff/qout_r_reg[10]
  Impl DFF        Name(Last) i:/WORK/g03_top_IO/u_g03_soc/u_gpr_top/u_gpr/gpr_rw[8].not_x0.rf_dff/qout_r_reg[10]

  Ref  DFF        Name(Last) r:/WORK/g03_top_IO/u_g03_soc/u_gpr_top/u_gpr/gpr_rw[8].not_x0.rf_dff/qout_r_reg[11]
  Impl DFF        Name(Last) i:/WORK/g03_top_IO/u_g03_soc/u_gpr_top/u_gpr/gpr_rw[8].not_x0.rf_dff/qout_r_reg[11]

  Ref  DFF        Name(Last) r:/WORK/g03_top_IO/u_g03_soc/u_gpr_top/u_gpr/gpr_rw[8].not_x0.rf_dff/qout_r_reg[12]
  Impl DFF        Name(Last) i:/WORK/g03_top_IO/u_g03_soc/u_gpr_top/u_gpr/gpr_rw[8].not_x0.rf_dff/qout_r_reg[12]

  Ref  DFF        Name(Last) r:/WORK/g03_top_IO/u_g03_soc/u_gpr_top/u_gpr/gpr_rw[8].not_x0.rf_dff/qout_r_reg[13]
  Impl DFF        Name(Last) i:/WORK/g03_top_IO/u_g03_soc/u_gpr_top/u_gpr/gpr_rw[8].not_x0.rf_dff/qout_r_reg[13]

  Ref  DFF        Name(Last) r:/WORK/g03_top_IO/u_g03_soc/u_gpr_top/u_gpr/gpr_rw[8].not_x0.rf_dff/qout_r_reg[14]
  Impl DFF        Name(Last) i:/WORK/g03_top_IO/u_g03_soc/u_gpr_top/u_gpr/gpr_rw[8].not_x0.rf_dff/qout_r_reg[14]

  Ref  DFF        Name(Last) r:/WORK/g03_top_IO/u_g03_soc/u_gpr_top/u_gpr/gpr_rw[8].not_x0.rf_dff/qout_r_reg[15]
  Impl DFF        Name(Last) i:/WORK/g03_top_IO/u_g03_soc/u_gpr_top/u_gpr/gpr_rw[8].not_x0.rf_dff/qout_r_reg[15]

  Ref  DFF        Name(Last) r:/WORK/g03_top_IO/u_g03_soc/u_gpr_top/u_gpr/gpr_rw[8].not_x0.rf_dff/qout_r_reg[16]
  Impl DFF        Name(Last) i:/WORK/g03_top_IO/u_g03_soc/u_gpr_top/u_gpr/gpr_rw[8].not_x0.rf_dff/qout_r_reg[16]

  Ref  DFF        Name(Last) r:/WORK/g03_top_IO/u_g03_soc/u_gpr_top/u_gpr/gpr_rw[8].not_x0.rf_dff/qout_r_reg[17]
  Impl DFF        Name(Last) i:/WORK/g03_top_IO/u_g03_soc/u_gpr_top/u_gpr/gpr_rw[8].not_x0.rf_dff/qout_r_reg[17]

  Ref  DFF        Name(Last) r:/WORK/g03_top_IO/u_g03_soc/u_gpr_top/u_gpr/gpr_rw[8].not_x0.rf_dff/qout_r_reg[18]
  Impl DFF        Name(Last) i:/WORK/g03_top_IO/u_g03_soc/u_gpr_top/u_gpr/gpr_rw[8].not_x0.rf_dff/qout_r_reg[18]

  Ref  DFF        Name(Last) r:/WORK/g03_top_IO/u_g03_soc/u_gpr_top/u_gpr/gpr_rw[8].not_x0.rf_dff/qout_r_reg[19]
  Impl DFF        Name(Last) i:/WORK/g03_top_IO/u_g03_soc/u_gpr_top/u_gpr/gpr_rw[8].not_x0.rf_dff/qout_r_reg[19]

  Ref  DFF        Name(Last) r:/WORK/g03_top_IO/u_g03_soc/u_gpr_top/u_gpr/gpr_rw[8].not_x0.rf_dff/qout_r_reg[1]
  Impl DFF        Name(Last) i:/WORK/g03_top_IO/u_g03_soc/u_gpr_top/u_gpr/gpr_rw[8].not_x0.rf_dff/qout_r_reg[1]

  Ref  DFF        Name(Last) r:/WORK/g03_top_IO/u_g03_soc/u_gpr_top/u_gpr/gpr_rw[8].not_x0.rf_dff/qout_r_reg[20]
  Impl DFF        Name(Last) i:/WORK/g03_top_IO/u_g03_soc/u_gpr_top/u_gpr/gpr_rw[8].not_x0.rf_dff/qout_r_reg[20]

  Ref  DFF        Name(Last) r:/WORK/g03_top_IO/u_g03_soc/u_gpr_top/u_gpr/gpr_rw[8].not_x0.rf_dff/qout_r_reg[21]
  Impl DFF        Name(Last) i:/WORK/g03_top_IO/u_g03_soc/u_gpr_top/u_gpr/gpr_rw[8].not_x0.rf_dff/qout_r_reg[21]

  Ref  DFF        Name(Last) r:/WORK/g03_top_IO/u_g03_soc/u_gpr_top/u_gpr/gpr_rw[8].not_x0.rf_dff/qout_r_reg[22]
  Impl DFF        Name(Last) i:/WORK/g03_top_IO/u_g03_soc/u_gpr_top/u_gpr/gpr_rw[8].not_x0.rf_dff/qout_r_reg[22]

  Ref  DFF        Name(Last) r:/WORK/g03_top_IO/u_g03_soc/u_gpr_top/u_gpr/gpr_rw[8].not_x0.rf_dff/qout_r_reg[23]
  Impl DFF        Name(Last) i:/WORK/g03_top_IO/u_g03_soc/u_gpr_top/u_gpr/gpr_rw[8].not_x0.rf_dff/qout_r_reg[23]

  Ref  DFF        Name(Last) r:/WORK/g03_top_IO/u_g03_soc/u_gpr_top/u_gpr/gpr_rw[8].not_x0.rf_dff/qout_r_reg[24]
  Impl DFF        Name(Last) i:/WORK/g03_top_IO/u_g03_soc/u_gpr_top/u_gpr/gpr_rw[8].not_x0.rf_dff/qout_r_reg[24]

  Ref  DFF        Name(Last) r:/WORK/g03_top_IO/u_g03_soc/u_gpr_top/u_gpr/gpr_rw[8].not_x0.rf_dff/qout_r_reg[25]
  Impl DFF        Name(Last) i:/WORK/g03_top_IO/u_g03_soc/u_gpr_top/u_gpr/gpr_rw[8].not_x0.rf_dff/qout_r_reg[25]

  Ref  DFF        Name(Last) r:/WORK/g03_top_IO/u_g03_soc/u_gpr_top/u_gpr/gpr_rw[8].not_x0.rf_dff/qout_r_reg[26]
  Impl DFF        Name(Last) i:/WORK/g03_top_IO/u_g03_soc/u_gpr_top/u_gpr/gpr_rw[8].not_x0.rf_dff/qout_r_reg[26]

  Ref  DFF        Name(Last) r:/WORK/g03_top_IO/u_g03_soc/u_gpr_top/u_gpr/gpr_rw[8].not_x0.rf_dff/qout_r_reg[27]
  Impl DFF        Name(Last) i:/WORK/g03_top_IO/u_g03_soc/u_gpr_top/u_gpr/gpr_rw[8].not_x0.rf_dff/qout_r_reg[27]

  Ref  DFF        Name(Last) r:/WORK/g03_top_IO/u_g03_soc/u_gpr_top/u_gpr/gpr_rw[8].not_x0.rf_dff/qout_r_reg[28]
  Impl DFF        Name(Last) i:/WORK/g03_top_IO/u_g03_soc/u_gpr_top/u_gpr/gpr_rw[8].not_x0.rf_dff/qout_r_reg[28]

  Ref  DFF        Name(Last) r:/WORK/g03_top_IO/u_g03_soc/u_gpr_top/u_gpr/gpr_rw[8].not_x0.rf_dff/qout_r_reg[29]
  Impl DFF        Name(Last) i:/WORK/g03_top_IO/u_g03_soc/u_gpr_top/u_gpr/gpr_rw[8].not_x0.rf_dff/qout_r_reg[29]

  Ref  DFF        Name(Last) r:/WORK/g03_top_IO/u_g03_soc/u_gpr_top/u_gpr/gpr_rw[8].not_x0.rf_dff/qout_r_reg[2]
  Impl DFF        Name(Last) i:/WORK/g03_top_IO/u_g03_soc/u_gpr_top/u_gpr/gpr_rw[8].not_x0.rf_dff/qout_r_reg[2]

  Ref  DFF        Name(Last) r:/WORK/g03_top_IO/u_g03_soc/u_gpr_top/u_gpr/gpr_rw[8].not_x0.rf_dff/qout_r_reg[30]
  Impl DFF        Name(Last) i:/WORK/g03_top_IO/u_g03_soc/u_gpr_top/u_gpr/gpr_rw[8].not_x0.rf_dff/qout_r_reg[30]

  Ref  DFF        Name(Last) r:/WORK/g03_top_IO/u_g03_soc/u_gpr_top/u_gpr/gpr_rw[8].not_x0.rf_dff/qout_r_reg[31]
  Impl DFF        Name(Last) i:/WORK/g03_top_IO/u_g03_soc/u_gpr_top/u_gpr/gpr_rw[8].not_x0.rf_dff/qout_r_reg[31]

  Ref  DFF        Name(Last) r:/WORK/g03_top_IO/u_g03_soc/u_gpr_top/u_gpr/gpr_rw[8].not_x0.rf_dff/qout_r_reg[3]
  Impl DFF        Name(Last) i:/WORK/g03_top_IO/u_g03_soc/u_gpr_top/u_gpr/gpr_rw[8].not_x0.rf_dff/qout_r_reg[3]

  Ref  DFF        Name(Last) r:/WORK/g03_top_IO/u_g03_soc/u_gpr_top/u_gpr/gpr_rw[8].not_x0.rf_dff/qout_r_reg[4]
  Impl DFF        Name(Last) i:/WORK/g03_top_IO/u_g03_soc/u_gpr_top/u_gpr/gpr_rw[8].not_x0.rf_dff/qout_r_reg[4]

  Ref  DFF        Name(Last) r:/WORK/g03_top_IO/u_g03_soc/u_gpr_top/u_gpr/gpr_rw[8].not_x0.rf_dff/qout_r_reg[5]
  Impl DFF        Name(Last) i:/WORK/g03_top_IO/u_g03_soc/u_gpr_top/u_gpr/gpr_rw[8].not_x0.rf_dff/qout_r_reg[5]

  Ref  DFF        Name(Last) r:/WORK/g03_top_IO/u_g03_soc/u_gpr_top/u_gpr/gpr_rw[8].not_x0.rf_dff/qout_r_reg[6]
  Impl DFF        Name(Last) i:/WORK/g03_top_IO/u_g03_soc/u_gpr_top/u_gpr/gpr_rw[8].not_x0.rf_dff/qout_r_reg[6]

  Ref  DFF        Name(Last) r:/WORK/g03_top_IO/u_g03_soc/u_gpr_top/u_gpr/gpr_rw[8].not_x0.rf_dff/qout_r_reg[7]
  Impl DFF        Name(Last) i:/WORK/g03_top_IO/u_g03_soc/u_gpr_top/u_gpr/gpr_rw[8].not_x0.rf_dff/qout_r_reg[7]

  Ref  DFF        Name(Last) r:/WORK/g03_top_IO/u_g03_soc/u_gpr_top/u_gpr/gpr_rw[8].not_x0.rf_dff/qout_r_reg[8]
  Impl DFF        Name(Last) i:/WORK/g03_top_IO/u_g03_soc/u_gpr_top/u_gpr/gpr_rw[8].not_x0.rf_dff/qout_r_reg[8]

  Ref  DFF        Name(Last) r:/WORK/g03_top_IO/u_g03_soc/u_gpr_top/u_gpr/gpr_rw[8].not_x0.rf_dff/qout_r_reg[9]
  Impl DFF        Name(Last) i:/WORK/g03_top_IO/u_g03_soc/u_gpr_top/u_gpr/gpr_rw[8].not_x0.rf_dff/qout_r_reg[9]

  Ref  DFF        Name(Last) r:/WORK/g03_top_IO/u_g03_soc/u_gpr_top/u_gpr/gpr_rw[9].not_x0.rf_dff/qout_r_reg[0]
  Impl DFF        Name(Last) i:/WORK/g03_top_IO/u_g03_soc/u_gpr_top/u_gpr/gpr_rw[9].not_x0.rf_dff/qout_r_reg[0]

  Ref  DFF        Name(Last) r:/WORK/g03_top_IO/u_g03_soc/u_gpr_top/u_gpr/gpr_rw[9].not_x0.rf_dff/qout_r_reg[10]
  Impl DFF        Name(Last) i:/WORK/g03_top_IO/u_g03_soc/u_gpr_top/u_gpr/gpr_rw[9].not_x0.rf_dff/qout_r_reg[10]

  Ref  DFF        Name(Last) r:/WORK/g03_top_IO/u_g03_soc/u_gpr_top/u_gpr/gpr_rw[9].not_x0.rf_dff/qout_r_reg[11]
  Impl DFF        Name(Last) i:/WORK/g03_top_IO/u_g03_soc/u_gpr_top/u_gpr/gpr_rw[9].not_x0.rf_dff/qout_r_reg[11]

  Ref  DFF        Name(Last) r:/WORK/g03_top_IO/u_g03_soc/u_gpr_top/u_gpr/gpr_rw[9].not_x0.rf_dff/qout_r_reg[12]
  Impl DFF        Name(Last) i:/WORK/g03_top_IO/u_g03_soc/u_gpr_top/u_gpr/gpr_rw[9].not_x0.rf_dff/qout_r_reg[12]

  Ref  DFF        Name(Last) r:/WORK/g03_top_IO/u_g03_soc/u_gpr_top/u_gpr/gpr_rw[9].not_x0.rf_dff/qout_r_reg[13]
  Impl DFF        Name(Last) i:/WORK/g03_top_IO/u_g03_soc/u_gpr_top/u_gpr/gpr_rw[9].not_x0.rf_dff/qout_r_reg[13]

  Ref  DFF        Name(Last) r:/WORK/g03_top_IO/u_g03_soc/u_gpr_top/u_gpr/gpr_rw[9].not_x0.rf_dff/qout_r_reg[14]
  Impl DFF        Name(Last) i:/WORK/g03_top_IO/u_g03_soc/u_gpr_top/u_gpr/gpr_rw[9].not_x0.rf_dff/qout_r_reg[14]

  Ref  DFF        Name(Last) r:/WORK/g03_top_IO/u_g03_soc/u_gpr_top/u_gpr/gpr_rw[9].not_x0.rf_dff/qout_r_reg[15]
  Impl DFF        Name(Last) i:/WORK/g03_top_IO/u_g03_soc/u_gpr_top/u_gpr/gpr_rw[9].not_x0.rf_dff/qout_r_reg[15]

  Ref  DFF        Name(Last) r:/WORK/g03_top_IO/u_g03_soc/u_gpr_top/u_gpr/gpr_rw[9].not_x0.rf_dff/qout_r_reg[16]
  Impl DFF        Name(Last) i:/WORK/g03_top_IO/u_g03_soc/u_gpr_top/u_gpr/gpr_rw[9].not_x0.rf_dff/qout_r_reg[16]

  Ref  DFF        Name(Last) r:/WORK/g03_top_IO/u_g03_soc/u_gpr_top/u_gpr/gpr_rw[9].not_x0.rf_dff/qout_r_reg[17]
  Impl DFF        Name(Last) i:/WORK/g03_top_IO/u_g03_soc/u_gpr_top/u_gpr/gpr_rw[9].not_x0.rf_dff/qout_r_reg[17]

  Ref  DFF        Name(Last) r:/WORK/g03_top_IO/u_g03_soc/u_gpr_top/u_gpr/gpr_rw[9].not_x0.rf_dff/qout_r_reg[18]
  Impl DFF        Name(Last) i:/WORK/g03_top_IO/u_g03_soc/u_gpr_top/u_gpr/gpr_rw[9].not_x0.rf_dff/qout_r_reg[18]

  Ref  DFF        Name(Last) r:/WORK/g03_top_IO/u_g03_soc/u_gpr_top/u_gpr/gpr_rw[9].not_x0.rf_dff/qout_r_reg[19]
  Impl DFF        Name(Last) i:/WORK/g03_top_IO/u_g03_soc/u_gpr_top/u_gpr/gpr_rw[9].not_x0.rf_dff/qout_r_reg[19]

  Ref  DFF        Name(Last) r:/WORK/g03_top_IO/u_g03_soc/u_gpr_top/u_gpr/gpr_rw[9].not_x0.rf_dff/qout_r_reg[1]
  Impl DFF        Name(Last) i:/WORK/g03_top_IO/u_g03_soc/u_gpr_top/u_gpr/gpr_rw[9].not_x0.rf_dff/qout_r_reg[1]

  Ref  DFF        Name(Last) r:/WORK/g03_top_IO/u_g03_soc/u_gpr_top/u_gpr/gpr_rw[9].not_x0.rf_dff/qout_r_reg[20]
  Impl DFF        Name(Last) i:/WORK/g03_top_IO/u_g03_soc/u_gpr_top/u_gpr/gpr_rw[9].not_x0.rf_dff/qout_r_reg[20]

  Ref  DFF        Name(Last) r:/WORK/g03_top_IO/u_g03_soc/u_gpr_top/u_gpr/gpr_rw[9].not_x0.rf_dff/qout_r_reg[21]
  Impl DFF        Name(Last) i:/WORK/g03_top_IO/u_g03_soc/u_gpr_top/u_gpr/gpr_rw[9].not_x0.rf_dff/qout_r_reg[21]

  Ref  DFF        Name(Last) r:/WORK/g03_top_IO/u_g03_soc/u_gpr_top/u_gpr/gpr_rw[9].not_x0.rf_dff/qout_r_reg[22]
  Impl DFF        Name(Last) i:/WORK/g03_top_IO/u_g03_soc/u_gpr_top/u_gpr/gpr_rw[9].not_x0.rf_dff/qout_r_reg[22]

  Ref  DFF        Name(Last) r:/WORK/g03_top_IO/u_g03_soc/u_gpr_top/u_gpr/gpr_rw[9].not_x0.rf_dff/qout_r_reg[23]
  Impl DFF        Name(Last) i:/WORK/g03_top_IO/u_g03_soc/u_gpr_top/u_gpr/gpr_rw[9].not_x0.rf_dff/qout_r_reg[23]

  Ref  DFF        Name(Last) r:/WORK/g03_top_IO/u_g03_soc/u_gpr_top/u_gpr/gpr_rw[9].not_x0.rf_dff/qout_r_reg[24]
  Impl DFF        Name(Last) i:/WORK/g03_top_IO/u_g03_soc/u_gpr_top/u_gpr/gpr_rw[9].not_x0.rf_dff/qout_r_reg[24]

  Ref  DFF        Name(Last) r:/WORK/g03_top_IO/u_g03_soc/u_gpr_top/u_gpr/gpr_rw[9].not_x0.rf_dff/qout_r_reg[25]
  Impl DFF        Name(Last) i:/WORK/g03_top_IO/u_g03_soc/u_gpr_top/u_gpr/gpr_rw[9].not_x0.rf_dff/qout_r_reg[25]

  Ref  DFF        Name(Last) r:/WORK/g03_top_IO/u_g03_soc/u_gpr_top/u_gpr/gpr_rw[9].not_x0.rf_dff/qout_r_reg[26]
  Impl DFF        Name(Last) i:/WORK/g03_top_IO/u_g03_soc/u_gpr_top/u_gpr/gpr_rw[9].not_x0.rf_dff/qout_r_reg[26]

  Ref  DFF        Name(Last) r:/WORK/g03_top_IO/u_g03_soc/u_gpr_top/u_gpr/gpr_rw[9].not_x0.rf_dff/qout_r_reg[27]
  Impl DFF        Name(Last) i:/WORK/g03_top_IO/u_g03_soc/u_gpr_top/u_gpr/gpr_rw[9].not_x0.rf_dff/qout_r_reg[27]

  Ref  DFF        Name(Last) r:/WORK/g03_top_IO/u_g03_soc/u_gpr_top/u_gpr/gpr_rw[9].not_x0.rf_dff/qout_r_reg[28]
  Impl DFF        Name(Last) i:/WORK/g03_top_IO/u_g03_soc/u_gpr_top/u_gpr/gpr_rw[9].not_x0.rf_dff/qout_r_reg[28]

  Ref  DFF        Name(Last) r:/WORK/g03_top_IO/u_g03_soc/u_gpr_top/u_gpr/gpr_rw[9].not_x0.rf_dff/qout_r_reg[29]
  Impl DFF        Name(Last) i:/WORK/g03_top_IO/u_g03_soc/u_gpr_top/u_gpr/gpr_rw[9].not_x0.rf_dff/qout_r_reg[29]

  Ref  DFF        Name(Last) r:/WORK/g03_top_IO/u_g03_soc/u_gpr_top/u_gpr/gpr_rw[9].not_x0.rf_dff/qout_r_reg[2]
  Impl DFF        Name(Last) i:/WORK/g03_top_IO/u_g03_soc/u_gpr_top/u_gpr/gpr_rw[9].not_x0.rf_dff/qout_r_reg[2]

  Ref  DFF        Name(Last) r:/WORK/g03_top_IO/u_g03_soc/u_gpr_top/u_gpr/gpr_rw[9].not_x0.rf_dff/qout_r_reg[30]
  Impl DFF        Name(Last) i:/WORK/g03_top_IO/u_g03_soc/u_gpr_top/u_gpr/gpr_rw[9].not_x0.rf_dff/qout_r_reg[30]

  Ref  DFF        Name(Last) r:/WORK/g03_top_IO/u_g03_soc/u_gpr_top/u_gpr/gpr_rw[9].not_x0.rf_dff/qout_r_reg[31]
  Impl DFF        Name(Last) i:/WORK/g03_top_IO/u_g03_soc/u_gpr_top/u_gpr/gpr_rw[9].not_x0.rf_dff/qout_r_reg[31]

  Ref  DFF        Name(Last) r:/WORK/g03_top_IO/u_g03_soc/u_gpr_top/u_gpr/gpr_rw[9].not_x0.rf_dff/qout_r_reg[3]
  Impl DFF        Name(Last) i:/WORK/g03_top_IO/u_g03_soc/u_gpr_top/u_gpr/gpr_rw[9].not_x0.rf_dff/qout_r_reg[3]

  Ref  DFF        Name(Last) r:/WORK/g03_top_IO/u_g03_soc/u_gpr_top/u_gpr/gpr_rw[9].not_x0.rf_dff/qout_r_reg[4]
  Impl DFF        Name(Last) i:/WORK/g03_top_IO/u_g03_soc/u_gpr_top/u_gpr/gpr_rw[9].not_x0.rf_dff/qout_r_reg[4]

  Ref  DFF        Name(Last) r:/WORK/g03_top_IO/u_g03_soc/u_gpr_top/u_gpr/gpr_rw[9].not_x0.rf_dff/qout_r_reg[5]
  Impl DFF        Name(Last) i:/WORK/g03_top_IO/u_g03_soc/u_gpr_top/u_gpr/gpr_rw[9].not_x0.rf_dff/qout_r_reg[5]

  Ref  DFF        Name(Last) r:/WORK/g03_top_IO/u_g03_soc/u_gpr_top/u_gpr/gpr_rw[9].not_x0.rf_dff/qout_r_reg[6]
  Impl DFF        Name(Last) i:/WORK/g03_top_IO/u_g03_soc/u_gpr_top/u_gpr/gpr_rw[9].not_x0.rf_dff/qout_r_reg[6]

  Ref  DFF        Name(Last) r:/WORK/g03_top_IO/u_g03_soc/u_gpr_top/u_gpr/gpr_rw[9].not_x0.rf_dff/qout_r_reg[7]
  Impl DFF        Name(Last) i:/WORK/g03_top_IO/u_g03_soc/u_gpr_top/u_gpr/gpr_rw[9].not_x0.rf_dff/qout_r_reg[7]

  Ref  DFF        Name(Last) r:/WORK/g03_top_IO/u_g03_soc/u_gpr_top/u_gpr/gpr_rw[9].not_x0.rf_dff/qout_r_reg[8]
  Impl DFF        Name(Last) i:/WORK/g03_top_IO/u_g03_soc/u_gpr_top/u_gpr/gpr_rw[9].not_x0.rf_dff/qout_r_reg[8]

  Ref  DFF        Name(Last) r:/WORK/g03_top_IO/u_g03_soc/u_gpr_top/u_gpr/gpr_rw[9].not_x0.rf_dff/qout_r_reg[9]
  Impl DFF        Name(Last) i:/WORK/g03_top_IO/u_g03_soc/u_gpr_top/u_gpr/gpr_rw[9].not_x0.rf_dff/qout_r_reg[9]

  Ref  DFF        Name(Last) r:/WORK/g03_top_IO/u_g03_soc/u_perips_top/bridge_rsp_sel_r_reg[0]
  Impl DFF        Name(Last) i:/WORK/g03_top_IO/u_g03_soc/u_perips_top/bridge_rsp_sel_r_reg[0]

  Ref  DFF        Name(Last) r:/WORK/g03_top_IO/u_g03_soc/u_perips_top/bridge_rsp_sel_r_reg[1]
  Impl DFF        Name(Last) i:/WORK/g03_top_IO/u_g03_soc/u_perips_top/bridge_rsp_sel_r_reg[1]

  Ref  DFF        Name(Last) r:/WORK/g03_top_IO/u_g03_soc/u_perips_top/u_bridge_hjx/addr_reg_reg[0]
  Impl DFF        Name(Last) i:/WORK/g03_top_IO/u_g03_soc/u_perips_top/u_bridge_hjx/addr_reg_reg[0]

  Ref  DFF        Name(Last) r:/WORK/g03_top_IO/u_g03_soc/u_perips_top/u_bridge_hjx/addr_reg_reg[1]
  Impl DFF        Name(Last) i:/WORK/g03_top_IO/u_g03_soc/u_perips_top/u_bridge_hjx/addr_reg_reg[1]

  Ref  DFF        Name(Last) r:/WORK/g03_top_IO/u_g03_soc/u_perips_top/u_bridge_hjx/addr_reg_reg[2]
  Impl DFF        Name(Last) i:/WORK/g03_top_IO/u_g03_soc/u_perips_top/u_bridge_hjx/addr_reg_reg[2]

  Ref  DFF        Name(Last) r:/WORK/g03_top_IO/u_g03_soc/u_perips_top/u_bridge_hjx/addr_reg_reg[3]
  Impl DFF        Name(Last) i:/WORK/g03_top_IO/u_g03_soc/u_perips_top/u_bridge_hjx/addr_reg_reg[3]

  Ref  DFF        Name(Last) r:/WORK/g03_top_IO/u_g03_soc/u_perips_top/u_bridge_hjx/addr_reg_reg[4]
  Impl DFF        Name(Last) i:/WORK/g03_top_IO/u_g03_soc/u_perips_top/u_bridge_hjx/addr_reg_reg[4]

  Ref  DFF        Name(Last) r:/WORK/g03_top_IO/u_g03_soc/u_perips_top/u_bridge_hjx/addr_reg_reg[5]
  Impl DFF        Name(Last) i:/WORK/g03_top_IO/u_g03_soc/u_perips_top/u_bridge_hjx/addr_reg_reg[5]

  Ref  DFF        Name(Last) r:/WORK/g03_top_IO/u_g03_soc/u_perips_top/u_bridge_hjx/addr_reg_reg[6]
  Impl DFF        Name(Last) i:/WORK/g03_top_IO/u_g03_soc/u_perips_top/u_bridge_hjx/addr_reg_reg[6]

  Ref  DFF        Name(Last) r:/WORK/g03_top_IO/u_g03_soc/u_perips_top/u_bridge_hjx/addr_reg_reg[7]
  Impl DFF        Name(Last) i:/WORK/g03_top_IO/u_g03_soc/u_perips_top/u_bridge_hjx/addr_reg_reg[7]

  Ref  DFF        Name(Last) r:/WORK/g03_top_IO/u_g03_soc/u_perips_top/u_bridge_hjx/byte_sel_mask_reg[0]
  Impl DFF        Name(Last) i:/WORK/g03_top_IO/u_g03_soc/u_perips_top/u_bridge_hjx/byte_sel_mask_reg[0]

  Ref  DFF        Name(Last) r:/WORK/g03_top_IO/u_g03_soc/u_perips_top/u_bridge_hjx/byte_sel_mask_reg[1]
  Impl DFF        Name(Last) i:/WORK/g03_top_IO/u_g03_soc/u_perips_top/u_bridge_hjx/byte_sel_mask_reg[1]

  Ref  DFF        Name(Last) r:/WORK/g03_top_IO/u_g03_soc/u_perips_top/u_bridge_hjx/byte_sel_mask_reg[2]
  Impl DFF        Name(Last) i:/WORK/g03_top_IO/u_g03_soc/u_perips_top/u_bridge_hjx/byte_sel_mask_reg[2]

  Ref  DFF        Name(Last) r:/WORK/g03_top_IO/u_g03_soc/u_perips_top/u_bridge_hjx/ctrl_reg_reg[0]
  Impl DFF        Name(Last) i:/WORK/g03_top_IO/u_g03_soc/u_perips_top/u_bridge_hjx/ctrl_reg_reg[0]

  Ref  DFF        Name(Last) r:/WORK/g03_top_IO/u_g03_soc/u_perips_top/u_bridge_hjx/ctrl_reg_reg[1]
  Impl DFF        Name(Last) i:/WORK/g03_top_IO/u_g03_soc/u_perips_top/u_bridge_hjx/ctrl_reg_reg[1]

  Ref  DFF        Name(Last) r:/WORK/g03_top_IO/u_g03_soc/u_perips_top/u_bridge_hjx/ctrl_reg_reg[2]
  Impl DFF        Name(Last) i:/WORK/g03_top_IO/u_g03_soc/u_perips_top/u_bridge_hjx/ctrl_reg_reg[2]

  Ref  DFF        Name(Last) r:/WORK/g03_top_IO/u_g03_soc/u_perips_top/u_bridge_hjx/ctrl_reg_reg[3]
  Impl DFF        Name(Last) i:/WORK/g03_top_IO/u_g03_soc/u_perips_top/u_bridge_hjx/ctrl_reg_reg[3]

  Ref  DFF        Name(Last) r:/WORK/g03_top_IO/u_g03_soc/u_perips_top/u_bridge_hjx/ctrl_reg_reg[7]
  Impl DFF        Name(Last) i:/WORK/g03_top_IO/u_g03_soc/u_perips_top/u_bridge_hjx/ctrl_reg_reg[7]

  Ref  DFF        Name(Last) r:/WORK/g03_top_IO/u_g03_soc/u_perips_top/u_bridge_hjx/data_reg_reg[0]
  Impl DFF        Name(Last) i:/WORK/g03_top_IO/u_g03_soc/u_perips_top/u_bridge_hjx/data_reg_reg[0]

  Ref  DFF        Name(Last) r:/WORK/g03_top_IO/u_g03_soc/u_perips_top/u_bridge_hjx/data_reg_reg[10]
  Impl DFF        Name(Last) i:/WORK/g03_top_IO/u_g03_soc/u_perips_top/u_bridge_hjx/data_reg_reg[10]

  Ref  DFF        Name(Last) r:/WORK/g03_top_IO/u_g03_soc/u_perips_top/u_bridge_hjx/data_reg_reg[11]
  Impl DFF        Name(Last) i:/WORK/g03_top_IO/u_g03_soc/u_perips_top/u_bridge_hjx/data_reg_reg[11]

  Ref  DFF        Name(Last) r:/WORK/g03_top_IO/u_g03_soc/u_perips_top/u_bridge_hjx/data_reg_reg[12]
  Impl DFF        Name(Last) i:/WORK/g03_top_IO/u_g03_soc/u_perips_top/u_bridge_hjx/data_reg_reg[12]

  Ref  DFF        Name(Last) r:/WORK/g03_top_IO/u_g03_soc/u_perips_top/u_bridge_hjx/data_reg_reg[13]
  Impl DFF        Name(Last) i:/WORK/g03_top_IO/u_g03_soc/u_perips_top/u_bridge_hjx/data_reg_reg[13]

  Ref  DFF        Name(Last) r:/WORK/g03_top_IO/u_g03_soc/u_perips_top/u_bridge_hjx/data_reg_reg[14]
  Impl DFF        Name(Last) i:/WORK/g03_top_IO/u_g03_soc/u_perips_top/u_bridge_hjx/data_reg_reg[14]

  Ref  DFF        Name(Last) r:/WORK/g03_top_IO/u_g03_soc/u_perips_top/u_bridge_hjx/data_reg_reg[15]
  Impl DFF        Name(Last) i:/WORK/g03_top_IO/u_g03_soc/u_perips_top/u_bridge_hjx/data_reg_reg[15]

  Ref  DFF        Name(Last) r:/WORK/g03_top_IO/u_g03_soc/u_perips_top/u_bridge_hjx/data_reg_reg[16]
  Impl DFF        Name(Last) i:/WORK/g03_top_IO/u_g03_soc/u_perips_top/u_bridge_hjx/data_reg_reg[16]

  Ref  DFF        Name(Last) r:/WORK/g03_top_IO/u_g03_soc/u_perips_top/u_bridge_hjx/data_reg_reg[17]
  Impl DFF        Name(Last) i:/WORK/g03_top_IO/u_g03_soc/u_perips_top/u_bridge_hjx/data_reg_reg[17]

  Ref  DFF        Name(Last) r:/WORK/g03_top_IO/u_g03_soc/u_perips_top/u_bridge_hjx/data_reg_reg[18]
  Impl DFF        Name(Last) i:/WORK/g03_top_IO/u_g03_soc/u_perips_top/u_bridge_hjx/data_reg_reg[18]

  Ref  DFF        Name(Last) r:/WORK/g03_top_IO/u_g03_soc/u_perips_top/u_bridge_hjx/data_reg_reg[19]
  Impl DFF        Name(Last) i:/WORK/g03_top_IO/u_g03_soc/u_perips_top/u_bridge_hjx/data_reg_reg[19]

  Ref  DFF        Name(Last) r:/WORK/g03_top_IO/u_g03_soc/u_perips_top/u_bridge_hjx/data_reg_reg[1]
  Impl DFF        Name(Last) i:/WORK/g03_top_IO/u_g03_soc/u_perips_top/u_bridge_hjx/data_reg_reg[1]

  Ref  DFF        Name(Last) r:/WORK/g03_top_IO/u_g03_soc/u_perips_top/u_bridge_hjx/data_reg_reg[20]
  Impl DFF        Name(Last) i:/WORK/g03_top_IO/u_g03_soc/u_perips_top/u_bridge_hjx/data_reg_reg[20]

  Ref  DFF        Name(Last) r:/WORK/g03_top_IO/u_g03_soc/u_perips_top/u_bridge_hjx/data_reg_reg[21]
  Impl DFF        Name(Last) i:/WORK/g03_top_IO/u_g03_soc/u_perips_top/u_bridge_hjx/data_reg_reg[21]

  Ref  DFF        Name(Last) r:/WORK/g03_top_IO/u_g03_soc/u_perips_top/u_bridge_hjx/data_reg_reg[22]
  Impl DFF        Name(Last) i:/WORK/g03_top_IO/u_g03_soc/u_perips_top/u_bridge_hjx/data_reg_reg[22]

  Ref  DFF        Name(Last) r:/WORK/g03_top_IO/u_g03_soc/u_perips_top/u_bridge_hjx/data_reg_reg[23]
  Impl DFF        Name(Last) i:/WORK/g03_top_IO/u_g03_soc/u_perips_top/u_bridge_hjx/data_reg_reg[23]

  Ref  DFF        Name(Last) r:/WORK/g03_top_IO/u_g03_soc/u_perips_top/u_bridge_hjx/data_reg_reg[24]
  Impl DFF        Name(Last) i:/WORK/g03_top_IO/u_g03_soc/u_perips_top/u_bridge_hjx/data_reg_reg[24]

  Ref  DFF        Name(Last) r:/WORK/g03_top_IO/u_g03_soc/u_perips_top/u_bridge_hjx/data_reg_reg[25]
  Impl DFF        Name(Last) i:/WORK/g03_top_IO/u_g03_soc/u_perips_top/u_bridge_hjx/data_reg_reg[25]

  Ref  DFF        Name(Last) r:/WORK/g03_top_IO/u_g03_soc/u_perips_top/u_bridge_hjx/data_reg_reg[26]
  Impl DFF        Name(Last) i:/WORK/g03_top_IO/u_g03_soc/u_perips_top/u_bridge_hjx/data_reg_reg[26]

  Ref  DFF        Name(Last) r:/WORK/g03_top_IO/u_g03_soc/u_perips_top/u_bridge_hjx/data_reg_reg[27]
  Impl DFF        Name(Last) i:/WORK/g03_top_IO/u_g03_soc/u_perips_top/u_bridge_hjx/data_reg_reg[27]

  Ref  DFF        Name(Last) r:/WORK/g03_top_IO/u_g03_soc/u_perips_top/u_bridge_hjx/data_reg_reg[28]
  Impl DFF        Name(Last) i:/WORK/g03_top_IO/u_g03_soc/u_perips_top/u_bridge_hjx/data_reg_reg[28]

  Ref  DFF        Name(Last) r:/WORK/g03_top_IO/u_g03_soc/u_perips_top/u_bridge_hjx/data_reg_reg[29]
  Impl DFF        Name(Last) i:/WORK/g03_top_IO/u_g03_soc/u_perips_top/u_bridge_hjx/data_reg_reg[29]

  Ref  DFF        Name(Last) r:/WORK/g03_top_IO/u_g03_soc/u_perips_top/u_bridge_hjx/data_reg_reg[2]
  Impl DFF        Name(Last) i:/WORK/g03_top_IO/u_g03_soc/u_perips_top/u_bridge_hjx/data_reg_reg[2]

  Ref  DFF        Name(Last) r:/WORK/g03_top_IO/u_g03_soc/u_perips_top/u_bridge_hjx/data_reg_reg[30]
  Impl DFF        Name(Last) i:/WORK/g03_top_IO/u_g03_soc/u_perips_top/u_bridge_hjx/data_reg_reg[30]

  Ref  DFF        Name(Last) r:/WORK/g03_top_IO/u_g03_soc/u_perips_top/u_bridge_hjx/data_reg_reg[31]
  Impl DFF        Name(Last) i:/WORK/g03_top_IO/u_g03_soc/u_perips_top/u_bridge_hjx/data_reg_reg[31]

  Ref  DFF        Name(Last) r:/WORK/g03_top_IO/u_g03_soc/u_perips_top/u_bridge_hjx/data_reg_reg[3]
  Impl DFF        Name(Last) i:/WORK/g03_top_IO/u_g03_soc/u_perips_top/u_bridge_hjx/data_reg_reg[3]

  Ref  DFF        Name(Last) r:/WORK/g03_top_IO/u_g03_soc/u_perips_top/u_bridge_hjx/data_reg_reg[4]
  Impl DFF        Name(Last) i:/WORK/g03_top_IO/u_g03_soc/u_perips_top/u_bridge_hjx/data_reg_reg[4]

  Ref  DFF        Name(Last) r:/WORK/g03_top_IO/u_g03_soc/u_perips_top/u_bridge_hjx/data_reg_reg[5]
  Impl DFF        Name(Last) i:/WORK/g03_top_IO/u_g03_soc/u_perips_top/u_bridge_hjx/data_reg_reg[5]

  Ref  DFF        Name(Last) r:/WORK/g03_top_IO/u_g03_soc/u_perips_top/u_bridge_hjx/data_reg_reg[6]
  Impl DFF        Name(Last) i:/WORK/g03_top_IO/u_g03_soc/u_perips_top/u_bridge_hjx/data_reg_reg[6]

  Ref  DFF        Name(Last) r:/WORK/g03_top_IO/u_g03_soc/u_perips_top/u_bridge_hjx/data_reg_reg[7]
  Impl DFF        Name(Last) i:/WORK/g03_top_IO/u_g03_soc/u_perips_top/u_bridge_hjx/data_reg_reg[7]

  Ref  DFF        Name(Last) r:/WORK/g03_top_IO/u_g03_soc/u_perips_top/u_bridge_hjx/data_reg_reg[8]
  Impl DFF        Name(Last) i:/WORK/g03_top_IO/u_g03_soc/u_perips_top/u_bridge_hjx/data_reg_reg[8]

  Ref  DFF        Name(Last) r:/WORK/g03_top_IO/u_g03_soc/u_perips_top/u_bridge_hjx/data_reg_reg[9]
  Impl DFF        Name(Last) i:/WORK/g03_top_IO/u_g03_soc/u_perips_top/u_bridge_hjx/data_reg_reg[9]

  Ref  DFF        Name(Last) r:/WORK/g03_top_IO/u_g03_soc/u_perips_top/u_bridge_hjx/rx_data_reg_reg[0]
  Impl DFF        Name(Last) i:/WORK/g03_top_IO/u_g03_soc/u_perips_top/u_bridge_hjx/rx_data_reg_reg[0]

  Ref  DFF        Name(Last) r:/WORK/g03_top_IO/u_g03_soc/u_perips_top/u_bridge_hjx/rx_data_reg_reg[10]
  Impl DFF        Name(Last) i:/WORK/g03_top_IO/u_g03_soc/u_perips_top/u_bridge_hjx/rx_data_reg_reg[10]

  Ref  DFF        Name(Last) r:/WORK/g03_top_IO/u_g03_soc/u_perips_top/u_bridge_hjx/rx_data_reg_reg[11]
  Impl DFF        Name(Last) i:/WORK/g03_top_IO/u_g03_soc/u_perips_top/u_bridge_hjx/rx_data_reg_reg[11]

  Ref  DFF        Name(Last) r:/WORK/g03_top_IO/u_g03_soc/u_perips_top/u_bridge_hjx/rx_data_reg_reg[12]
  Impl DFF        Name(Last) i:/WORK/g03_top_IO/u_g03_soc/u_perips_top/u_bridge_hjx/rx_data_reg_reg[12]

  Ref  DFF        Name(Last) r:/WORK/g03_top_IO/u_g03_soc/u_perips_top/u_bridge_hjx/rx_data_reg_reg[13]
  Impl DFF        Name(Last) i:/WORK/g03_top_IO/u_g03_soc/u_perips_top/u_bridge_hjx/rx_data_reg_reg[13]

  Ref  DFF        Name(Last) r:/WORK/g03_top_IO/u_g03_soc/u_perips_top/u_bridge_hjx/rx_data_reg_reg[14]
  Impl DFF        Name(Last) i:/WORK/g03_top_IO/u_g03_soc/u_perips_top/u_bridge_hjx/rx_data_reg_reg[14]

  Ref  DFF        Name(Last) r:/WORK/g03_top_IO/u_g03_soc/u_perips_top/u_bridge_hjx/rx_data_reg_reg[15]
  Impl DFF        Name(Last) i:/WORK/g03_top_IO/u_g03_soc/u_perips_top/u_bridge_hjx/rx_data_reg_reg[15]

  Ref  DFF        Name(Last) r:/WORK/g03_top_IO/u_g03_soc/u_perips_top/u_bridge_hjx/rx_data_reg_reg[16]
  Impl DFF        Name(Last) i:/WORK/g03_top_IO/u_g03_soc/u_perips_top/u_bridge_hjx/rx_data_reg_reg[16]

  Ref  DFF        Name(Last) r:/WORK/g03_top_IO/u_g03_soc/u_perips_top/u_bridge_hjx/rx_data_reg_reg[17]
  Impl DFF        Name(Last) i:/WORK/g03_top_IO/u_g03_soc/u_perips_top/u_bridge_hjx/rx_data_reg_reg[17]

  Ref  DFF        Name(Last) r:/WORK/g03_top_IO/u_g03_soc/u_perips_top/u_bridge_hjx/rx_data_reg_reg[18]
  Impl DFF        Name(Last) i:/WORK/g03_top_IO/u_g03_soc/u_perips_top/u_bridge_hjx/rx_data_reg_reg[18]

  Ref  DFF        Name(Last) r:/WORK/g03_top_IO/u_g03_soc/u_perips_top/u_bridge_hjx/rx_data_reg_reg[19]
  Impl DFF        Name(Last) i:/WORK/g03_top_IO/u_g03_soc/u_perips_top/u_bridge_hjx/rx_data_reg_reg[19]

  Ref  DFF        Name(Last) r:/WORK/g03_top_IO/u_g03_soc/u_perips_top/u_bridge_hjx/rx_data_reg_reg[1]
  Impl DFF        Name(Last) i:/WORK/g03_top_IO/u_g03_soc/u_perips_top/u_bridge_hjx/rx_data_reg_reg[1]

  Ref  DFF        Name(Last) r:/WORK/g03_top_IO/u_g03_soc/u_perips_top/u_bridge_hjx/rx_data_reg_reg[20]
  Impl DFF        Name(Last) i:/WORK/g03_top_IO/u_g03_soc/u_perips_top/u_bridge_hjx/rx_data_reg_reg[20]

  Ref  DFF        Name(Last) r:/WORK/g03_top_IO/u_g03_soc/u_perips_top/u_bridge_hjx/rx_data_reg_reg[21]
  Impl DFF        Name(Last) i:/WORK/g03_top_IO/u_g03_soc/u_perips_top/u_bridge_hjx/rx_data_reg_reg[21]

  Ref  DFF        Name(Last) r:/WORK/g03_top_IO/u_g03_soc/u_perips_top/u_bridge_hjx/rx_data_reg_reg[22]
  Impl DFF        Name(Last) i:/WORK/g03_top_IO/u_g03_soc/u_perips_top/u_bridge_hjx/rx_data_reg_reg[22]

  Ref  DFF        Name(Last) r:/WORK/g03_top_IO/u_g03_soc/u_perips_top/u_bridge_hjx/rx_data_reg_reg[23]
  Impl DFF        Name(Last) i:/WORK/g03_top_IO/u_g03_soc/u_perips_top/u_bridge_hjx/rx_data_reg_reg[23]

  Ref  DFF        Name(Last) r:/WORK/g03_top_IO/u_g03_soc/u_perips_top/u_bridge_hjx/rx_data_reg_reg[2]
  Impl DFF        Name(Last) i:/WORK/g03_top_IO/u_g03_soc/u_perips_top/u_bridge_hjx/rx_data_reg_reg[2]

  Ref  DFF        Name(Last) r:/WORK/g03_top_IO/u_g03_soc/u_perips_top/u_bridge_hjx/rx_data_reg_reg[3]
  Impl DFF        Name(Last) i:/WORK/g03_top_IO/u_g03_soc/u_perips_top/u_bridge_hjx/rx_data_reg_reg[3]

  Ref  DFF        Name(Last) r:/WORK/g03_top_IO/u_g03_soc/u_perips_top/u_bridge_hjx/rx_data_reg_reg[4]
  Impl DFF        Name(Last) i:/WORK/g03_top_IO/u_g03_soc/u_perips_top/u_bridge_hjx/rx_data_reg_reg[4]

  Ref  DFF        Name(Last) r:/WORK/g03_top_IO/u_g03_soc/u_perips_top/u_bridge_hjx/rx_data_reg_reg[5]
  Impl DFF        Name(Last) i:/WORK/g03_top_IO/u_g03_soc/u_perips_top/u_bridge_hjx/rx_data_reg_reg[5]

  Ref  DFF        Name(Last) r:/WORK/g03_top_IO/u_g03_soc/u_perips_top/u_bridge_hjx/rx_data_reg_reg[6]
  Impl DFF        Name(Last) i:/WORK/g03_top_IO/u_g03_soc/u_perips_top/u_bridge_hjx/rx_data_reg_reg[6]

  Ref  DFF        Name(Last) r:/WORK/g03_top_IO/u_g03_soc/u_perips_top/u_bridge_hjx/rx_data_reg_reg[7]
  Impl DFF        Name(Last) i:/WORK/g03_top_IO/u_g03_soc/u_perips_top/u_bridge_hjx/rx_data_reg_reg[7]

  Ref  DFF        Name(Last) r:/WORK/g03_top_IO/u_g03_soc/u_perips_top/u_bridge_hjx/rx_data_reg_reg[8]
  Impl DFF        Name(Last) i:/WORK/g03_top_IO/u_g03_soc/u_perips_top/u_bridge_hjx/rx_data_reg_reg[8]

  Ref  DFF        Name(Last) r:/WORK/g03_top_IO/u_g03_soc/u_perips_top/u_bridge_hjx/rx_data_reg_reg[9]
  Impl DFF        Name(Last) i:/WORK/g03_top_IO/u_g03_soc/u_perips_top/u_bridge_hjx/rx_data_reg_reg[9]

  Ref  DFF        Name(Last) r:/WORK/g03_top_IO/u_g03_soc/u_perips_top/u_bridge_hjx/state_reg[0]
  Impl DFF        Name(Last) i:/WORK/g03_top_IO/u_g03_soc/u_perips_top/u_bridge_hjx/state_reg[0]

  Ref  DFF        Name(Last) r:/WORK/g03_top_IO/u_g03_soc/u_perips_top/u_bridge_hjx/state_reg[1]
  Impl DFF        Name(Last) i:/WORK/g03_top_IO/u_g03_soc/u_perips_top/u_bridge_hjx/state_reg[1]

  Ref  DFF        Name(Last) r:/WORK/g03_top_IO/u_g03_soc/u_perips_top/u_bridge_hjx/transfer_busy_reg
  Impl DFF        Name(Last) i:/WORK/g03_top_IO/u_g03_soc/u_perips_top/u_bridge_hjx/transfer_busy_reg

  Ref  DFF        Name(Last) r:/WORK/g03_top_IO/u_g03_soc/u_perips_top/u_bridge_wzc/burst_cnt_reg[0]
  Impl DFF        Name(Last) i:/WORK/g03_top_IO/u_g03_soc/u_perips_top/u_bridge_wzc/burst_cnt_reg[0]

  Ref  DFF        Name(Last) r:/WORK/g03_top_IO/u_g03_soc/u_perips_top/u_bridge_wzc/burst_cnt_reg[1]
  Impl DFF        Name(Last) i:/WORK/g03_top_IO/u_g03_soc/u_perips_top/u_bridge_wzc/burst_cnt_reg[1]

  Ref  DFF        Name(Last) r:/WORK/g03_top_IO/u_g03_soc/u_perips_top/u_bridge_wzc/data_r_reg[0]
  Impl DFF        Name(Last) i:/WORK/g03_top_IO/u_g03_soc/u_perips_top/u_bridge_wzc/data_r_reg[0]

  Ref  DFF        Name(Last) r:/WORK/g03_top_IO/u_g03_soc/u_perips_top/u_bridge_wzc/data_r_reg[10]
  Impl DFF        Name(Last) i:/WORK/g03_top_IO/u_g03_soc/u_perips_top/u_bridge_wzc/data_r_reg[10]

  Ref  DFF        Name(Last) r:/WORK/g03_top_IO/u_g03_soc/u_perips_top/u_bridge_wzc/data_r_reg[11]
  Impl DFF        Name(Last) i:/WORK/g03_top_IO/u_g03_soc/u_perips_top/u_bridge_wzc/data_r_reg[11]

  Ref  DFF        Name(Last) r:/WORK/g03_top_IO/u_g03_soc/u_perips_top/u_bridge_wzc/data_r_reg[12]
  Impl DFF        Name(Last) i:/WORK/g03_top_IO/u_g03_soc/u_perips_top/u_bridge_wzc/data_r_reg[12]

  Ref  DFF        Name(Last) r:/WORK/g03_top_IO/u_g03_soc/u_perips_top/u_bridge_wzc/data_r_reg[13]
  Impl DFF        Name(Last) i:/WORK/g03_top_IO/u_g03_soc/u_perips_top/u_bridge_wzc/data_r_reg[13]

  Ref  DFF        Name(Last) r:/WORK/g03_top_IO/u_g03_soc/u_perips_top/u_bridge_wzc/data_r_reg[14]
  Impl DFF        Name(Last) i:/WORK/g03_top_IO/u_g03_soc/u_perips_top/u_bridge_wzc/data_r_reg[14]

  Ref  DFF        Name(Last) r:/WORK/g03_top_IO/u_g03_soc/u_perips_top/u_bridge_wzc/data_r_reg[15]
  Impl DFF        Name(Last) i:/WORK/g03_top_IO/u_g03_soc/u_perips_top/u_bridge_wzc/data_r_reg[15]

  Ref  DFF        Name(Last) r:/WORK/g03_top_IO/u_g03_soc/u_perips_top/u_bridge_wzc/data_r_reg[16]
  Impl DFF        Name(Last) i:/WORK/g03_top_IO/u_g03_soc/u_perips_top/u_bridge_wzc/data_r_reg[16]

  Ref  DFF        Name(Last) r:/WORK/g03_top_IO/u_g03_soc/u_perips_top/u_bridge_wzc/data_r_reg[17]
  Impl DFF        Name(Last) i:/WORK/g03_top_IO/u_g03_soc/u_perips_top/u_bridge_wzc/data_r_reg[17]

  Ref  DFF        Name(Last) r:/WORK/g03_top_IO/u_g03_soc/u_perips_top/u_bridge_wzc/data_r_reg[18]
  Impl DFF        Name(Last) i:/WORK/g03_top_IO/u_g03_soc/u_perips_top/u_bridge_wzc/data_r_reg[18]

  Ref  DFF        Name(Last) r:/WORK/g03_top_IO/u_g03_soc/u_perips_top/u_bridge_wzc/data_r_reg[19]
  Impl DFF        Name(Last) i:/WORK/g03_top_IO/u_g03_soc/u_perips_top/u_bridge_wzc/data_r_reg[19]

  Ref  DFF        Name(Last) r:/WORK/g03_top_IO/u_g03_soc/u_perips_top/u_bridge_wzc/data_r_reg[1]
  Impl DFF        Name(Last) i:/WORK/g03_top_IO/u_g03_soc/u_perips_top/u_bridge_wzc/data_r_reg[1]

  Ref  DFF        Name(Last) r:/WORK/g03_top_IO/u_g03_soc/u_perips_top/u_bridge_wzc/data_r_reg[20]
  Impl DFF        Name(Last) i:/WORK/g03_top_IO/u_g03_soc/u_perips_top/u_bridge_wzc/data_r_reg[20]

  Ref  DFF        Name(Last) r:/WORK/g03_top_IO/u_g03_soc/u_perips_top/u_bridge_wzc/data_r_reg[21]
  Impl DFF        Name(Last) i:/WORK/g03_top_IO/u_g03_soc/u_perips_top/u_bridge_wzc/data_r_reg[21]

  Ref  DFF        Name(Last) r:/WORK/g03_top_IO/u_g03_soc/u_perips_top/u_bridge_wzc/data_r_reg[22]
  Impl DFF        Name(Last) i:/WORK/g03_top_IO/u_g03_soc/u_perips_top/u_bridge_wzc/data_r_reg[22]

  Ref  DFF        Name(Last) r:/WORK/g03_top_IO/u_g03_soc/u_perips_top/u_bridge_wzc/data_r_reg[23]
  Impl DFF        Name(Last) i:/WORK/g03_top_IO/u_g03_soc/u_perips_top/u_bridge_wzc/data_r_reg[23]

  Ref  DFF        Name(Last) r:/WORK/g03_top_IO/u_g03_soc/u_perips_top/u_bridge_wzc/data_r_reg[24]
  Impl DFF        Name(Last) i:/WORK/g03_top_IO/u_g03_soc/u_perips_top/u_bridge_wzc/data_r_reg[24]

  Ref  DFF        Name(Last) r:/WORK/g03_top_IO/u_g03_soc/u_perips_top/u_bridge_wzc/data_r_reg[25]
  Impl DFF        Name(Last) i:/WORK/g03_top_IO/u_g03_soc/u_perips_top/u_bridge_wzc/data_r_reg[25]

  Ref  DFF        Name(Last) r:/WORK/g03_top_IO/u_g03_soc/u_perips_top/u_bridge_wzc/data_r_reg[26]
  Impl DFF        Name(Last) i:/WORK/g03_top_IO/u_g03_soc/u_perips_top/u_bridge_wzc/data_r_reg[26]

  Ref  DFF        Name(Last) r:/WORK/g03_top_IO/u_g03_soc/u_perips_top/u_bridge_wzc/data_r_reg[27]
  Impl DFF        Name(Last) i:/WORK/g03_top_IO/u_g03_soc/u_perips_top/u_bridge_wzc/data_r_reg[27]

  Ref  DFF        Name(Last) r:/WORK/g03_top_IO/u_g03_soc/u_perips_top/u_bridge_wzc/data_r_reg[28]
  Impl DFF        Name(Last) i:/WORK/g03_top_IO/u_g03_soc/u_perips_top/u_bridge_wzc/data_r_reg[28]

  Ref  DFF        Name(Last) r:/WORK/g03_top_IO/u_g03_soc/u_perips_top/u_bridge_wzc/data_r_reg[29]
  Impl DFF        Name(Last) i:/WORK/g03_top_IO/u_g03_soc/u_perips_top/u_bridge_wzc/data_r_reg[29]

  Ref  DFF        Name(Last) r:/WORK/g03_top_IO/u_g03_soc/u_perips_top/u_bridge_wzc/data_r_reg[2]
  Impl DFF        Name(Last) i:/WORK/g03_top_IO/u_g03_soc/u_perips_top/u_bridge_wzc/data_r_reg[2]

  Ref  DFF        Name(Last) r:/WORK/g03_top_IO/u_g03_soc/u_perips_top/u_bridge_wzc/data_r_reg[30]
  Impl DFF        Name(Last) i:/WORK/g03_top_IO/u_g03_soc/u_perips_top/u_bridge_wzc/data_r_reg[30]

  Ref  DFF        Name(Last) r:/WORK/g03_top_IO/u_g03_soc/u_perips_top/u_bridge_wzc/data_r_reg[31]
  Impl DFF        Name(Last) i:/WORK/g03_top_IO/u_g03_soc/u_perips_top/u_bridge_wzc/data_r_reg[31]

  Ref  DFF        Name(Last) r:/WORK/g03_top_IO/u_g03_soc/u_perips_top/u_bridge_wzc/data_r_reg[3]
  Impl DFF        Name(Last) i:/WORK/g03_top_IO/u_g03_soc/u_perips_top/u_bridge_wzc/data_r_reg[3]

  Ref  DFF        Name(Last) r:/WORK/g03_top_IO/u_g03_soc/u_perips_top/u_bridge_wzc/data_r_reg[4]
  Impl DFF        Name(Last) i:/WORK/g03_top_IO/u_g03_soc/u_perips_top/u_bridge_wzc/data_r_reg[4]

  Ref  DFF        Name(Last) r:/WORK/g03_top_IO/u_g03_soc/u_perips_top/u_bridge_wzc/data_r_reg[5]
  Impl DFF        Name(Last) i:/WORK/g03_top_IO/u_g03_soc/u_perips_top/u_bridge_wzc/data_r_reg[5]

  Ref  DFF        Name(Last) r:/WORK/g03_top_IO/u_g03_soc/u_perips_top/u_bridge_wzc/data_r_reg[6]
  Impl DFF        Name(Last) i:/WORK/g03_top_IO/u_g03_soc/u_perips_top/u_bridge_wzc/data_r_reg[6]

  Ref  DFF        Name(Last) r:/WORK/g03_top_IO/u_g03_soc/u_perips_top/u_bridge_wzc/data_r_reg[7]
  Impl DFF        Name(Last) i:/WORK/g03_top_IO/u_g03_soc/u_perips_top/u_bridge_wzc/data_r_reg[7]

  Ref  DFF        Name(Last) r:/WORK/g03_top_IO/u_g03_soc/u_perips_top/u_bridge_wzc/data_r_reg[8]
  Impl DFF        Name(Last) i:/WORK/g03_top_IO/u_g03_soc/u_perips_top/u_bridge_wzc/data_r_reg[8]

  Ref  DFF        Name(Last) r:/WORK/g03_top_IO/u_g03_soc/u_perips_top/u_bridge_wzc/data_r_reg[9]
  Impl DFF        Name(Last) i:/WORK/g03_top_IO/u_g03_soc/u_perips_top/u_bridge_wzc/data_r_reg[9]

  Ref  DFF        Name(Last) r:/WORK/g03_top_IO/u_g03_soc/u_perips_top/u_bridge_wzc/rsp_dst_r_reg
  Impl DFF        Name(Last) i:/WORK/g03_top_IO/u_g03_soc/u_perips_top/u_bridge_wzc/rsp_dst_r_reg

  Ref  DFF        Name(Last) r:/WORK/g03_top_IO/u_g03_soc/u_perips_top/u_bridge_wzc/rsp_vld_r_reg
  Impl DFF        Name(Last) i:/WORK/g03_top_IO/u_g03_soc/u_perips_top/u_bridge_wzc/rsp_vld_r_reg

  Ref  DFF        Name(Last) r:/WORK/g03_top_IO/u_g03_soc/u_perips_top/u_bridge_wzc/tr_addr_reg[0]
  Impl DFF        Name(Last) i:/WORK/g03_top_IO/u_g03_soc/u_perips_top/u_bridge_wzc/tr_addr_reg[0]

  Ref  DFF        Name(Last) r:/WORK/g03_top_IO/u_g03_soc/u_perips_top/u_bridge_wzc/tr_addr_reg[1]
  Impl DFF        Name(Last) i:/WORK/g03_top_IO/u_g03_soc/u_perips_top/u_bridge_wzc/tr_addr_reg[1]

  Ref  DFF        Name(Last) r:/WORK/g03_top_IO/u_g03_soc/u_perips_top/u_bridge_wzc/tr_addr_reg[2]
  Impl DFF        Name(Last) i:/WORK/g03_top_IO/u_g03_soc/u_perips_top/u_bridge_wzc/tr_addr_reg[2]

  Ref  DFF        Name(Last) r:/WORK/g03_top_IO/u_g03_soc/u_perips_top/u_bridge_wzc/tr_addr_reg[3]
  Impl DFF        Name(Last) i:/WORK/g03_top_IO/u_g03_soc/u_perips_top/u_bridge_wzc/tr_addr_reg[3]

  Ref  DFF        Name(Last) r:/WORK/g03_top_IO/u_g03_soc/u_perips_top/u_bridge_wzc/tr_addr_reg[4]
  Impl DFF        Name(Last) i:/WORK/g03_top_IO/u_g03_soc/u_perips_top/u_bridge_wzc/tr_addr_reg[4]

  Ref  DFF        Name(Last) r:/WORK/g03_top_IO/u_g03_soc/u_perips_top/u_bridge_wzc/tr_addr_reg[5]
  Impl DFF        Name(Last) i:/WORK/g03_top_IO/u_g03_soc/u_perips_top/u_bridge_wzc/tr_addr_reg[5]

  Ref  DFF        Name(Last) r:/WORK/g03_top_IO/u_g03_soc/u_perips_top/u_bridge_wzc/tr_addr_reg[6]
  Impl DFF        Name(Last) i:/WORK/g03_top_IO/u_g03_soc/u_perips_top/u_bridge_wzc/tr_addr_reg[6]

  Ref  DFF        Name(Last) r:/WORK/g03_top_IO/u_g03_soc/u_perips_top/u_bridge_wzc/tr_addr_reg[7]
  Impl DFF        Name(Last) i:/WORK/g03_top_IO/u_g03_soc/u_perips_top/u_bridge_wzc/tr_addr_reg[7]

  Ref  DFF        Name(Last) r:/WORK/g03_top_IO/u_g03_soc/u_perips_top/u_bridge_wzc/tr_burst_reg[0]
  Impl DFF        Name(Last) i:/WORK/g03_top_IO/u_g03_soc/u_perips_top/u_bridge_wzc/tr_burst_reg[0]

  Ref  DFF        Name(Last) r:/WORK/g03_top_IO/u_g03_soc/u_perips_top/u_bridge_wzc/tr_burst_reg[1]
  Impl DFF        Name(Last) i:/WORK/g03_top_IO/u_g03_soc/u_perips_top/u_bridge_wzc/tr_burst_reg[1]

  Ref  DFF        Name(Last) r:/WORK/g03_top_IO/u_g03_soc/u_perips_top/u_bridge_wzc/tr_dst_reg
  Impl DFF        Name(Last) i:/WORK/g03_top_IO/u_g03_soc/u_perips_top/u_bridge_wzc/tr_dst_reg

  Ref  DFF        Name(Last) r:/WORK/g03_top_IO/u_g03_soc/u_perips_top/u_bridge_wzc/tr_mode_reg
  Impl DFF        Name(Last) i:/WORK/g03_top_IO/u_g03_soc/u_perips_top/u_bridge_wzc/tr_mode_reg

  Ref  DFF        Name(Last) r:/WORK/g03_top_IO/u_g03_soc/u_perips_top/u_bridge_wzc/tr_sel_mask_reg[0]
  Impl DFF        Name(Last) i:/WORK/g03_top_IO/u_g03_soc/u_perips_top/u_bridge_wzc/tr_sel_mask_reg[0]

  Ref  DFF        Name(Last) r:/WORK/g03_top_IO/u_g03_soc/u_perips_top/u_bridge_wzc/tr_sel_mask_reg[1]
  Impl DFF        Name(Last) i:/WORK/g03_top_IO/u_g03_soc/u_perips_top/u_bridge_wzc/tr_sel_mask_reg[1]

  Ref  DFF        Name(Last) r:/WORK/g03_top_IO/u_g03_soc/u_perips_top/u_bridge_wzc/tr_sel_mask_reg[2]
  Impl DFF        Name(Last) i:/WORK/g03_top_IO/u_g03_soc/u_perips_top/u_bridge_wzc/tr_sel_mask_reg[2]

  Ref  DFF        Name(Last) r:/WORK/g03_top_IO/u_g03_soc/u_perips_top/u_bridge_wzc/tr_sel_reg[0]
  Impl DFF        Name(Last) i:/WORK/g03_top_IO/u_g03_soc/u_perips_top/u_bridge_wzc/tr_sel_reg[0]

  Ref  DFF        Name(Last) r:/WORK/g03_top_IO/u_g03_soc/u_perips_top/u_bridge_wzc/tr_sel_reg[1]
  Impl DFF        Name(Last) i:/WORK/g03_top_IO/u_g03_soc/u_perips_top/u_bridge_wzc/tr_sel_reg[1]

  Ref  DFF        Name(Last) r:/WORK/g03_top_IO/u_g03_soc/u_perips_top/u_bridge_wzc/tr_sel_reg[2]
  Impl DFF        Name(Last) i:/WORK/g03_top_IO/u_g03_soc/u_perips_top/u_bridge_wzc/tr_sel_reg[2]

  Ref  DFF        Name(Last) r:/WORK/g03_top_IO/u_g03_soc/u_perips_top/u_bridge_wzc/tr_sel_reg[3]
  Impl DFF        Name(Last) i:/WORK/g03_top_IO/u_g03_soc/u_perips_top/u_bridge_wzc/tr_sel_reg[3]

  Ref  DFF        Name(Last) r:/WORK/g03_top_IO/u_g03_soc/u_perips_top/u_bridge_wzc/tr_state_reg[0]
  Impl DFF        Name(Last) i:/WORK/g03_top_IO/u_g03_soc/u_perips_top/u_bridge_wzc/tr_state_reg[0]

  Ref  DFF        Name(Last) r:/WORK/g03_top_IO/u_g03_soc/u_perips_top/u_bridge_wzc/tr_state_reg[1]
  Impl DFF        Name(Last) i:/WORK/g03_top_IO/u_g03_soc/u_perips_top/u_bridge_wzc/tr_state_reg[1]

  Ref  DFF        Name(Last) r:/WORK/g03_top_IO/u_g03_soc/u_perips_top/u_bridge_wzc/tr_wdata_reg[0]
  Impl DFF        Name(Last) i:/WORK/g03_top_IO/u_g03_soc/u_perips_top/u_bridge_wzc/tr_wdata_reg[0]

  Ref  DFF        Name(Last) r:/WORK/g03_top_IO/u_g03_soc/u_perips_top/u_bridge_wzc/tr_wdata_reg[10]
  Impl DFF        Name(Last) i:/WORK/g03_top_IO/u_g03_soc/u_perips_top/u_bridge_wzc/tr_wdata_reg[10]

  Ref  DFF        Name(Last) r:/WORK/g03_top_IO/u_g03_soc/u_perips_top/u_bridge_wzc/tr_wdata_reg[11]
  Impl DFF        Name(Last) i:/WORK/g03_top_IO/u_g03_soc/u_perips_top/u_bridge_wzc/tr_wdata_reg[11]

  Ref  DFF        Name(Last) r:/WORK/g03_top_IO/u_g03_soc/u_perips_top/u_bridge_wzc/tr_wdata_reg[12]
  Impl DFF        Name(Last) i:/WORK/g03_top_IO/u_g03_soc/u_perips_top/u_bridge_wzc/tr_wdata_reg[12]

  Ref  DFF        Name(Last) r:/WORK/g03_top_IO/u_g03_soc/u_perips_top/u_bridge_wzc/tr_wdata_reg[13]
  Impl DFF        Name(Last) i:/WORK/g03_top_IO/u_g03_soc/u_perips_top/u_bridge_wzc/tr_wdata_reg[13]

  Ref  DFF        Name(Last) r:/WORK/g03_top_IO/u_g03_soc/u_perips_top/u_bridge_wzc/tr_wdata_reg[14]
  Impl DFF        Name(Last) i:/WORK/g03_top_IO/u_g03_soc/u_perips_top/u_bridge_wzc/tr_wdata_reg[14]

  Ref  DFF        Name(Last) r:/WORK/g03_top_IO/u_g03_soc/u_perips_top/u_bridge_wzc/tr_wdata_reg[15]
  Impl DFF        Name(Last) i:/WORK/g03_top_IO/u_g03_soc/u_perips_top/u_bridge_wzc/tr_wdata_reg[15]

  Ref  DFF        Name(Last) r:/WORK/g03_top_IO/u_g03_soc/u_perips_top/u_bridge_wzc/tr_wdata_reg[16]
  Impl DFF        Name(Last) i:/WORK/g03_top_IO/u_g03_soc/u_perips_top/u_bridge_wzc/tr_wdata_reg[16]

  Ref  DFF        Name(Last) r:/WORK/g03_top_IO/u_g03_soc/u_perips_top/u_bridge_wzc/tr_wdata_reg[17]
  Impl DFF        Name(Last) i:/WORK/g03_top_IO/u_g03_soc/u_perips_top/u_bridge_wzc/tr_wdata_reg[17]

  Ref  DFF        Name(Last) r:/WORK/g03_top_IO/u_g03_soc/u_perips_top/u_bridge_wzc/tr_wdata_reg[18]
  Impl DFF        Name(Last) i:/WORK/g03_top_IO/u_g03_soc/u_perips_top/u_bridge_wzc/tr_wdata_reg[18]

  Ref  DFF        Name(Last) r:/WORK/g03_top_IO/u_g03_soc/u_perips_top/u_bridge_wzc/tr_wdata_reg[19]
  Impl DFF        Name(Last) i:/WORK/g03_top_IO/u_g03_soc/u_perips_top/u_bridge_wzc/tr_wdata_reg[19]

  Ref  DFF        Name(Last) r:/WORK/g03_top_IO/u_g03_soc/u_perips_top/u_bridge_wzc/tr_wdata_reg[1]
  Impl DFF        Name(Last) i:/WORK/g03_top_IO/u_g03_soc/u_perips_top/u_bridge_wzc/tr_wdata_reg[1]

  Ref  DFF        Name(Last) r:/WORK/g03_top_IO/u_g03_soc/u_perips_top/u_bridge_wzc/tr_wdata_reg[20]
  Impl DFF        Name(Last) i:/WORK/g03_top_IO/u_g03_soc/u_perips_top/u_bridge_wzc/tr_wdata_reg[20]

  Ref  DFF        Name(Last) r:/WORK/g03_top_IO/u_g03_soc/u_perips_top/u_bridge_wzc/tr_wdata_reg[21]
  Impl DFF        Name(Last) i:/WORK/g03_top_IO/u_g03_soc/u_perips_top/u_bridge_wzc/tr_wdata_reg[21]

  Ref  DFF        Name(Last) r:/WORK/g03_top_IO/u_g03_soc/u_perips_top/u_bridge_wzc/tr_wdata_reg[22]
  Impl DFF        Name(Last) i:/WORK/g03_top_IO/u_g03_soc/u_perips_top/u_bridge_wzc/tr_wdata_reg[22]

  Ref  DFF        Name(Last) r:/WORK/g03_top_IO/u_g03_soc/u_perips_top/u_bridge_wzc/tr_wdata_reg[23]
  Impl DFF        Name(Last) i:/WORK/g03_top_IO/u_g03_soc/u_perips_top/u_bridge_wzc/tr_wdata_reg[23]

  Ref  DFF        Name(Last) r:/WORK/g03_top_IO/u_g03_soc/u_perips_top/u_bridge_wzc/tr_wdata_reg[24]
  Impl DFF        Name(Last) i:/WORK/g03_top_IO/u_g03_soc/u_perips_top/u_bridge_wzc/tr_wdata_reg[24]

  Ref  DFF        Name(Last) r:/WORK/g03_top_IO/u_g03_soc/u_perips_top/u_bridge_wzc/tr_wdata_reg[25]
  Impl DFF        Name(Last) i:/WORK/g03_top_IO/u_g03_soc/u_perips_top/u_bridge_wzc/tr_wdata_reg[25]

  Ref  DFF        Name(Last) r:/WORK/g03_top_IO/u_g03_soc/u_perips_top/u_bridge_wzc/tr_wdata_reg[26]
  Impl DFF        Name(Last) i:/WORK/g03_top_IO/u_g03_soc/u_perips_top/u_bridge_wzc/tr_wdata_reg[26]

  Ref  DFF        Name(Last) r:/WORK/g03_top_IO/u_g03_soc/u_perips_top/u_bridge_wzc/tr_wdata_reg[27]
  Impl DFF        Name(Last) i:/WORK/g03_top_IO/u_g03_soc/u_perips_top/u_bridge_wzc/tr_wdata_reg[27]

  Ref  DFF        Name(Last) r:/WORK/g03_top_IO/u_g03_soc/u_perips_top/u_bridge_wzc/tr_wdata_reg[28]
  Impl DFF        Name(Last) i:/WORK/g03_top_IO/u_g03_soc/u_perips_top/u_bridge_wzc/tr_wdata_reg[28]

  Ref  DFF        Name(Last) r:/WORK/g03_top_IO/u_g03_soc/u_perips_top/u_bridge_wzc/tr_wdata_reg[29]
  Impl DFF        Name(Last) i:/WORK/g03_top_IO/u_g03_soc/u_perips_top/u_bridge_wzc/tr_wdata_reg[29]

  Ref  DFF        Name(Last) r:/WORK/g03_top_IO/u_g03_soc/u_perips_top/u_bridge_wzc/tr_wdata_reg[2]
  Impl DFF        Name(Last) i:/WORK/g03_top_IO/u_g03_soc/u_perips_top/u_bridge_wzc/tr_wdata_reg[2]

  Ref  DFF        Name(Last) r:/WORK/g03_top_IO/u_g03_soc/u_perips_top/u_bridge_wzc/tr_wdata_reg[30]
  Impl DFF        Name(Last) i:/WORK/g03_top_IO/u_g03_soc/u_perips_top/u_bridge_wzc/tr_wdata_reg[30]

  Ref  DFF        Name(Last) r:/WORK/g03_top_IO/u_g03_soc/u_perips_top/u_bridge_wzc/tr_wdata_reg[31]
  Impl DFF        Name(Last) i:/WORK/g03_top_IO/u_g03_soc/u_perips_top/u_bridge_wzc/tr_wdata_reg[31]

  Ref  DFF        Name(Last) r:/WORK/g03_top_IO/u_g03_soc/u_perips_top/u_bridge_wzc/tr_wdata_reg[3]
  Impl DFF        Name(Last) i:/WORK/g03_top_IO/u_g03_soc/u_perips_top/u_bridge_wzc/tr_wdata_reg[3]

  Ref  DFF        Name(Last) r:/WORK/g03_top_IO/u_g03_soc/u_perips_top/u_bridge_wzc/tr_wdata_reg[4]
  Impl DFF        Name(Last) i:/WORK/g03_top_IO/u_g03_soc/u_perips_top/u_bridge_wzc/tr_wdata_reg[4]

  Ref  DFF        Name(Last) r:/WORK/g03_top_IO/u_g03_soc/u_perips_top/u_bridge_wzc/tr_wdata_reg[5]
  Impl DFF        Name(Last) i:/WORK/g03_top_IO/u_g03_soc/u_perips_top/u_bridge_wzc/tr_wdata_reg[5]

  Ref  DFF        Name(Last) r:/WORK/g03_top_IO/u_g03_soc/u_perips_top/u_bridge_wzc/tr_wdata_reg[6]
  Impl DFF        Name(Last) i:/WORK/g03_top_IO/u_g03_soc/u_perips_top/u_bridge_wzc/tr_wdata_reg[6]

  Ref  DFF        Name(Last) r:/WORK/g03_top_IO/u_g03_soc/u_perips_top/u_bridge_wzc/tr_wdata_reg[7]
  Impl DFF        Name(Last) i:/WORK/g03_top_IO/u_g03_soc/u_perips_top/u_bridge_wzc/tr_wdata_reg[7]

  Ref  DFF        Name(Last) r:/WORK/g03_top_IO/u_g03_soc/u_perips_top/u_bridge_wzc/tr_wdata_reg[8]
  Impl DFF        Name(Last) i:/WORK/g03_top_IO/u_g03_soc/u_perips_top/u_bridge_wzc/tr_wdata_reg[8]

  Ref  DFF        Name(Last) r:/WORK/g03_top_IO/u_g03_soc/u_perips_top/u_bridge_wzc/tr_wdata_reg[9]
  Impl DFF        Name(Last) i:/WORK/g03_top_IO/u_g03_soc/u_perips_top/u_bridge_wzc/tr_wdata_reg[9]

  Ref  DFF        Name(Last) r:/WORK/g03_top_IO/u_g03_soc/u_perips_top/u_bridge_xyh/u_protocol/addr_reg_reg[0]
  Impl DFF        Name(Last) i:/WORK/g03_top_IO/u_g03_soc/u_perips_top/u_bridge_xyh/u_protocol/addr_reg_reg[0]

  Ref  DFF        Name(Last) r:/WORK/g03_top_IO/u_g03_soc/u_perips_top/u_bridge_xyh/u_protocol/addr_reg_reg[1]
  Impl DFF        Name(Last) i:/WORK/g03_top_IO/u_g03_soc/u_perips_top/u_bridge_xyh/u_protocol/addr_reg_reg[1]

  Ref  DFF        Name(Last) r:/WORK/g03_top_IO/u_g03_soc/u_perips_top/u_bridge_xyh/u_protocol/addr_reg_reg[2]
  Impl DFF        Name(Last) i:/WORK/g03_top_IO/u_g03_soc/u_perips_top/u_bridge_xyh/u_protocol/addr_reg_reg[2]

  Ref  DFF        Name(Last) r:/WORK/g03_top_IO/u_g03_soc/u_perips_top/u_bridge_xyh/u_protocol/addr_reg_reg[3]
  Impl DFF        Name(Last) i:/WORK/g03_top_IO/u_g03_soc/u_perips_top/u_bridge_xyh/u_protocol/addr_reg_reg[3]

  Ref  DFF        Name(Last) r:/WORK/g03_top_IO/u_g03_soc/u_perips_top/u_bridge_xyh/u_protocol/addr_reg_reg[4]
  Impl DFF        Name(Last) i:/WORK/g03_top_IO/u_g03_soc/u_perips_top/u_bridge_xyh/u_protocol/addr_reg_reg[4]

  Ref  DFF        Name(Last) r:/WORK/g03_top_IO/u_g03_soc/u_perips_top/u_bridge_xyh/u_protocol/addr_reg_reg[5]
  Impl DFF        Name(Last) i:/WORK/g03_top_IO/u_g03_soc/u_perips_top/u_bridge_xyh/u_protocol/addr_reg_reg[5]

  Ref  DFF        Name(Last) r:/WORK/g03_top_IO/u_g03_soc/u_perips_top/u_bridge_xyh/u_protocol/addr_reg_reg[6]
  Impl DFF        Name(Last) i:/WORK/g03_top_IO/u_g03_soc/u_perips_top/u_bridge_xyh/u_protocol/addr_reg_reg[6]

  Ref  DFF        Name(Last) r:/WORK/g03_top_IO/u_g03_soc/u_perips_top/u_bridge_xyh/u_protocol/addr_reg_reg[7]
  Impl DFF        Name(Last) i:/WORK/g03_top_IO/u_g03_soc/u_perips_top/u_bridge_xyh/u_protocol/addr_reg_reg[7]

  Ref  DFF        Name(Last) r:/WORK/g03_top_IO/u_g03_soc/u_perips_top/u_bridge_xyh/u_protocol/byte_sel_mask_reg[0]
  Impl DFF        Name(Last) i:/WORK/g03_top_IO/u_g03_soc/u_perips_top/u_bridge_xyh/u_protocol/byte_sel_mask_reg[0]

  Ref  DFF        Name(Last) r:/WORK/g03_top_IO/u_g03_soc/u_perips_top/u_bridge_xyh/u_protocol/byte_sel_mask_reg[1]
  Impl DFF        Name(Last) i:/WORK/g03_top_IO/u_g03_soc/u_perips_top/u_bridge_xyh/u_protocol/byte_sel_mask_reg[1]

  Ref  DFF        Name(Last) r:/WORK/g03_top_IO/u_g03_soc/u_perips_top/u_bridge_xyh/u_protocol/byte_sel_mask_reg[2]
  Impl DFF        Name(Last) i:/WORK/g03_top_IO/u_g03_soc/u_perips_top/u_bridge_xyh/u_protocol/byte_sel_mask_reg[2]

  Ref  DFF        Name(Last) r:/WORK/g03_top_IO/u_g03_soc/u_perips_top/u_bridge_xyh/u_protocol/ctrl_reg_reg[0]
  Impl DFF        Name(Last) i:/WORK/g03_top_IO/u_g03_soc/u_perips_top/u_bridge_xyh/u_protocol/ctrl_reg_reg[0]

  Ref  DFF        Name(Last) r:/WORK/g03_top_IO/u_g03_soc/u_perips_top/u_bridge_xyh/u_protocol/ctrl_reg_reg[1]
  Impl DFF        Name(Last) i:/WORK/g03_top_IO/u_g03_soc/u_perips_top/u_bridge_xyh/u_protocol/ctrl_reg_reg[1]

  Ref  DFF        Name(Last) r:/WORK/g03_top_IO/u_g03_soc/u_perips_top/u_bridge_xyh/u_protocol/ctrl_reg_reg[2]
  Impl DFF        Name(Last) i:/WORK/g03_top_IO/u_g03_soc/u_perips_top/u_bridge_xyh/u_protocol/ctrl_reg_reg[2]

  Ref  DFF        Name(Last) r:/WORK/g03_top_IO/u_g03_soc/u_perips_top/u_bridge_xyh/u_protocol/ctrl_reg_reg[3]
  Impl DFF        Name(Last) i:/WORK/g03_top_IO/u_g03_soc/u_perips_top/u_bridge_xyh/u_protocol/ctrl_reg_reg[3]

  Ref  DFF        Name(Last) r:/WORK/g03_top_IO/u_g03_soc/u_perips_top/u_bridge_xyh/u_protocol/ctrl_reg_reg[7]
  Impl DFF        Name(Last) i:/WORK/g03_top_IO/u_g03_soc/u_perips_top/u_bridge_xyh/u_protocol/ctrl_reg_reg[7]

  Ref  DFF        Name(Last) r:/WORK/g03_top_IO/u_g03_soc/u_perips_top/u_bridge_xyh/u_protocol/data_reg_reg[0]
  Impl DFF        Name(Last) i:/WORK/g03_top_IO/u_g03_soc/u_perips_top/u_bridge_xyh/u_protocol/data_reg_reg[0]

  Ref  DFF        Name(Last) r:/WORK/g03_top_IO/u_g03_soc/u_perips_top/u_bridge_xyh/u_protocol/data_reg_reg[10]
  Impl DFF        Name(Last) i:/WORK/g03_top_IO/u_g03_soc/u_perips_top/u_bridge_xyh/u_protocol/data_reg_reg[10]

  Ref  DFF        Name(Last) r:/WORK/g03_top_IO/u_g03_soc/u_perips_top/u_bridge_xyh/u_protocol/data_reg_reg[11]
  Impl DFF        Name(Last) i:/WORK/g03_top_IO/u_g03_soc/u_perips_top/u_bridge_xyh/u_protocol/data_reg_reg[11]

  Ref  DFF        Name(Last) r:/WORK/g03_top_IO/u_g03_soc/u_perips_top/u_bridge_xyh/u_protocol/data_reg_reg[12]
  Impl DFF        Name(Last) i:/WORK/g03_top_IO/u_g03_soc/u_perips_top/u_bridge_xyh/u_protocol/data_reg_reg[12]

  Ref  DFF        Name(Last) r:/WORK/g03_top_IO/u_g03_soc/u_perips_top/u_bridge_xyh/u_protocol/data_reg_reg[13]
  Impl DFF        Name(Last) i:/WORK/g03_top_IO/u_g03_soc/u_perips_top/u_bridge_xyh/u_protocol/data_reg_reg[13]

  Ref  DFF        Name(Last) r:/WORK/g03_top_IO/u_g03_soc/u_perips_top/u_bridge_xyh/u_protocol/data_reg_reg[14]
  Impl DFF        Name(Last) i:/WORK/g03_top_IO/u_g03_soc/u_perips_top/u_bridge_xyh/u_protocol/data_reg_reg[14]

  Ref  DFF        Name(Last) r:/WORK/g03_top_IO/u_g03_soc/u_perips_top/u_bridge_xyh/u_protocol/data_reg_reg[15]
  Impl DFF        Name(Last) i:/WORK/g03_top_IO/u_g03_soc/u_perips_top/u_bridge_xyh/u_protocol/data_reg_reg[15]

  Ref  DFF        Name(Last) r:/WORK/g03_top_IO/u_g03_soc/u_perips_top/u_bridge_xyh/u_protocol/data_reg_reg[16]
  Impl DFF        Name(Last) i:/WORK/g03_top_IO/u_g03_soc/u_perips_top/u_bridge_xyh/u_protocol/data_reg_reg[16]

  Ref  DFF        Name(Last) r:/WORK/g03_top_IO/u_g03_soc/u_perips_top/u_bridge_xyh/u_protocol/data_reg_reg[17]
  Impl DFF        Name(Last) i:/WORK/g03_top_IO/u_g03_soc/u_perips_top/u_bridge_xyh/u_protocol/data_reg_reg[17]

  Ref  DFF        Name(Last) r:/WORK/g03_top_IO/u_g03_soc/u_perips_top/u_bridge_xyh/u_protocol/data_reg_reg[18]
  Impl DFF        Name(Last) i:/WORK/g03_top_IO/u_g03_soc/u_perips_top/u_bridge_xyh/u_protocol/data_reg_reg[18]

  Ref  DFF        Name(Last) r:/WORK/g03_top_IO/u_g03_soc/u_perips_top/u_bridge_xyh/u_protocol/data_reg_reg[19]
  Impl DFF        Name(Last) i:/WORK/g03_top_IO/u_g03_soc/u_perips_top/u_bridge_xyh/u_protocol/data_reg_reg[19]

  Ref  DFF        Name(Last) r:/WORK/g03_top_IO/u_g03_soc/u_perips_top/u_bridge_xyh/u_protocol/data_reg_reg[1]
  Impl DFF        Name(Last) i:/WORK/g03_top_IO/u_g03_soc/u_perips_top/u_bridge_xyh/u_protocol/data_reg_reg[1]

  Ref  DFF        Name(Last) r:/WORK/g03_top_IO/u_g03_soc/u_perips_top/u_bridge_xyh/u_protocol/data_reg_reg[20]
  Impl DFF        Name(Last) i:/WORK/g03_top_IO/u_g03_soc/u_perips_top/u_bridge_xyh/u_protocol/data_reg_reg[20]

  Ref  DFF        Name(Last) r:/WORK/g03_top_IO/u_g03_soc/u_perips_top/u_bridge_xyh/u_protocol/data_reg_reg[21]
  Impl DFF        Name(Last) i:/WORK/g03_top_IO/u_g03_soc/u_perips_top/u_bridge_xyh/u_protocol/data_reg_reg[21]

  Ref  DFF        Name(Last) r:/WORK/g03_top_IO/u_g03_soc/u_perips_top/u_bridge_xyh/u_protocol/data_reg_reg[22]
  Impl DFF        Name(Last) i:/WORK/g03_top_IO/u_g03_soc/u_perips_top/u_bridge_xyh/u_protocol/data_reg_reg[22]

  Ref  DFF        Name(Last) r:/WORK/g03_top_IO/u_g03_soc/u_perips_top/u_bridge_xyh/u_protocol/data_reg_reg[23]
  Impl DFF        Name(Last) i:/WORK/g03_top_IO/u_g03_soc/u_perips_top/u_bridge_xyh/u_protocol/data_reg_reg[23]

  Ref  DFF        Name(Last) r:/WORK/g03_top_IO/u_g03_soc/u_perips_top/u_bridge_xyh/u_protocol/data_reg_reg[24]
  Impl DFF        Name(Last) i:/WORK/g03_top_IO/u_g03_soc/u_perips_top/u_bridge_xyh/u_protocol/data_reg_reg[24]

  Ref  DFF        Name(Last) r:/WORK/g03_top_IO/u_g03_soc/u_perips_top/u_bridge_xyh/u_protocol/data_reg_reg[25]
  Impl DFF        Name(Last) i:/WORK/g03_top_IO/u_g03_soc/u_perips_top/u_bridge_xyh/u_protocol/data_reg_reg[25]

  Ref  DFF        Name(Last) r:/WORK/g03_top_IO/u_g03_soc/u_perips_top/u_bridge_xyh/u_protocol/data_reg_reg[26]
  Impl DFF        Name(Last) i:/WORK/g03_top_IO/u_g03_soc/u_perips_top/u_bridge_xyh/u_protocol/data_reg_reg[26]

  Ref  DFF        Name(Last) r:/WORK/g03_top_IO/u_g03_soc/u_perips_top/u_bridge_xyh/u_protocol/data_reg_reg[27]
  Impl DFF        Name(Last) i:/WORK/g03_top_IO/u_g03_soc/u_perips_top/u_bridge_xyh/u_protocol/data_reg_reg[27]

  Ref  DFF        Name(Last) r:/WORK/g03_top_IO/u_g03_soc/u_perips_top/u_bridge_xyh/u_protocol/data_reg_reg[28]
  Impl DFF        Name(Last) i:/WORK/g03_top_IO/u_g03_soc/u_perips_top/u_bridge_xyh/u_protocol/data_reg_reg[28]

  Ref  DFF        Name(Last) r:/WORK/g03_top_IO/u_g03_soc/u_perips_top/u_bridge_xyh/u_protocol/data_reg_reg[29]
  Impl DFF        Name(Last) i:/WORK/g03_top_IO/u_g03_soc/u_perips_top/u_bridge_xyh/u_protocol/data_reg_reg[29]

  Ref  DFF        Name(Last) r:/WORK/g03_top_IO/u_g03_soc/u_perips_top/u_bridge_xyh/u_protocol/data_reg_reg[2]
  Impl DFF        Name(Last) i:/WORK/g03_top_IO/u_g03_soc/u_perips_top/u_bridge_xyh/u_protocol/data_reg_reg[2]

  Ref  DFF        Name(Last) r:/WORK/g03_top_IO/u_g03_soc/u_perips_top/u_bridge_xyh/u_protocol/data_reg_reg[30]
  Impl DFF        Name(Last) i:/WORK/g03_top_IO/u_g03_soc/u_perips_top/u_bridge_xyh/u_protocol/data_reg_reg[30]

  Ref  DFF        Name(Last) r:/WORK/g03_top_IO/u_g03_soc/u_perips_top/u_bridge_xyh/u_protocol/data_reg_reg[31]
  Impl DFF        Name(Last) i:/WORK/g03_top_IO/u_g03_soc/u_perips_top/u_bridge_xyh/u_protocol/data_reg_reg[31]

  Ref  DFF        Name(Last) r:/WORK/g03_top_IO/u_g03_soc/u_perips_top/u_bridge_xyh/u_protocol/data_reg_reg[3]
  Impl DFF        Name(Last) i:/WORK/g03_top_IO/u_g03_soc/u_perips_top/u_bridge_xyh/u_protocol/data_reg_reg[3]

  Ref  DFF        Name(Last) r:/WORK/g03_top_IO/u_g03_soc/u_perips_top/u_bridge_xyh/u_protocol/data_reg_reg[4]
  Impl DFF        Name(Last) i:/WORK/g03_top_IO/u_g03_soc/u_perips_top/u_bridge_xyh/u_protocol/data_reg_reg[4]

  Ref  DFF        Name(Last) r:/WORK/g03_top_IO/u_g03_soc/u_perips_top/u_bridge_xyh/u_protocol/data_reg_reg[5]
  Impl DFF        Name(Last) i:/WORK/g03_top_IO/u_g03_soc/u_perips_top/u_bridge_xyh/u_protocol/data_reg_reg[5]

  Ref  DFF        Name(Last) r:/WORK/g03_top_IO/u_g03_soc/u_perips_top/u_bridge_xyh/u_protocol/data_reg_reg[6]
  Impl DFF        Name(Last) i:/WORK/g03_top_IO/u_g03_soc/u_perips_top/u_bridge_xyh/u_protocol/data_reg_reg[6]

  Ref  DFF        Name(Last) r:/WORK/g03_top_IO/u_g03_soc/u_perips_top/u_bridge_xyh/u_protocol/data_reg_reg[7]
  Impl DFF        Name(Last) i:/WORK/g03_top_IO/u_g03_soc/u_perips_top/u_bridge_xyh/u_protocol/data_reg_reg[7]

  Ref  DFF        Name(Last) r:/WORK/g03_top_IO/u_g03_soc/u_perips_top/u_bridge_xyh/u_protocol/data_reg_reg[8]
  Impl DFF        Name(Last) i:/WORK/g03_top_IO/u_g03_soc/u_perips_top/u_bridge_xyh/u_protocol/data_reg_reg[8]

  Ref  DFF        Name(Last) r:/WORK/g03_top_IO/u_g03_soc/u_perips_top/u_bridge_xyh/u_protocol/data_reg_reg[9]
  Impl DFF        Name(Last) i:/WORK/g03_top_IO/u_g03_soc/u_perips_top/u_bridge_xyh/u_protocol/data_reg_reg[9]

  Ref  DFF        Name(Last) r:/WORK/g03_top_IO/u_g03_soc/u_perips_top/u_bridge_xyh/u_protocol/rx_data_reg_reg[0]
  Impl DFF        Name(Last) i:/WORK/g03_top_IO/u_g03_soc/u_perips_top/u_bridge_xyh/u_protocol/rx_data_reg_reg[0]

  Ref  DFF        Name(Last) r:/WORK/g03_top_IO/u_g03_soc/u_perips_top/u_bridge_xyh/u_protocol/rx_data_reg_reg[10]
  Impl DFF        Name(Last) i:/WORK/g03_top_IO/u_g03_soc/u_perips_top/u_bridge_xyh/u_protocol/rx_data_reg_reg[10]

  Ref  DFF        Name(Last) r:/WORK/g03_top_IO/u_g03_soc/u_perips_top/u_bridge_xyh/u_protocol/rx_data_reg_reg[11]
  Impl DFF        Name(Last) i:/WORK/g03_top_IO/u_g03_soc/u_perips_top/u_bridge_xyh/u_protocol/rx_data_reg_reg[11]

  Ref  DFF        Name(Last) r:/WORK/g03_top_IO/u_g03_soc/u_perips_top/u_bridge_xyh/u_protocol/rx_data_reg_reg[12]
  Impl DFF        Name(Last) i:/WORK/g03_top_IO/u_g03_soc/u_perips_top/u_bridge_xyh/u_protocol/rx_data_reg_reg[12]

  Ref  DFF        Name(Last) r:/WORK/g03_top_IO/u_g03_soc/u_perips_top/u_bridge_xyh/u_protocol/rx_data_reg_reg[13]
  Impl DFF        Name(Last) i:/WORK/g03_top_IO/u_g03_soc/u_perips_top/u_bridge_xyh/u_protocol/rx_data_reg_reg[13]

  Ref  DFF        Name(Last) r:/WORK/g03_top_IO/u_g03_soc/u_perips_top/u_bridge_xyh/u_protocol/rx_data_reg_reg[14]
  Impl DFF        Name(Last) i:/WORK/g03_top_IO/u_g03_soc/u_perips_top/u_bridge_xyh/u_protocol/rx_data_reg_reg[14]

  Ref  DFF        Name(Last) r:/WORK/g03_top_IO/u_g03_soc/u_perips_top/u_bridge_xyh/u_protocol/rx_data_reg_reg[15]
  Impl DFF        Name(Last) i:/WORK/g03_top_IO/u_g03_soc/u_perips_top/u_bridge_xyh/u_protocol/rx_data_reg_reg[15]

  Ref  DFF        Name(Last) r:/WORK/g03_top_IO/u_g03_soc/u_perips_top/u_bridge_xyh/u_protocol/rx_data_reg_reg[16]
  Impl DFF        Name(Last) i:/WORK/g03_top_IO/u_g03_soc/u_perips_top/u_bridge_xyh/u_protocol/rx_data_reg_reg[16]

  Ref  DFF        Name(Last) r:/WORK/g03_top_IO/u_g03_soc/u_perips_top/u_bridge_xyh/u_protocol/rx_data_reg_reg[17]
  Impl DFF        Name(Last) i:/WORK/g03_top_IO/u_g03_soc/u_perips_top/u_bridge_xyh/u_protocol/rx_data_reg_reg[17]

  Ref  DFF        Name(Last) r:/WORK/g03_top_IO/u_g03_soc/u_perips_top/u_bridge_xyh/u_protocol/rx_data_reg_reg[18]
  Impl DFF        Name(Last) i:/WORK/g03_top_IO/u_g03_soc/u_perips_top/u_bridge_xyh/u_protocol/rx_data_reg_reg[18]

  Ref  DFF        Name(Last) r:/WORK/g03_top_IO/u_g03_soc/u_perips_top/u_bridge_xyh/u_protocol/rx_data_reg_reg[19]
  Impl DFF        Name(Last) i:/WORK/g03_top_IO/u_g03_soc/u_perips_top/u_bridge_xyh/u_protocol/rx_data_reg_reg[19]

  Ref  DFF        Name(Last) r:/WORK/g03_top_IO/u_g03_soc/u_perips_top/u_bridge_xyh/u_protocol/rx_data_reg_reg[1]
  Impl DFF        Name(Last) i:/WORK/g03_top_IO/u_g03_soc/u_perips_top/u_bridge_xyh/u_protocol/rx_data_reg_reg[1]

  Ref  DFF        Name(Last) r:/WORK/g03_top_IO/u_g03_soc/u_perips_top/u_bridge_xyh/u_protocol/rx_data_reg_reg[20]
  Impl DFF        Name(Last) i:/WORK/g03_top_IO/u_g03_soc/u_perips_top/u_bridge_xyh/u_protocol/rx_data_reg_reg[20]

  Ref  DFF        Name(Last) r:/WORK/g03_top_IO/u_g03_soc/u_perips_top/u_bridge_xyh/u_protocol/rx_data_reg_reg[21]
  Impl DFF        Name(Last) i:/WORK/g03_top_IO/u_g03_soc/u_perips_top/u_bridge_xyh/u_protocol/rx_data_reg_reg[21]

  Ref  DFF        Name(Last) r:/WORK/g03_top_IO/u_g03_soc/u_perips_top/u_bridge_xyh/u_protocol/rx_data_reg_reg[22]
  Impl DFF        Name(Last) i:/WORK/g03_top_IO/u_g03_soc/u_perips_top/u_bridge_xyh/u_protocol/rx_data_reg_reg[22]

  Ref  DFF        Name(Last) r:/WORK/g03_top_IO/u_g03_soc/u_perips_top/u_bridge_xyh/u_protocol/rx_data_reg_reg[23]
  Impl DFF        Name(Last) i:/WORK/g03_top_IO/u_g03_soc/u_perips_top/u_bridge_xyh/u_protocol/rx_data_reg_reg[23]

  Ref  DFF        Name(Last) r:/WORK/g03_top_IO/u_g03_soc/u_perips_top/u_bridge_xyh/u_protocol/rx_data_reg_reg[2]
  Impl DFF        Name(Last) i:/WORK/g03_top_IO/u_g03_soc/u_perips_top/u_bridge_xyh/u_protocol/rx_data_reg_reg[2]

  Ref  DFF        Name(Last) r:/WORK/g03_top_IO/u_g03_soc/u_perips_top/u_bridge_xyh/u_protocol/rx_data_reg_reg[3]
  Impl DFF        Name(Last) i:/WORK/g03_top_IO/u_g03_soc/u_perips_top/u_bridge_xyh/u_protocol/rx_data_reg_reg[3]

  Ref  DFF        Name(Last) r:/WORK/g03_top_IO/u_g03_soc/u_perips_top/u_bridge_xyh/u_protocol/rx_data_reg_reg[4]
  Impl DFF        Name(Last) i:/WORK/g03_top_IO/u_g03_soc/u_perips_top/u_bridge_xyh/u_protocol/rx_data_reg_reg[4]

  Ref  DFF        Name(Last) r:/WORK/g03_top_IO/u_g03_soc/u_perips_top/u_bridge_xyh/u_protocol/rx_data_reg_reg[5]
  Impl DFF        Name(Last) i:/WORK/g03_top_IO/u_g03_soc/u_perips_top/u_bridge_xyh/u_protocol/rx_data_reg_reg[5]

  Ref  DFF        Name(Last) r:/WORK/g03_top_IO/u_g03_soc/u_perips_top/u_bridge_xyh/u_protocol/rx_data_reg_reg[6]
  Impl DFF        Name(Last) i:/WORK/g03_top_IO/u_g03_soc/u_perips_top/u_bridge_xyh/u_protocol/rx_data_reg_reg[6]

  Ref  DFF        Name(Last) r:/WORK/g03_top_IO/u_g03_soc/u_perips_top/u_bridge_xyh/u_protocol/rx_data_reg_reg[7]
  Impl DFF        Name(Last) i:/WORK/g03_top_IO/u_g03_soc/u_perips_top/u_bridge_xyh/u_protocol/rx_data_reg_reg[7]

  Ref  DFF        Name(Last) r:/WORK/g03_top_IO/u_g03_soc/u_perips_top/u_bridge_xyh/u_protocol/rx_data_reg_reg[8]
  Impl DFF        Name(Last) i:/WORK/g03_top_IO/u_g03_soc/u_perips_top/u_bridge_xyh/u_protocol/rx_data_reg_reg[8]

  Ref  DFF        Name(Last) r:/WORK/g03_top_IO/u_g03_soc/u_perips_top/u_bridge_xyh/u_protocol/rx_data_reg_reg[9]
  Impl DFF        Name(Last) i:/WORK/g03_top_IO/u_g03_soc/u_perips_top/u_bridge_xyh/u_protocol/rx_data_reg_reg[9]

  Ref  DFF        Name(Last) r:/WORK/g03_top_IO/u_g03_soc/u_perips_top/u_bridge_xyh/u_protocol/state_reg[0]
  Impl DFF        Name(Last) i:/WORK/g03_top_IO/u_g03_soc/u_perips_top/u_bridge_xyh/u_protocol/state_reg[0]

  Ref  DFF        Name(Last) r:/WORK/g03_top_IO/u_g03_soc/u_perips_top/u_bridge_xyh/u_protocol/state_reg[1]
  Impl DFF        Name(Last) i:/WORK/g03_top_IO/u_g03_soc/u_perips_top/u_bridge_xyh/u_protocol/state_reg[1]

  Ref  DFF        Name(Last) r:/WORK/g03_top_IO/u_g03_soc/u_perips_top/u_bridge_xyh/u_protocol/transfer_busy_reg
  Impl DFF        Name(Last) i:/WORK/g03_top_IO/u_g03_soc/u_perips_top/u_bridge_xyh/u_protocol/transfer_busy_reg

  Ref  DFF        Name(Last) r:/WORK/g03_top_IO/u_g03_soc/u_perips_top/u_bridge_xzr/addr_r_reg[0]
  Impl DFF        Name(Last) i:/WORK/g03_top_IO/u_g03_soc/u_perips_top/u_bridge_xzr/addr_r_reg[0]

  Ref  DFF        Name(Last) r:/WORK/g03_top_IO/u_g03_soc/u_perips_top/u_bridge_xzr/addr_r_reg[1]
  Impl DFF        Name(Last) i:/WORK/g03_top_IO/u_g03_soc/u_perips_top/u_bridge_xzr/addr_r_reg[1]

  Ref  DFF        Name(Last) r:/WORK/g03_top_IO/u_g03_soc/u_perips_top/u_bridge_xzr/addr_r_reg[2]
  Impl DFF        Name(Last) i:/WORK/g03_top_IO/u_g03_soc/u_perips_top/u_bridge_xzr/addr_r_reg[2]

  Ref  DFF        Name(Last) r:/WORK/g03_top_IO/u_g03_soc/u_perips_top/u_bridge_xzr/addr_r_reg[3]
  Impl DFF        Name(Last) i:/WORK/g03_top_IO/u_g03_soc/u_perips_top/u_bridge_xzr/addr_r_reg[3]

  Ref  DFF        Name(Last) r:/WORK/g03_top_IO/u_g03_soc/u_perips_top/u_bridge_xzr/addr_r_reg[4]
  Impl DFF        Name(Last) i:/WORK/g03_top_IO/u_g03_soc/u_perips_top/u_bridge_xzr/addr_r_reg[4]

  Ref  DFF        Name(Last) r:/WORK/g03_top_IO/u_g03_soc/u_perips_top/u_bridge_xzr/addr_r_reg[5]
  Impl DFF        Name(Last) i:/WORK/g03_top_IO/u_g03_soc/u_perips_top/u_bridge_xzr/addr_r_reg[5]

  Ref  DFF        Name(Last) r:/WORK/g03_top_IO/u_g03_soc/u_perips_top/u_bridge_xzr/addr_r_reg[6]
  Impl DFF        Name(Last) i:/WORK/g03_top_IO/u_g03_soc/u_perips_top/u_bridge_xzr/addr_r_reg[6]

  Ref  DFF        Name(Last) r:/WORK/g03_top_IO/u_g03_soc/u_perips_top/u_bridge_xzr/addr_r_reg[7]
  Impl DFF        Name(Last) i:/WORK/g03_top_IO/u_g03_soc/u_perips_top/u_bridge_xzr/addr_r_reg[7]

  Ref  DFF        Name(Last) r:/WORK/g03_top_IO/u_g03_soc/u_perips_top/u_bridge_xzr/owner_ram_r_reg
  Impl DFF        Name(Last) i:/WORK/g03_top_IO/u_g03_soc/u_perips_top/u_bridge_xzr/owner_ram_r_reg

  Ref  DFF        Name(Last) r:/WORK/g03_top_IO/u_g03_soc/u_perips_top/u_bridge_xzr/rdata_r_reg[0]
  Impl DFF        Name(Last) i:/WORK/g03_top_IO/u_g03_soc/u_perips_top/u_bridge_xzr/rdata_r_reg[0]

  Ref  DFF        Name(Last) r:/WORK/g03_top_IO/u_g03_soc/u_perips_top/u_bridge_xzr/rdata_r_reg[10]
  Impl DFF        Name(Last) i:/WORK/g03_top_IO/u_g03_soc/u_perips_top/u_bridge_xzr/rdata_r_reg[10]

  Ref  DFF        Name(Last) r:/WORK/g03_top_IO/u_g03_soc/u_perips_top/u_bridge_xzr/rdata_r_reg[11]
  Impl DFF        Name(Last) i:/WORK/g03_top_IO/u_g03_soc/u_perips_top/u_bridge_xzr/rdata_r_reg[11]

  Ref  DFF        Name(Last) r:/WORK/g03_top_IO/u_g03_soc/u_perips_top/u_bridge_xzr/rdata_r_reg[12]
  Impl DFF        Name(Last) i:/WORK/g03_top_IO/u_g03_soc/u_perips_top/u_bridge_xzr/rdata_r_reg[12]

  Ref  DFF        Name(Last) r:/WORK/g03_top_IO/u_g03_soc/u_perips_top/u_bridge_xzr/rdata_r_reg[13]
  Impl DFF        Name(Last) i:/WORK/g03_top_IO/u_g03_soc/u_perips_top/u_bridge_xzr/rdata_r_reg[13]

  Ref  DFF        Name(Last) r:/WORK/g03_top_IO/u_g03_soc/u_perips_top/u_bridge_xzr/rdata_r_reg[14]
  Impl DFF        Name(Last) i:/WORK/g03_top_IO/u_g03_soc/u_perips_top/u_bridge_xzr/rdata_r_reg[14]

  Ref  DFF        Name(Last) r:/WORK/g03_top_IO/u_g03_soc/u_perips_top/u_bridge_xzr/rdata_r_reg[15]
  Impl DFF        Name(Last) i:/WORK/g03_top_IO/u_g03_soc/u_perips_top/u_bridge_xzr/rdata_r_reg[15]

  Ref  DFF        Name(Last) r:/WORK/g03_top_IO/u_g03_soc/u_perips_top/u_bridge_xzr/rdata_r_reg[16]
  Impl DFF        Name(Last) i:/WORK/g03_top_IO/u_g03_soc/u_perips_top/u_bridge_xzr/rdata_r_reg[16]

  Ref  DFF        Name(Last) r:/WORK/g03_top_IO/u_g03_soc/u_perips_top/u_bridge_xzr/rdata_r_reg[17]
  Impl DFF        Name(Last) i:/WORK/g03_top_IO/u_g03_soc/u_perips_top/u_bridge_xzr/rdata_r_reg[17]

  Ref  DFF        Name(Last) r:/WORK/g03_top_IO/u_g03_soc/u_perips_top/u_bridge_xzr/rdata_r_reg[18]
  Impl DFF        Name(Last) i:/WORK/g03_top_IO/u_g03_soc/u_perips_top/u_bridge_xzr/rdata_r_reg[18]

  Ref  DFF        Name(Last) r:/WORK/g03_top_IO/u_g03_soc/u_perips_top/u_bridge_xzr/rdata_r_reg[19]
  Impl DFF        Name(Last) i:/WORK/g03_top_IO/u_g03_soc/u_perips_top/u_bridge_xzr/rdata_r_reg[19]

  Ref  DFF        Name(Last) r:/WORK/g03_top_IO/u_g03_soc/u_perips_top/u_bridge_xzr/rdata_r_reg[1]
  Impl DFF        Name(Last) i:/WORK/g03_top_IO/u_g03_soc/u_perips_top/u_bridge_xzr/rdata_r_reg[1]

  Ref  DFF        Name(Last) r:/WORK/g03_top_IO/u_g03_soc/u_perips_top/u_bridge_xzr/rdata_r_reg[20]
  Impl DFF        Name(Last) i:/WORK/g03_top_IO/u_g03_soc/u_perips_top/u_bridge_xzr/rdata_r_reg[20]

  Ref  DFF        Name(Last) r:/WORK/g03_top_IO/u_g03_soc/u_perips_top/u_bridge_xzr/rdata_r_reg[21]
  Impl DFF        Name(Last) i:/WORK/g03_top_IO/u_g03_soc/u_perips_top/u_bridge_xzr/rdata_r_reg[21]

  Ref  DFF        Name(Last) r:/WORK/g03_top_IO/u_g03_soc/u_perips_top/u_bridge_xzr/rdata_r_reg[22]
  Impl DFF        Name(Last) i:/WORK/g03_top_IO/u_g03_soc/u_perips_top/u_bridge_xzr/rdata_r_reg[22]

  Ref  DFF        Name(Last) r:/WORK/g03_top_IO/u_g03_soc/u_perips_top/u_bridge_xzr/rdata_r_reg[23]
  Impl DFF        Name(Last) i:/WORK/g03_top_IO/u_g03_soc/u_perips_top/u_bridge_xzr/rdata_r_reg[23]

  Ref  DFF        Name(Last) r:/WORK/g03_top_IO/u_g03_soc/u_perips_top/u_bridge_xzr/rdata_r_reg[24]
  Impl DFF        Name(Last) i:/WORK/g03_top_IO/u_g03_soc/u_perips_top/u_bridge_xzr/rdata_r_reg[24]

  Ref  DFF        Name(Last) r:/WORK/g03_top_IO/u_g03_soc/u_perips_top/u_bridge_xzr/rdata_r_reg[25]
  Impl DFF        Name(Last) i:/WORK/g03_top_IO/u_g03_soc/u_perips_top/u_bridge_xzr/rdata_r_reg[25]

  Ref  DFF        Name(Last) r:/WORK/g03_top_IO/u_g03_soc/u_perips_top/u_bridge_xzr/rdata_r_reg[26]
  Impl DFF        Name(Last) i:/WORK/g03_top_IO/u_g03_soc/u_perips_top/u_bridge_xzr/rdata_r_reg[26]

  Ref  DFF        Name(Last) r:/WORK/g03_top_IO/u_g03_soc/u_perips_top/u_bridge_xzr/rdata_r_reg[27]
  Impl DFF        Name(Last) i:/WORK/g03_top_IO/u_g03_soc/u_perips_top/u_bridge_xzr/rdata_r_reg[27]

  Ref  DFF        Name(Last) r:/WORK/g03_top_IO/u_g03_soc/u_perips_top/u_bridge_xzr/rdata_r_reg[28]
  Impl DFF        Name(Last) i:/WORK/g03_top_IO/u_g03_soc/u_perips_top/u_bridge_xzr/rdata_r_reg[28]

  Ref  DFF        Name(Last) r:/WORK/g03_top_IO/u_g03_soc/u_perips_top/u_bridge_xzr/rdata_r_reg[29]
  Impl DFF        Name(Last) i:/WORK/g03_top_IO/u_g03_soc/u_perips_top/u_bridge_xzr/rdata_r_reg[29]

  Ref  DFF        Name(Last) r:/WORK/g03_top_IO/u_g03_soc/u_perips_top/u_bridge_xzr/rdata_r_reg[2]
  Impl DFF        Name(Last) i:/WORK/g03_top_IO/u_g03_soc/u_perips_top/u_bridge_xzr/rdata_r_reg[2]

  Ref  DFF        Name(Last) r:/WORK/g03_top_IO/u_g03_soc/u_perips_top/u_bridge_xzr/rdata_r_reg[30]
  Impl DFF        Name(Last) i:/WORK/g03_top_IO/u_g03_soc/u_perips_top/u_bridge_xzr/rdata_r_reg[30]

  Ref  DFF        Name(Last) r:/WORK/g03_top_IO/u_g03_soc/u_perips_top/u_bridge_xzr/rdata_r_reg[31]
  Impl DFF        Name(Last) i:/WORK/g03_top_IO/u_g03_soc/u_perips_top/u_bridge_xzr/rdata_r_reg[31]

  Ref  DFF        Name(Last) r:/WORK/g03_top_IO/u_g03_soc/u_perips_top/u_bridge_xzr/rdata_r_reg[3]
  Impl DFF        Name(Last) i:/WORK/g03_top_IO/u_g03_soc/u_perips_top/u_bridge_xzr/rdata_r_reg[3]

  Ref  DFF        Name(Last) r:/WORK/g03_top_IO/u_g03_soc/u_perips_top/u_bridge_xzr/rdata_r_reg[4]
  Impl DFF        Name(Last) i:/WORK/g03_top_IO/u_g03_soc/u_perips_top/u_bridge_xzr/rdata_r_reg[4]

  Ref  DFF        Name(Last) r:/WORK/g03_top_IO/u_g03_soc/u_perips_top/u_bridge_xzr/rdata_r_reg[5]
  Impl DFF        Name(Last) i:/WORK/g03_top_IO/u_g03_soc/u_perips_top/u_bridge_xzr/rdata_r_reg[5]

  Ref  DFF        Name(Last) r:/WORK/g03_top_IO/u_g03_soc/u_perips_top/u_bridge_xzr/rdata_r_reg[6]
  Impl DFF        Name(Last) i:/WORK/g03_top_IO/u_g03_soc/u_perips_top/u_bridge_xzr/rdata_r_reg[6]

  Ref  DFF        Name(Last) r:/WORK/g03_top_IO/u_g03_soc/u_perips_top/u_bridge_xzr/rdata_r_reg[7]
  Impl DFF        Name(Last) i:/WORK/g03_top_IO/u_g03_soc/u_perips_top/u_bridge_xzr/rdata_r_reg[7]

  Ref  DFF        Name(Last) r:/WORK/g03_top_IO/u_g03_soc/u_perips_top/u_bridge_xzr/rdata_r_reg[8]
  Impl DFF        Name(Last) i:/WORK/g03_top_IO/u_g03_soc/u_perips_top/u_bridge_xzr/rdata_r_reg[8]

  Ref  DFF        Name(Last) r:/WORK/g03_top_IO/u_g03_soc/u_perips_top/u_bridge_xzr/rdata_r_reg[9]
  Impl DFF        Name(Last) i:/WORK/g03_top_IO/u_g03_soc/u_perips_top/u_bridge_xzr/rdata_r_reg[9]

  Ref  DFF        Name(Last) r:/WORK/g03_top_IO/u_g03_soc/u_perips_top/u_bridge_xzr/state_reg[0]
  Impl DFF        Name(Last) i:/WORK/g03_top_IO/u_g03_soc/u_perips_top/u_bridge_xzr/state_reg[0]

  Ref  DFF        Name(Last) r:/WORK/g03_top_IO/u_g03_soc/u_perips_top/u_bridge_xzr/state_reg[1]
  Impl DFF        Name(Last) i:/WORK/g03_top_IO/u_g03_soc/u_perips_top/u_bridge_xzr/state_reg[1]

  Ref  DFF        Name(Last) r:/WORK/g03_top_IO/u_g03_soc/u_perips_top/u_bridge_xzr/state_reg[2]
  Impl DFF        Name(Last) i:/WORK/g03_top_IO/u_g03_soc/u_perips_top/u_bridge_xzr/state_reg[2]

  Ref  DFF        Name(Last) r:/WORK/g03_top_IO/u_g03_soc/u_perips_top/u_bridge_xzr/wdata_r_reg[0]
  Impl DFF        Name(Last) i:/WORK/g03_top_IO/u_g03_soc/u_perips_top/u_bridge_xzr/wdata_r_reg[0]

  Ref  DFF        Name(Last) r:/WORK/g03_top_IO/u_g03_soc/u_perips_top/u_bridge_xzr/wdata_r_reg[10]
  Impl DFF        Name(Last) i:/WORK/g03_top_IO/u_g03_soc/u_perips_top/u_bridge_xzr/wdata_r_reg[10]

  Ref  DFF        Name(Last) r:/WORK/g03_top_IO/u_g03_soc/u_perips_top/u_bridge_xzr/wdata_r_reg[11]
  Impl DFF        Name(Last) i:/WORK/g03_top_IO/u_g03_soc/u_perips_top/u_bridge_xzr/wdata_r_reg[11]

  Ref  DFF        Name(Last) r:/WORK/g03_top_IO/u_g03_soc/u_perips_top/u_bridge_xzr/wdata_r_reg[12]
  Impl DFF        Name(Last) i:/WORK/g03_top_IO/u_g03_soc/u_perips_top/u_bridge_xzr/wdata_r_reg[12]

  Ref  DFF        Name(Last) r:/WORK/g03_top_IO/u_g03_soc/u_perips_top/u_bridge_xzr/wdata_r_reg[13]
  Impl DFF        Name(Last) i:/WORK/g03_top_IO/u_g03_soc/u_perips_top/u_bridge_xzr/wdata_r_reg[13]

  Ref  DFF        Name(Last) r:/WORK/g03_top_IO/u_g03_soc/u_perips_top/u_bridge_xzr/wdata_r_reg[14]
  Impl DFF        Name(Last) i:/WORK/g03_top_IO/u_g03_soc/u_perips_top/u_bridge_xzr/wdata_r_reg[14]

  Ref  DFF        Name(Last) r:/WORK/g03_top_IO/u_g03_soc/u_perips_top/u_bridge_xzr/wdata_r_reg[15]
  Impl DFF        Name(Last) i:/WORK/g03_top_IO/u_g03_soc/u_perips_top/u_bridge_xzr/wdata_r_reg[15]

  Ref  DFF        Name(Last) r:/WORK/g03_top_IO/u_g03_soc/u_perips_top/u_bridge_xzr/wdata_r_reg[16]
  Impl DFF        Name(Last) i:/WORK/g03_top_IO/u_g03_soc/u_perips_top/u_bridge_xzr/wdata_r_reg[16]

  Ref  DFF        Name(Last) r:/WORK/g03_top_IO/u_g03_soc/u_perips_top/u_bridge_xzr/wdata_r_reg[17]
  Impl DFF        Name(Last) i:/WORK/g03_top_IO/u_g03_soc/u_perips_top/u_bridge_xzr/wdata_r_reg[17]

  Ref  DFF        Name(Last) r:/WORK/g03_top_IO/u_g03_soc/u_perips_top/u_bridge_xzr/wdata_r_reg[18]
  Impl DFF        Name(Last) i:/WORK/g03_top_IO/u_g03_soc/u_perips_top/u_bridge_xzr/wdata_r_reg[18]

  Ref  DFF        Name(Last) r:/WORK/g03_top_IO/u_g03_soc/u_perips_top/u_bridge_xzr/wdata_r_reg[19]
  Impl DFF        Name(Last) i:/WORK/g03_top_IO/u_g03_soc/u_perips_top/u_bridge_xzr/wdata_r_reg[19]

  Ref  DFF        Name(Last) r:/WORK/g03_top_IO/u_g03_soc/u_perips_top/u_bridge_xzr/wdata_r_reg[1]
  Impl DFF        Name(Last) i:/WORK/g03_top_IO/u_g03_soc/u_perips_top/u_bridge_xzr/wdata_r_reg[1]

  Ref  DFF        Name(Last) r:/WORK/g03_top_IO/u_g03_soc/u_perips_top/u_bridge_xzr/wdata_r_reg[20]
  Impl DFF        Name(Last) i:/WORK/g03_top_IO/u_g03_soc/u_perips_top/u_bridge_xzr/wdata_r_reg[20]

  Ref  DFF        Name(Last) r:/WORK/g03_top_IO/u_g03_soc/u_perips_top/u_bridge_xzr/wdata_r_reg[21]
  Impl DFF        Name(Last) i:/WORK/g03_top_IO/u_g03_soc/u_perips_top/u_bridge_xzr/wdata_r_reg[21]

  Ref  DFF        Name(Last) r:/WORK/g03_top_IO/u_g03_soc/u_perips_top/u_bridge_xzr/wdata_r_reg[22]
  Impl DFF        Name(Last) i:/WORK/g03_top_IO/u_g03_soc/u_perips_top/u_bridge_xzr/wdata_r_reg[22]

  Ref  DFF        Name(Last) r:/WORK/g03_top_IO/u_g03_soc/u_perips_top/u_bridge_xzr/wdata_r_reg[23]
  Impl DFF        Name(Last) i:/WORK/g03_top_IO/u_g03_soc/u_perips_top/u_bridge_xzr/wdata_r_reg[23]

  Ref  DFF        Name(Last) r:/WORK/g03_top_IO/u_g03_soc/u_perips_top/u_bridge_xzr/wdata_r_reg[24]
  Impl DFF        Name(Last) i:/WORK/g03_top_IO/u_g03_soc/u_perips_top/u_bridge_xzr/wdata_r_reg[24]

  Ref  DFF        Name(Last) r:/WORK/g03_top_IO/u_g03_soc/u_perips_top/u_bridge_xzr/wdata_r_reg[25]
  Impl DFF        Name(Last) i:/WORK/g03_top_IO/u_g03_soc/u_perips_top/u_bridge_xzr/wdata_r_reg[25]

  Ref  DFF        Name(Last) r:/WORK/g03_top_IO/u_g03_soc/u_perips_top/u_bridge_xzr/wdata_r_reg[26]
  Impl DFF        Name(Last) i:/WORK/g03_top_IO/u_g03_soc/u_perips_top/u_bridge_xzr/wdata_r_reg[26]

  Ref  DFF        Name(Last) r:/WORK/g03_top_IO/u_g03_soc/u_perips_top/u_bridge_xzr/wdata_r_reg[27]
  Impl DFF        Name(Last) i:/WORK/g03_top_IO/u_g03_soc/u_perips_top/u_bridge_xzr/wdata_r_reg[27]

  Ref  DFF        Name(Last) r:/WORK/g03_top_IO/u_g03_soc/u_perips_top/u_bridge_xzr/wdata_r_reg[28]
  Impl DFF        Name(Last) i:/WORK/g03_top_IO/u_g03_soc/u_perips_top/u_bridge_xzr/wdata_r_reg[28]

  Ref  DFF        Name(Last) r:/WORK/g03_top_IO/u_g03_soc/u_perips_top/u_bridge_xzr/wdata_r_reg[29]
  Impl DFF        Name(Last) i:/WORK/g03_top_IO/u_g03_soc/u_perips_top/u_bridge_xzr/wdata_r_reg[29]

  Ref  DFF        Name(Last) r:/WORK/g03_top_IO/u_g03_soc/u_perips_top/u_bridge_xzr/wdata_r_reg[2]
  Impl DFF        Name(Last) i:/WORK/g03_top_IO/u_g03_soc/u_perips_top/u_bridge_xzr/wdata_r_reg[2]

  Ref  DFF        Name(Last) r:/WORK/g03_top_IO/u_g03_soc/u_perips_top/u_bridge_xzr/wdata_r_reg[30]
  Impl DFF        Name(Last) i:/WORK/g03_top_IO/u_g03_soc/u_perips_top/u_bridge_xzr/wdata_r_reg[30]

  Ref  DFF        Name(Last) r:/WORK/g03_top_IO/u_g03_soc/u_perips_top/u_bridge_xzr/wdata_r_reg[31]
  Impl DFF        Name(Last) i:/WORK/g03_top_IO/u_g03_soc/u_perips_top/u_bridge_xzr/wdata_r_reg[31]

  Ref  DFF        Name(Last) r:/WORK/g03_top_IO/u_g03_soc/u_perips_top/u_bridge_xzr/wdata_r_reg[3]
  Impl DFF        Name(Last) i:/WORK/g03_top_IO/u_g03_soc/u_perips_top/u_bridge_xzr/wdata_r_reg[3]

  Ref  DFF        Name(Last) r:/WORK/g03_top_IO/u_g03_soc/u_perips_top/u_bridge_xzr/wdata_r_reg[4]
  Impl DFF        Name(Last) i:/WORK/g03_top_IO/u_g03_soc/u_perips_top/u_bridge_xzr/wdata_r_reg[4]

  Ref  DFF        Name(Last) r:/WORK/g03_top_IO/u_g03_soc/u_perips_top/u_bridge_xzr/wdata_r_reg[5]
  Impl DFF        Name(Last) i:/WORK/g03_top_IO/u_g03_soc/u_perips_top/u_bridge_xzr/wdata_r_reg[5]

  Ref  DFF        Name(Last) r:/WORK/g03_top_IO/u_g03_soc/u_perips_top/u_bridge_xzr/wdata_r_reg[6]
  Impl DFF        Name(Last) i:/WORK/g03_top_IO/u_g03_soc/u_perips_top/u_bridge_xzr/wdata_r_reg[6]

  Ref  DFF        Name(Last) r:/WORK/g03_top_IO/u_g03_soc/u_perips_top/u_bridge_xzr/wdata_r_reg[7]
  Impl DFF        Name(Last) i:/WORK/g03_top_IO/u_g03_soc/u_perips_top/u_bridge_xzr/wdata_r_reg[7]

  Ref  DFF        Name(Last) r:/WORK/g03_top_IO/u_g03_soc/u_perips_top/u_bridge_xzr/wdata_r_reg[8]
  Impl DFF        Name(Last) i:/WORK/g03_top_IO/u_g03_soc/u_perips_top/u_bridge_xzr/wdata_r_reg[8]

  Ref  DFF        Name(Last) r:/WORK/g03_top_IO/u_g03_soc/u_perips_top/u_bridge_xzr/wdata_r_reg[9]
  Impl DFF        Name(Last) i:/WORK/g03_top_IO/u_g03_soc/u_perips_top/u_bridge_xzr/wdata_r_reg[9]

  Ref  DFF        Name(Last) r:/WORK/g03_top_IO/u_g03_soc/u_perips_top/u_bridge_xzr/we_r_reg
  Impl DFF        Name(Last) i:/WORK/g03_top_IO/u_g03_soc/u_perips_top/u_bridge_xzr/we_r_reg

  Ref  DFF        Name(Last) r:/WORK/g03_top_IO/u_g03_soc/u_perips_top/u_i2c/bit_cnt_reg[0]
  Impl DFF        Name(Last) i:/WORK/g03_top_IO/u_g03_soc/u_perips_top/u_i2c/bit_cnt_reg[0]

  Ref  DFF        Name(Last) r:/WORK/g03_top_IO/u_g03_soc/u_perips_top/u_i2c/bit_cnt_reg[1]
  Impl DFF        Name(Last) i:/WORK/g03_top_IO/u_g03_soc/u_perips_top/u_i2c/bit_cnt_reg[1]

  Ref  DFF        Name(Last) r:/WORK/g03_top_IO/u_g03_soc/u_perips_top/u_i2c/bit_cnt_reg[2]
  Impl DFF        Name(Last) i:/WORK/g03_top_IO/u_g03_soc/u_perips_top/u_i2c/bit_cnt_reg[2]

  Ref  DFF        Name(Last) r:/WORK/g03_top_IO/u_g03_soc/u_perips_top/u_i2c/data_o_reg[0]
  Impl DFF        Name(Last) i:/WORK/g03_top_IO/u_g03_soc/u_perips_top/u_i2c/data_o_reg[0]

  Ref  DFF        Name(Last) r:/WORK/g03_top_IO/u_g03_soc/u_perips_top/u_i2c/data_o_reg[10]
  Impl DFF        Name(Last) i:/WORK/g03_top_IO/u_g03_soc/u_perips_top/u_i2c/data_o_reg[10]

  Ref  DFF        Name(Last) r:/WORK/g03_top_IO/u_g03_soc/u_perips_top/u_i2c/data_o_reg[11]
  Impl DFF        Name(Last) i:/WORK/g03_top_IO/u_g03_soc/u_perips_top/u_i2c/data_o_reg[11]

  Ref  DFF        Name(Last) r:/WORK/g03_top_IO/u_g03_soc/u_perips_top/u_i2c/data_o_reg[12]
  Impl DFF        Name(Last) i:/WORK/g03_top_IO/u_g03_soc/u_perips_top/u_i2c/data_o_reg[12]

  Ref  DFF        Name(Last) r:/WORK/g03_top_IO/u_g03_soc/u_perips_top/u_i2c/data_o_reg[13]
  Impl DFF        Name(Last) i:/WORK/g03_top_IO/u_g03_soc/u_perips_top/u_i2c/data_o_reg[13]

  Ref  DFF        Name(Last) r:/WORK/g03_top_IO/u_g03_soc/u_perips_top/u_i2c/data_o_reg[14]
  Impl DFF        Name(Last) i:/WORK/g03_top_IO/u_g03_soc/u_perips_top/u_i2c/data_o_reg[14]

  Ref  DFF        Name(Last) r:/WORK/g03_top_IO/u_g03_soc/u_perips_top/u_i2c/data_o_reg[15]
  Impl DFF        Name(Last) i:/WORK/g03_top_IO/u_g03_soc/u_perips_top/u_i2c/data_o_reg[15]

  Ref  DFF        Name(Last) r:/WORK/g03_top_IO/u_g03_soc/u_perips_top/u_i2c/data_o_reg[16]
  Impl DFF        Name(Last) i:/WORK/g03_top_IO/u_g03_soc/u_perips_top/u_i2c/data_o_reg[16]

  Ref  DFF        Name(Last) r:/WORK/g03_top_IO/u_g03_soc/u_perips_top/u_i2c/data_o_reg[17]
  Impl DFF        Name(Last) i:/WORK/g03_top_IO/u_g03_soc/u_perips_top/u_i2c/data_o_reg[17]

  Ref  DFF        Name(Last) r:/WORK/g03_top_IO/u_g03_soc/u_perips_top/u_i2c/data_o_reg[18]
  Impl DFF        Name(Last) i:/WORK/g03_top_IO/u_g03_soc/u_perips_top/u_i2c/data_o_reg[18]

  Ref  DFF        Name(Last) r:/WORK/g03_top_IO/u_g03_soc/u_perips_top/u_i2c/data_o_reg[19]
  Impl DFF        Name(Last) i:/WORK/g03_top_IO/u_g03_soc/u_perips_top/u_i2c/data_o_reg[19]

  Ref  DFF        Name(Last) r:/WORK/g03_top_IO/u_g03_soc/u_perips_top/u_i2c/data_o_reg[1]
  Impl DFF        Name(Last) i:/WORK/g03_top_IO/u_g03_soc/u_perips_top/u_i2c/data_o_reg[1]

  Ref  DFF        Name(Last) r:/WORK/g03_top_IO/u_g03_soc/u_perips_top/u_i2c/data_o_reg[20]
  Impl DFF        Name(Last) i:/WORK/g03_top_IO/u_g03_soc/u_perips_top/u_i2c/data_o_reg[20]

  Ref  DFF        Name(Last) r:/WORK/g03_top_IO/u_g03_soc/u_perips_top/u_i2c/data_o_reg[21]
  Impl DFF        Name(Last) i:/WORK/g03_top_IO/u_g03_soc/u_perips_top/u_i2c/data_o_reg[21]

  Ref  DFF        Name(Last) r:/WORK/g03_top_IO/u_g03_soc/u_perips_top/u_i2c/data_o_reg[22]
  Impl DFF        Name(Last) i:/WORK/g03_top_IO/u_g03_soc/u_perips_top/u_i2c/data_o_reg[22]

  Ref  DFF        Name(Last) r:/WORK/g03_top_IO/u_g03_soc/u_perips_top/u_i2c/data_o_reg[23]
  Impl DFF        Name(Last) i:/WORK/g03_top_IO/u_g03_soc/u_perips_top/u_i2c/data_o_reg[23]

  Ref  DFF        Name(Last) r:/WORK/g03_top_IO/u_g03_soc/u_perips_top/u_i2c/data_o_reg[24]
  Impl DFF        Name(Last) i:/WORK/g03_top_IO/u_g03_soc/u_perips_top/u_i2c/data_o_reg[24]

  Ref  DFF        Name(Last) r:/WORK/g03_top_IO/u_g03_soc/u_perips_top/u_i2c/data_o_reg[25]
  Impl DFF        Name(Last) i:/WORK/g03_top_IO/u_g03_soc/u_perips_top/u_i2c/data_o_reg[25]

  Ref  DFF        Name(Last) r:/WORK/g03_top_IO/u_g03_soc/u_perips_top/u_i2c/data_o_reg[26]
  Impl DFF        Name(Last) i:/WORK/g03_top_IO/u_g03_soc/u_perips_top/u_i2c/data_o_reg[26]

  Ref  DFF        Name(Last) r:/WORK/g03_top_IO/u_g03_soc/u_perips_top/u_i2c/data_o_reg[27]
  Impl DFF        Name(Last) i:/WORK/g03_top_IO/u_g03_soc/u_perips_top/u_i2c/data_o_reg[27]

  Ref  DFF        Name(Last) r:/WORK/g03_top_IO/u_g03_soc/u_perips_top/u_i2c/data_o_reg[28]
  Impl DFF        Name(Last) i:/WORK/g03_top_IO/u_g03_soc/u_perips_top/u_i2c/data_o_reg[28]

  Ref  DFF        Name(Last) r:/WORK/g03_top_IO/u_g03_soc/u_perips_top/u_i2c/data_o_reg[29]
  Impl DFF        Name(Last) i:/WORK/g03_top_IO/u_g03_soc/u_perips_top/u_i2c/data_o_reg[29]

  Ref  DFF        Name(Last) r:/WORK/g03_top_IO/u_g03_soc/u_perips_top/u_i2c/data_o_reg[2]
  Impl DFF        Name(Last) i:/WORK/g03_top_IO/u_g03_soc/u_perips_top/u_i2c/data_o_reg[2]

  Ref  DFF        Name(Last) r:/WORK/g03_top_IO/u_g03_soc/u_perips_top/u_i2c/data_o_reg[30]
  Impl DFF        Name(Last) i:/WORK/g03_top_IO/u_g03_soc/u_perips_top/u_i2c/data_o_reg[30]

  Ref  DFF        Name(Last) r:/WORK/g03_top_IO/u_g03_soc/u_perips_top/u_i2c/data_o_reg[31]
  Impl DFF        Name(Last) i:/WORK/g03_top_IO/u_g03_soc/u_perips_top/u_i2c/data_o_reg[31]

  Ref  DFF        Name(Last) r:/WORK/g03_top_IO/u_g03_soc/u_perips_top/u_i2c/data_o_reg[3]
  Impl DFF        Name(Last) i:/WORK/g03_top_IO/u_g03_soc/u_perips_top/u_i2c/data_o_reg[3]

  Ref  DFF        Name(Last) r:/WORK/g03_top_IO/u_g03_soc/u_perips_top/u_i2c/data_o_reg[4]
  Impl DFF        Name(Last) i:/WORK/g03_top_IO/u_g03_soc/u_perips_top/u_i2c/data_o_reg[4]

  Ref  DFF        Name(Last) r:/WORK/g03_top_IO/u_g03_soc/u_perips_top/u_i2c/data_o_reg[5]
  Impl DFF        Name(Last) i:/WORK/g03_top_IO/u_g03_soc/u_perips_top/u_i2c/data_o_reg[5]

  Ref  DFF        Name(Last) r:/WORK/g03_top_IO/u_g03_soc/u_perips_top/u_i2c/data_o_reg[6]
  Impl DFF        Name(Last) i:/WORK/g03_top_IO/u_g03_soc/u_perips_top/u_i2c/data_o_reg[6]

  Ref  DFF        Name(Last) r:/WORK/g03_top_IO/u_g03_soc/u_perips_top/u_i2c/data_o_reg[7]
  Impl DFF        Name(Last) i:/WORK/g03_top_IO/u_g03_soc/u_perips_top/u_i2c/data_o_reg[7]

  Ref  DFF        Name(Last) r:/WORK/g03_top_IO/u_g03_soc/u_perips_top/u_i2c/data_o_reg[8]
  Impl DFF        Name(Last) i:/WORK/g03_top_IO/u_g03_soc/u_perips_top/u_i2c/data_o_reg[8]

  Ref  DFF        Name(Last) r:/WORK/g03_top_IO/u_g03_soc/u_perips_top/u_i2c/data_o_reg[9]
  Impl DFF        Name(Last) i:/WORK/g03_top_IO/u_g03_soc/u_perips_top/u_i2c/data_o_reg[9]

  Ref  DFF        Name(Last) r:/WORK/g03_top_IO/u_g03_soc/u_perips_top/u_i2c/phase_div_cnt_reg[0]
  Impl DFF        Name(Last) i:/WORK/g03_top_IO/u_g03_soc/u_perips_top/u_i2c/phase_div_cnt_reg[0]

  Ref  DFF        Name(Last) r:/WORK/g03_top_IO/u_g03_soc/u_perips_top/u_i2c/phase_div_cnt_reg[1]
  Impl DFF        Name(Last) i:/WORK/g03_top_IO/u_g03_soc/u_perips_top/u_i2c/phase_div_cnt_reg[1]

  Ref  DFF        Name(Last) r:/WORK/g03_top_IO/u_g03_soc/u_perips_top/u_i2c/phase_div_cnt_reg[2]
  Impl DFF        Name(Last) i:/WORK/g03_top_IO/u_g03_soc/u_perips_top/u_i2c/phase_div_cnt_reg[2]

  Ref  DFF        Name(Last) r:/WORK/g03_top_IO/u_g03_soc/u_perips_top/u_i2c/phase_div_cnt_reg[3]
  Impl DFF        Name(Last) i:/WORK/g03_top_IO/u_g03_soc/u_perips_top/u_i2c/phase_div_cnt_reg[3]

  Ref  DFF        Name(Last) r:/WORK/g03_top_IO/u_g03_soc/u_perips_top/u_i2c/phase_div_cnt_reg[4]
  Impl DFF        Name(Last) i:/WORK/g03_top_IO/u_g03_soc/u_perips_top/u_i2c/phase_div_cnt_reg[4]

  Ref  DFF        Name(Last) r:/WORK/g03_top_IO/u_g03_soc/u_perips_top/u_i2c/phase_div_cnt_reg[5]
  Impl DFF        Name(Last) i:/WORK/g03_top_IO/u_g03_soc/u_perips_top/u_i2c/phase_div_cnt_reg[5]

  Ref  DFF        Name(Last) r:/WORK/g03_top_IO/u_g03_soc/u_perips_top/u_i2c/phase_div_cnt_reg[6]
  Impl DFF        Name(Last) i:/WORK/g03_top_IO/u_g03_soc/u_perips_top/u_i2c/phase_div_cnt_reg[6]

  Ref  DFF        Name(Last) r:/WORK/g03_top_IO/u_g03_soc/u_perips_top/u_i2c/phase_div_cnt_reg[7]
  Impl DFF        Name(Last) i:/WORK/g03_top_IO/u_g03_soc/u_perips_top/u_i2c/phase_div_cnt_reg[7]

  Ref  DFF        Name(Last) r:/WORK/g03_top_IO/u_g03_soc/u_perips_top/u_i2c/phase_reg[0]
  Impl DFF        Name(Last) i:/WORK/g03_top_IO/u_g03_soc/u_perips_top/u_i2c/phase_reg[0]

  Ref  DFF        Name(Last) r:/WORK/g03_top_IO/u_g03_soc/u_perips_top/u_i2c/phase_reg[1]
  Impl DFF        Name(Last) i:/WORK/g03_top_IO/u_g03_soc/u_perips_top/u_i2c/phase_reg[1]

  Ref  DFF        Name(Last) r:/WORK/g03_top_IO/u_g03_soc/u_perips_top/u_i2c/reg_ctrl_reg[0]
  Impl DFF        Name(Last) i:/WORK/g03_top_IO/u_g03_soc/u_perips_top/u_i2c/reg_ctrl_reg[0]

  Ref  DFF        Name(Last) r:/WORK/g03_top_IO/u_g03_soc/u_perips_top/u_i2c/reg_ctrl_reg[10]
  Impl DFF        Name(Last) i:/WORK/g03_top_IO/u_g03_soc/u_perips_top/u_i2c/reg_ctrl_reg[10]

  Ref  DFF        Name(Last) r:/WORK/g03_top_IO/u_g03_soc/u_perips_top/u_i2c/reg_ctrl_reg[11]
  Impl DFF        Name(Last) i:/WORK/g03_top_IO/u_g03_soc/u_perips_top/u_i2c/reg_ctrl_reg[11]

  Ref  DFF        Name(Last) r:/WORK/g03_top_IO/u_g03_soc/u_perips_top/u_i2c/reg_ctrl_reg[12]
  Impl DFF        Name(Last) i:/WORK/g03_top_IO/u_g03_soc/u_perips_top/u_i2c/reg_ctrl_reg[12]

  Ref  DFF        Name(Last) r:/WORK/g03_top_IO/u_g03_soc/u_perips_top/u_i2c/reg_ctrl_reg[13]
  Impl DFF        Name(Last) i:/WORK/g03_top_IO/u_g03_soc/u_perips_top/u_i2c/reg_ctrl_reg[13]

  Ref  DFF        Name(Last) r:/WORK/g03_top_IO/u_g03_soc/u_perips_top/u_i2c/reg_ctrl_reg[14]
  Impl DFF        Name(Last) i:/WORK/g03_top_IO/u_g03_soc/u_perips_top/u_i2c/reg_ctrl_reg[14]

  Ref  DFF        Name(Last) r:/WORK/g03_top_IO/u_g03_soc/u_perips_top/u_i2c/reg_ctrl_reg[15]
  Impl DFF        Name(Last) i:/WORK/g03_top_IO/u_g03_soc/u_perips_top/u_i2c/reg_ctrl_reg[15]

  Ref  DFF        Name(Last) r:/WORK/g03_top_IO/u_g03_soc/u_perips_top/u_i2c/reg_ctrl_reg[16]
  Impl DFF        Name(Last) i:/WORK/g03_top_IO/u_g03_soc/u_perips_top/u_i2c/reg_ctrl_reg[16]

  Ref  DFF        Name(Last) r:/WORK/g03_top_IO/u_g03_soc/u_perips_top/u_i2c/reg_ctrl_reg[17]
  Impl DFF        Name(Last) i:/WORK/g03_top_IO/u_g03_soc/u_perips_top/u_i2c/reg_ctrl_reg[17]

  Ref  DFF        Name(Last) r:/WORK/g03_top_IO/u_g03_soc/u_perips_top/u_i2c/reg_ctrl_reg[18]
  Impl DFF        Name(Last) i:/WORK/g03_top_IO/u_g03_soc/u_perips_top/u_i2c/reg_ctrl_reg[18]

  Ref  DFF        Name(Last) r:/WORK/g03_top_IO/u_g03_soc/u_perips_top/u_i2c/reg_ctrl_reg[19]
  Impl DFF        Name(Last) i:/WORK/g03_top_IO/u_g03_soc/u_perips_top/u_i2c/reg_ctrl_reg[19]

  Ref  DFF        Name(Last) r:/WORK/g03_top_IO/u_g03_soc/u_perips_top/u_i2c/reg_ctrl_reg[1]
  Impl DFF        Name(Last) i:/WORK/g03_top_IO/u_g03_soc/u_perips_top/u_i2c/reg_ctrl_reg[1]

  Ref  DFF        Name(Last) r:/WORK/g03_top_IO/u_g03_soc/u_perips_top/u_i2c/reg_ctrl_reg[20]
  Impl DFF        Name(Last) i:/WORK/g03_top_IO/u_g03_soc/u_perips_top/u_i2c/reg_ctrl_reg[20]

  Ref  DFF        Name(Last) r:/WORK/g03_top_IO/u_g03_soc/u_perips_top/u_i2c/reg_ctrl_reg[21]
  Impl DFF        Name(Last) i:/WORK/g03_top_IO/u_g03_soc/u_perips_top/u_i2c/reg_ctrl_reg[21]

  Ref  DFF        Name(Last) r:/WORK/g03_top_IO/u_g03_soc/u_perips_top/u_i2c/reg_ctrl_reg[22]
  Impl DFF        Name(Last) i:/WORK/g03_top_IO/u_g03_soc/u_perips_top/u_i2c/reg_ctrl_reg[22]

  Ref  DFF        Name(Last) r:/WORK/g03_top_IO/u_g03_soc/u_perips_top/u_i2c/reg_ctrl_reg[23]
  Impl DFF        Name(Last) i:/WORK/g03_top_IO/u_g03_soc/u_perips_top/u_i2c/reg_ctrl_reg[23]

  Ref  DFF        Name(Last) r:/WORK/g03_top_IO/u_g03_soc/u_perips_top/u_i2c/reg_ctrl_reg[24]
  Impl DFF        Name(Last) i:/WORK/g03_top_IO/u_g03_soc/u_perips_top/u_i2c/reg_ctrl_reg[24]

  Ref  DFF        Name(Last) r:/WORK/g03_top_IO/u_g03_soc/u_perips_top/u_i2c/reg_ctrl_reg[25]
  Impl DFF        Name(Last) i:/WORK/g03_top_IO/u_g03_soc/u_perips_top/u_i2c/reg_ctrl_reg[25]

  Ref  DFF        Name(Last) r:/WORK/g03_top_IO/u_g03_soc/u_perips_top/u_i2c/reg_ctrl_reg[26]
  Impl DFF        Name(Last) i:/WORK/g03_top_IO/u_g03_soc/u_perips_top/u_i2c/reg_ctrl_reg[26]

  Ref  DFF        Name(Last) r:/WORK/g03_top_IO/u_g03_soc/u_perips_top/u_i2c/reg_ctrl_reg[27]
  Impl DFF        Name(Last) i:/WORK/g03_top_IO/u_g03_soc/u_perips_top/u_i2c/reg_ctrl_reg[27]

  Ref  DFF        Name(Last) r:/WORK/g03_top_IO/u_g03_soc/u_perips_top/u_i2c/reg_ctrl_reg[28]
  Impl DFF        Name(Last) i:/WORK/g03_top_IO/u_g03_soc/u_perips_top/u_i2c/reg_ctrl_reg[28]

  Ref  DFF        Name(Last) r:/WORK/g03_top_IO/u_g03_soc/u_perips_top/u_i2c/reg_ctrl_reg[29]
  Impl DFF        Name(Last) i:/WORK/g03_top_IO/u_g03_soc/u_perips_top/u_i2c/reg_ctrl_reg[29]

  Ref  DFF        Name(Last) r:/WORK/g03_top_IO/u_g03_soc/u_perips_top/u_i2c/reg_ctrl_reg[2]
  Impl DFF        Name(Last) i:/WORK/g03_top_IO/u_g03_soc/u_perips_top/u_i2c/reg_ctrl_reg[2]

  Ref  DFF        Name(Last) r:/WORK/g03_top_IO/u_g03_soc/u_perips_top/u_i2c/reg_ctrl_reg[30]
  Impl DFF        Name(Last) i:/WORK/g03_top_IO/u_g03_soc/u_perips_top/u_i2c/reg_ctrl_reg[30]

  Ref  DFF        Name(Last) r:/WORK/g03_top_IO/u_g03_soc/u_perips_top/u_i2c/reg_ctrl_reg[31]
  Impl DFF        Name(Last) i:/WORK/g03_top_IO/u_g03_soc/u_perips_top/u_i2c/reg_ctrl_reg[31]

  Ref  DFF        Name(Last) r:/WORK/g03_top_IO/u_g03_soc/u_perips_top/u_i2c/reg_ctrl_reg[3]
  Impl DFF        Name(Last) i:/WORK/g03_top_IO/u_g03_soc/u_perips_top/u_i2c/reg_ctrl_reg[3]

  Ref  DFF        Name(Last) r:/WORK/g03_top_IO/u_g03_soc/u_perips_top/u_i2c/reg_ctrl_reg[4]
  Impl DFF        Name(Last) i:/WORK/g03_top_IO/u_g03_soc/u_perips_top/u_i2c/reg_ctrl_reg[4]

  Ref  DFF        Name(Last) r:/WORK/g03_top_IO/u_g03_soc/u_perips_top/u_i2c/reg_ctrl_reg[5]
  Impl DFF        Name(Last) i:/WORK/g03_top_IO/u_g03_soc/u_perips_top/u_i2c/reg_ctrl_reg[5]

  Ref  DFF        Name(Last) r:/WORK/g03_top_IO/u_g03_soc/u_perips_top/u_i2c/reg_ctrl_reg[6]
  Impl DFF        Name(Last) i:/WORK/g03_top_IO/u_g03_soc/u_perips_top/u_i2c/reg_ctrl_reg[6]

  Ref  DFF        Name(Last) r:/WORK/g03_top_IO/u_g03_soc/u_perips_top/u_i2c/reg_ctrl_reg[7]
  Impl DFF        Name(Last) i:/WORK/g03_top_IO/u_g03_soc/u_perips_top/u_i2c/reg_ctrl_reg[7]

  Ref  DFF        Name(Last) r:/WORK/g03_top_IO/u_g03_soc/u_perips_top/u_i2c/reg_ctrl_reg[8]
  Impl DFF        Name(Last) i:/WORK/g03_top_IO/u_g03_soc/u_perips_top/u_i2c/reg_ctrl_reg[8]

  Ref  DFF        Name(Last) r:/WORK/g03_top_IO/u_g03_soc/u_perips_top/u_i2c/reg_ctrl_reg[9]
  Impl DFF        Name(Last) i:/WORK/g03_top_IO/u_g03_soc/u_perips_top/u_i2c/reg_ctrl_reg[9]

  Ref  DFF        Name(Last) r:/WORK/g03_top_IO/u_g03_soc/u_perips_top/u_i2c/reg_rx_data_reg[0]
  Impl DFF        Name(Last) i:/WORK/g03_top_IO/u_g03_soc/u_perips_top/u_i2c/reg_rx_data_reg[0]

  Ref  DFF        Name(Last) r:/WORK/g03_top_IO/u_g03_soc/u_perips_top/u_i2c/reg_rx_data_reg[10]
  Impl DFF        Name(Last) i:/WORK/g03_top_IO/u_g03_soc/u_perips_top/u_i2c/reg_rx_data_reg[10]

  Ref  DFF        Name(Last) r:/WORK/g03_top_IO/u_g03_soc/u_perips_top/u_i2c/reg_rx_data_reg[11]
  Impl DFF        Name(Last) i:/WORK/g03_top_IO/u_g03_soc/u_perips_top/u_i2c/reg_rx_data_reg[11]

  Ref  DFF        Name(Last) r:/WORK/g03_top_IO/u_g03_soc/u_perips_top/u_i2c/reg_rx_data_reg[12]
  Impl DFF        Name(Last) i:/WORK/g03_top_IO/u_g03_soc/u_perips_top/u_i2c/reg_rx_data_reg[12]

  Ref  DFF        Name(Last) r:/WORK/g03_top_IO/u_g03_soc/u_perips_top/u_i2c/reg_rx_data_reg[13]
  Impl DFF        Name(Last) i:/WORK/g03_top_IO/u_g03_soc/u_perips_top/u_i2c/reg_rx_data_reg[13]

  Ref  DFF        Name(Last) r:/WORK/g03_top_IO/u_g03_soc/u_perips_top/u_i2c/reg_rx_data_reg[14]
  Impl DFF        Name(Last) i:/WORK/g03_top_IO/u_g03_soc/u_perips_top/u_i2c/reg_rx_data_reg[14]

  Ref  DFF        Name(Last) r:/WORK/g03_top_IO/u_g03_soc/u_perips_top/u_i2c/reg_rx_data_reg[15]
  Impl DFF        Name(Last) i:/WORK/g03_top_IO/u_g03_soc/u_perips_top/u_i2c/reg_rx_data_reg[15]

  Ref  DFF        Name(Last) r:/WORK/g03_top_IO/u_g03_soc/u_perips_top/u_i2c/reg_rx_data_reg[1]
  Impl DFF        Name(Last) i:/WORK/g03_top_IO/u_g03_soc/u_perips_top/u_i2c/reg_rx_data_reg[1]

  Ref  DFF        Name(Last) r:/WORK/g03_top_IO/u_g03_soc/u_perips_top/u_i2c/reg_rx_data_reg[2]
  Impl DFF        Name(Last) i:/WORK/g03_top_IO/u_g03_soc/u_perips_top/u_i2c/reg_rx_data_reg[2]

  Ref  DFF        Name(Last) r:/WORK/g03_top_IO/u_g03_soc/u_perips_top/u_i2c/reg_rx_data_reg[3]
  Impl DFF        Name(Last) i:/WORK/g03_top_IO/u_g03_soc/u_perips_top/u_i2c/reg_rx_data_reg[3]

  Ref  DFF        Name(Last) r:/WORK/g03_top_IO/u_g03_soc/u_perips_top/u_i2c/reg_rx_data_reg[4]
  Impl DFF        Name(Last) i:/WORK/g03_top_IO/u_g03_soc/u_perips_top/u_i2c/reg_rx_data_reg[4]

  Ref  DFF        Name(Last) r:/WORK/g03_top_IO/u_g03_soc/u_perips_top/u_i2c/reg_rx_data_reg[5]
  Impl DFF        Name(Last) i:/WORK/g03_top_IO/u_g03_soc/u_perips_top/u_i2c/reg_rx_data_reg[5]

  Ref  DFF        Name(Last) r:/WORK/g03_top_IO/u_g03_soc/u_perips_top/u_i2c/reg_rx_data_reg[6]
  Impl DFF        Name(Last) i:/WORK/g03_top_IO/u_g03_soc/u_perips_top/u_i2c/reg_rx_data_reg[6]

  Ref  DFF        Name(Last) r:/WORK/g03_top_IO/u_g03_soc/u_perips_top/u_i2c/reg_rx_data_reg[7]
  Impl DFF        Name(Last) i:/WORK/g03_top_IO/u_g03_soc/u_perips_top/u_i2c/reg_rx_data_reg[7]

  Ref  DFF        Name(Last) r:/WORK/g03_top_IO/u_g03_soc/u_perips_top/u_i2c/reg_rx_data_reg[8]
  Impl DFF        Name(Last) i:/WORK/g03_top_IO/u_g03_soc/u_perips_top/u_i2c/reg_rx_data_reg[8]

  Ref  DFF        Name(Last) r:/WORK/g03_top_IO/u_g03_soc/u_perips_top/u_i2c/reg_rx_data_reg[9]
  Impl DFF        Name(Last) i:/WORK/g03_top_IO/u_g03_soc/u_perips_top/u_i2c/reg_rx_data_reg[9]

  Ref  DFF        Name(Last) r:/WORK/g03_top_IO/u_g03_soc/u_perips_top/u_i2c/reg_slave_addr_reg[0]
  Impl DFF        Name(Last) i:/WORK/g03_top_IO/u_g03_soc/u_perips_top/u_i2c/reg_slave_addr_reg[0]

  Ref  DFF        Name(Last) r:/WORK/g03_top_IO/u_g03_soc/u_perips_top/u_i2c/reg_slave_addr_reg[10]
  Impl DFF        Name(Last) i:/WORK/g03_top_IO/u_g03_soc/u_perips_top/u_i2c/reg_slave_addr_reg[10]

  Ref  DFF        Name(Last) r:/WORK/g03_top_IO/u_g03_soc/u_perips_top/u_i2c/reg_slave_addr_reg[11]
  Impl DFF        Name(Last) i:/WORK/g03_top_IO/u_g03_soc/u_perips_top/u_i2c/reg_slave_addr_reg[11]

  Ref  DFF        Name(Last) r:/WORK/g03_top_IO/u_g03_soc/u_perips_top/u_i2c/reg_slave_addr_reg[12]
  Impl DFF        Name(Last) i:/WORK/g03_top_IO/u_g03_soc/u_perips_top/u_i2c/reg_slave_addr_reg[12]

  Ref  DFF        Name(Last) r:/WORK/g03_top_IO/u_g03_soc/u_perips_top/u_i2c/reg_slave_addr_reg[13]
  Impl DFF        Name(Last) i:/WORK/g03_top_IO/u_g03_soc/u_perips_top/u_i2c/reg_slave_addr_reg[13]

  Ref  DFF        Name(Last) r:/WORK/g03_top_IO/u_g03_soc/u_perips_top/u_i2c/reg_slave_addr_reg[14]
  Impl DFF        Name(Last) i:/WORK/g03_top_IO/u_g03_soc/u_perips_top/u_i2c/reg_slave_addr_reg[14]

  Ref  DFF        Name(Last) r:/WORK/g03_top_IO/u_g03_soc/u_perips_top/u_i2c/reg_slave_addr_reg[15]
  Impl DFF        Name(Last) i:/WORK/g03_top_IO/u_g03_soc/u_perips_top/u_i2c/reg_slave_addr_reg[15]

  Ref  DFF        Name(Last) r:/WORK/g03_top_IO/u_g03_soc/u_perips_top/u_i2c/reg_slave_addr_reg[16]
  Impl DFF        Name(Last) i:/WORK/g03_top_IO/u_g03_soc/u_perips_top/u_i2c/reg_slave_addr_reg[16]

  Ref  DFF        Name(Last) r:/WORK/g03_top_IO/u_g03_soc/u_perips_top/u_i2c/reg_slave_addr_reg[17]
  Impl DFF        Name(Last) i:/WORK/g03_top_IO/u_g03_soc/u_perips_top/u_i2c/reg_slave_addr_reg[17]

  Ref  DFF        Name(Last) r:/WORK/g03_top_IO/u_g03_soc/u_perips_top/u_i2c/reg_slave_addr_reg[18]
  Impl DFF        Name(Last) i:/WORK/g03_top_IO/u_g03_soc/u_perips_top/u_i2c/reg_slave_addr_reg[18]

  Ref  DFF        Name(Last) r:/WORK/g03_top_IO/u_g03_soc/u_perips_top/u_i2c/reg_slave_addr_reg[19]
  Impl DFF        Name(Last) i:/WORK/g03_top_IO/u_g03_soc/u_perips_top/u_i2c/reg_slave_addr_reg[19]

  Ref  DFF        Name(Last) r:/WORK/g03_top_IO/u_g03_soc/u_perips_top/u_i2c/reg_slave_addr_reg[1]
  Impl DFF        Name(Last) i:/WORK/g03_top_IO/u_g03_soc/u_perips_top/u_i2c/reg_slave_addr_reg[1]

  Ref  DFF        Name(Last) r:/WORK/g03_top_IO/u_g03_soc/u_perips_top/u_i2c/reg_slave_addr_reg[20]
  Impl DFF        Name(Last) i:/WORK/g03_top_IO/u_g03_soc/u_perips_top/u_i2c/reg_slave_addr_reg[20]

  Ref  DFF        Name(Last) r:/WORK/g03_top_IO/u_g03_soc/u_perips_top/u_i2c/reg_slave_addr_reg[21]
  Impl DFF        Name(Last) i:/WORK/g03_top_IO/u_g03_soc/u_perips_top/u_i2c/reg_slave_addr_reg[21]

  Ref  DFF        Name(Last) r:/WORK/g03_top_IO/u_g03_soc/u_perips_top/u_i2c/reg_slave_addr_reg[22]
  Impl DFF        Name(Last) i:/WORK/g03_top_IO/u_g03_soc/u_perips_top/u_i2c/reg_slave_addr_reg[22]

  Ref  DFF        Name(Last) r:/WORK/g03_top_IO/u_g03_soc/u_perips_top/u_i2c/reg_slave_addr_reg[23]
  Impl DFF        Name(Last) i:/WORK/g03_top_IO/u_g03_soc/u_perips_top/u_i2c/reg_slave_addr_reg[23]

  Ref  DFF        Name(Last) r:/WORK/g03_top_IO/u_g03_soc/u_perips_top/u_i2c/reg_slave_addr_reg[24]
  Impl DFF        Name(Last) i:/WORK/g03_top_IO/u_g03_soc/u_perips_top/u_i2c/reg_slave_addr_reg[24]

  Ref  DFF        Name(Last) r:/WORK/g03_top_IO/u_g03_soc/u_perips_top/u_i2c/reg_slave_addr_reg[25]
  Impl DFF        Name(Last) i:/WORK/g03_top_IO/u_g03_soc/u_perips_top/u_i2c/reg_slave_addr_reg[25]

  Ref  DFF        Name(Last) r:/WORK/g03_top_IO/u_g03_soc/u_perips_top/u_i2c/reg_slave_addr_reg[26]
  Impl DFF        Name(Last) i:/WORK/g03_top_IO/u_g03_soc/u_perips_top/u_i2c/reg_slave_addr_reg[26]

  Ref  DFF        Name(Last) r:/WORK/g03_top_IO/u_g03_soc/u_perips_top/u_i2c/reg_slave_addr_reg[27]
  Impl DFF        Name(Last) i:/WORK/g03_top_IO/u_g03_soc/u_perips_top/u_i2c/reg_slave_addr_reg[27]

  Ref  DFF        Name(Last) r:/WORK/g03_top_IO/u_g03_soc/u_perips_top/u_i2c/reg_slave_addr_reg[28]
  Impl DFF        Name(Last) i:/WORK/g03_top_IO/u_g03_soc/u_perips_top/u_i2c/reg_slave_addr_reg[28]

  Ref  DFF        Name(Last) r:/WORK/g03_top_IO/u_g03_soc/u_perips_top/u_i2c/reg_slave_addr_reg[29]
  Impl DFF        Name(Last) i:/WORK/g03_top_IO/u_g03_soc/u_perips_top/u_i2c/reg_slave_addr_reg[29]

  Ref  DFF        Name(Last) r:/WORK/g03_top_IO/u_g03_soc/u_perips_top/u_i2c/reg_slave_addr_reg[2]
  Impl DFF        Name(Last) i:/WORK/g03_top_IO/u_g03_soc/u_perips_top/u_i2c/reg_slave_addr_reg[2]

  Ref  DFF        Name(Last) r:/WORK/g03_top_IO/u_g03_soc/u_perips_top/u_i2c/reg_slave_addr_reg[30]
  Impl DFF        Name(Last) i:/WORK/g03_top_IO/u_g03_soc/u_perips_top/u_i2c/reg_slave_addr_reg[30]

  Ref  DFF        Name(Last) r:/WORK/g03_top_IO/u_g03_soc/u_perips_top/u_i2c/reg_slave_addr_reg[31]
  Impl DFF        Name(Last) i:/WORK/g03_top_IO/u_g03_soc/u_perips_top/u_i2c/reg_slave_addr_reg[31]

  Ref  DFF        Name(Last) r:/WORK/g03_top_IO/u_g03_soc/u_perips_top/u_i2c/reg_slave_addr_reg[3]
  Impl DFF        Name(Last) i:/WORK/g03_top_IO/u_g03_soc/u_perips_top/u_i2c/reg_slave_addr_reg[3]

  Ref  DFF        Name(Last) r:/WORK/g03_top_IO/u_g03_soc/u_perips_top/u_i2c/reg_slave_addr_reg[4]
  Impl DFF        Name(Last) i:/WORK/g03_top_IO/u_g03_soc/u_perips_top/u_i2c/reg_slave_addr_reg[4]

  Ref  DFF        Name(Last) r:/WORK/g03_top_IO/u_g03_soc/u_perips_top/u_i2c/reg_slave_addr_reg[5]
  Impl DFF        Name(Last) i:/WORK/g03_top_IO/u_g03_soc/u_perips_top/u_i2c/reg_slave_addr_reg[5]

  Ref  DFF        Name(Last) r:/WORK/g03_top_IO/u_g03_soc/u_perips_top/u_i2c/reg_slave_addr_reg[6]
  Impl DFF        Name(Last) i:/WORK/g03_top_IO/u_g03_soc/u_perips_top/u_i2c/reg_slave_addr_reg[6]

  Ref  DFF        Name(Last) r:/WORK/g03_top_IO/u_g03_soc/u_perips_top/u_i2c/reg_slave_addr_reg[7]
  Impl DFF        Name(Last) i:/WORK/g03_top_IO/u_g03_soc/u_perips_top/u_i2c/reg_slave_addr_reg[7]

  Ref  DFF        Name(Last) r:/WORK/g03_top_IO/u_g03_soc/u_perips_top/u_i2c/reg_slave_addr_reg[8]
  Impl DFF        Name(Last) i:/WORK/g03_top_IO/u_g03_soc/u_perips_top/u_i2c/reg_slave_addr_reg[8]

  Ref  DFF        Name(Last) r:/WORK/g03_top_IO/u_g03_soc/u_perips_top/u_i2c/reg_slave_addr_reg[9]
  Impl DFF        Name(Last) i:/WORK/g03_top_IO/u_g03_soc/u_perips_top/u_i2c/reg_slave_addr_reg[9]

  Ref  DFF        Name(Last) r:/WORK/g03_top_IO/u_g03_soc/u_perips_top/u_i2c/reg_status_reg[1]
  Impl DFF        Name(Last) i:/WORK/g03_top_IO/u_g03_soc/u_perips_top/u_i2c/reg_status_reg[1]

  Ref  DFF        Name(Last) r:/WORK/g03_top_IO/u_g03_soc/u_perips_top/u_i2c/reg_status_reg[2]
  Impl DFF        Name(Last) i:/WORK/g03_top_IO/u_g03_soc/u_perips_top/u_i2c/reg_status_reg[2]

  Ref  DFF        Name(Last) r:/WORK/g03_top_IO/u_g03_soc/u_perips_top/u_i2c/reg_status_reg[3]
  Impl DFF        Name(Last) i:/WORK/g03_top_IO/u_g03_soc/u_perips_top/u_i2c/reg_status_reg[3]

  Ref  DFF        Name(Last) r:/WORK/g03_top_IO/u_g03_soc/u_perips_top/u_i2c/reg_tx_data_reg[0]
  Impl DFF        Name(Last) i:/WORK/g03_top_IO/u_g03_soc/u_perips_top/u_i2c/reg_tx_data_reg[0]

  Ref  DFF        Name(Last) r:/WORK/g03_top_IO/u_g03_soc/u_perips_top/u_i2c/reg_tx_data_reg[10]
  Impl DFF        Name(Last) i:/WORK/g03_top_IO/u_g03_soc/u_perips_top/u_i2c/reg_tx_data_reg[10]

  Ref  DFF        Name(Last) r:/WORK/g03_top_IO/u_g03_soc/u_perips_top/u_i2c/reg_tx_data_reg[11]
  Impl DFF        Name(Last) i:/WORK/g03_top_IO/u_g03_soc/u_perips_top/u_i2c/reg_tx_data_reg[11]

  Ref  DFF        Name(Last) r:/WORK/g03_top_IO/u_g03_soc/u_perips_top/u_i2c/reg_tx_data_reg[12]
  Impl DFF        Name(Last) i:/WORK/g03_top_IO/u_g03_soc/u_perips_top/u_i2c/reg_tx_data_reg[12]

  Ref  DFF        Name(Last) r:/WORK/g03_top_IO/u_g03_soc/u_perips_top/u_i2c/reg_tx_data_reg[13]
  Impl DFF        Name(Last) i:/WORK/g03_top_IO/u_g03_soc/u_perips_top/u_i2c/reg_tx_data_reg[13]

  Ref  DFF        Name(Last) r:/WORK/g03_top_IO/u_g03_soc/u_perips_top/u_i2c/reg_tx_data_reg[14]
  Impl DFF        Name(Last) i:/WORK/g03_top_IO/u_g03_soc/u_perips_top/u_i2c/reg_tx_data_reg[14]

  Ref  DFF        Name(Last) r:/WORK/g03_top_IO/u_g03_soc/u_perips_top/u_i2c/reg_tx_data_reg[15]
  Impl DFF        Name(Last) i:/WORK/g03_top_IO/u_g03_soc/u_perips_top/u_i2c/reg_tx_data_reg[15]

  Ref  DFF        Name(Last) r:/WORK/g03_top_IO/u_g03_soc/u_perips_top/u_i2c/reg_tx_data_reg[16]
  Impl DFF        Name(Last) i:/WORK/g03_top_IO/u_g03_soc/u_perips_top/u_i2c/reg_tx_data_reg[16]

  Ref  DFF        Name(Last) r:/WORK/g03_top_IO/u_g03_soc/u_perips_top/u_i2c/reg_tx_data_reg[17]
  Impl DFF        Name(Last) i:/WORK/g03_top_IO/u_g03_soc/u_perips_top/u_i2c/reg_tx_data_reg[17]

  Ref  DFF        Name(Last) r:/WORK/g03_top_IO/u_g03_soc/u_perips_top/u_i2c/reg_tx_data_reg[18]
  Impl DFF        Name(Last) i:/WORK/g03_top_IO/u_g03_soc/u_perips_top/u_i2c/reg_tx_data_reg[18]

  Ref  DFF        Name(Last) r:/WORK/g03_top_IO/u_g03_soc/u_perips_top/u_i2c/reg_tx_data_reg[19]
  Impl DFF        Name(Last) i:/WORK/g03_top_IO/u_g03_soc/u_perips_top/u_i2c/reg_tx_data_reg[19]

  Ref  DFF        Name(Last) r:/WORK/g03_top_IO/u_g03_soc/u_perips_top/u_i2c/reg_tx_data_reg[1]
  Impl DFF        Name(Last) i:/WORK/g03_top_IO/u_g03_soc/u_perips_top/u_i2c/reg_tx_data_reg[1]

  Ref  DFF        Name(Last) r:/WORK/g03_top_IO/u_g03_soc/u_perips_top/u_i2c/reg_tx_data_reg[20]
  Impl DFF        Name(Last) i:/WORK/g03_top_IO/u_g03_soc/u_perips_top/u_i2c/reg_tx_data_reg[20]

  Ref  DFF        Name(Last) r:/WORK/g03_top_IO/u_g03_soc/u_perips_top/u_i2c/reg_tx_data_reg[21]
  Impl DFF        Name(Last) i:/WORK/g03_top_IO/u_g03_soc/u_perips_top/u_i2c/reg_tx_data_reg[21]

  Ref  DFF        Name(Last) r:/WORK/g03_top_IO/u_g03_soc/u_perips_top/u_i2c/reg_tx_data_reg[22]
  Impl DFF        Name(Last) i:/WORK/g03_top_IO/u_g03_soc/u_perips_top/u_i2c/reg_tx_data_reg[22]

  Ref  DFF        Name(Last) r:/WORK/g03_top_IO/u_g03_soc/u_perips_top/u_i2c/reg_tx_data_reg[23]
  Impl DFF        Name(Last) i:/WORK/g03_top_IO/u_g03_soc/u_perips_top/u_i2c/reg_tx_data_reg[23]

  Ref  DFF        Name(Last) r:/WORK/g03_top_IO/u_g03_soc/u_perips_top/u_i2c/reg_tx_data_reg[24]
  Impl DFF        Name(Last) i:/WORK/g03_top_IO/u_g03_soc/u_perips_top/u_i2c/reg_tx_data_reg[24]

  Ref  DFF        Name(Last) r:/WORK/g03_top_IO/u_g03_soc/u_perips_top/u_i2c/reg_tx_data_reg[25]
  Impl DFF        Name(Last) i:/WORK/g03_top_IO/u_g03_soc/u_perips_top/u_i2c/reg_tx_data_reg[25]

  Ref  DFF        Name(Last) r:/WORK/g03_top_IO/u_g03_soc/u_perips_top/u_i2c/reg_tx_data_reg[26]
  Impl DFF        Name(Last) i:/WORK/g03_top_IO/u_g03_soc/u_perips_top/u_i2c/reg_tx_data_reg[26]

  Ref  DFF        Name(Last) r:/WORK/g03_top_IO/u_g03_soc/u_perips_top/u_i2c/reg_tx_data_reg[27]
  Impl DFF        Name(Last) i:/WORK/g03_top_IO/u_g03_soc/u_perips_top/u_i2c/reg_tx_data_reg[27]

  Ref  DFF        Name(Last) r:/WORK/g03_top_IO/u_g03_soc/u_perips_top/u_i2c/reg_tx_data_reg[28]
  Impl DFF        Name(Last) i:/WORK/g03_top_IO/u_g03_soc/u_perips_top/u_i2c/reg_tx_data_reg[28]

  Ref  DFF        Name(Last) r:/WORK/g03_top_IO/u_g03_soc/u_perips_top/u_i2c/reg_tx_data_reg[29]
  Impl DFF        Name(Last) i:/WORK/g03_top_IO/u_g03_soc/u_perips_top/u_i2c/reg_tx_data_reg[29]

  Ref  DFF        Name(Last) r:/WORK/g03_top_IO/u_g03_soc/u_perips_top/u_i2c/reg_tx_data_reg[2]
  Impl DFF        Name(Last) i:/WORK/g03_top_IO/u_g03_soc/u_perips_top/u_i2c/reg_tx_data_reg[2]

  Ref  DFF        Name(Last) r:/WORK/g03_top_IO/u_g03_soc/u_perips_top/u_i2c/reg_tx_data_reg[30]
  Impl DFF        Name(Last) i:/WORK/g03_top_IO/u_g03_soc/u_perips_top/u_i2c/reg_tx_data_reg[30]

  Ref  DFF        Name(Last) r:/WORK/g03_top_IO/u_g03_soc/u_perips_top/u_i2c/reg_tx_data_reg[31]
  Impl DFF        Name(Last) i:/WORK/g03_top_IO/u_g03_soc/u_perips_top/u_i2c/reg_tx_data_reg[31]

  Ref  DFF        Name(Last) r:/WORK/g03_top_IO/u_g03_soc/u_perips_top/u_i2c/reg_tx_data_reg[3]
  Impl DFF        Name(Last) i:/WORK/g03_top_IO/u_g03_soc/u_perips_top/u_i2c/reg_tx_data_reg[3]

  Ref  DFF        Name(Last) r:/WORK/g03_top_IO/u_g03_soc/u_perips_top/u_i2c/reg_tx_data_reg[4]
  Impl DFF        Name(Last) i:/WORK/g03_top_IO/u_g03_soc/u_perips_top/u_i2c/reg_tx_data_reg[4]

  Ref  DFF        Name(Last) r:/WORK/g03_top_IO/u_g03_soc/u_perips_top/u_i2c/reg_tx_data_reg[5]
  Impl DFF        Name(Last) i:/WORK/g03_top_IO/u_g03_soc/u_perips_top/u_i2c/reg_tx_data_reg[5]

  Ref  DFF        Name(Last) r:/WORK/g03_top_IO/u_g03_soc/u_perips_top/u_i2c/reg_tx_data_reg[6]
  Impl DFF        Name(Last) i:/WORK/g03_top_IO/u_g03_soc/u_perips_top/u_i2c/reg_tx_data_reg[6]

  Ref  DFF        Name(Last) r:/WORK/g03_top_IO/u_g03_soc/u_perips_top/u_i2c/reg_tx_data_reg[7]
  Impl DFF        Name(Last) i:/WORK/g03_top_IO/u_g03_soc/u_perips_top/u_i2c/reg_tx_data_reg[7]

  Ref  DFF        Name(Last) r:/WORK/g03_top_IO/u_g03_soc/u_perips_top/u_i2c/reg_tx_data_reg[8]
  Impl DFF        Name(Last) i:/WORK/g03_top_IO/u_g03_soc/u_perips_top/u_i2c/reg_tx_data_reg[8]

  Ref  DFF        Name(Last) r:/WORK/g03_top_IO/u_g03_soc/u_perips_top/u_i2c/reg_tx_data_reg[9]
  Impl DFF        Name(Last) i:/WORK/g03_top_IO/u_g03_soc/u_perips_top/u_i2c/reg_tx_data_reg[9]

  Ref  DFF        Name(Last) r:/WORK/g03_top_IO/u_g03_soc/u_perips_top/u_i2c/rw_latch_reg
  Impl DFF        Name(Last) i:/WORK/g03_top_IO/u_g03_soc/u_perips_top/u_i2c/rw_latch_reg

  Ref  DFF        Name(Last) r:/WORK/g03_top_IO/u_g03_soc/u_perips_top/u_i2c/rx_byte_sel_reg
  Impl DFF        Name(Last) i:/WORK/g03_top_IO/u_g03_soc/u_perips_top/u_i2c/rx_byte_sel_reg

  Ref  DFF        Name(Last) r:/WORK/g03_top_IO/u_g03_soc/u_perips_top/u_i2c/scl_oe_reg
  Impl DFF        Name(Last) i:/WORK/g03_top_IO/u_g03_soc/u_perips_top/u_i2c/scl_oe_reg

  Ref  DFF        Name(Last) r:/WORK/g03_top_IO/u_g03_soc/u_perips_top/u_i2c/sda_oe_reg
  Impl DFF        Name(Last) i:/WORK/g03_top_IO/u_g03_soc/u_perips_top/u_i2c/sda_oe_reg

  Ref  DFF        Name(Last) r:/WORK/g03_top_IO/u_g03_soc/u_perips_top/u_i2c/shift_reg_reg[0]
  Impl DFF        Name(Last) i:/WORK/g03_top_IO/u_g03_soc/u_perips_top/u_i2c/shift_reg_reg[0]

  Ref  DFF        Name(Last) r:/WORK/g03_top_IO/u_g03_soc/u_perips_top/u_i2c/shift_reg_reg[1]
  Impl DFF        Name(Last) i:/WORK/g03_top_IO/u_g03_soc/u_perips_top/u_i2c/shift_reg_reg[1]

  Ref  DFF        Name(Last) r:/WORK/g03_top_IO/u_g03_soc/u_perips_top/u_i2c/shift_reg_reg[2]
  Impl DFF        Name(Last) i:/WORK/g03_top_IO/u_g03_soc/u_perips_top/u_i2c/shift_reg_reg[2]

  Ref  DFF        Name(Last) r:/WORK/g03_top_IO/u_g03_soc/u_perips_top/u_i2c/shift_reg_reg[3]
  Impl DFF        Name(Last) i:/WORK/g03_top_IO/u_g03_soc/u_perips_top/u_i2c/shift_reg_reg[3]

  Ref  DFF        Name(Last) r:/WORK/g03_top_IO/u_g03_soc/u_perips_top/u_i2c/shift_reg_reg[4]
  Impl DFF        Name(Last) i:/WORK/g03_top_IO/u_g03_soc/u_perips_top/u_i2c/shift_reg_reg[4]

  Ref  DFF        Name(Last) r:/WORK/g03_top_IO/u_g03_soc/u_perips_top/u_i2c/shift_reg_reg[5]
  Impl DFF        Name(Last) i:/WORK/g03_top_IO/u_g03_soc/u_perips_top/u_i2c/shift_reg_reg[5]

  Ref  DFF        Name(Last) r:/WORK/g03_top_IO/u_g03_soc/u_perips_top/u_i2c/shift_reg_reg[6]
  Impl DFF        Name(Last) i:/WORK/g03_top_IO/u_g03_soc/u_perips_top/u_i2c/shift_reg_reg[6]

  Ref  DFF        Name(Last) r:/WORK/g03_top_IO/u_g03_soc/u_perips_top/u_i2c/shift_reg_reg[7]
  Impl DFF        Name(Last) i:/WORK/g03_top_IO/u_g03_soc/u_perips_top/u_i2c/shift_reg_reg[7]

  Ref  DFF        Name(Last) r:/WORK/g03_top_IO/u_g03_soc/u_perips_top/u_i2c/start_req_reg
  Impl DFF        Name(Last) i:/WORK/g03_top_IO/u_g03_soc/u_perips_top/u_i2c/start_req_reg

  Ref  DFF        Name(Last) r:/WORK/g03_top_IO/u_g03_soc/u_perips_top/u_i2c/state_reg[0]
  Impl DFF        Name(Last) i:/WORK/g03_top_IO/u_g03_soc/u_perips_top/u_i2c/state_reg[0]

  Ref  DFF        Name(Last) r:/WORK/g03_top_IO/u_g03_soc/u_perips_top/u_i2c/state_reg[1]
  Impl DFF        Name(Last) i:/WORK/g03_top_IO/u_g03_soc/u_perips_top/u_i2c/state_reg[1]

  Ref  DFF        Name(Last) r:/WORK/g03_top_IO/u_g03_soc/u_perips_top/u_i2c/state_reg[2]
  Impl DFF        Name(Last) i:/WORK/g03_top_IO/u_g03_soc/u_perips_top/u_i2c/state_reg[2]

  Ref  DFF        Name(Last) r:/WORK/g03_top_IO/u_g03_soc/u_perips_top/u_i2c/state_reg[3]
  Impl DFF        Name(Last) i:/WORK/g03_top_IO/u_g03_soc/u_perips_top/u_i2c/state_reg[3]

  Ref  DFF        Name(Last) r:/WORK/g03_top_IO/u_g03_soc/u_perips_top/u_i2c/u_vld_rdy/vld_dff/qout_r_reg[0]
  Impl DFF        Name(Last) i:/WORK/g03_top_IO/u_g03_soc/u_perips_top/u_i2c/u_vld_rdy/vld_dff/qout_r_reg[0]

  Ref  DFF        Name(Last) r:/WORK/g03_top_IO/u_g03_soc/u_perips_top/u_pwm/cnt0_reg[0]
  Impl DFF        Name(Last) i:/WORK/g03_top_IO/u_g03_soc/u_perips_top/u_pwm/cnt0_reg[0]

  Ref  DFF        Name(Last) r:/WORK/g03_top_IO/u_g03_soc/u_perips_top/u_pwm/cnt0_reg[10]
  Impl DFF        Name(Last) i:/WORK/g03_top_IO/u_g03_soc/u_perips_top/u_pwm/cnt0_reg[10]

  Ref  DFF        Name(Last) r:/WORK/g03_top_IO/u_g03_soc/u_perips_top/u_pwm/cnt0_reg[11]
  Impl DFF        Name(Last) i:/WORK/g03_top_IO/u_g03_soc/u_perips_top/u_pwm/cnt0_reg[11]

  Ref  DFF        Name(Last) r:/WORK/g03_top_IO/u_g03_soc/u_perips_top/u_pwm/cnt0_reg[12]
  Impl DFF        Name(Last) i:/WORK/g03_top_IO/u_g03_soc/u_perips_top/u_pwm/cnt0_reg[12]

  Ref  DFF        Name(Last) r:/WORK/g03_top_IO/u_g03_soc/u_perips_top/u_pwm/cnt0_reg[13]
  Impl DFF        Name(Last) i:/WORK/g03_top_IO/u_g03_soc/u_perips_top/u_pwm/cnt0_reg[13]

  Ref  DFF        Name(Last) r:/WORK/g03_top_IO/u_g03_soc/u_perips_top/u_pwm/cnt0_reg[14]
  Impl DFF        Name(Last) i:/WORK/g03_top_IO/u_g03_soc/u_perips_top/u_pwm/cnt0_reg[14]

  Ref  DFF        Name(Last) r:/WORK/g03_top_IO/u_g03_soc/u_perips_top/u_pwm/cnt0_reg[15]
  Impl DFF        Name(Last) i:/WORK/g03_top_IO/u_g03_soc/u_perips_top/u_pwm/cnt0_reg[15]

  Ref  DFF        Name(Last) r:/WORK/g03_top_IO/u_g03_soc/u_perips_top/u_pwm/cnt0_reg[16]
  Impl DFF        Name(Last) i:/WORK/g03_top_IO/u_g03_soc/u_perips_top/u_pwm/cnt0_reg[16]

  Ref  DFF        Name(Last) r:/WORK/g03_top_IO/u_g03_soc/u_perips_top/u_pwm/cnt0_reg[17]
  Impl DFF        Name(Last) i:/WORK/g03_top_IO/u_g03_soc/u_perips_top/u_pwm/cnt0_reg[17]

  Ref  DFF        Name(Last) r:/WORK/g03_top_IO/u_g03_soc/u_perips_top/u_pwm/cnt0_reg[18]
  Impl DFF        Name(Last) i:/WORK/g03_top_IO/u_g03_soc/u_perips_top/u_pwm/cnt0_reg[18]

  Ref  DFF        Name(Last) r:/WORK/g03_top_IO/u_g03_soc/u_perips_top/u_pwm/cnt0_reg[19]
  Impl DFF        Name(Last) i:/WORK/g03_top_IO/u_g03_soc/u_perips_top/u_pwm/cnt0_reg[19]

  Ref  DFF        Name(Last) r:/WORK/g03_top_IO/u_g03_soc/u_perips_top/u_pwm/cnt0_reg[1]
  Impl DFF        Name(Last) i:/WORK/g03_top_IO/u_g03_soc/u_perips_top/u_pwm/cnt0_reg[1]

  Ref  DFF        Name(Last) r:/WORK/g03_top_IO/u_g03_soc/u_perips_top/u_pwm/cnt0_reg[20]
  Impl DFF        Name(Last) i:/WORK/g03_top_IO/u_g03_soc/u_perips_top/u_pwm/cnt0_reg[20]

  Ref  DFF        Name(Last) r:/WORK/g03_top_IO/u_g03_soc/u_perips_top/u_pwm/cnt0_reg[21]
  Impl DFF        Name(Last) i:/WORK/g03_top_IO/u_g03_soc/u_perips_top/u_pwm/cnt0_reg[21]

  Ref  DFF        Name(Last) r:/WORK/g03_top_IO/u_g03_soc/u_perips_top/u_pwm/cnt0_reg[22]
  Impl DFF        Name(Last) i:/WORK/g03_top_IO/u_g03_soc/u_perips_top/u_pwm/cnt0_reg[22]

  Ref  DFF        Name(Last) r:/WORK/g03_top_IO/u_g03_soc/u_perips_top/u_pwm/cnt0_reg[23]
  Impl DFF        Name(Last) i:/WORK/g03_top_IO/u_g03_soc/u_perips_top/u_pwm/cnt0_reg[23]

  Ref  DFF        Name(Last) r:/WORK/g03_top_IO/u_g03_soc/u_perips_top/u_pwm/cnt0_reg[24]
  Impl DFF        Name(Last) i:/WORK/g03_top_IO/u_g03_soc/u_perips_top/u_pwm/cnt0_reg[24]

  Ref  DFF        Name(Last) r:/WORK/g03_top_IO/u_g03_soc/u_perips_top/u_pwm/cnt0_reg[25]
  Impl DFF        Name(Last) i:/WORK/g03_top_IO/u_g03_soc/u_perips_top/u_pwm/cnt0_reg[25]

  Ref  DFF        Name(Last) r:/WORK/g03_top_IO/u_g03_soc/u_perips_top/u_pwm/cnt0_reg[26]
  Impl DFF        Name(Last) i:/WORK/g03_top_IO/u_g03_soc/u_perips_top/u_pwm/cnt0_reg[26]

  Ref  DFF        Name(Last) r:/WORK/g03_top_IO/u_g03_soc/u_perips_top/u_pwm/cnt0_reg[27]
  Impl DFF        Name(Last) i:/WORK/g03_top_IO/u_g03_soc/u_perips_top/u_pwm/cnt0_reg[27]

  Ref  DFF        Name(Last) r:/WORK/g03_top_IO/u_g03_soc/u_perips_top/u_pwm/cnt0_reg[28]
  Impl DFF        Name(Last) i:/WORK/g03_top_IO/u_g03_soc/u_perips_top/u_pwm/cnt0_reg[28]

  Ref  DFF        Name(Last) r:/WORK/g03_top_IO/u_g03_soc/u_perips_top/u_pwm/cnt0_reg[29]
  Impl DFF        Name(Last) i:/WORK/g03_top_IO/u_g03_soc/u_perips_top/u_pwm/cnt0_reg[29]

  Ref  DFF        Name(Last) r:/WORK/g03_top_IO/u_g03_soc/u_perips_top/u_pwm/cnt0_reg[2]
  Impl DFF        Name(Last) i:/WORK/g03_top_IO/u_g03_soc/u_perips_top/u_pwm/cnt0_reg[2]

  Ref  DFF        Name(Last) r:/WORK/g03_top_IO/u_g03_soc/u_perips_top/u_pwm/cnt0_reg[30]
  Impl DFF        Name(Last) i:/WORK/g03_top_IO/u_g03_soc/u_perips_top/u_pwm/cnt0_reg[30]

  Ref  DFF        Name(Last) r:/WORK/g03_top_IO/u_g03_soc/u_perips_top/u_pwm/cnt0_reg[31]
  Impl DFF        Name(Last) i:/WORK/g03_top_IO/u_g03_soc/u_perips_top/u_pwm/cnt0_reg[31]

  Ref  DFF        Name(Last) r:/WORK/g03_top_IO/u_g03_soc/u_perips_top/u_pwm/cnt0_reg[3]
  Impl DFF        Name(Last) i:/WORK/g03_top_IO/u_g03_soc/u_perips_top/u_pwm/cnt0_reg[3]

  Ref  DFF        Name(Last) r:/WORK/g03_top_IO/u_g03_soc/u_perips_top/u_pwm/cnt0_reg[4]
  Impl DFF        Name(Last) i:/WORK/g03_top_IO/u_g03_soc/u_perips_top/u_pwm/cnt0_reg[4]

  Ref  DFF        Name(Last) r:/WORK/g03_top_IO/u_g03_soc/u_perips_top/u_pwm/cnt0_reg[5]
  Impl DFF        Name(Last) i:/WORK/g03_top_IO/u_g03_soc/u_perips_top/u_pwm/cnt0_reg[5]

  Ref  DFF        Name(Last) r:/WORK/g03_top_IO/u_g03_soc/u_perips_top/u_pwm/cnt0_reg[6]
  Impl DFF        Name(Last) i:/WORK/g03_top_IO/u_g03_soc/u_perips_top/u_pwm/cnt0_reg[6]

  Ref  DFF        Name(Last) r:/WORK/g03_top_IO/u_g03_soc/u_perips_top/u_pwm/cnt0_reg[7]
  Impl DFF        Name(Last) i:/WORK/g03_top_IO/u_g03_soc/u_perips_top/u_pwm/cnt0_reg[7]

  Ref  DFF        Name(Last) r:/WORK/g03_top_IO/u_g03_soc/u_perips_top/u_pwm/cnt0_reg[8]
  Impl DFF        Name(Last) i:/WORK/g03_top_IO/u_g03_soc/u_perips_top/u_pwm/cnt0_reg[8]

  Ref  DFF        Name(Last) r:/WORK/g03_top_IO/u_g03_soc/u_perips_top/u_pwm/cnt0_reg[9]
  Impl DFF        Name(Last) i:/WORK/g03_top_IO/u_g03_soc/u_perips_top/u_pwm/cnt0_reg[9]

  Ref  DFF        Name(Last) r:/WORK/g03_top_IO/u_g03_soc/u_perips_top/u_pwm/cnt1_reg[0]
  Impl DFF        Name(Last) i:/WORK/g03_top_IO/u_g03_soc/u_perips_top/u_pwm/cnt1_reg[0]

  Ref  DFF        Name(Last) r:/WORK/g03_top_IO/u_g03_soc/u_perips_top/u_pwm/cnt1_reg[10]
  Impl DFF        Name(Last) i:/WORK/g03_top_IO/u_g03_soc/u_perips_top/u_pwm/cnt1_reg[10]

  Ref  DFF        Name(Last) r:/WORK/g03_top_IO/u_g03_soc/u_perips_top/u_pwm/cnt1_reg[11]
  Impl DFF        Name(Last) i:/WORK/g03_top_IO/u_g03_soc/u_perips_top/u_pwm/cnt1_reg[11]

  Ref  DFF        Name(Last) r:/WORK/g03_top_IO/u_g03_soc/u_perips_top/u_pwm/cnt1_reg[12]
  Impl DFF        Name(Last) i:/WORK/g03_top_IO/u_g03_soc/u_perips_top/u_pwm/cnt1_reg[12]

  Ref  DFF        Name(Last) r:/WORK/g03_top_IO/u_g03_soc/u_perips_top/u_pwm/cnt1_reg[13]
  Impl DFF        Name(Last) i:/WORK/g03_top_IO/u_g03_soc/u_perips_top/u_pwm/cnt1_reg[13]

  Ref  DFF        Name(Last) r:/WORK/g03_top_IO/u_g03_soc/u_perips_top/u_pwm/cnt1_reg[14]
  Impl DFF        Name(Last) i:/WORK/g03_top_IO/u_g03_soc/u_perips_top/u_pwm/cnt1_reg[14]

  Ref  DFF        Name(Last) r:/WORK/g03_top_IO/u_g03_soc/u_perips_top/u_pwm/cnt1_reg[15]
  Impl DFF        Name(Last) i:/WORK/g03_top_IO/u_g03_soc/u_perips_top/u_pwm/cnt1_reg[15]

  Ref  DFF        Name(Last) r:/WORK/g03_top_IO/u_g03_soc/u_perips_top/u_pwm/cnt1_reg[16]
  Impl DFF        Name(Last) i:/WORK/g03_top_IO/u_g03_soc/u_perips_top/u_pwm/cnt1_reg[16]

  Ref  DFF        Name(Last) r:/WORK/g03_top_IO/u_g03_soc/u_perips_top/u_pwm/cnt1_reg[17]
  Impl DFF        Name(Last) i:/WORK/g03_top_IO/u_g03_soc/u_perips_top/u_pwm/cnt1_reg[17]

  Ref  DFF        Name(Last) r:/WORK/g03_top_IO/u_g03_soc/u_perips_top/u_pwm/cnt1_reg[18]
  Impl DFF        Name(Last) i:/WORK/g03_top_IO/u_g03_soc/u_perips_top/u_pwm/cnt1_reg[18]

  Ref  DFF        Name(Last) r:/WORK/g03_top_IO/u_g03_soc/u_perips_top/u_pwm/cnt1_reg[19]
  Impl DFF        Name(Last) i:/WORK/g03_top_IO/u_g03_soc/u_perips_top/u_pwm/cnt1_reg[19]

  Ref  DFF        Name(Last) r:/WORK/g03_top_IO/u_g03_soc/u_perips_top/u_pwm/cnt1_reg[1]
  Impl DFF        Name(Last) i:/WORK/g03_top_IO/u_g03_soc/u_perips_top/u_pwm/cnt1_reg[1]

  Ref  DFF        Name(Last) r:/WORK/g03_top_IO/u_g03_soc/u_perips_top/u_pwm/cnt1_reg[20]
  Impl DFF        Name(Last) i:/WORK/g03_top_IO/u_g03_soc/u_perips_top/u_pwm/cnt1_reg[20]

  Ref  DFF        Name(Last) r:/WORK/g03_top_IO/u_g03_soc/u_perips_top/u_pwm/cnt1_reg[21]
  Impl DFF        Name(Last) i:/WORK/g03_top_IO/u_g03_soc/u_perips_top/u_pwm/cnt1_reg[21]

  Ref  DFF        Name(Last) r:/WORK/g03_top_IO/u_g03_soc/u_perips_top/u_pwm/cnt1_reg[22]
  Impl DFF        Name(Last) i:/WORK/g03_top_IO/u_g03_soc/u_perips_top/u_pwm/cnt1_reg[22]

  Ref  DFF        Name(Last) r:/WORK/g03_top_IO/u_g03_soc/u_perips_top/u_pwm/cnt1_reg[23]
  Impl DFF        Name(Last) i:/WORK/g03_top_IO/u_g03_soc/u_perips_top/u_pwm/cnt1_reg[23]

  Ref  DFF        Name(Last) r:/WORK/g03_top_IO/u_g03_soc/u_perips_top/u_pwm/cnt1_reg[24]
  Impl DFF        Name(Last) i:/WORK/g03_top_IO/u_g03_soc/u_perips_top/u_pwm/cnt1_reg[24]

  Ref  DFF        Name(Last) r:/WORK/g03_top_IO/u_g03_soc/u_perips_top/u_pwm/cnt1_reg[25]
  Impl DFF        Name(Last) i:/WORK/g03_top_IO/u_g03_soc/u_perips_top/u_pwm/cnt1_reg[25]

  Ref  DFF        Name(Last) r:/WORK/g03_top_IO/u_g03_soc/u_perips_top/u_pwm/cnt1_reg[26]
  Impl DFF        Name(Last) i:/WORK/g03_top_IO/u_g03_soc/u_perips_top/u_pwm/cnt1_reg[26]

  Ref  DFF        Name(Last) r:/WORK/g03_top_IO/u_g03_soc/u_perips_top/u_pwm/cnt1_reg[27]
  Impl DFF        Name(Last) i:/WORK/g03_top_IO/u_g03_soc/u_perips_top/u_pwm/cnt1_reg[27]

  Ref  DFF        Name(Last) r:/WORK/g03_top_IO/u_g03_soc/u_perips_top/u_pwm/cnt1_reg[28]
  Impl DFF        Name(Last) i:/WORK/g03_top_IO/u_g03_soc/u_perips_top/u_pwm/cnt1_reg[28]

  Ref  DFF        Name(Last) r:/WORK/g03_top_IO/u_g03_soc/u_perips_top/u_pwm/cnt1_reg[29]
  Impl DFF        Name(Last) i:/WORK/g03_top_IO/u_g03_soc/u_perips_top/u_pwm/cnt1_reg[29]

  Ref  DFF        Name(Last) r:/WORK/g03_top_IO/u_g03_soc/u_perips_top/u_pwm/cnt1_reg[2]
  Impl DFF        Name(Last) i:/WORK/g03_top_IO/u_g03_soc/u_perips_top/u_pwm/cnt1_reg[2]

  Ref  DFF        Name(Last) r:/WORK/g03_top_IO/u_g03_soc/u_perips_top/u_pwm/cnt1_reg[30]
  Impl DFF        Name(Last) i:/WORK/g03_top_IO/u_g03_soc/u_perips_top/u_pwm/cnt1_reg[30]

  Ref  DFF        Name(Last) r:/WORK/g03_top_IO/u_g03_soc/u_perips_top/u_pwm/cnt1_reg[31]
  Impl DFF        Name(Last) i:/WORK/g03_top_IO/u_g03_soc/u_perips_top/u_pwm/cnt1_reg[31]

  Ref  DFF        Name(Last) r:/WORK/g03_top_IO/u_g03_soc/u_perips_top/u_pwm/cnt1_reg[3]
  Impl DFF        Name(Last) i:/WORK/g03_top_IO/u_g03_soc/u_perips_top/u_pwm/cnt1_reg[3]

  Ref  DFF        Name(Last) r:/WORK/g03_top_IO/u_g03_soc/u_perips_top/u_pwm/cnt1_reg[4]
  Impl DFF        Name(Last) i:/WORK/g03_top_IO/u_g03_soc/u_perips_top/u_pwm/cnt1_reg[4]

  Ref  DFF        Name(Last) r:/WORK/g03_top_IO/u_g03_soc/u_perips_top/u_pwm/cnt1_reg[5]
  Impl DFF        Name(Last) i:/WORK/g03_top_IO/u_g03_soc/u_perips_top/u_pwm/cnt1_reg[5]

  Ref  DFF        Name(Last) r:/WORK/g03_top_IO/u_g03_soc/u_perips_top/u_pwm/cnt1_reg[6]
  Impl DFF        Name(Last) i:/WORK/g03_top_IO/u_g03_soc/u_perips_top/u_pwm/cnt1_reg[6]

  Ref  DFF        Name(Last) r:/WORK/g03_top_IO/u_g03_soc/u_perips_top/u_pwm/cnt1_reg[7]
  Impl DFF        Name(Last) i:/WORK/g03_top_IO/u_g03_soc/u_perips_top/u_pwm/cnt1_reg[7]

  Ref  DFF        Name(Last) r:/WORK/g03_top_IO/u_g03_soc/u_perips_top/u_pwm/cnt1_reg[8]
  Impl DFF        Name(Last) i:/WORK/g03_top_IO/u_g03_soc/u_perips_top/u_pwm/cnt1_reg[8]

  Ref  DFF        Name(Last) r:/WORK/g03_top_IO/u_g03_soc/u_perips_top/u_pwm/cnt1_reg[9]
  Impl DFF        Name(Last) i:/WORK/g03_top_IO/u_g03_soc/u_perips_top/u_pwm/cnt1_reg[9]

  Ref  DFF        Name(Last) r:/WORK/g03_top_IO/u_g03_soc/u_perips_top/u_pwm/cnt2_reg[0]
  Impl DFF        Name(Last) i:/WORK/g03_top_IO/u_g03_soc/u_perips_top/u_pwm/cnt2_reg[0]

  Ref  DFF        Name(Last) r:/WORK/g03_top_IO/u_g03_soc/u_perips_top/u_pwm/cnt2_reg[10]
  Impl DFF        Name(Last) i:/WORK/g03_top_IO/u_g03_soc/u_perips_top/u_pwm/cnt2_reg[10]

  Ref  DFF        Name(Last) r:/WORK/g03_top_IO/u_g03_soc/u_perips_top/u_pwm/cnt2_reg[11]
  Impl DFF        Name(Last) i:/WORK/g03_top_IO/u_g03_soc/u_perips_top/u_pwm/cnt2_reg[11]

  Ref  DFF        Name(Last) r:/WORK/g03_top_IO/u_g03_soc/u_perips_top/u_pwm/cnt2_reg[12]
  Impl DFF        Name(Last) i:/WORK/g03_top_IO/u_g03_soc/u_perips_top/u_pwm/cnt2_reg[12]

  Ref  DFF        Name(Last) r:/WORK/g03_top_IO/u_g03_soc/u_perips_top/u_pwm/cnt2_reg[13]
  Impl DFF        Name(Last) i:/WORK/g03_top_IO/u_g03_soc/u_perips_top/u_pwm/cnt2_reg[13]

  Ref  DFF        Name(Last) r:/WORK/g03_top_IO/u_g03_soc/u_perips_top/u_pwm/cnt2_reg[14]
  Impl DFF        Name(Last) i:/WORK/g03_top_IO/u_g03_soc/u_perips_top/u_pwm/cnt2_reg[14]

  Ref  DFF        Name(Last) r:/WORK/g03_top_IO/u_g03_soc/u_perips_top/u_pwm/cnt2_reg[15]
  Impl DFF        Name(Last) i:/WORK/g03_top_IO/u_g03_soc/u_perips_top/u_pwm/cnt2_reg[15]

  Ref  DFF        Name(Last) r:/WORK/g03_top_IO/u_g03_soc/u_perips_top/u_pwm/cnt2_reg[16]
  Impl DFF        Name(Last) i:/WORK/g03_top_IO/u_g03_soc/u_perips_top/u_pwm/cnt2_reg[16]

  Ref  DFF        Name(Last) r:/WORK/g03_top_IO/u_g03_soc/u_perips_top/u_pwm/cnt2_reg[17]
  Impl DFF        Name(Last) i:/WORK/g03_top_IO/u_g03_soc/u_perips_top/u_pwm/cnt2_reg[17]

  Ref  DFF        Name(Last) r:/WORK/g03_top_IO/u_g03_soc/u_perips_top/u_pwm/cnt2_reg[18]
  Impl DFF        Name(Last) i:/WORK/g03_top_IO/u_g03_soc/u_perips_top/u_pwm/cnt2_reg[18]

  Ref  DFF        Name(Last) r:/WORK/g03_top_IO/u_g03_soc/u_perips_top/u_pwm/cnt2_reg[19]
  Impl DFF        Name(Last) i:/WORK/g03_top_IO/u_g03_soc/u_perips_top/u_pwm/cnt2_reg[19]

  Ref  DFF        Name(Last) r:/WORK/g03_top_IO/u_g03_soc/u_perips_top/u_pwm/cnt2_reg[1]
  Impl DFF        Name(Last) i:/WORK/g03_top_IO/u_g03_soc/u_perips_top/u_pwm/cnt2_reg[1]

  Ref  DFF        Name(Last) r:/WORK/g03_top_IO/u_g03_soc/u_perips_top/u_pwm/cnt2_reg[20]
  Impl DFF        Name(Last) i:/WORK/g03_top_IO/u_g03_soc/u_perips_top/u_pwm/cnt2_reg[20]

  Ref  DFF        Name(Last) r:/WORK/g03_top_IO/u_g03_soc/u_perips_top/u_pwm/cnt2_reg[21]
  Impl DFF        Name(Last) i:/WORK/g03_top_IO/u_g03_soc/u_perips_top/u_pwm/cnt2_reg[21]

  Ref  DFF        Name(Last) r:/WORK/g03_top_IO/u_g03_soc/u_perips_top/u_pwm/cnt2_reg[22]
  Impl DFF        Name(Last) i:/WORK/g03_top_IO/u_g03_soc/u_perips_top/u_pwm/cnt2_reg[22]

  Ref  DFF        Name(Last) r:/WORK/g03_top_IO/u_g03_soc/u_perips_top/u_pwm/cnt2_reg[23]
  Impl DFF        Name(Last) i:/WORK/g03_top_IO/u_g03_soc/u_perips_top/u_pwm/cnt2_reg[23]

  Ref  DFF        Name(Last) r:/WORK/g03_top_IO/u_g03_soc/u_perips_top/u_pwm/cnt2_reg[24]
  Impl DFF        Name(Last) i:/WORK/g03_top_IO/u_g03_soc/u_perips_top/u_pwm/cnt2_reg[24]

  Ref  DFF        Name(Last) r:/WORK/g03_top_IO/u_g03_soc/u_perips_top/u_pwm/cnt2_reg[25]
  Impl DFF        Name(Last) i:/WORK/g03_top_IO/u_g03_soc/u_perips_top/u_pwm/cnt2_reg[25]

  Ref  DFF        Name(Last) r:/WORK/g03_top_IO/u_g03_soc/u_perips_top/u_pwm/cnt2_reg[26]
  Impl DFF        Name(Last) i:/WORK/g03_top_IO/u_g03_soc/u_perips_top/u_pwm/cnt2_reg[26]

  Ref  DFF        Name(Last) r:/WORK/g03_top_IO/u_g03_soc/u_perips_top/u_pwm/cnt2_reg[27]
  Impl DFF        Name(Last) i:/WORK/g03_top_IO/u_g03_soc/u_perips_top/u_pwm/cnt2_reg[27]

  Ref  DFF        Name(Last) r:/WORK/g03_top_IO/u_g03_soc/u_perips_top/u_pwm/cnt2_reg[28]
  Impl DFF        Name(Last) i:/WORK/g03_top_IO/u_g03_soc/u_perips_top/u_pwm/cnt2_reg[28]

  Ref  DFF        Name(Last) r:/WORK/g03_top_IO/u_g03_soc/u_perips_top/u_pwm/cnt2_reg[29]
  Impl DFF        Name(Last) i:/WORK/g03_top_IO/u_g03_soc/u_perips_top/u_pwm/cnt2_reg[29]

  Ref  DFF        Name(Last) r:/WORK/g03_top_IO/u_g03_soc/u_perips_top/u_pwm/cnt2_reg[2]
  Impl DFF        Name(Last) i:/WORK/g03_top_IO/u_g03_soc/u_perips_top/u_pwm/cnt2_reg[2]

  Ref  DFF        Name(Last) r:/WORK/g03_top_IO/u_g03_soc/u_perips_top/u_pwm/cnt2_reg[30]
  Impl DFF        Name(Last) i:/WORK/g03_top_IO/u_g03_soc/u_perips_top/u_pwm/cnt2_reg[30]

  Ref  DFF        Name(Last) r:/WORK/g03_top_IO/u_g03_soc/u_perips_top/u_pwm/cnt2_reg[31]
  Impl DFF        Name(Last) i:/WORK/g03_top_IO/u_g03_soc/u_perips_top/u_pwm/cnt2_reg[31]

  Ref  DFF        Name(Last) r:/WORK/g03_top_IO/u_g03_soc/u_perips_top/u_pwm/cnt2_reg[3]
  Impl DFF        Name(Last) i:/WORK/g03_top_IO/u_g03_soc/u_perips_top/u_pwm/cnt2_reg[3]

  Ref  DFF        Name(Last) r:/WORK/g03_top_IO/u_g03_soc/u_perips_top/u_pwm/cnt2_reg[4]
  Impl DFF        Name(Last) i:/WORK/g03_top_IO/u_g03_soc/u_perips_top/u_pwm/cnt2_reg[4]

  Ref  DFF        Name(Last) r:/WORK/g03_top_IO/u_g03_soc/u_perips_top/u_pwm/cnt2_reg[5]
  Impl DFF        Name(Last) i:/WORK/g03_top_IO/u_g03_soc/u_perips_top/u_pwm/cnt2_reg[5]

  Ref  DFF        Name(Last) r:/WORK/g03_top_IO/u_g03_soc/u_perips_top/u_pwm/cnt2_reg[6]
  Impl DFF        Name(Last) i:/WORK/g03_top_IO/u_g03_soc/u_perips_top/u_pwm/cnt2_reg[6]

  Ref  DFF        Name(Last) r:/WORK/g03_top_IO/u_g03_soc/u_perips_top/u_pwm/cnt2_reg[7]
  Impl DFF        Name(Last) i:/WORK/g03_top_IO/u_g03_soc/u_perips_top/u_pwm/cnt2_reg[7]

  Ref  DFF        Name(Last) r:/WORK/g03_top_IO/u_g03_soc/u_perips_top/u_pwm/cnt2_reg[8]
  Impl DFF        Name(Last) i:/WORK/g03_top_IO/u_g03_soc/u_perips_top/u_pwm/cnt2_reg[8]

  Ref  DFF        Name(Last) r:/WORK/g03_top_IO/u_g03_soc/u_perips_top/u_pwm/cnt2_reg[9]
  Impl DFF        Name(Last) i:/WORK/g03_top_IO/u_g03_soc/u_perips_top/u_pwm/cnt2_reg[9]

  Ref  DFF        Name(Last) r:/WORK/g03_top_IO/u_g03_soc/u_perips_top/u_pwm/cnt3_reg[0]
  Impl DFF        Name(Last) i:/WORK/g03_top_IO/u_g03_soc/u_perips_top/u_pwm/cnt3_reg[0]

  Ref  DFF        Name(Last) r:/WORK/g03_top_IO/u_g03_soc/u_perips_top/u_pwm/cnt3_reg[10]
  Impl DFF        Name(Last) i:/WORK/g03_top_IO/u_g03_soc/u_perips_top/u_pwm/cnt3_reg[10]

  Ref  DFF        Name(Last) r:/WORK/g03_top_IO/u_g03_soc/u_perips_top/u_pwm/cnt3_reg[11]
  Impl DFF        Name(Last) i:/WORK/g03_top_IO/u_g03_soc/u_perips_top/u_pwm/cnt3_reg[11]

  Ref  DFF        Name(Last) r:/WORK/g03_top_IO/u_g03_soc/u_perips_top/u_pwm/cnt3_reg[12]
  Impl DFF        Name(Last) i:/WORK/g03_top_IO/u_g03_soc/u_perips_top/u_pwm/cnt3_reg[12]

  Ref  DFF        Name(Last) r:/WORK/g03_top_IO/u_g03_soc/u_perips_top/u_pwm/cnt3_reg[13]
  Impl DFF        Name(Last) i:/WORK/g03_top_IO/u_g03_soc/u_perips_top/u_pwm/cnt3_reg[13]

  Ref  DFF        Name(Last) r:/WORK/g03_top_IO/u_g03_soc/u_perips_top/u_pwm/cnt3_reg[14]
  Impl DFF        Name(Last) i:/WORK/g03_top_IO/u_g03_soc/u_perips_top/u_pwm/cnt3_reg[14]

  Ref  DFF        Name(Last) r:/WORK/g03_top_IO/u_g03_soc/u_perips_top/u_pwm/cnt3_reg[15]
  Impl DFF        Name(Last) i:/WORK/g03_top_IO/u_g03_soc/u_perips_top/u_pwm/cnt3_reg[15]

  Ref  DFF        Name(Last) r:/WORK/g03_top_IO/u_g03_soc/u_perips_top/u_pwm/cnt3_reg[16]
  Impl DFF        Name(Last) i:/WORK/g03_top_IO/u_g03_soc/u_perips_top/u_pwm/cnt3_reg[16]

  Ref  DFF        Name(Last) r:/WORK/g03_top_IO/u_g03_soc/u_perips_top/u_pwm/cnt3_reg[17]
  Impl DFF        Name(Last) i:/WORK/g03_top_IO/u_g03_soc/u_perips_top/u_pwm/cnt3_reg[17]

  Ref  DFF        Name(Last) r:/WORK/g03_top_IO/u_g03_soc/u_perips_top/u_pwm/cnt3_reg[18]
  Impl DFF        Name(Last) i:/WORK/g03_top_IO/u_g03_soc/u_perips_top/u_pwm/cnt3_reg[18]

  Ref  DFF        Name(Last) r:/WORK/g03_top_IO/u_g03_soc/u_perips_top/u_pwm/cnt3_reg[19]
  Impl DFF        Name(Last) i:/WORK/g03_top_IO/u_g03_soc/u_perips_top/u_pwm/cnt3_reg[19]

  Ref  DFF        Name(Last) r:/WORK/g03_top_IO/u_g03_soc/u_perips_top/u_pwm/cnt3_reg[1]
  Impl DFF        Name(Last) i:/WORK/g03_top_IO/u_g03_soc/u_perips_top/u_pwm/cnt3_reg[1]

  Ref  DFF        Name(Last) r:/WORK/g03_top_IO/u_g03_soc/u_perips_top/u_pwm/cnt3_reg[20]
  Impl DFF        Name(Last) i:/WORK/g03_top_IO/u_g03_soc/u_perips_top/u_pwm/cnt3_reg[20]

  Ref  DFF        Name(Last) r:/WORK/g03_top_IO/u_g03_soc/u_perips_top/u_pwm/cnt3_reg[21]
  Impl DFF        Name(Last) i:/WORK/g03_top_IO/u_g03_soc/u_perips_top/u_pwm/cnt3_reg[21]

  Ref  DFF        Name(Last) r:/WORK/g03_top_IO/u_g03_soc/u_perips_top/u_pwm/cnt3_reg[22]
  Impl DFF        Name(Last) i:/WORK/g03_top_IO/u_g03_soc/u_perips_top/u_pwm/cnt3_reg[22]

  Ref  DFF        Name(Last) r:/WORK/g03_top_IO/u_g03_soc/u_perips_top/u_pwm/cnt3_reg[23]
  Impl DFF        Name(Last) i:/WORK/g03_top_IO/u_g03_soc/u_perips_top/u_pwm/cnt3_reg[23]

  Ref  DFF        Name(Last) r:/WORK/g03_top_IO/u_g03_soc/u_perips_top/u_pwm/cnt3_reg[24]
  Impl DFF        Name(Last) i:/WORK/g03_top_IO/u_g03_soc/u_perips_top/u_pwm/cnt3_reg[24]

  Ref  DFF        Name(Last) r:/WORK/g03_top_IO/u_g03_soc/u_perips_top/u_pwm/cnt3_reg[25]
  Impl DFF        Name(Last) i:/WORK/g03_top_IO/u_g03_soc/u_perips_top/u_pwm/cnt3_reg[25]

  Ref  DFF        Name(Last) r:/WORK/g03_top_IO/u_g03_soc/u_perips_top/u_pwm/cnt3_reg[26]
  Impl DFF        Name(Last) i:/WORK/g03_top_IO/u_g03_soc/u_perips_top/u_pwm/cnt3_reg[26]

  Ref  DFF        Name(Last) r:/WORK/g03_top_IO/u_g03_soc/u_perips_top/u_pwm/cnt3_reg[27]
  Impl DFF        Name(Last) i:/WORK/g03_top_IO/u_g03_soc/u_perips_top/u_pwm/cnt3_reg[27]

  Ref  DFF        Name(Last) r:/WORK/g03_top_IO/u_g03_soc/u_perips_top/u_pwm/cnt3_reg[28]
  Impl DFF        Name(Last) i:/WORK/g03_top_IO/u_g03_soc/u_perips_top/u_pwm/cnt3_reg[28]

  Ref  DFF        Name(Last) r:/WORK/g03_top_IO/u_g03_soc/u_perips_top/u_pwm/cnt3_reg[29]
  Impl DFF        Name(Last) i:/WORK/g03_top_IO/u_g03_soc/u_perips_top/u_pwm/cnt3_reg[29]

  Ref  DFF        Name(Last) r:/WORK/g03_top_IO/u_g03_soc/u_perips_top/u_pwm/cnt3_reg[2]
  Impl DFF        Name(Last) i:/WORK/g03_top_IO/u_g03_soc/u_perips_top/u_pwm/cnt3_reg[2]

  Ref  DFF        Name(Last) r:/WORK/g03_top_IO/u_g03_soc/u_perips_top/u_pwm/cnt3_reg[30]
  Impl DFF        Name(Last) i:/WORK/g03_top_IO/u_g03_soc/u_perips_top/u_pwm/cnt3_reg[30]

  Ref  DFF        Name(Last) r:/WORK/g03_top_IO/u_g03_soc/u_perips_top/u_pwm/cnt3_reg[31]
  Impl DFF        Name(Last) i:/WORK/g03_top_IO/u_g03_soc/u_perips_top/u_pwm/cnt3_reg[31]

  Ref  DFF        Name(Last) r:/WORK/g03_top_IO/u_g03_soc/u_perips_top/u_pwm/cnt3_reg[3]
  Impl DFF        Name(Last) i:/WORK/g03_top_IO/u_g03_soc/u_perips_top/u_pwm/cnt3_reg[3]

  Ref  DFF        Name(Last) r:/WORK/g03_top_IO/u_g03_soc/u_perips_top/u_pwm/cnt3_reg[4]
  Impl DFF        Name(Last) i:/WORK/g03_top_IO/u_g03_soc/u_perips_top/u_pwm/cnt3_reg[4]

  Ref  DFF        Name(Last) r:/WORK/g03_top_IO/u_g03_soc/u_perips_top/u_pwm/cnt3_reg[5]
  Impl DFF        Name(Last) i:/WORK/g03_top_IO/u_g03_soc/u_perips_top/u_pwm/cnt3_reg[5]

  Ref  DFF        Name(Last) r:/WORK/g03_top_IO/u_g03_soc/u_perips_top/u_pwm/cnt3_reg[6]
  Impl DFF        Name(Last) i:/WORK/g03_top_IO/u_g03_soc/u_perips_top/u_pwm/cnt3_reg[6]

  Ref  DFF        Name(Last) r:/WORK/g03_top_IO/u_g03_soc/u_perips_top/u_pwm/cnt3_reg[7]
  Impl DFF        Name(Last) i:/WORK/g03_top_IO/u_g03_soc/u_perips_top/u_pwm/cnt3_reg[7]

  Ref  DFF        Name(Last) r:/WORK/g03_top_IO/u_g03_soc/u_perips_top/u_pwm/cnt3_reg[8]
  Impl DFF        Name(Last) i:/WORK/g03_top_IO/u_g03_soc/u_perips_top/u_pwm/cnt3_reg[8]

  Ref  DFF        Name(Last) r:/WORK/g03_top_IO/u_g03_soc/u_perips_top/u_pwm/cnt3_reg[9]
  Impl DFF        Name(Last) i:/WORK/g03_top_IO/u_g03_soc/u_perips_top/u_pwm/cnt3_reg[9]

  Ref  DFF        Name(Last) r:/WORK/g03_top_IO/u_g03_soc/u_perips_top/u_pwm/data_o_reg[0]
  Impl DFF        Name(Last) i:/WORK/g03_top_IO/u_g03_soc/u_perips_top/u_pwm/data_o_reg[0]

  Ref  DFF        Name(Last) r:/WORK/g03_top_IO/u_g03_soc/u_perips_top/u_pwm/data_o_reg[10]
  Impl DFF        Name(Last) i:/WORK/g03_top_IO/u_g03_soc/u_perips_top/u_pwm/data_o_reg[10]

  Ref  DFF        Name(Last) r:/WORK/g03_top_IO/u_g03_soc/u_perips_top/u_pwm/data_o_reg[11]
  Impl DFF        Name(Last) i:/WORK/g03_top_IO/u_g03_soc/u_perips_top/u_pwm/data_o_reg[11]

  Ref  DFF        Name(Last) r:/WORK/g03_top_IO/u_g03_soc/u_perips_top/u_pwm/data_o_reg[12]
  Impl DFF        Name(Last) i:/WORK/g03_top_IO/u_g03_soc/u_perips_top/u_pwm/data_o_reg[12]

  Ref  DFF        Name(Last) r:/WORK/g03_top_IO/u_g03_soc/u_perips_top/u_pwm/data_o_reg[13]
  Impl DFF        Name(Last) i:/WORK/g03_top_IO/u_g03_soc/u_perips_top/u_pwm/data_o_reg[13]

  Ref  DFF        Name(Last) r:/WORK/g03_top_IO/u_g03_soc/u_perips_top/u_pwm/data_o_reg[14]
  Impl DFF        Name(Last) i:/WORK/g03_top_IO/u_g03_soc/u_perips_top/u_pwm/data_o_reg[14]

  Ref  DFF        Name(Last) r:/WORK/g03_top_IO/u_g03_soc/u_perips_top/u_pwm/data_o_reg[15]
  Impl DFF        Name(Last) i:/WORK/g03_top_IO/u_g03_soc/u_perips_top/u_pwm/data_o_reg[15]

  Ref  DFF        Name(Last) r:/WORK/g03_top_IO/u_g03_soc/u_perips_top/u_pwm/data_o_reg[16]
  Impl DFF        Name(Last) i:/WORK/g03_top_IO/u_g03_soc/u_perips_top/u_pwm/data_o_reg[16]

  Ref  DFF        Name(Last) r:/WORK/g03_top_IO/u_g03_soc/u_perips_top/u_pwm/data_o_reg[17]
  Impl DFF        Name(Last) i:/WORK/g03_top_IO/u_g03_soc/u_perips_top/u_pwm/data_o_reg[17]

  Ref  DFF        Name(Last) r:/WORK/g03_top_IO/u_g03_soc/u_perips_top/u_pwm/data_o_reg[18]
  Impl DFF        Name(Last) i:/WORK/g03_top_IO/u_g03_soc/u_perips_top/u_pwm/data_o_reg[18]

  Ref  DFF        Name(Last) r:/WORK/g03_top_IO/u_g03_soc/u_perips_top/u_pwm/data_o_reg[19]
  Impl DFF        Name(Last) i:/WORK/g03_top_IO/u_g03_soc/u_perips_top/u_pwm/data_o_reg[19]

  Ref  DFF        Name(Last) r:/WORK/g03_top_IO/u_g03_soc/u_perips_top/u_pwm/data_o_reg[1]
  Impl DFF        Name(Last) i:/WORK/g03_top_IO/u_g03_soc/u_perips_top/u_pwm/data_o_reg[1]

  Ref  DFF        Name(Last) r:/WORK/g03_top_IO/u_g03_soc/u_perips_top/u_pwm/data_o_reg[20]
  Impl DFF        Name(Last) i:/WORK/g03_top_IO/u_g03_soc/u_perips_top/u_pwm/data_o_reg[20]

  Ref  DFF        Name(Last) r:/WORK/g03_top_IO/u_g03_soc/u_perips_top/u_pwm/data_o_reg[21]
  Impl DFF        Name(Last) i:/WORK/g03_top_IO/u_g03_soc/u_perips_top/u_pwm/data_o_reg[21]

  Ref  DFF        Name(Last) r:/WORK/g03_top_IO/u_g03_soc/u_perips_top/u_pwm/data_o_reg[22]
  Impl DFF        Name(Last) i:/WORK/g03_top_IO/u_g03_soc/u_perips_top/u_pwm/data_o_reg[22]

  Ref  DFF        Name(Last) r:/WORK/g03_top_IO/u_g03_soc/u_perips_top/u_pwm/data_o_reg[23]
  Impl DFF        Name(Last) i:/WORK/g03_top_IO/u_g03_soc/u_perips_top/u_pwm/data_o_reg[23]

  Ref  DFF        Name(Last) r:/WORK/g03_top_IO/u_g03_soc/u_perips_top/u_pwm/data_o_reg[24]
  Impl DFF        Name(Last) i:/WORK/g03_top_IO/u_g03_soc/u_perips_top/u_pwm/data_o_reg[24]

  Ref  DFF        Name(Last) r:/WORK/g03_top_IO/u_g03_soc/u_perips_top/u_pwm/data_o_reg[25]
  Impl DFF        Name(Last) i:/WORK/g03_top_IO/u_g03_soc/u_perips_top/u_pwm/data_o_reg[25]

  Ref  DFF        Name(Last) r:/WORK/g03_top_IO/u_g03_soc/u_perips_top/u_pwm/data_o_reg[26]
  Impl DFF        Name(Last) i:/WORK/g03_top_IO/u_g03_soc/u_perips_top/u_pwm/data_o_reg[26]

  Ref  DFF        Name(Last) r:/WORK/g03_top_IO/u_g03_soc/u_perips_top/u_pwm/data_o_reg[27]
  Impl DFF        Name(Last) i:/WORK/g03_top_IO/u_g03_soc/u_perips_top/u_pwm/data_o_reg[27]

  Ref  DFF        Name(Last) r:/WORK/g03_top_IO/u_g03_soc/u_perips_top/u_pwm/data_o_reg[28]
  Impl DFF        Name(Last) i:/WORK/g03_top_IO/u_g03_soc/u_perips_top/u_pwm/data_o_reg[28]

  Ref  DFF        Name(Last) r:/WORK/g03_top_IO/u_g03_soc/u_perips_top/u_pwm/data_o_reg[29]
  Impl DFF        Name(Last) i:/WORK/g03_top_IO/u_g03_soc/u_perips_top/u_pwm/data_o_reg[29]

  Ref  DFF        Name(Last) r:/WORK/g03_top_IO/u_g03_soc/u_perips_top/u_pwm/data_o_reg[2]
  Impl DFF        Name(Last) i:/WORK/g03_top_IO/u_g03_soc/u_perips_top/u_pwm/data_o_reg[2]

  Ref  DFF        Name(Last) r:/WORK/g03_top_IO/u_g03_soc/u_perips_top/u_pwm/data_o_reg[30]
  Impl DFF        Name(Last) i:/WORK/g03_top_IO/u_g03_soc/u_perips_top/u_pwm/data_o_reg[30]

  Ref  DFF        Name(Last) r:/WORK/g03_top_IO/u_g03_soc/u_perips_top/u_pwm/data_o_reg[31]
  Impl DFF        Name(Last) i:/WORK/g03_top_IO/u_g03_soc/u_perips_top/u_pwm/data_o_reg[31]

  Ref  DFF        Name(Last) r:/WORK/g03_top_IO/u_g03_soc/u_perips_top/u_pwm/data_o_reg[3]
  Impl DFF        Name(Last) i:/WORK/g03_top_IO/u_g03_soc/u_perips_top/u_pwm/data_o_reg[3]

  Ref  DFF        Name(Last) r:/WORK/g03_top_IO/u_g03_soc/u_perips_top/u_pwm/data_o_reg[4]
  Impl DFF        Name(Last) i:/WORK/g03_top_IO/u_g03_soc/u_perips_top/u_pwm/data_o_reg[4]

  Ref  DFF        Name(Last) r:/WORK/g03_top_IO/u_g03_soc/u_perips_top/u_pwm/data_o_reg[5]
  Impl DFF        Name(Last) i:/WORK/g03_top_IO/u_g03_soc/u_perips_top/u_pwm/data_o_reg[5]

  Ref  DFF        Name(Last) r:/WORK/g03_top_IO/u_g03_soc/u_perips_top/u_pwm/data_o_reg[6]
  Impl DFF        Name(Last) i:/WORK/g03_top_IO/u_g03_soc/u_perips_top/u_pwm/data_o_reg[6]

  Ref  DFF        Name(Last) r:/WORK/g03_top_IO/u_g03_soc/u_perips_top/u_pwm/data_o_reg[7]
  Impl DFF        Name(Last) i:/WORK/g03_top_IO/u_g03_soc/u_perips_top/u_pwm/data_o_reg[7]

  Ref  DFF        Name(Last) r:/WORK/g03_top_IO/u_g03_soc/u_perips_top/u_pwm/data_o_reg[8]
  Impl DFF        Name(Last) i:/WORK/g03_top_IO/u_g03_soc/u_perips_top/u_pwm/data_o_reg[8]

  Ref  DFF        Name(Last) r:/WORK/g03_top_IO/u_g03_soc/u_perips_top/u_pwm/data_o_reg[9]
  Impl DFF        Name(Last) i:/WORK/g03_top_IO/u_g03_soc/u_perips_top/u_pwm/data_o_reg[9]

  Ref  DFF        Name(Last) r:/WORK/g03_top_IO/u_g03_soc/u_perips_top/u_pwm/pwm_out_r_reg[0]
  Impl DFF        Name(Last) i:/WORK/g03_top_IO/u_g03_soc/u_perips_top/u_pwm/pwm_out_r_reg[0]

  Ref  DFF        Name(Last) r:/WORK/g03_top_IO/u_g03_soc/u_perips_top/u_pwm/pwm_out_r_reg[1]
  Impl DFF        Name(Last) i:/WORK/g03_top_IO/u_g03_soc/u_perips_top/u_pwm/pwm_out_r_reg[1]

  Ref  DFF        Name(Last) r:/WORK/g03_top_IO/u_g03_soc/u_perips_top/u_pwm/pwm_out_r_reg[2]
  Impl DFF        Name(Last) i:/WORK/g03_top_IO/u_g03_soc/u_perips_top/u_pwm/pwm_out_r_reg[2]

  Ref  DFF        Name(Last) r:/WORK/g03_top_IO/u_g03_soc/u_perips_top/u_pwm/pwm_out_r_reg[3]
  Impl DFF        Name(Last) i:/WORK/g03_top_IO/u_g03_soc/u_perips_top/u_pwm/pwm_out_r_reg[3]

  Ref  DFF        Name(Last) r:/WORK/g03_top_IO/u_g03_soc/u_perips_top/u_pwm/reg_a0_reg[0]
  Impl DFF        Name(Last) i:/WORK/g03_top_IO/u_g03_soc/u_perips_top/u_pwm/reg_a0_reg[0]

  Ref  DFF        Name(Last) r:/WORK/g03_top_IO/u_g03_soc/u_perips_top/u_pwm/reg_a0_reg[10]
  Impl DFF        Name(Last) i:/WORK/g03_top_IO/u_g03_soc/u_perips_top/u_pwm/reg_a0_reg[10]

  Ref  DFF        Name(Last) r:/WORK/g03_top_IO/u_g03_soc/u_perips_top/u_pwm/reg_a0_reg[11]
  Impl DFF        Name(Last) i:/WORK/g03_top_IO/u_g03_soc/u_perips_top/u_pwm/reg_a0_reg[11]

  Ref  DFF        Name(Last) r:/WORK/g03_top_IO/u_g03_soc/u_perips_top/u_pwm/reg_a0_reg[12]
  Impl DFF        Name(Last) i:/WORK/g03_top_IO/u_g03_soc/u_perips_top/u_pwm/reg_a0_reg[12]

  Ref  DFF        Name(Last) r:/WORK/g03_top_IO/u_g03_soc/u_perips_top/u_pwm/reg_a0_reg[13]
  Impl DFF        Name(Last) i:/WORK/g03_top_IO/u_g03_soc/u_perips_top/u_pwm/reg_a0_reg[13]

  Ref  DFF        Name(Last) r:/WORK/g03_top_IO/u_g03_soc/u_perips_top/u_pwm/reg_a0_reg[14]
  Impl DFF        Name(Last) i:/WORK/g03_top_IO/u_g03_soc/u_perips_top/u_pwm/reg_a0_reg[14]

  Ref  DFF        Name(Last) r:/WORK/g03_top_IO/u_g03_soc/u_perips_top/u_pwm/reg_a0_reg[15]
  Impl DFF        Name(Last) i:/WORK/g03_top_IO/u_g03_soc/u_perips_top/u_pwm/reg_a0_reg[15]

  Ref  DFF        Name(Last) r:/WORK/g03_top_IO/u_g03_soc/u_perips_top/u_pwm/reg_a0_reg[16]
  Impl DFF        Name(Last) i:/WORK/g03_top_IO/u_g03_soc/u_perips_top/u_pwm/reg_a0_reg[16]

  Ref  DFF        Name(Last) r:/WORK/g03_top_IO/u_g03_soc/u_perips_top/u_pwm/reg_a0_reg[17]
  Impl DFF        Name(Last) i:/WORK/g03_top_IO/u_g03_soc/u_perips_top/u_pwm/reg_a0_reg[17]

  Ref  DFF        Name(Last) r:/WORK/g03_top_IO/u_g03_soc/u_perips_top/u_pwm/reg_a0_reg[18]
  Impl DFF        Name(Last) i:/WORK/g03_top_IO/u_g03_soc/u_perips_top/u_pwm/reg_a0_reg[18]

  Ref  DFF        Name(Last) r:/WORK/g03_top_IO/u_g03_soc/u_perips_top/u_pwm/reg_a0_reg[19]
  Impl DFF        Name(Last) i:/WORK/g03_top_IO/u_g03_soc/u_perips_top/u_pwm/reg_a0_reg[19]

  Ref  DFF        Name(Last) r:/WORK/g03_top_IO/u_g03_soc/u_perips_top/u_pwm/reg_a0_reg[1]
  Impl DFF        Name(Last) i:/WORK/g03_top_IO/u_g03_soc/u_perips_top/u_pwm/reg_a0_reg[1]

  Ref  DFF        Name(Last) r:/WORK/g03_top_IO/u_g03_soc/u_perips_top/u_pwm/reg_a0_reg[20]
  Impl DFF        Name(Last) i:/WORK/g03_top_IO/u_g03_soc/u_perips_top/u_pwm/reg_a0_reg[20]

  Ref  DFF        Name(Last) r:/WORK/g03_top_IO/u_g03_soc/u_perips_top/u_pwm/reg_a0_reg[21]
  Impl DFF        Name(Last) i:/WORK/g03_top_IO/u_g03_soc/u_perips_top/u_pwm/reg_a0_reg[21]

  Ref  DFF        Name(Last) r:/WORK/g03_top_IO/u_g03_soc/u_perips_top/u_pwm/reg_a0_reg[22]
  Impl DFF        Name(Last) i:/WORK/g03_top_IO/u_g03_soc/u_perips_top/u_pwm/reg_a0_reg[22]

  Ref  DFF        Name(Last) r:/WORK/g03_top_IO/u_g03_soc/u_perips_top/u_pwm/reg_a0_reg[23]
  Impl DFF        Name(Last) i:/WORK/g03_top_IO/u_g03_soc/u_perips_top/u_pwm/reg_a0_reg[23]

  Ref  DFF        Name(Last) r:/WORK/g03_top_IO/u_g03_soc/u_perips_top/u_pwm/reg_a0_reg[24]
  Impl DFF        Name(Last) i:/WORK/g03_top_IO/u_g03_soc/u_perips_top/u_pwm/reg_a0_reg[24]

  Ref  DFF        Name(Last) r:/WORK/g03_top_IO/u_g03_soc/u_perips_top/u_pwm/reg_a0_reg[25]
  Impl DFF        Name(Last) i:/WORK/g03_top_IO/u_g03_soc/u_perips_top/u_pwm/reg_a0_reg[25]

  Ref  DFF        Name(Last) r:/WORK/g03_top_IO/u_g03_soc/u_perips_top/u_pwm/reg_a0_reg[26]
  Impl DFF        Name(Last) i:/WORK/g03_top_IO/u_g03_soc/u_perips_top/u_pwm/reg_a0_reg[26]

  Ref  DFF        Name(Last) r:/WORK/g03_top_IO/u_g03_soc/u_perips_top/u_pwm/reg_a0_reg[27]
  Impl DFF        Name(Last) i:/WORK/g03_top_IO/u_g03_soc/u_perips_top/u_pwm/reg_a0_reg[27]

  Ref  DFF        Name(Last) r:/WORK/g03_top_IO/u_g03_soc/u_perips_top/u_pwm/reg_a0_reg[28]
  Impl DFF        Name(Last) i:/WORK/g03_top_IO/u_g03_soc/u_perips_top/u_pwm/reg_a0_reg[28]

  Ref  DFF        Name(Last) r:/WORK/g03_top_IO/u_g03_soc/u_perips_top/u_pwm/reg_a0_reg[29]
  Impl DFF        Name(Last) i:/WORK/g03_top_IO/u_g03_soc/u_perips_top/u_pwm/reg_a0_reg[29]

  Ref  DFF        Name(Last) r:/WORK/g03_top_IO/u_g03_soc/u_perips_top/u_pwm/reg_a0_reg[2]
  Impl DFF        Name(Last) i:/WORK/g03_top_IO/u_g03_soc/u_perips_top/u_pwm/reg_a0_reg[2]

  Ref  DFF        Name(Last) r:/WORK/g03_top_IO/u_g03_soc/u_perips_top/u_pwm/reg_a0_reg[30]
  Impl DFF        Name(Last) i:/WORK/g03_top_IO/u_g03_soc/u_perips_top/u_pwm/reg_a0_reg[30]

  Ref  DFF        Name(Last) r:/WORK/g03_top_IO/u_g03_soc/u_perips_top/u_pwm/reg_a0_reg[31]
  Impl DFF        Name(Last) i:/WORK/g03_top_IO/u_g03_soc/u_perips_top/u_pwm/reg_a0_reg[31]

  Ref  DFF        Name(Last) r:/WORK/g03_top_IO/u_g03_soc/u_perips_top/u_pwm/reg_a0_reg[3]
  Impl DFF        Name(Last) i:/WORK/g03_top_IO/u_g03_soc/u_perips_top/u_pwm/reg_a0_reg[3]

  Ref  DFF        Name(Last) r:/WORK/g03_top_IO/u_g03_soc/u_perips_top/u_pwm/reg_a0_reg[4]
  Impl DFF        Name(Last) i:/WORK/g03_top_IO/u_g03_soc/u_perips_top/u_pwm/reg_a0_reg[4]

  Ref  DFF        Name(Last) r:/WORK/g03_top_IO/u_g03_soc/u_perips_top/u_pwm/reg_a0_reg[5]
  Impl DFF        Name(Last) i:/WORK/g03_top_IO/u_g03_soc/u_perips_top/u_pwm/reg_a0_reg[5]

  Ref  DFF        Name(Last) r:/WORK/g03_top_IO/u_g03_soc/u_perips_top/u_pwm/reg_a0_reg[6]
  Impl DFF        Name(Last) i:/WORK/g03_top_IO/u_g03_soc/u_perips_top/u_pwm/reg_a0_reg[6]

  Ref  DFF        Name(Last) r:/WORK/g03_top_IO/u_g03_soc/u_perips_top/u_pwm/reg_a0_reg[7]
  Impl DFF        Name(Last) i:/WORK/g03_top_IO/u_g03_soc/u_perips_top/u_pwm/reg_a0_reg[7]

  Ref  DFF        Name(Last) r:/WORK/g03_top_IO/u_g03_soc/u_perips_top/u_pwm/reg_a0_reg[8]
  Impl DFF        Name(Last) i:/WORK/g03_top_IO/u_g03_soc/u_perips_top/u_pwm/reg_a0_reg[8]

  Ref  DFF        Name(Last) r:/WORK/g03_top_IO/u_g03_soc/u_perips_top/u_pwm/reg_a0_reg[9]
  Impl DFF        Name(Last) i:/WORK/g03_top_IO/u_g03_soc/u_perips_top/u_pwm/reg_a0_reg[9]

  Ref  DFF        Name(Last) r:/WORK/g03_top_IO/u_g03_soc/u_perips_top/u_pwm/reg_a1_reg[0]
  Impl DFF        Name(Last) i:/WORK/g03_top_IO/u_g03_soc/u_perips_top/u_pwm/reg_a1_reg[0]

  Ref  DFF        Name(Last) r:/WORK/g03_top_IO/u_g03_soc/u_perips_top/u_pwm/reg_a1_reg[10]
  Impl DFF        Name(Last) i:/WORK/g03_top_IO/u_g03_soc/u_perips_top/u_pwm/reg_a1_reg[10]

  Ref  DFF        Name(Last) r:/WORK/g03_top_IO/u_g03_soc/u_perips_top/u_pwm/reg_a1_reg[11]
  Impl DFF        Name(Last) i:/WORK/g03_top_IO/u_g03_soc/u_perips_top/u_pwm/reg_a1_reg[11]

  Ref  DFF        Name(Last) r:/WORK/g03_top_IO/u_g03_soc/u_perips_top/u_pwm/reg_a1_reg[12]
  Impl DFF        Name(Last) i:/WORK/g03_top_IO/u_g03_soc/u_perips_top/u_pwm/reg_a1_reg[12]

  Ref  DFF        Name(Last) r:/WORK/g03_top_IO/u_g03_soc/u_perips_top/u_pwm/reg_a1_reg[13]
  Impl DFF        Name(Last) i:/WORK/g03_top_IO/u_g03_soc/u_perips_top/u_pwm/reg_a1_reg[13]

  Ref  DFF        Name(Last) r:/WORK/g03_top_IO/u_g03_soc/u_perips_top/u_pwm/reg_a1_reg[14]
  Impl DFF        Name(Last) i:/WORK/g03_top_IO/u_g03_soc/u_perips_top/u_pwm/reg_a1_reg[14]

  Ref  DFF        Name(Last) r:/WORK/g03_top_IO/u_g03_soc/u_perips_top/u_pwm/reg_a1_reg[15]
  Impl DFF        Name(Last) i:/WORK/g03_top_IO/u_g03_soc/u_perips_top/u_pwm/reg_a1_reg[15]

  Ref  DFF        Name(Last) r:/WORK/g03_top_IO/u_g03_soc/u_perips_top/u_pwm/reg_a1_reg[16]
  Impl DFF        Name(Last) i:/WORK/g03_top_IO/u_g03_soc/u_perips_top/u_pwm/reg_a1_reg[16]

  Ref  DFF        Name(Last) r:/WORK/g03_top_IO/u_g03_soc/u_perips_top/u_pwm/reg_a1_reg[17]
  Impl DFF        Name(Last) i:/WORK/g03_top_IO/u_g03_soc/u_perips_top/u_pwm/reg_a1_reg[17]

  Ref  DFF        Name(Last) r:/WORK/g03_top_IO/u_g03_soc/u_perips_top/u_pwm/reg_a1_reg[18]
  Impl DFF        Name(Last) i:/WORK/g03_top_IO/u_g03_soc/u_perips_top/u_pwm/reg_a1_reg[18]

  Ref  DFF        Name(Last) r:/WORK/g03_top_IO/u_g03_soc/u_perips_top/u_pwm/reg_a1_reg[19]
  Impl DFF        Name(Last) i:/WORK/g03_top_IO/u_g03_soc/u_perips_top/u_pwm/reg_a1_reg[19]

  Ref  DFF        Name(Last) r:/WORK/g03_top_IO/u_g03_soc/u_perips_top/u_pwm/reg_a1_reg[1]
  Impl DFF        Name(Last) i:/WORK/g03_top_IO/u_g03_soc/u_perips_top/u_pwm/reg_a1_reg[1]

  Ref  DFF        Name(Last) r:/WORK/g03_top_IO/u_g03_soc/u_perips_top/u_pwm/reg_a1_reg[20]
  Impl DFF        Name(Last) i:/WORK/g03_top_IO/u_g03_soc/u_perips_top/u_pwm/reg_a1_reg[20]

  Ref  DFF        Name(Last) r:/WORK/g03_top_IO/u_g03_soc/u_perips_top/u_pwm/reg_a1_reg[21]
  Impl DFF        Name(Last) i:/WORK/g03_top_IO/u_g03_soc/u_perips_top/u_pwm/reg_a1_reg[21]

  Ref  DFF        Name(Last) r:/WORK/g03_top_IO/u_g03_soc/u_perips_top/u_pwm/reg_a1_reg[22]
  Impl DFF        Name(Last) i:/WORK/g03_top_IO/u_g03_soc/u_perips_top/u_pwm/reg_a1_reg[22]

  Ref  DFF        Name(Last) r:/WORK/g03_top_IO/u_g03_soc/u_perips_top/u_pwm/reg_a1_reg[23]
  Impl DFF        Name(Last) i:/WORK/g03_top_IO/u_g03_soc/u_perips_top/u_pwm/reg_a1_reg[23]

  Ref  DFF        Name(Last) r:/WORK/g03_top_IO/u_g03_soc/u_perips_top/u_pwm/reg_a1_reg[24]
  Impl DFF        Name(Last) i:/WORK/g03_top_IO/u_g03_soc/u_perips_top/u_pwm/reg_a1_reg[24]

  Ref  DFF        Name(Last) r:/WORK/g03_top_IO/u_g03_soc/u_perips_top/u_pwm/reg_a1_reg[25]
  Impl DFF        Name(Last) i:/WORK/g03_top_IO/u_g03_soc/u_perips_top/u_pwm/reg_a1_reg[25]

  Ref  DFF        Name(Last) r:/WORK/g03_top_IO/u_g03_soc/u_perips_top/u_pwm/reg_a1_reg[26]
  Impl DFF        Name(Last) i:/WORK/g03_top_IO/u_g03_soc/u_perips_top/u_pwm/reg_a1_reg[26]

  Ref  DFF        Name(Last) r:/WORK/g03_top_IO/u_g03_soc/u_perips_top/u_pwm/reg_a1_reg[27]
  Impl DFF        Name(Last) i:/WORK/g03_top_IO/u_g03_soc/u_perips_top/u_pwm/reg_a1_reg[27]

  Ref  DFF        Name(Last) r:/WORK/g03_top_IO/u_g03_soc/u_perips_top/u_pwm/reg_a1_reg[28]
  Impl DFF        Name(Last) i:/WORK/g03_top_IO/u_g03_soc/u_perips_top/u_pwm/reg_a1_reg[28]

  Ref  DFF        Name(Last) r:/WORK/g03_top_IO/u_g03_soc/u_perips_top/u_pwm/reg_a1_reg[29]
  Impl DFF        Name(Last) i:/WORK/g03_top_IO/u_g03_soc/u_perips_top/u_pwm/reg_a1_reg[29]

  Ref  DFF        Name(Last) r:/WORK/g03_top_IO/u_g03_soc/u_perips_top/u_pwm/reg_a1_reg[2]
  Impl DFF        Name(Last) i:/WORK/g03_top_IO/u_g03_soc/u_perips_top/u_pwm/reg_a1_reg[2]

  Ref  DFF        Name(Last) r:/WORK/g03_top_IO/u_g03_soc/u_perips_top/u_pwm/reg_a1_reg[30]
  Impl DFF        Name(Last) i:/WORK/g03_top_IO/u_g03_soc/u_perips_top/u_pwm/reg_a1_reg[30]

  Ref  DFF        Name(Last) r:/WORK/g03_top_IO/u_g03_soc/u_perips_top/u_pwm/reg_a1_reg[31]
  Impl DFF        Name(Last) i:/WORK/g03_top_IO/u_g03_soc/u_perips_top/u_pwm/reg_a1_reg[31]

  Ref  DFF        Name(Last) r:/WORK/g03_top_IO/u_g03_soc/u_perips_top/u_pwm/reg_a1_reg[3]
  Impl DFF        Name(Last) i:/WORK/g03_top_IO/u_g03_soc/u_perips_top/u_pwm/reg_a1_reg[3]

  Ref  DFF        Name(Last) r:/WORK/g03_top_IO/u_g03_soc/u_perips_top/u_pwm/reg_a1_reg[4]
  Impl DFF        Name(Last) i:/WORK/g03_top_IO/u_g03_soc/u_perips_top/u_pwm/reg_a1_reg[4]

  Ref  DFF        Name(Last) r:/WORK/g03_top_IO/u_g03_soc/u_perips_top/u_pwm/reg_a1_reg[5]
  Impl DFF        Name(Last) i:/WORK/g03_top_IO/u_g03_soc/u_perips_top/u_pwm/reg_a1_reg[5]

  Ref  DFF        Name(Last) r:/WORK/g03_top_IO/u_g03_soc/u_perips_top/u_pwm/reg_a1_reg[6]
  Impl DFF        Name(Last) i:/WORK/g03_top_IO/u_g03_soc/u_perips_top/u_pwm/reg_a1_reg[6]

  Ref  DFF        Name(Last) r:/WORK/g03_top_IO/u_g03_soc/u_perips_top/u_pwm/reg_a1_reg[7]
  Impl DFF        Name(Last) i:/WORK/g03_top_IO/u_g03_soc/u_perips_top/u_pwm/reg_a1_reg[7]

  Ref  DFF        Name(Last) r:/WORK/g03_top_IO/u_g03_soc/u_perips_top/u_pwm/reg_a1_reg[8]
  Impl DFF        Name(Last) i:/WORK/g03_top_IO/u_g03_soc/u_perips_top/u_pwm/reg_a1_reg[8]

  Ref  DFF        Name(Last) r:/WORK/g03_top_IO/u_g03_soc/u_perips_top/u_pwm/reg_a1_reg[9]
  Impl DFF        Name(Last) i:/WORK/g03_top_IO/u_g03_soc/u_perips_top/u_pwm/reg_a1_reg[9]

  Ref  DFF        Name(Last) r:/WORK/g03_top_IO/u_g03_soc/u_perips_top/u_pwm/reg_a2_reg[0]
  Impl DFF        Name(Last) i:/WORK/g03_top_IO/u_g03_soc/u_perips_top/u_pwm/reg_a2_reg[0]

  Ref  DFF        Name(Last) r:/WORK/g03_top_IO/u_g03_soc/u_perips_top/u_pwm/reg_a2_reg[10]
  Impl DFF        Name(Last) i:/WORK/g03_top_IO/u_g03_soc/u_perips_top/u_pwm/reg_a2_reg[10]

  Ref  DFF        Name(Last) r:/WORK/g03_top_IO/u_g03_soc/u_perips_top/u_pwm/reg_a2_reg[11]
  Impl DFF        Name(Last) i:/WORK/g03_top_IO/u_g03_soc/u_perips_top/u_pwm/reg_a2_reg[11]

  Ref  DFF        Name(Last) r:/WORK/g03_top_IO/u_g03_soc/u_perips_top/u_pwm/reg_a2_reg[12]
  Impl DFF        Name(Last) i:/WORK/g03_top_IO/u_g03_soc/u_perips_top/u_pwm/reg_a2_reg[12]

  Ref  DFF        Name(Last) r:/WORK/g03_top_IO/u_g03_soc/u_perips_top/u_pwm/reg_a2_reg[13]
  Impl DFF        Name(Last) i:/WORK/g03_top_IO/u_g03_soc/u_perips_top/u_pwm/reg_a2_reg[13]

  Ref  DFF        Name(Last) r:/WORK/g03_top_IO/u_g03_soc/u_perips_top/u_pwm/reg_a2_reg[14]
  Impl DFF        Name(Last) i:/WORK/g03_top_IO/u_g03_soc/u_perips_top/u_pwm/reg_a2_reg[14]

  Ref  DFF        Name(Last) r:/WORK/g03_top_IO/u_g03_soc/u_perips_top/u_pwm/reg_a2_reg[15]
  Impl DFF        Name(Last) i:/WORK/g03_top_IO/u_g03_soc/u_perips_top/u_pwm/reg_a2_reg[15]

  Ref  DFF        Name(Last) r:/WORK/g03_top_IO/u_g03_soc/u_perips_top/u_pwm/reg_a2_reg[16]
  Impl DFF        Name(Last) i:/WORK/g03_top_IO/u_g03_soc/u_perips_top/u_pwm/reg_a2_reg[16]

  Ref  DFF        Name(Last) r:/WORK/g03_top_IO/u_g03_soc/u_perips_top/u_pwm/reg_a2_reg[17]
  Impl DFF        Name(Last) i:/WORK/g03_top_IO/u_g03_soc/u_perips_top/u_pwm/reg_a2_reg[17]

  Ref  DFF        Name(Last) r:/WORK/g03_top_IO/u_g03_soc/u_perips_top/u_pwm/reg_a2_reg[18]
  Impl DFF        Name(Last) i:/WORK/g03_top_IO/u_g03_soc/u_perips_top/u_pwm/reg_a2_reg[18]

  Ref  DFF        Name(Last) r:/WORK/g03_top_IO/u_g03_soc/u_perips_top/u_pwm/reg_a2_reg[19]
  Impl DFF        Name(Last) i:/WORK/g03_top_IO/u_g03_soc/u_perips_top/u_pwm/reg_a2_reg[19]

  Ref  DFF        Name(Last) r:/WORK/g03_top_IO/u_g03_soc/u_perips_top/u_pwm/reg_a2_reg[1]
  Impl DFF        Name(Last) i:/WORK/g03_top_IO/u_g03_soc/u_perips_top/u_pwm/reg_a2_reg[1]

  Ref  DFF        Name(Last) r:/WORK/g03_top_IO/u_g03_soc/u_perips_top/u_pwm/reg_a2_reg[20]
  Impl DFF        Name(Last) i:/WORK/g03_top_IO/u_g03_soc/u_perips_top/u_pwm/reg_a2_reg[20]

  Ref  DFF        Name(Last) r:/WORK/g03_top_IO/u_g03_soc/u_perips_top/u_pwm/reg_a2_reg[21]
  Impl DFF        Name(Last) i:/WORK/g03_top_IO/u_g03_soc/u_perips_top/u_pwm/reg_a2_reg[21]

  Ref  DFF        Name(Last) r:/WORK/g03_top_IO/u_g03_soc/u_perips_top/u_pwm/reg_a2_reg[22]
  Impl DFF        Name(Last) i:/WORK/g03_top_IO/u_g03_soc/u_perips_top/u_pwm/reg_a2_reg[22]

  Ref  DFF        Name(Last) r:/WORK/g03_top_IO/u_g03_soc/u_perips_top/u_pwm/reg_a2_reg[23]
  Impl DFF        Name(Last) i:/WORK/g03_top_IO/u_g03_soc/u_perips_top/u_pwm/reg_a2_reg[23]

  Ref  DFF        Name(Last) r:/WORK/g03_top_IO/u_g03_soc/u_perips_top/u_pwm/reg_a2_reg[24]
  Impl DFF        Name(Last) i:/WORK/g03_top_IO/u_g03_soc/u_perips_top/u_pwm/reg_a2_reg[24]

  Ref  DFF        Name(Last) r:/WORK/g03_top_IO/u_g03_soc/u_perips_top/u_pwm/reg_a2_reg[25]
  Impl DFF        Name(Last) i:/WORK/g03_top_IO/u_g03_soc/u_perips_top/u_pwm/reg_a2_reg[25]

  Ref  DFF        Name(Last) r:/WORK/g03_top_IO/u_g03_soc/u_perips_top/u_pwm/reg_a2_reg[26]
  Impl DFF        Name(Last) i:/WORK/g03_top_IO/u_g03_soc/u_perips_top/u_pwm/reg_a2_reg[26]

  Ref  DFF        Name(Last) r:/WORK/g03_top_IO/u_g03_soc/u_perips_top/u_pwm/reg_a2_reg[27]
  Impl DFF        Name(Last) i:/WORK/g03_top_IO/u_g03_soc/u_perips_top/u_pwm/reg_a2_reg[27]

  Ref  DFF        Name(Last) r:/WORK/g03_top_IO/u_g03_soc/u_perips_top/u_pwm/reg_a2_reg[28]
  Impl DFF        Name(Last) i:/WORK/g03_top_IO/u_g03_soc/u_perips_top/u_pwm/reg_a2_reg[28]

  Ref  DFF        Name(Last) r:/WORK/g03_top_IO/u_g03_soc/u_perips_top/u_pwm/reg_a2_reg[29]
  Impl DFF        Name(Last) i:/WORK/g03_top_IO/u_g03_soc/u_perips_top/u_pwm/reg_a2_reg[29]

  Ref  DFF        Name(Last) r:/WORK/g03_top_IO/u_g03_soc/u_perips_top/u_pwm/reg_a2_reg[2]
  Impl DFF        Name(Last) i:/WORK/g03_top_IO/u_g03_soc/u_perips_top/u_pwm/reg_a2_reg[2]

  Ref  DFF        Name(Last) r:/WORK/g03_top_IO/u_g03_soc/u_perips_top/u_pwm/reg_a2_reg[30]
  Impl DFF        Name(Last) i:/WORK/g03_top_IO/u_g03_soc/u_perips_top/u_pwm/reg_a2_reg[30]

  Ref  DFF        Name(Last) r:/WORK/g03_top_IO/u_g03_soc/u_perips_top/u_pwm/reg_a2_reg[31]
  Impl DFF        Name(Last) i:/WORK/g03_top_IO/u_g03_soc/u_perips_top/u_pwm/reg_a2_reg[31]

  Ref  DFF        Name(Last) r:/WORK/g03_top_IO/u_g03_soc/u_perips_top/u_pwm/reg_a2_reg[3]
  Impl DFF        Name(Last) i:/WORK/g03_top_IO/u_g03_soc/u_perips_top/u_pwm/reg_a2_reg[3]

  Ref  DFF        Name(Last) r:/WORK/g03_top_IO/u_g03_soc/u_perips_top/u_pwm/reg_a2_reg[4]
  Impl DFF        Name(Last) i:/WORK/g03_top_IO/u_g03_soc/u_perips_top/u_pwm/reg_a2_reg[4]

  Ref  DFF        Name(Last) r:/WORK/g03_top_IO/u_g03_soc/u_perips_top/u_pwm/reg_a2_reg[5]
  Impl DFF        Name(Last) i:/WORK/g03_top_IO/u_g03_soc/u_perips_top/u_pwm/reg_a2_reg[5]

  Ref  DFF        Name(Last) r:/WORK/g03_top_IO/u_g03_soc/u_perips_top/u_pwm/reg_a2_reg[6]
  Impl DFF        Name(Last) i:/WORK/g03_top_IO/u_g03_soc/u_perips_top/u_pwm/reg_a2_reg[6]

  Ref  DFF        Name(Last) r:/WORK/g03_top_IO/u_g03_soc/u_perips_top/u_pwm/reg_a2_reg[7]
  Impl DFF        Name(Last) i:/WORK/g03_top_IO/u_g03_soc/u_perips_top/u_pwm/reg_a2_reg[7]

  Ref  DFF        Name(Last) r:/WORK/g03_top_IO/u_g03_soc/u_perips_top/u_pwm/reg_a2_reg[8]
  Impl DFF        Name(Last) i:/WORK/g03_top_IO/u_g03_soc/u_perips_top/u_pwm/reg_a2_reg[8]

  Ref  DFF        Name(Last) r:/WORK/g03_top_IO/u_g03_soc/u_perips_top/u_pwm/reg_a2_reg[9]
  Impl DFF        Name(Last) i:/WORK/g03_top_IO/u_g03_soc/u_perips_top/u_pwm/reg_a2_reg[9]

  Ref  DFF        Name(Last) r:/WORK/g03_top_IO/u_g03_soc/u_perips_top/u_pwm/reg_a3_reg[0]
  Impl DFF        Name(Last) i:/WORK/g03_top_IO/u_g03_soc/u_perips_top/u_pwm/reg_a3_reg[0]

  Ref  DFF        Name(Last) r:/WORK/g03_top_IO/u_g03_soc/u_perips_top/u_pwm/reg_a3_reg[10]
  Impl DFF        Name(Last) i:/WORK/g03_top_IO/u_g03_soc/u_perips_top/u_pwm/reg_a3_reg[10]

  Ref  DFF        Name(Last) r:/WORK/g03_top_IO/u_g03_soc/u_perips_top/u_pwm/reg_a3_reg[11]
  Impl DFF        Name(Last) i:/WORK/g03_top_IO/u_g03_soc/u_perips_top/u_pwm/reg_a3_reg[11]

  Ref  DFF        Name(Last) r:/WORK/g03_top_IO/u_g03_soc/u_perips_top/u_pwm/reg_a3_reg[12]
  Impl DFF        Name(Last) i:/WORK/g03_top_IO/u_g03_soc/u_perips_top/u_pwm/reg_a3_reg[12]

  Ref  DFF        Name(Last) r:/WORK/g03_top_IO/u_g03_soc/u_perips_top/u_pwm/reg_a3_reg[13]
  Impl DFF        Name(Last) i:/WORK/g03_top_IO/u_g03_soc/u_perips_top/u_pwm/reg_a3_reg[13]

  Ref  DFF        Name(Last) r:/WORK/g03_top_IO/u_g03_soc/u_perips_top/u_pwm/reg_a3_reg[14]
  Impl DFF        Name(Last) i:/WORK/g03_top_IO/u_g03_soc/u_perips_top/u_pwm/reg_a3_reg[14]

  Ref  DFF        Name(Last) r:/WORK/g03_top_IO/u_g03_soc/u_perips_top/u_pwm/reg_a3_reg[15]
  Impl DFF        Name(Last) i:/WORK/g03_top_IO/u_g03_soc/u_perips_top/u_pwm/reg_a3_reg[15]

  Ref  DFF        Name(Last) r:/WORK/g03_top_IO/u_g03_soc/u_perips_top/u_pwm/reg_a3_reg[16]
  Impl DFF        Name(Last) i:/WORK/g03_top_IO/u_g03_soc/u_perips_top/u_pwm/reg_a3_reg[16]

  Ref  DFF        Name(Last) r:/WORK/g03_top_IO/u_g03_soc/u_perips_top/u_pwm/reg_a3_reg[17]
  Impl DFF        Name(Last) i:/WORK/g03_top_IO/u_g03_soc/u_perips_top/u_pwm/reg_a3_reg[17]

  Ref  DFF        Name(Last) r:/WORK/g03_top_IO/u_g03_soc/u_perips_top/u_pwm/reg_a3_reg[18]
  Impl DFF        Name(Last) i:/WORK/g03_top_IO/u_g03_soc/u_perips_top/u_pwm/reg_a3_reg[18]

  Ref  DFF        Name(Last) r:/WORK/g03_top_IO/u_g03_soc/u_perips_top/u_pwm/reg_a3_reg[19]
  Impl DFF        Name(Last) i:/WORK/g03_top_IO/u_g03_soc/u_perips_top/u_pwm/reg_a3_reg[19]

  Ref  DFF        Name(Last) r:/WORK/g03_top_IO/u_g03_soc/u_perips_top/u_pwm/reg_a3_reg[1]
  Impl DFF        Name(Last) i:/WORK/g03_top_IO/u_g03_soc/u_perips_top/u_pwm/reg_a3_reg[1]

  Ref  DFF        Name(Last) r:/WORK/g03_top_IO/u_g03_soc/u_perips_top/u_pwm/reg_a3_reg[20]
  Impl DFF        Name(Last) i:/WORK/g03_top_IO/u_g03_soc/u_perips_top/u_pwm/reg_a3_reg[20]

  Ref  DFF        Name(Last) r:/WORK/g03_top_IO/u_g03_soc/u_perips_top/u_pwm/reg_a3_reg[21]
  Impl DFF        Name(Last) i:/WORK/g03_top_IO/u_g03_soc/u_perips_top/u_pwm/reg_a3_reg[21]

  Ref  DFF        Name(Last) r:/WORK/g03_top_IO/u_g03_soc/u_perips_top/u_pwm/reg_a3_reg[22]
  Impl DFF        Name(Last) i:/WORK/g03_top_IO/u_g03_soc/u_perips_top/u_pwm/reg_a3_reg[22]

  Ref  DFF        Name(Last) r:/WORK/g03_top_IO/u_g03_soc/u_perips_top/u_pwm/reg_a3_reg[23]
  Impl DFF        Name(Last) i:/WORK/g03_top_IO/u_g03_soc/u_perips_top/u_pwm/reg_a3_reg[23]

  Ref  DFF        Name(Last) r:/WORK/g03_top_IO/u_g03_soc/u_perips_top/u_pwm/reg_a3_reg[24]
  Impl DFF        Name(Last) i:/WORK/g03_top_IO/u_g03_soc/u_perips_top/u_pwm/reg_a3_reg[24]

  Ref  DFF        Name(Last) r:/WORK/g03_top_IO/u_g03_soc/u_perips_top/u_pwm/reg_a3_reg[25]
  Impl DFF        Name(Last) i:/WORK/g03_top_IO/u_g03_soc/u_perips_top/u_pwm/reg_a3_reg[25]

  Ref  DFF        Name(Last) r:/WORK/g03_top_IO/u_g03_soc/u_perips_top/u_pwm/reg_a3_reg[26]
  Impl DFF        Name(Last) i:/WORK/g03_top_IO/u_g03_soc/u_perips_top/u_pwm/reg_a3_reg[26]

  Ref  DFF        Name(Last) r:/WORK/g03_top_IO/u_g03_soc/u_perips_top/u_pwm/reg_a3_reg[27]
  Impl DFF        Name(Last) i:/WORK/g03_top_IO/u_g03_soc/u_perips_top/u_pwm/reg_a3_reg[27]

  Ref  DFF        Name(Last) r:/WORK/g03_top_IO/u_g03_soc/u_perips_top/u_pwm/reg_a3_reg[28]
  Impl DFF        Name(Last) i:/WORK/g03_top_IO/u_g03_soc/u_perips_top/u_pwm/reg_a3_reg[28]

  Ref  DFF        Name(Last) r:/WORK/g03_top_IO/u_g03_soc/u_perips_top/u_pwm/reg_a3_reg[29]
  Impl DFF        Name(Last) i:/WORK/g03_top_IO/u_g03_soc/u_perips_top/u_pwm/reg_a3_reg[29]

  Ref  DFF        Name(Last) r:/WORK/g03_top_IO/u_g03_soc/u_perips_top/u_pwm/reg_a3_reg[2]
  Impl DFF        Name(Last) i:/WORK/g03_top_IO/u_g03_soc/u_perips_top/u_pwm/reg_a3_reg[2]

  Ref  DFF        Name(Last) r:/WORK/g03_top_IO/u_g03_soc/u_perips_top/u_pwm/reg_a3_reg[30]
  Impl DFF        Name(Last) i:/WORK/g03_top_IO/u_g03_soc/u_perips_top/u_pwm/reg_a3_reg[30]

  Ref  DFF        Name(Last) r:/WORK/g03_top_IO/u_g03_soc/u_perips_top/u_pwm/reg_a3_reg[31]
  Impl DFF        Name(Last) i:/WORK/g03_top_IO/u_g03_soc/u_perips_top/u_pwm/reg_a3_reg[31]

  Ref  DFF        Name(Last) r:/WORK/g03_top_IO/u_g03_soc/u_perips_top/u_pwm/reg_a3_reg[3]
  Impl DFF        Name(Last) i:/WORK/g03_top_IO/u_g03_soc/u_perips_top/u_pwm/reg_a3_reg[3]

  Ref  DFF        Name(Last) r:/WORK/g03_top_IO/u_g03_soc/u_perips_top/u_pwm/reg_a3_reg[4]
  Impl DFF        Name(Last) i:/WORK/g03_top_IO/u_g03_soc/u_perips_top/u_pwm/reg_a3_reg[4]

  Ref  DFF        Name(Last) r:/WORK/g03_top_IO/u_g03_soc/u_perips_top/u_pwm/reg_a3_reg[5]
  Impl DFF        Name(Last) i:/WORK/g03_top_IO/u_g03_soc/u_perips_top/u_pwm/reg_a3_reg[5]

  Ref  DFF        Name(Last) r:/WORK/g03_top_IO/u_g03_soc/u_perips_top/u_pwm/reg_a3_reg[6]
  Impl DFF        Name(Last) i:/WORK/g03_top_IO/u_g03_soc/u_perips_top/u_pwm/reg_a3_reg[6]

  Ref  DFF        Name(Last) r:/WORK/g03_top_IO/u_g03_soc/u_perips_top/u_pwm/reg_a3_reg[7]
  Impl DFF        Name(Last) i:/WORK/g03_top_IO/u_g03_soc/u_perips_top/u_pwm/reg_a3_reg[7]

  Ref  DFF        Name(Last) r:/WORK/g03_top_IO/u_g03_soc/u_perips_top/u_pwm/reg_a3_reg[8]
  Impl DFF        Name(Last) i:/WORK/g03_top_IO/u_g03_soc/u_perips_top/u_pwm/reg_a3_reg[8]

  Ref  DFF        Name(Last) r:/WORK/g03_top_IO/u_g03_soc/u_perips_top/u_pwm/reg_a3_reg[9]
  Impl DFF        Name(Last) i:/WORK/g03_top_IO/u_g03_soc/u_perips_top/u_pwm/reg_a3_reg[9]

  Ref  DFF        Name(Last) r:/WORK/g03_top_IO/u_g03_soc/u_perips_top/u_pwm/reg_b0_reg[0]
  Impl DFF        Name(Last) i:/WORK/g03_top_IO/u_g03_soc/u_perips_top/u_pwm/reg_b0_reg[0]

  Ref  DFF        Name(Last) r:/WORK/g03_top_IO/u_g03_soc/u_perips_top/u_pwm/reg_b0_reg[10]
  Impl DFF        Name(Last) i:/WORK/g03_top_IO/u_g03_soc/u_perips_top/u_pwm/reg_b0_reg[10]

  Ref  DFF        Name(Last) r:/WORK/g03_top_IO/u_g03_soc/u_perips_top/u_pwm/reg_b0_reg[11]
  Impl DFF        Name(Last) i:/WORK/g03_top_IO/u_g03_soc/u_perips_top/u_pwm/reg_b0_reg[11]

  Ref  DFF        Name(Last) r:/WORK/g03_top_IO/u_g03_soc/u_perips_top/u_pwm/reg_b0_reg[12]
  Impl DFF        Name(Last) i:/WORK/g03_top_IO/u_g03_soc/u_perips_top/u_pwm/reg_b0_reg[12]

  Ref  DFF        Name(Last) r:/WORK/g03_top_IO/u_g03_soc/u_perips_top/u_pwm/reg_b0_reg[13]
  Impl DFF        Name(Last) i:/WORK/g03_top_IO/u_g03_soc/u_perips_top/u_pwm/reg_b0_reg[13]

  Ref  DFF        Name(Last) r:/WORK/g03_top_IO/u_g03_soc/u_perips_top/u_pwm/reg_b0_reg[14]
  Impl DFF        Name(Last) i:/WORK/g03_top_IO/u_g03_soc/u_perips_top/u_pwm/reg_b0_reg[14]

  Ref  DFF        Name(Last) r:/WORK/g03_top_IO/u_g03_soc/u_perips_top/u_pwm/reg_b0_reg[15]
  Impl DFF        Name(Last) i:/WORK/g03_top_IO/u_g03_soc/u_perips_top/u_pwm/reg_b0_reg[15]

  Ref  DFF        Name(Last) r:/WORK/g03_top_IO/u_g03_soc/u_perips_top/u_pwm/reg_b0_reg[16]
  Impl DFF        Name(Last) i:/WORK/g03_top_IO/u_g03_soc/u_perips_top/u_pwm/reg_b0_reg[16]

  Ref  DFF        Name(Last) r:/WORK/g03_top_IO/u_g03_soc/u_perips_top/u_pwm/reg_b0_reg[17]
  Impl DFF        Name(Last) i:/WORK/g03_top_IO/u_g03_soc/u_perips_top/u_pwm/reg_b0_reg[17]

  Ref  DFF        Name(Last) r:/WORK/g03_top_IO/u_g03_soc/u_perips_top/u_pwm/reg_b0_reg[18]
  Impl DFF        Name(Last) i:/WORK/g03_top_IO/u_g03_soc/u_perips_top/u_pwm/reg_b0_reg[18]

  Ref  DFF        Name(Last) r:/WORK/g03_top_IO/u_g03_soc/u_perips_top/u_pwm/reg_b0_reg[19]
  Impl DFF        Name(Last) i:/WORK/g03_top_IO/u_g03_soc/u_perips_top/u_pwm/reg_b0_reg[19]

  Ref  DFF        Name(Last) r:/WORK/g03_top_IO/u_g03_soc/u_perips_top/u_pwm/reg_b0_reg[1]
  Impl DFF        Name(Last) i:/WORK/g03_top_IO/u_g03_soc/u_perips_top/u_pwm/reg_b0_reg[1]

  Ref  DFF        Name(Last) r:/WORK/g03_top_IO/u_g03_soc/u_perips_top/u_pwm/reg_b0_reg[20]
  Impl DFF        Name(Last) i:/WORK/g03_top_IO/u_g03_soc/u_perips_top/u_pwm/reg_b0_reg[20]

  Ref  DFF        Name(Last) r:/WORK/g03_top_IO/u_g03_soc/u_perips_top/u_pwm/reg_b0_reg[21]
  Impl DFF        Name(Last) i:/WORK/g03_top_IO/u_g03_soc/u_perips_top/u_pwm/reg_b0_reg[21]

  Ref  DFF        Name(Last) r:/WORK/g03_top_IO/u_g03_soc/u_perips_top/u_pwm/reg_b0_reg[22]
  Impl DFF        Name(Last) i:/WORK/g03_top_IO/u_g03_soc/u_perips_top/u_pwm/reg_b0_reg[22]

  Ref  DFF        Name(Last) r:/WORK/g03_top_IO/u_g03_soc/u_perips_top/u_pwm/reg_b0_reg[23]
  Impl DFF        Name(Last) i:/WORK/g03_top_IO/u_g03_soc/u_perips_top/u_pwm/reg_b0_reg[23]

  Ref  DFF        Name(Last) r:/WORK/g03_top_IO/u_g03_soc/u_perips_top/u_pwm/reg_b0_reg[24]
  Impl DFF        Name(Last) i:/WORK/g03_top_IO/u_g03_soc/u_perips_top/u_pwm/reg_b0_reg[24]

  Ref  DFF        Name(Last) r:/WORK/g03_top_IO/u_g03_soc/u_perips_top/u_pwm/reg_b0_reg[25]
  Impl DFF        Name(Last) i:/WORK/g03_top_IO/u_g03_soc/u_perips_top/u_pwm/reg_b0_reg[25]

  Ref  DFF        Name(Last) r:/WORK/g03_top_IO/u_g03_soc/u_perips_top/u_pwm/reg_b0_reg[26]
  Impl DFF        Name(Last) i:/WORK/g03_top_IO/u_g03_soc/u_perips_top/u_pwm/reg_b0_reg[26]

  Ref  DFF        Name(Last) r:/WORK/g03_top_IO/u_g03_soc/u_perips_top/u_pwm/reg_b0_reg[27]
  Impl DFF        Name(Last) i:/WORK/g03_top_IO/u_g03_soc/u_perips_top/u_pwm/reg_b0_reg[27]

  Ref  DFF        Name(Last) r:/WORK/g03_top_IO/u_g03_soc/u_perips_top/u_pwm/reg_b0_reg[28]
  Impl DFF        Name(Last) i:/WORK/g03_top_IO/u_g03_soc/u_perips_top/u_pwm/reg_b0_reg[28]

  Ref  DFF        Name(Last) r:/WORK/g03_top_IO/u_g03_soc/u_perips_top/u_pwm/reg_b0_reg[29]
  Impl DFF        Name(Last) i:/WORK/g03_top_IO/u_g03_soc/u_perips_top/u_pwm/reg_b0_reg[29]

  Ref  DFF        Name(Last) r:/WORK/g03_top_IO/u_g03_soc/u_perips_top/u_pwm/reg_b0_reg[2]
  Impl DFF        Name(Last) i:/WORK/g03_top_IO/u_g03_soc/u_perips_top/u_pwm/reg_b0_reg[2]

  Ref  DFF        Name(Last) r:/WORK/g03_top_IO/u_g03_soc/u_perips_top/u_pwm/reg_b0_reg[30]
  Impl DFF        Name(Last) i:/WORK/g03_top_IO/u_g03_soc/u_perips_top/u_pwm/reg_b0_reg[30]

  Ref  DFF        Name(Last) r:/WORK/g03_top_IO/u_g03_soc/u_perips_top/u_pwm/reg_b0_reg[31]
  Impl DFF        Name(Last) i:/WORK/g03_top_IO/u_g03_soc/u_perips_top/u_pwm/reg_b0_reg[31]

  Ref  DFF        Name(Last) r:/WORK/g03_top_IO/u_g03_soc/u_perips_top/u_pwm/reg_b0_reg[3]
  Impl DFF        Name(Last) i:/WORK/g03_top_IO/u_g03_soc/u_perips_top/u_pwm/reg_b0_reg[3]

  Ref  DFF        Name(Last) r:/WORK/g03_top_IO/u_g03_soc/u_perips_top/u_pwm/reg_b0_reg[4]
  Impl DFF        Name(Last) i:/WORK/g03_top_IO/u_g03_soc/u_perips_top/u_pwm/reg_b0_reg[4]

  Ref  DFF        Name(Last) r:/WORK/g03_top_IO/u_g03_soc/u_perips_top/u_pwm/reg_b0_reg[5]
  Impl DFF        Name(Last) i:/WORK/g03_top_IO/u_g03_soc/u_perips_top/u_pwm/reg_b0_reg[5]

  Ref  DFF        Name(Last) r:/WORK/g03_top_IO/u_g03_soc/u_perips_top/u_pwm/reg_b0_reg[6]
  Impl DFF        Name(Last) i:/WORK/g03_top_IO/u_g03_soc/u_perips_top/u_pwm/reg_b0_reg[6]

  Ref  DFF        Name(Last) r:/WORK/g03_top_IO/u_g03_soc/u_perips_top/u_pwm/reg_b0_reg[7]
  Impl DFF        Name(Last) i:/WORK/g03_top_IO/u_g03_soc/u_perips_top/u_pwm/reg_b0_reg[7]

  Ref  DFF        Name(Last) r:/WORK/g03_top_IO/u_g03_soc/u_perips_top/u_pwm/reg_b0_reg[8]
  Impl DFF        Name(Last) i:/WORK/g03_top_IO/u_g03_soc/u_perips_top/u_pwm/reg_b0_reg[8]

  Ref  DFF        Name(Last) r:/WORK/g03_top_IO/u_g03_soc/u_perips_top/u_pwm/reg_b0_reg[9]
  Impl DFF        Name(Last) i:/WORK/g03_top_IO/u_g03_soc/u_perips_top/u_pwm/reg_b0_reg[9]

  Ref  DFF        Name(Last) r:/WORK/g03_top_IO/u_g03_soc/u_perips_top/u_pwm/reg_b1_reg[0]
  Impl DFF        Name(Last) i:/WORK/g03_top_IO/u_g03_soc/u_perips_top/u_pwm/reg_b1_reg[0]

  Ref  DFF        Name(Last) r:/WORK/g03_top_IO/u_g03_soc/u_perips_top/u_pwm/reg_b1_reg[10]
  Impl DFF        Name(Last) i:/WORK/g03_top_IO/u_g03_soc/u_perips_top/u_pwm/reg_b1_reg[10]

  Ref  DFF        Name(Last) r:/WORK/g03_top_IO/u_g03_soc/u_perips_top/u_pwm/reg_b1_reg[11]
  Impl DFF        Name(Last) i:/WORK/g03_top_IO/u_g03_soc/u_perips_top/u_pwm/reg_b1_reg[11]

  Ref  DFF        Name(Last) r:/WORK/g03_top_IO/u_g03_soc/u_perips_top/u_pwm/reg_b1_reg[12]
  Impl DFF        Name(Last) i:/WORK/g03_top_IO/u_g03_soc/u_perips_top/u_pwm/reg_b1_reg[12]

  Ref  DFF        Name(Last) r:/WORK/g03_top_IO/u_g03_soc/u_perips_top/u_pwm/reg_b1_reg[13]
  Impl DFF        Name(Last) i:/WORK/g03_top_IO/u_g03_soc/u_perips_top/u_pwm/reg_b1_reg[13]

  Ref  DFF        Name(Last) r:/WORK/g03_top_IO/u_g03_soc/u_perips_top/u_pwm/reg_b1_reg[14]
  Impl DFF        Name(Last) i:/WORK/g03_top_IO/u_g03_soc/u_perips_top/u_pwm/reg_b1_reg[14]

  Ref  DFF        Name(Last) r:/WORK/g03_top_IO/u_g03_soc/u_perips_top/u_pwm/reg_b1_reg[15]
  Impl DFF        Name(Last) i:/WORK/g03_top_IO/u_g03_soc/u_perips_top/u_pwm/reg_b1_reg[15]

  Ref  DFF        Name(Last) r:/WORK/g03_top_IO/u_g03_soc/u_perips_top/u_pwm/reg_b1_reg[16]
  Impl DFF        Name(Last) i:/WORK/g03_top_IO/u_g03_soc/u_perips_top/u_pwm/reg_b1_reg[16]

  Ref  DFF        Name(Last) r:/WORK/g03_top_IO/u_g03_soc/u_perips_top/u_pwm/reg_b1_reg[17]
  Impl DFF        Name(Last) i:/WORK/g03_top_IO/u_g03_soc/u_perips_top/u_pwm/reg_b1_reg[17]

  Ref  DFF        Name(Last) r:/WORK/g03_top_IO/u_g03_soc/u_perips_top/u_pwm/reg_b1_reg[18]
  Impl DFF        Name(Last) i:/WORK/g03_top_IO/u_g03_soc/u_perips_top/u_pwm/reg_b1_reg[18]

  Ref  DFF        Name(Last) r:/WORK/g03_top_IO/u_g03_soc/u_perips_top/u_pwm/reg_b1_reg[19]
  Impl DFF        Name(Last) i:/WORK/g03_top_IO/u_g03_soc/u_perips_top/u_pwm/reg_b1_reg[19]

  Ref  DFF        Name(Last) r:/WORK/g03_top_IO/u_g03_soc/u_perips_top/u_pwm/reg_b1_reg[1]
  Impl DFF        Name(Last) i:/WORK/g03_top_IO/u_g03_soc/u_perips_top/u_pwm/reg_b1_reg[1]

  Ref  DFF        Name(Last) r:/WORK/g03_top_IO/u_g03_soc/u_perips_top/u_pwm/reg_b1_reg[20]
  Impl DFF        Name(Last) i:/WORK/g03_top_IO/u_g03_soc/u_perips_top/u_pwm/reg_b1_reg[20]

  Ref  DFF        Name(Last) r:/WORK/g03_top_IO/u_g03_soc/u_perips_top/u_pwm/reg_b1_reg[21]
  Impl DFF        Name(Last) i:/WORK/g03_top_IO/u_g03_soc/u_perips_top/u_pwm/reg_b1_reg[21]

  Ref  DFF        Name(Last) r:/WORK/g03_top_IO/u_g03_soc/u_perips_top/u_pwm/reg_b1_reg[22]
  Impl DFF        Name(Last) i:/WORK/g03_top_IO/u_g03_soc/u_perips_top/u_pwm/reg_b1_reg[22]

  Ref  DFF        Name(Last) r:/WORK/g03_top_IO/u_g03_soc/u_perips_top/u_pwm/reg_b1_reg[23]
  Impl DFF        Name(Last) i:/WORK/g03_top_IO/u_g03_soc/u_perips_top/u_pwm/reg_b1_reg[23]

  Ref  DFF        Name(Last) r:/WORK/g03_top_IO/u_g03_soc/u_perips_top/u_pwm/reg_b1_reg[24]
  Impl DFF        Name(Last) i:/WORK/g03_top_IO/u_g03_soc/u_perips_top/u_pwm/reg_b1_reg[24]

  Ref  DFF        Name(Last) r:/WORK/g03_top_IO/u_g03_soc/u_perips_top/u_pwm/reg_b1_reg[25]
  Impl DFF        Name(Last) i:/WORK/g03_top_IO/u_g03_soc/u_perips_top/u_pwm/reg_b1_reg[25]

  Ref  DFF        Name(Last) r:/WORK/g03_top_IO/u_g03_soc/u_perips_top/u_pwm/reg_b1_reg[26]
  Impl DFF        Name(Last) i:/WORK/g03_top_IO/u_g03_soc/u_perips_top/u_pwm/reg_b1_reg[26]

  Ref  DFF        Name(Last) r:/WORK/g03_top_IO/u_g03_soc/u_perips_top/u_pwm/reg_b1_reg[27]
  Impl DFF        Name(Last) i:/WORK/g03_top_IO/u_g03_soc/u_perips_top/u_pwm/reg_b1_reg[27]

  Ref  DFF        Name(Last) r:/WORK/g03_top_IO/u_g03_soc/u_perips_top/u_pwm/reg_b1_reg[28]
  Impl DFF        Name(Last) i:/WORK/g03_top_IO/u_g03_soc/u_perips_top/u_pwm/reg_b1_reg[28]

  Ref  DFF        Name(Last) r:/WORK/g03_top_IO/u_g03_soc/u_perips_top/u_pwm/reg_b1_reg[29]
  Impl DFF        Name(Last) i:/WORK/g03_top_IO/u_g03_soc/u_perips_top/u_pwm/reg_b1_reg[29]

  Ref  DFF        Name(Last) r:/WORK/g03_top_IO/u_g03_soc/u_perips_top/u_pwm/reg_b1_reg[2]
  Impl DFF        Name(Last) i:/WORK/g03_top_IO/u_g03_soc/u_perips_top/u_pwm/reg_b1_reg[2]

  Ref  DFF        Name(Last) r:/WORK/g03_top_IO/u_g03_soc/u_perips_top/u_pwm/reg_b1_reg[30]
  Impl DFF        Name(Last) i:/WORK/g03_top_IO/u_g03_soc/u_perips_top/u_pwm/reg_b1_reg[30]

  Ref  DFF        Name(Last) r:/WORK/g03_top_IO/u_g03_soc/u_perips_top/u_pwm/reg_b1_reg[31]
  Impl DFF        Name(Last) i:/WORK/g03_top_IO/u_g03_soc/u_perips_top/u_pwm/reg_b1_reg[31]

  Ref  DFF        Name(Last) r:/WORK/g03_top_IO/u_g03_soc/u_perips_top/u_pwm/reg_b1_reg[3]
  Impl DFF        Name(Last) i:/WORK/g03_top_IO/u_g03_soc/u_perips_top/u_pwm/reg_b1_reg[3]

  Ref  DFF        Name(Last) r:/WORK/g03_top_IO/u_g03_soc/u_perips_top/u_pwm/reg_b1_reg[4]
  Impl DFF        Name(Last) i:/WORK/g03_top_IO/u_g03_soc/u_perips_top/u_pwm/reg_b1_reg[4]

  Ref  DFF        Name(Last) r:/WORK/g03_top_IO/u_g03_soc/u_perips_top/u_pwm/reg_b1_reg[5]
  Impl DFF        Name(Last) i:/WORK/g03_top_IO/u_g03_soc/u_perips_top/u_pwm/reg_b1_reg[5]

  Ref  DFF        Name(Last) r:/WORK/g03_top_IO/u_g03_soc/u_perips_top/u_pwm/reg_b1_reg[6]
  Impl DFF        Name(Last) i:/WORK/g03_top_IO/u_g03_soc/u_perips_top/u_pwm/reg_b1_reg[6]

  Ref  DFF        Name(Last) r:/WORK/g03_top_IO/u_g03_soc/u_perips_top/u_pwm/reg_b1_reg[7]
  Impl DFF        Name(Last) i:/WORK/g03_top_IO/u_g03_soc/u_perips_top/u_pwm/reg_b1_reg[7]

  Ref  DFF        Name(Last) r:/WORK/g03_top_IO/u_g03_soc/u_perips_top/u_pwm/reg_b1_reg[8]
  Impl DFF        Name(Last) i:/WORK/g03_top_IO/u_g03_soc/u_perips_top/u_pwm/reg_b1_reg[8]

  Ref  DFF        Name(Last) r:/WORK/g03_top_IO/u_g03_soc/u_perips_top/u_pwm/reg_b1_reg[9]
  Impl DFF        Name(Last) i:/WORK/g03_top_IO/u_g03_soc/u_perips_top/u_pwm/reg_b1_reg[9]

  Ref  DFF        Name(Last) r:/WORK/g03_top_IO/u_g03_soc/u_perips_top/u_pwm/reg_b2_reg[0]
  Impl DFF        Name(Last) i:/WORK/g03_top_IO/u_g03_soc/u_perips_top/u_pwm/reg_b2_reg[0]

  Ref  DFF        Name(Last) r:/WORK/g03_top_IO/u_g03_soc/u_perips_top/u_pwm/reg_b2_reg[10]
  Impl DFF        Name(Last) i:/WORK/g03_top_IO/u_g03_soc/u_perips_top/u_pwm/reg_b2_reg[10]

  Ref  DFF        Name(Last) r:/WORK/g03_top_IO/u_g03_soc/u_perips_top/u_pwm/reg_b2_reg[11]
  Impl DFF        Name(Last) i:/WORK/g03_top_IO/u_g03_soc/u_perips_top/u_pwm/reg_b2_reg[11]

  Ref  DFF        Name(Last) r:/WORK/g03_top_IO/u_g03_soc/u_perips_top/u_pwm/reg_b2_reg[12]
  Impl DFF        Name(Last) i:/WORK/g03_top_IO/u_g03_soc/u_perips_top/u_pwm/reg_b2_reg[12]

  Ref  DFF        Name(Last) r:/WORK/g03_top_IO/u_g03_soc/u_perips_top/u_pwm/reg_b2_reg[13]
  Impl DFF        Name(Last) i:/WORK/g03_top_IO/u_g03_soc/u_perips_top/u_pwm/reg_b2_reg[13]

  Ref  DFF        Name(Last) r:/WORK/g03_top_IO/u_g03_soc/u_perips_top/u_pwm/reg_b2_reg[14]
  Impl DFF        Name(Last) i:/WORK/g03_top_IO/u_g03_soc/u_perips_top/u_pwm/reg_b2_reg[14]

  Ref  DFF        Name(Last) r:/WORK/g03_top_IO/u_g03_soc/u_perips_top/u_pwm/reg_b2_reg[15]
  Impl DFF        Name(Last) i:/WORK/g03_top_IO/u_g03_soc/u_perips_top/u_pwm/reg_b2_reg[15]

  Ref  DFF        Name(Last) r:/WORK/g03_top_IO/u_g03_soc/u_perips_top/u_pwm/reg_b2_reg[16]
  Impl DFF        Name(Last) i:/WORK/g03_top_IO/u_g03_soc/u_perips_top/u_pwm/reg_b2_reg[16]

  Ref  DFF        Name(Last) r:/WORK/g03_top_IO/u_g03_soc/u_perips_top/u_pwm/reg_b2_reg[17]
  Impl DFF        Name(Last) i:/WORK/g03_top_IO/u_g03_soc/u_perips_top/u_pwm/reg_b2_reg[17]

  Ref  DFF        Name(Last) r:/WORK/g03_top_IO/u_g03_soc/u_perips_top/u_pwm/reg_b2_reg[18]
  Impl DFF        Name(Last) i:/WORK/g03_top_IO/u_g03_soc/u_perips_top/u_pwm/reg_b2_reg[18]

  Ref  DFF        Name(Last) r:/WORK/g03_top_IO/u_g03_soc/u_perips_top/u_pwm/reg_b2_reg[19]
  Impl DFF        Name(Last) i:/WORK/g03_top_IO/u_g03_soc/u_perips_top/u_pwm/reg_b2_reg[19]

  Ref  DFF        Name(Last) r:/WORK/g03_top_IO/u_g03_soc/u_perips_top/u_pwm/reg_b2_reg[1]
  Impl DFF        Name(Last) i:/WORK/g03_top_IO/u_g03_soc/u_perips_top/u_pwm/reg_b2_reg[1]

  Ref  DFF        Name(Last) r:/WORK/g03_top_IO/u_g03_soc/u_perips_top/u_pwm/reg_b2_reg[20]
  Impl DFF        Name(Last) i:/WORK/g03_top_IO/u_g03_soc/u_perips_top/u_pwm/reg_b2_reg[20]

  Ref  DFF        Name(Last) r:/WORK/g03_top_IO/u_g03_soc/u_perips_top/u_pwm/reg_b2_reg[21]
  Impl DFF        Name(Last) i:/WORK/g03_top_IO/u_g03_soc/u_perips_top/u_pwm/reg_b2_reg[21]

  Ref  DFF        Name(Last) r:/WORK/g03_top_IO/u_g03_soc/u_perips_top/u_pwm/reg_b2_reg[22]
  Impl DFF        Name(Last) i:/WORK/g03_top_IO/u_g03_soc/u_perips_top/u_pwm/reg_b2_reg[22]

  Ref  DFF        Name(Last) r:/WORK/g03_top_IO/u_g03_soc/u_perips_top/u_pwm/reg_b2_reg[23]
  Impl DFF        Name(Last) i:/WORK/g03_top_IO/u_g03_soc/u_perips_top/u_pwm/reg_b2_reg[23]

  Ref  DFF        Name(Last) r:/WORK/g03_top_IO/u_g03_soc/u_perips_top/u_pwm/reg_b2_reg[24]
  Impl DFF        Name(Last) i:/WORK/g03_top_IO/u_g03_soc/u_perips_top/u_pwm/reg_b2_reg[24]

  Ref  DFF        Name(Last) r:/WORK/g03_top_IO/u_g03_soc/u_perips_top/u_pwm/reg_b2_reg[25]
  Impl DFF        Name(Last) i:/WORK/g03_top_IO/u_g03_soc/u_perips_top/u_pwm/reg_b2_reg[25]

  Ref  DFF        Name(Last) r:/WORK/g03_top_IO/u_g03_soc/u_perips_top/u_pwm/reg_b2_reg[26]
  Impl DFF        Name(Last) i:/WORK/g03_top_IO/u_g03_soc/u_perips_top/u_pwm/reg_b2_reg[26]

  Ref  DFF        Name(Last) r:/WORK/g03_top_IO/u_g03_soc/u_perips_top/u_pwm/reg_b2_reg[27]
  Impl DFF        Name(Last) i:/WORK/g03_top_IO/u_g03_soc/u_perips_top/u_pwm/reg_b2_reg[27]

  Ref  DFF        Name(Last) r:/WORK/g03_top_IO/u_g03_soc/u_perips_top/u_pwm/reg_b2_reg[28]
  Impl DFF        Name(Last) i:/WORK/g03_top_IO/u_g03_soc/u_perips_top/u_pwm/reg_b2_reg[28]

  Ref  DFF        Name(Last) r:/WORK/g03_top_IO/u_g03_soc/u_perips_top/u_pwm/reg_b2_reg[29]
  Impl DFF        Name(Last) i:/WORK/g03_top_IO/u_g03_soc/u_perips_top/u_pwm/reg_b2_reg[29]

  Ref  DFF        Name(Last) r:/WORK/g03_top_IO/u_g03_soc/u_perips_top/u_pwm/reg_b2_reg[2]
  Impl DFF        Name(Last) i:/WORK/g03_top_IO/u_g03_soc/u_perips_top/u_pwm/reg_b2_reg[2]

  Ref  DFF        Name(Last) r:/WORK/g03_top_IO/u_g03_soc/u_perips_top/u_pwm/reg_b2_reg[30]
  Impl DFF        Name(Last) i:/WORK/g03_top_IO/u_g03_soc/u_perips_top/u_pwm/reg_b2_reg[30]

  Ref  DFF        Name(Last) r:/WORK/g03_top_IO/u_g03_soc/u_perips_top/u_pwm/reg_b2_reg[31]
  Impl DFF        Name(Last) i:/WORK/g03_top_IO/u_g03_soc/u_perips_top/u_pwm/reg_b2_reg[31]

  Ref  DFF        Name(Last) r:/WORK/g03_top_IO/u_g03_soc/u_perips_top/u_pwm/reg_b2_reg[3]
  Impl DFF        Name(Last) i:/WORK/g03_top_IO/u_g03_soc/u_perips_top/u_pwm/reg_b2_reg[3]

  Ref  DFF        Name(Last) r:/WORK/g03_top_IO/u_g03_soc/u_perips_top/u_pwm/reg_b2_reg[4]
  Impl DFF        Name(Last) i:/WORK/g03_top_IO/u_g03_soc/u_perips_top/u_pwm/reg_b2_reg[4]

  Ref  DFF        Name(Last) r:/WORK/g03_top_IO/u_g03_soc/u_perips_top/u_pwm/reg_b2_reg[5]
  Impl DFF        Name(Last) i:/WORK/g03_top_IO/u_g03_soc/u_perips_top/u_pwm/reg_b2_reg[5]

  Ref  DFF        Name(Last) r:/WORK/g03_top_IO/u_g03_soc/u_perips_top/u_pwm/reg_b2_reg[6]
  Impl DFF        Name(Last) i:/WORK/g03_top_IO/u_g03_soc/u_perips_top/u_pwm/reg_b2_reg[6]

  Ref  DFF        Name(Last) r:/WORK/g03_top_IO/u_g03_soc/u_perips_top/u_pwm/reg_b2_reg[7]
  Impl DFF        Name(Last) i:/WORK/g03_top_IO/u_g03_soc/u_perips_top/u_pwm/reg_b2_reg[7]

  Ref  DFF        Name(Last) r:/WORK/g03_top_IO/u_g03_soc/u_perips_top/u_pwm/reg_b2_reg[8]
  Impl DFF        Name(Last) i:/WORK/g03_top_IO/u_g03_soc/u_perips_top/u_pwm/reg_b2_reg[8]

  Ref  DFF        Name(Last) r:/WORK/g03_top_IO/u_g03_soc/u_perips_top/u_pwm/reg_b2_reg[9]
  Impl DFF        Name(Last) i:/WORK/g03_top_IO/u_g03_soc/u_perips_top/u_pwm/reg_b2_reg[9]

  Ref  DFF        Name(Last) r:/WORK/g03_top_IO/u_g03_soc/u_perips_top/u_pwm/reg_b3_reg[0]
  Impl DFF        Name(Last) i:/WORK/g03_top_IO/u_g03_soc/u_perips_top/u_pwm/reg_b3_reg[0]

  Ref  DFF        Name(Last) r:/WORK/g03_top_IO/u_g03_soc/u_perips_top/u_pwm/reg_b3_reg[10]
  Impl DFF        Name(Last) i:/WORK/g03_top_IO/u_g03_soc/u_perips_top/u_pwm/reg_b3_reg[10]

  Ref  DFF        Name(Last) r:/WORK/g03_top_IO/u_g03_soc/u_perips_top/u_pwm/reg_b3_reg[11]
  Impl DFF        Name(Last) i:/WORK/g03_top_IO/u_g03_soc/u_perips_top/u_pwm/reg_b3_reg[11]

  Ref  DFF        Name(Last) r:/WORK/g03_top_IO/u_g03_soc/u_perips_top/u_pwm/reg_b3_reg[12]
  Impl DFF        Name(Last) i:/WORK/g03_top_IO/u_g03_soc/u_perips_top/u_pwm/reg_b3_reg[12]

  Ref  DFF        Name(Last) r:/WORK/g03_top_IO/u_g03_soc/u_perips_top/u_pwm/reg_b3_reg[13]
  Impl DFF        Name(Last) i:/WORK/g03_top_IO/u_g03_soc/u_perips_top/u_pwm/reg_b3_reg[13]

  Ref  DFF        Name(Last) r:/WORK/g03_top_IO/u_g03_soc/u_perips_top/u_pwm/reg_b3_reg[14]
  Impl DFF        Name(Last) i:/WORK/g03_top_IO/u_g03_soc/u_perips_top/u_pwm/reg_b3_reg[14]

  Ref  DFF        Name(Last) r:/WORK/g03_top_IO/u_g03_soc/u_perips_top/u_pwm/reg_b3_reg[15]
  Impl DFF        Name(Last) i:/WORK/g03_top_IO/u_g03_soc/u_perips_top/u_pwm/reg_b3_reg[15]

  Ref  DFF        Name(Last) r:/WORK/g03_top_IO/u_g03_soc/u_perips_top/u_pwm/reg_b3_reg[16]
  Impl DFF        Name(Last) i:/WORK/g03_top_IO/u_g03_soc/u_perips_top/u_pwm/reg_b3_reg[16]

  Ref  DFF        Name(Last) r:/WORK/g03_top_IO/u_g03_soc/u_perips_top/u_pwm/reg_b3_reg[17]
  Impl DFF        Name(Last) i:/WORK/g03_top_IO/u_g03_soc/u_perips_top/u_pwm/reg_b3_reg[17]

  Ref  DFF        Name(Last) r:/WORK/g03_top_IO/u_g03_soc/u_perips_top/u_pwm/reg_b3_reg[18]
  Impl DFF        Name(Last) i:/WORK/g03_top_IO/u_g03_soc/u_perips_top/u_pwm/reg_b3_reg[18]

  Ref  DFF        Name(Last) r:/WORK/g03_top_IO/u_g03_soc/u_perips_top/u_pwm/reg_b3_reg[19]
  Impl DFF        Name(Last) i:/WORK/g03_top_IO/u_g03_soc/u_perips_top/u_pwm/reg_b3_reg[19]

  Ref  DFF        Name(Last) r:/WORK/g03_top_IO/u_g03_soc/u_perips_top/u_pwm/reg_b3_reg[1]
  Impl DFF        Name(Last) i:/WORK/g03_top_IO/u_g03_soc/u_perips_top/u_pwm/reg_b3_reg[1]

  Ref  DFF        Name(Last) r:/WORK/g03_top_IO/u_g03_soc/u_perips_top/u_pwm/reg_b3_reg[20]
  Impl DFF        Name(Last) i:/WORK/g03_top_IO/u_g03_soc/u_perips_top/u_pwm/reg_b3_reg[20]

  Ref  DFF        Name(Last) r:/WORK/g03_top_IO/u_g03_soc/u_perips_top/u_pwm/reg_b3_reg[21]
  Impl DFF        Name(Last) i:/WORK/g03_top_IO/u_g03_soc/u_perips_top/u_pwm/reg_b3_reg[21]

  Ref  DFF        Name(Last) r:/WORK/g03_top_IO/u_g03_soc/u_perips_top/u_pwm/reg_b3_reg[22]
  Impl DFF        Name(Last) i:/WORK/g03_top_IO/u_g03_soc/u_perips_top/u_pwm/reg_b3_reg[22]

  Ref  DFF        Name(Last) r:/WORK/g03_top_IO/u_g03_soc/u_perips_top/u_pwm/reg_b3_reg[23]
  Impl DFF        Name(Last) i:/WORK/g03_top_IO/u_g03_soc/u_perips_top/u_pwm/reg_b3_reg[23]

  Ref  DFF        Name(Last) r:/WORK/g03_top_IO/u_g03_soc/u_perips_top/u_pwm/reg_b3_reg[24]
  Impl DFF        Name(Last) i:/WORK/g03_top_IO/u_g03_soc/u_perips_top/u_pwm/reg_b3_reg[24]

  Ref  DFF        Name(Last) r:/WORK/g03_top_IO/u_g03_soc/u_perips_top/u_pwm/reg_b3_reg[25]
  Impl DFF        Name(Last) i:/WORK/g03_top_IO/u_g03_soc/u_perips_top/u_pwm/reg_b3_reg[25]

  Ref  DFF        Name(Last) r:/WORK/g03_top_IO/u_g03_soc/u_perips_top/u_pwm/reg_b3_reg[26]
  Impl DFF        Name(Last) i:/WORK/g03_top_IO/u_g03_soc/u_perips_top/u_pwm/reg_b3_reg[26]

  Ref  DFF        Name(Last) r:/WORK/g03_top_IO/u_g03_soc/u_perips_top/u_pwm/reg_b3_reg[27]
  Impl DFF        Name(Last) i:/WORK/g03_top_IO/u_g03_soc/u_perips_top/u_pwm/reg_b3_reg[27]

  Ref  DFF        Name(Last) r:/WORK/g03_top_IO/u_g03_soc/u_perips_top/u_pwm/reg_b3_reg[28]
  Impl DFF        Name(Last) i:/WORK/g03_top_IO/u_g03_soc/u_perips_top/u_pwm/reg_b3_reg[28]

  Ref  DFF        Name(Last) r:/WORK/g03_top_IO/u_g03_soc/u_perips_top/u_pwm/reg_b3_reg[29]
  Impl DFF        Name(Last) i:/WORK/g03_top_IO/u_g03_soc/u_perips_top/u_pwm/reg_b3_reg[29]

  Ref  DFF        Name(Last) r:/WORK/g03_top_IO/u_g03_soc/u_perips_top/u_pwm/reg_b3_reg[2]
  Impl DFF        Name(Last) i:/WORK/g03_top_IO/u_g03_soc/u_perips_top/u_pwm/reg_b3_reg[2]

  Ref  DFF        Name(Last) r:/WORK/g03_top_IO/u_g03_soc/u_perips_top/u_pwm/reg_b3_reg[30]
  Impl DFF        Name(Last) i:/WORK/g03_top_IO/u_g03_soc/u_perips_top/u_pwm/reg_b3_reg[30]

  Ref  DFF        Name(Last) r:/WORK/g03_top_IO/u_g03_soc/u_perips_top/u_pwm/reg_b3_reg[31]
  Impl DFF        Name(Last) i:/WORK/g03_top_IO/u_g03_soc/u_perips_top/u_pwm/reg_b3_reg[31]

  Ref  DFF        Name(Last) r:/WORK/g03_top_IO/u_g03_soc/u_perips_top/u_pwm/reg_b3_reg[3]
  Impl DFF        Name(Last) i:/WORK/g03_top_IO/u_g03_soc/u_perips_top/u_pwm/reg_b3_reg[3]

  Ref  DFF        Name(Last) r:/WORK/g03_top_IO/u_g03_soc/u_perips_top/u_pwm/reg_b3_reg[4]
  Impl DFF        Name(Last) i:/WORK/g03_top_IO/u_g03_soc/u_perips_top/u_pwm/reg_b3_reg[4]

  Ref  DFF        Name(Last) r:/WORK/g03_top_IO/u_g03_soc/u_perips_top/u_pwm/reg_b3_reg[5]
  Impl DFF        Name(Last) i:/WORK/g03_top_IO/u_g03_soc/u_perips_top/u_pwm/reg_b3_reg[5]

  Ref  DFF        Name(Last) r:/WORK/g03_top_IO/u_g03_soc/u_perips_top/u_pwm/reg_b3_reg[6]
  Impl DFF        Name(Last) i:/WORK/g03_top_IO/u_g03_soc/u_perips_top/u_pwm/reg_b3_reg[6]

  Ref  DFF        Name(Last) r:/WORK/g03_top_IO/u_g03_soc/u_perips_top/u_pwm/reg_b3_reg[7]
  Impl DFF        Name(Last) i:/WORK/g03_top_IO/u_g03_soc/u_perips_top/u_pwm/reg_b3_reg[7]

  Ref  DFF        Name(Last) r:/WORK/g03_top_IO/u_g03_soc/u_perips_top/u_pwm/reg_b3_reg[8]
  Impl DFF        Name(Last) i:/WORK/g03_top_IO/u_g03_soc/u_perips_top/u_pwm/reg_b3_reg[8]

  Ref  DFF        Name(Last) r:/WORK/g03_top_IO/u_g03_soc/u_perips_top/u_pwm/reg_b3_reg[9]
  Impl DFF        Name(Last) i:/WORK/g03_top_IO/u_g03_soc/u_perips_top/u_pwm/reg_b3_reg[9]

  Ref  DFF        Name(Last) r:/WORK/g03_top_IO/u_g03_soc/u_perips_top/u_pwm/reg_c_reg[0]
  Impl DFF        Name(Last) i:/WORK/g03_top_IO/u_g03_soc/u_perips_top/u_pwm/reg_c_reg[0]

  Ref  DFF        Name(Last) r:/WORK/g03_top_IO/u_g03_soc/u_perips_top/u_pwm/reg_c_reg[10]
  Impl DFF        Name(Last) i:/WORK/g03_top_IO/u_g03_soc/u_perips_top/u_pwm/reg_c_reg[10]

  Ref  DFF        Name(Last) r:/WORK/g03_top_IO/u_g03_soc/u_perips_top/u_pwm/reg_c_reg[11]
  Impl DFF        Name(Last) i:/WORK/g03_top_IO/u_g03_soc/u_perips_top/u_pwm/reg_c_reg[11]

  Ref  DFF        Name(Last) r:/WORK/g03_top_IO/u_g03_soc/u_perips_top/u_pwm/reg_c_reg[12]
  Impl DFF        Name(Last) i:/WORK/g03_top_IO/u_g03_soc/u_perips_top/u_pwm/reg_c_reg[12]

  Ref  DFF        Name(Last) r:/WORK/g03_top_IO/u_g03_soc/u_perips_top/u_pwm/reg_c_reg[13]
  Impl DFF        Name(Last) i:/WORK/g03_top_IO/u_g03_soc/u_perips_top/u_pwm/reg_c_reg[13]

  Ref  DFF        Name(Last) r:/WORK/g03_top_IO/u_g03_soc/u_perips_top/u_pwm/reg_c_reg[14]
  Impl DFF        Name(Last) i:/WORK/g03_top_IO/u_g03_soc/u_perips_top/u_pwm/reg_c_reg[14]

  Ref  DFF        Name(Last) r:/WORK/g03_top_IO/u_g03_soc/u_perips_top/u_pwm/reg_c_reg[15]
  Impl DFF        Name(Last) i:/WORK/g03_top_IO/u_g03_soc/u_perips_top/u_pwm/reg_c_reg[15]

  Ref  DFF        Name(Last) r:/WORK/g03_top_IO/u_g03_soc/u_perips_top/u_pwm/reg_c_reg[16]
  Impl DFF        Name(Last) i:/WORK/g03_top_IO/u_g03_soc/u_perips_top/u_pwm/reg_c_reg[16]

  Ref  DFF        Name(Last) r:/WORK/g03_top_IO/u_g03_soc/u_perips_top/u_pwm/reg_c_reg[17]
  Impl DFF        Name(Last) i:/WORK/g03_top_IO/u_g03_soc/u_perips_top/u_pwm/reg_c_reg[17]

  Ref  DFF        Name(Last) r:/WORK/g03_top_IO/u_g03_soc/u_perips_top/u_pwm/reg_c_reg[18]
  Impl DFF        Name(Last) i:/WORK/g03_top_IO/u_g03_soc/u_perips_top/u_pwm/reg_c_reg[18]

  Ref  DFF        Name(Last) r:/WORK/g03_top_IO/u_g03_soc/u_perips_top/u_pwm/reg_c_reg[19]
  Impl DFF        Name(Last) i:/WORK/g03_top_IO/u_g03_soc/u_perips_top/u_pwm/reg_c_reg[19]

  Ref  DFF        Name(Last) r:/WORK/g03_top_IO/u_g03_soc/u_perips_top/u_pwm/reg_c_reg[1]
  Impl DFF        Name(Last) i:/WORK/g03_top_IO/u_g03_soc/u_perips_top/u_pwm/reg_c_reg[1]

  Ref  DFF        Name(Last) r:/WORK/g03_top_IO/u_g03_soc/u_perips_top/u_pwm/reg_c_reg[20]
  Impl DFF        Name(Last) i:/WORK/g03_top_IO/u_g03_soc/u_perips_top/u_pwm/reg_c_reg[20]

  Ref  DFF        Name(Last) r:/WORK/g03_top_IO/u_g03_soc/u_perips_top/u_pwm/reg_c_reg[21]
  Impl DFF        Name(Last) i:/WORK/g03_top_IO/u_g03_soc/u_perips_top/u_pwm/reg_c_reg[21]

  Ref  DFF        Name(Last) r:/WORK/g03_top_IO/u_g03_soc/u_perips_top/u_pwm/reg_c_reg[22]
  Impl DFF        Name(Last) i:/WORK/g03_top_IO/u_g03_soc/u_perips_top/u_pwm/reg_c_reg[22]

  Ref  DFF        Name(Last) r:/WORK/g03_top_IO/u_g03_soc/u_perips_top/u_pwm/reg_c_reg[23]
  Impl DFF        Name(Last) i:/WORK/g03_top_IO/u_g03_soc/u_perips_top/u_pwm/reg_c_reg[23]

  Ref  DFF        Name(Last) r:/WORK/g03_top_IO/u_g03_soc/u_perips_top/u_pwm/reg_c_reg[24]
  Impl DFF        Name(Last) i:/WORK/g03_top_IO/u_g03_soc/u_perips_top/u_pwm/reg_c_reg[24]

  Ref  DFF        Name(Last) r:/WORK/g03_top_IO/u_g03_soc/u_perips_top/u_pwm/reg_c_reg[25]
  Impl DFF        Name(Last) i:/WORK/g03_top_IO/u_g03_soc/u_perips_top/u_pwm/reg_c_reg[25]

  Ref  DFF        Name(Last) r:/WORK/g03_top_IO/u_g03_soc/u_perips_top/u_pwm/reg_c_reg[26]
  Impl DFF        Name(Last) i:/WORK/g03_top_IO/u_g03_soc/u_perips_top/u_pwm/reg_c_reg[26]

  Ref  DFF        Name(Last) r:/WORK/g03_top_IO/u_g03_soc/u_perips_top/u_pwm/reg_c_reg[27]
  Impl DFF        Name(Last) i:/WORK/g03_top_IO/u_g03_soc/u_perips_top/u_pwm/reg_c_reg[27]

  Ref  DFF        Name(Last) r:/WORK/g03_top_IO/u_g03_soc/u_perips_top/u_pwm/reg_c_reg[28]
  Impl DFF        Name(Last) i:/WORK/g03_top_IO/u_g03_soc/u_perips_top/u_pwm/reg_c_reg[28]

  Ref  DFF        Name(Last) r:/WORK/g03_top_IO/u_g03_soc/u_perips_top/u_pwm/reg_c_reg[29]
  Impl DFF        Name(Last) i:/WORK/g03_top_IO/u_g03_soc/u_perips_top/u_pwm/reg_c_reg[29]

  Ref  DFF        Name(Last) r:/WORK/g03_top_IO/u_g03_soc/u_perips_top/u_pwm/reg_c_reg[2]
  Impl DFF        Name(Last) i:/WORK/g03_top_IO/u_g03_soc/u_perips_top/u_pwm/reg_c_reg[2]

  Ref  DFF        Name(Last) r:/WORK/g03_top_IO/u_g03_soc/u_perips_top/u_pwm/reg_c_reg[30]
  Impl DFF        Name(Last) i:/WORK/g03_top_IO/u_g03_soc/u_perips_top/u_pwm/reg_c_reg[30]

  Ref  DFF        Name(Last) r:/WORK/g03_top_IO/u_g03_soc/u_perips_top/u_pwm/reg_c_reg[31]
  Impl DFF        Name(Last) i:/WORK/g03_top_IO/u_g03_soc/u_perips_top/u_pwm/reg_c_reg[31]

  Ref  DFF        Name(Last) r:/WORK/g03_top_IO/u_g03_soc/u_perips_top/u_pwm/reg_c_reg[3]
  Impl DFF        Name(Last) i:/WORK/g03_top_IO/u_g03_soc/u_perips_top/u_pwm/reg_c_reg[3]

  Ref  DFF        Name(Last) r:/WORK/g03_top_IO/u_g03_soc/u_perips_top/u_pwm/reg_c_reg[4]
  Impl DFF        Name(Last) i:/WORK/g03_top_IO/u_g03_soc/u_perips_top/u_pwm/reg_c_reg[4]

  Ref  DFF        Name(Last) r:/WORK/g03_top_IO/u_g03_soc/u_perips_top/u_pwm/reg_c_reg[5]
  Impl DFF        Name(Last) i:/WORK/g03_top_IO/u_g03_soc/u_perips_top/u_pwm/reg_c_reg[5]

  Ref  DFF        Name(Last) r:/WORK/g03_top_IO/u_g03_soc/u_perips_top/u_pwm/reg_c_reg[6]
  Impl DFF        Name(Last) i:/WORK/g03_top_IO/u_g03_soc/u_perips_top/u_pwm/reg_c_reg[6]

  Ref  DFF        Name(Last) r:/WORK/g03_top_IO/u_g03_soc/u_perips_top/u_pwm/reg_c_reg[7]
  Impl DFF        Name(Last) i:/WORK/g03_top_IO/u_g03_soc/u_perips_top/u_pwm/reg_c_reg[7]

  Ref  DFF        Name(Last) r:/WORK/g03_top_IO/u_g03_soc/u_perips_top/u_pwm/reg_c_reg[8]
  Impl DFF        Name(Last) i:/WORK/g03_top_IO/u_g03_soc/u_perips_top/u_pwm/reg_c_reg[8]

  Ref  DFF        Name(Last) r:/WORK/g03_top_IO/u_g03_soc/u_perips_top/u_pwm/reg_c_reg[9]
  Impl DFF        Name(Last) i:/WORK/g03_top_IO/u_g03_soc/u_perips_top/u_pwm/reg_c_reg[9]

  Ref  DFF        Name(Last) r:/WORK/g03_top_IO/u_g03_soc/u_perips_top/u_pwm/u_vld_rdy/vld_dff/qout_r_reg[0]
  Impl DFF        Name(Last) i:/WORK/g03_top_IO/u_g03_soc/u_perips_top/u_pwm/u_vld_rdy/vld_dff/qout_r_reg[0]

  Ref  DFF        Name(Last) r:/WORK/g03_top_IO/u_g03_soc/u_perips_top/u_rib/rsp_master_sel_r_reg[0]
  Impl DFF        Name(Last) i:/WORK/g03_top_IO/u_g03_soc/u_perips_top/u_rib/rsp_master_sel_r_reg[0]

  Ref  DFF        Name(Last) r:/WORK/g03_top_IO/u_g03_soc/u_perips_top/u_rib/rsp_master_sel_r_reg[1]
  Impl DFF        Name(Last) i:/WORK/g03_top_IO/u_g03_soc/u_perips_top/u_rib/rsp_master_sel_r_reg[1]

  Ref  DFF        Name(Last) r:/WORK/g03_top_IO/u_g03_soc/u_perips_top/u_rib/rsp_master_sel_r_reg[2]
  Impl DFF        Name(Last) i:/WORK/g03_top_IO/u_g03_soc/u_perips_top/u_rib/rsp_master_sel_r_reg[2]

  Ref  DFF        Name(Last) r:/WORK/g03_top_IO/u_g03_soc/u_perips_top/u_rib/rsp_slave_sel_r_reg[0]
  Impl DFF        Name(Last) i:/WORK/g03_top_IO/u_g03_soc/u_perips_top/u_rib/rsp_slave_sel_r_reg[0]

  Ref  DFF        Name(Last) r:/WORK/g03_top_IO/u_g03_soc/u_perips_top/u_rib/rsp_slave_sel_r_reg[1]
  Impl DFF        Name(Last) i:/WORK/g03_top_IO/u_g03_soc/u_perips_top/u_rib/rsp_slave_sel_r_reg[1]

  Ref  DFF        Name(Last) r:/WORK/g03_top_IO/u_g03_soc/u_perips_top/u_rib/rsp_slave_sel_r_reg[3]
  Impl DFF        Name(Last) i:/WORK/g03_top_IO/u_g03_soc/u_perips_top/u_rib/rsp_slave_sel_r_reg[3]

  Ref  DFF        Name(Last) r:/WORK/g03_top_IO/u_g03_soc/u_perips_top/u_rib/rsp_slave_sel_r_reg[6]
  Impl DFF        Name(Last) i:/WORK/g03_top_IO/u_g03_soc/u_perips_top/u_rib/rsp_slave_sel_r_reg[6]

  Ref  DFF        Name(Last) r:/WORK/g03_top_IO/u_g03_soc/u_perips_top/u_rib/rsp_slave_sel_r_reg[7]
  Impl DFF        Name(Last) i:/WORK/g03_top_IO/u_g03_soc/u_perips_top/u_rib/rsp_slave_sel_r_reg[7]

  Ref  DFF        Name(Last) r:/WORK/g03_top_IO/u_g03_soc/u_perips_top/u_uart/bit_cnt_reg[0]
  Impl DFF        Name(Last) i:/WORK/g03_top_IO/u_g03_soc/u_perips_top/u_uart/bit_cnt_reg[0]

  Ref  DFF        Name(Last) r:/WORK/g03_top_IO/u_g03_soc/u_perips_top/u_uart/bit_cnt_reg[1]
  Impl DFF        Name(Last) i:/WORK/g03_top_IO/u_g03_soc/u_perips_top/u_uart/bit_cnt_reg[1]

  Ref  DFF        Name(Last) r:/WORK/g03_top_IO/u_g03_soc/u_perips_top/u_uart/bit_cnt_reg[2]
  Impl DFF        Name(Last) i:/WORK/g03_top_IO/u_g03_soc/u_perips_top/u_uart/bit_cnt_reg[2]

  Ref  DFF        Name(Last) r:/WORK/g03_top_IO/u_g03_soc/u_perips_top/u_uart/bit_cnt_reg[3]
  Impl DFF        Name(Last) i:/WORK/g03_top_IO/u_g03_soc/u_perips_top/u_uart/bit_cnt_reg[3]

  Ref  DFF        Name(Last) r:/WORK/g03_top_IO/u_g03_soc/u_perips_top/u_uart/cycle_cnt_reg[0]
  Impl DFF        Name(Last) i:/WORK/g03_top_IO/u_g03_soc/u_perips_top/u_uart/cycle_cnt_reg[0]

  Ref  DFF        Name(Last) r:/WORK/g03_top_IO/u_g03_soc/u_perips_top/u_uart/cycle_cnt_reg[10]
  Impl DFF        Name(Last) i:/WORK/g03_top_IO/u_g03_soc/u_perips_top/u_uart/cycle_cnt_reg[10]

  Ref  DFF        Name(Last) r:/WORK/g03_top_IO/u_g03_soc/u_perips_top/u_uart/cycle_cnt_reg[11]
  Impl DFF        Name(Last) i:/WORK/g03_top_IO/u_g03_soc/u_perips_top/u_uart/cycle_cnt_reg[11]

  Ref  DFF        Name(Last) r:/WORK/g03_top_IO/u_g03_soc/u_perips_top/u_uart/cycle_cnt_reg[12]
  Impl DFF        Name(Last) i:/WORK/g03_top_IO/u_g03_soc/u_perips_top/u_uart/cycle_cnt_reg[12]

  Ref  DFF        Name(Last) r:/WORK/g03_top_IO/u_g03_soc/u_perips_top/u_uart/cycle_cnt_reg[13]
  Impl DFF        Name(Last) i:/WORK/g03_top_IO/u_g03_soc/u_perips_top/u_uart/cycle_cnt_reg[13]

  Ref  DFF        Name(Last) r:/WORK/g03_top_IO/u_g03_soc/u_perips_top/u_uart/cycle_cnt_reg[14]
  Impl DFF        Name(Last) i:/WORK/g03_top_IO/u_g03_soc/u_perips_top/u_uart/cycle_cnt_reg[14]

  Ref  DFF        Name(Last) r:/WORK/g03_top_IO/u_g03_soc/u_perips_top/u_uart/cycle_cnt_reg[15]
  Impl DFF        Name(Last) i:/WORK/g03_top_IO/u_g03_soc/u_perips_top/u_uart/cycle_cnt_reg[15]

  Ref  DFF        Name(Last) r:/WORK/g03_top_IO/u_g03_soc/u_perips_top/u_uart/cycle_cnt_reg[1]
  Impl DFF        Name(Last) i:/WORK/g03_top_IO/u_g03_soc/u_perips_top/u_uart/cycle_cnt_reg[1]

  Ref  DFF        Name(Last) r:/WORK/g03_top_IO/u_g03_soc/u_perips_top/u_uart/cycle_cnt_reg[2]
  Impl DFF        Name(Last) i:/WORK/g03_top_IO/u_g03_soc/u_perips_top/u_uart/cycle_cnt_reg[2]

  Ref  DFF        Name(Last) r:/WORK/g03_top_IO/u_g03_soc/u_perips_top/u_uart/cycle_cnt_reg[3]
  Impl DFF        Name(Last) i:/WORK/g03_top_IO/u_g03_soc/u_perips_top/u_uart/cycle_cnt_reg[3]

  Ref  DFF        Name(Last) r:/WORK/g03_top_IO/u_g03_soc/u_perips_top/u_uart/cycle_cnt_reg[4]
  Impl DFF        Name(Last) i:/WORK/g03_top_IO/u_g03_soc/u_perips_top/u_uart/cycle_cnt_reg[4]

  Ref  DFF        Name(Last) r:/WORK/g03_top_IO/u_g03_soc/u_perips_top/u_uart/cycle_cnt_reg[5]
  Impl DFF        Name(Last) i:/WORK/g03_top_IO/u_g03_soc/u_perips_top/u_uart/cycle_cnt_reg[5]

  Ref  DFF        Name(Last) r:/WORK/g03_top_IO/u_g03_soc/u_perips_top/u_uart/cycle_cnt_reg[6]
  Impl DFF        Name(Last) i:/WORK/g03_top_IO/u_g03_soc/u_perips_top/u_uart/cycle_cnt_reg[6]

  Ref  DFF        Name(Last) r:/WORK/g03_top_IO/u_g03_soc/u_perips_top/u_uart/cycle_cnt_reg[7]
  Impl DFF        Name(Last) i:/WORK/g03_top_IO/u_g03_soc/u_perips_top/u_uart/cycle_cnt_reg[7]

  Ref  DFF        Name(Last) r:/WORK/g03_top_IO/u_g03_soc/u_perips_top/u_uart/cycle_cnt_reg[8]
  Impl DFF        Name(Last) i:/WORK/g03_top_IO/u_g03_soc/u_perips_top/u_uart/cycle_cnt_reg[8]

  Ref  DFF        Name(Last) r:/WORK/g03_top_IO/u_g03_soc/u_perips_top/u_uart/cycle_cnt_reg[9]
  Impl DFF        Name(Last) i:/WORK/g03_top_IO/u_g03_soc/u_perips_top/u_uart/cycle_cnt_reg[9]

  Ref  DFF        Name(Last) r:/WORK/g03_top_IO/u_g03_soc/u_perips_top/u_uart/data_r_reg[0]
  Impl DFF        Name(Last) i:/WORK/g03_top_IO/u_g03_soc/u_perips_top/u_uart/data_r_reg[0]

  Ref  DFF        Name(Last) r:/WORK/g03_top_IO/u_g03_soc/u_perips_top/u_uart/data_r_reg[10]
  Impl DFF        Name(Last) i:/WORK/g03_top_IO/u_g03_soc/u_perips_top/u_uart/data_r_reg[10]

  Ref  DFF        Name(Last) r:/WORK/g03_top_IO/u_g03_soc/u_perips_top/u_uart/data_r_reg[11]
  Impl DFF        Name(Last) i:/WORK/g03_top_IO/u_g03_soc/u_perips_top/u_uart/data_r_reg[11]

  Ref  DFF        Name(Last) r:/WORK/g03_top_IO/u_g03_soc/u_perips_top/u_uart/data_r_reg[12]
  Impl DFF        Name(Last) i:/WORK/g03_top_IO/u_g03_soc/u_perips_top/u_uart/data_r_reg[12]

  Ref  DFF        Name(Last) r:/WORK/g03_top_IO/u_g03_soc/u_perips_top/u_uart/data_r_reg[13]
  Impl DFF        Name(Last) i:/WORK/g03_top_IO/u_g03_soc/u_perips_top/u_uart/data_r_reg[13]

  Ref  DFF        Name(Last) r:/WORK/g03_top_IO/u_g03_soc/u_perips_top/u_uart/data_r_reg[14]
  Impl DFF        Name(Last) i:/WORK/g03_top_IO/u_g03_soc/u_perips_top/u_uart/data_r_reg[14]

  Ref  DFF        Name(Last) r:/WORK/g03_top_IO/u_g03_soc/u_perips_top/u_uart/data_r_reg[15]
  Impl DFF        Name(Last) i:/WORK/g03_top_IO/u_g03_soc/u_perips_top/u_uart/data_r_reg[15]

  Ref  DFF        Name(Last) r:/WORK/g03_top_IO/u_g03_soc/u_perips_top/u_uart/data_r_reg[1]
  Impl DFF        Name(Last) i:/WORK/g03_top_IO/u_g03_soc/u_perips_top/u_uart/data_r_reg[1]

  Ref  DFF        Name(Last) r:/WORK/g03_top_IO/u_g03_soc/u_perips_top/u_uart/data_r_reg[2]
  Impl DFF        Name(Last) i:/WORK/g03_top_IO/u_g03_soc/u_perips_top/u_uart/data_r_reg[2]

  Ref  DFF        Name(Last) r:/WORK/g03_top_IO/u_g03_soc/u_perips_top/u_uart/data_r_reg[3]
  Impl DFF        Name(Last) i:/WORK/g03_top_IO/u_g03_soc/u_perips_top/u_uart/data_r_reg[3]

  Ref  DFF        Name(Last) r:/WORK/g03_top_IO/u_g03_soc/u_perips_top/u_uart/data_r_reg[4]
  Impl DFF        Name(Last) i:/WORK/g03_top_IO/u_g03_soc/u_perips_top/u_uart/data_r_reg[4]

  Ref  DFF        Name(Last) r:/WORK/g03_top_IO/u_g03_soc/u_perips_top/u_uart/data_r_reg[5]
  Impl DFF        Name(Last) i:/WORK/g03_top_IO/u_g03_soc/u_perips_top/u_uart/data_r_reg[5]

  Ref  DFF        Name(Last) r:/WORK/g03_top_IO/u_g03_soc/u_perips_top/u_uart/data_r_reg[6]
  Impl DFF        Name(Last) i:/WORK/g03_top_IO/u_g03_soc/u_perips_top/u_uart/data_r_reg[6]

  Ref  DFF        Name(Last) r:/WORK/g03_top_IO/u_g03_soc/u_perips_top/u_uart/data_r_reg[7]
  Impl DFF        Name(Last) i:/WORK/g03_top_IO/u_g03_soc/u_perips_top/u_uart/data_r_reg[7]

  Ref  DFF        Name(Last) r:/WORK/g03_top_IO/u_g03_soc/u_perips_top/u_uart/data_r_reg[8]
  Impl DFF        Name(Last) i:/WORK/g03_top_IO/u_g03_soc/u_perips_top/u_uart/data_r_reg[8]

  Ref  DFF        Name(Last) r:/WORK/g03_top_IO/u_g03_soc/u_perips_top/u_uart/data_r_reg[9]
  Impl DFF        Name(Last) i:/WORK/g03_top_IO/u_g03_soc/u_perips_top/u_uart/data_r_reg[9]

  Ref  DFF        Name(Last) r:/WORK/g03_top_IO/u_g03_soc/u_perips_top/u_uart/rx_clk_cnt_reg[0]
  Impl DFF        Name(Last) i:/WORK/g03_top_IO/u_g03_soc/u_perips_top/u_uart/rx_clk_cnt_reg[0]

  Ref  DFF        Name(Last) r:/WORK/g03_top_IO/u_g03_soc/u_perips_top/u_uart/rx_clk_cnt_reg[10]
  Impl DFF        Name(Last) i:/WORK/g03_top_IO/u_g03_soc/u_perips_top/u_uart/rx_clk_cnt_reg[10]

  Ref  DFF        Name(Last) r:/WORK/g03_top_IO/u_g03_soc/u_perips_top/u_uart/rx_clk_cnt_reg[11]
  Impl DFF        Name(Last) i:/WORK/g03_top_IO/u_g03_soc/u_perips_top/u_uart/rx_clk_cnt_reg[11]

  Ref  DFF        Name(Last) r:/WORK/g03_top_IO/u_g03_soc/u_perips_top/u_uart/rx_clk_cnt_reg[12]
  Impl DFF        Name(Last) i:/WORK/g03_top_IO/u_g03_soc/u_perips_top/u_uart/rx_clk_cnt_reg[12]

  Ref  DFF        Name(Last) r:/WORK/g03_top_IO/u_g03_soc/u_perips_top/u_uart/rx_clk_cnt_reg[13]
  Impl DFF        Name(Last) i:/WORK/g03_top_IO/u_g03_soc/u_perips_top/u_uart/rx_clk_cnt_reg[13]

  Ref  DFF        Name(Last) r:/WORK/g03_top_IO/u_g03_soc/u_perips_top/u_uart/rx_clk_cnt_reg[14]
  Impl DFF        Name(Last) i:/WORK/g03_top_IO/u_g03_soc/u_perips_top/u_uart/rx_clk_cnt_reg[14]

  Ref  DFF        Name(Last) r:/WORK/g03_top_IO/u_g03_soc/u_perips_top/u_uart/rx_clk_cnt_reg[15]
  Impl DFF        Name(Last) i:/WORK/g03_top_IO/u_g03_soc/u_perips_top/u_uart/rx_clk_cnt_reg[15]

  Ref  DFF        Name(Last) r:/WORK/g03_top_IO/u_g03_soc/u_perips_top/u_uart/rx_clk_cnt_reg[1]
  Impl DFF        Name(Last) i:/WORK/g03_top_IO/u_g03_soc/u_perips_top/u_uart/rx_clk_cnt_reg[1]

  Ref  DFF        Name(Last) r:/WORK/g03_top_IO/u_g03_soc/u_perips_top/u_uart/rx_clk_cnt_reg[2]
  Impl DFF        Name(Last) i:/WORK/g03_top_IO/u_g03_soc/u_perips_top/u_uart/rx_clk_cnt_reg[2]

  Ref  DFF        Name(Last) r:/WORK/g03_top_IO/u_g03_soc/u_perips_top/u_uart/rx_clk_cnt_reg[3]
  Impl DFF        Name(Last) i:/WORK/g03_top_IO/u_g03_soc/u_perips_top/u_uart/rx_clk_cnt_reg[3]

  Ref  DFF        Name(Last) r:/WORK/g03_top_IO/u_g03_soc/u_perips_top/u_uart/rx_clk_cnt_reg[4]
  Impl DFF        Name(Last) i:/WORK/g03_top_IO/u_g03_soc/u_perips_top/u_uart/rx_clk_cnt_reg[4]

  Ref  DFF        Name(Last) r:/WORK/g03_top_IO/u_g03_soc/u_perips_top/u_uart/rx_clk_cnt_reg[5]
  Impl DFF        Name(Last) i:/WORK/g03_top_IO/u_g03_soc/u_perips_top/u_uart/rx_clk_cnt_reg[5]

  Ref  DFF        Name(Last) r:/WORK/g03_top_IO/u_g03_soc/u_perips_top/u_uart/rx_clk_cnt_reg[6]
  Impl DFF        Name(Last) i:/WORK/g03_top_IO/u_g03_soc/u_perips_top/u_uart/rx_clk_cnt_reg[6]

  Ref  DFF        Name(Last) r:/WORK/g03_top_IO/u_g03_soc/u_perips_top/u_uart/rx_clk_cnt_reg[7]
  Impl DFF        Name(Last) i:/WORK/g03_top_IO/u_g03_soc/u_perips_top/u_uart/rx_clk_cnt_reg[7]

  Ref  DFF        Name(Last) r:/WORK/g03_top_IO/u_g03_soc/u_perips_top/u_uart/rx_clk_cnt_reg[8]
  Impl DFF        Name(Last) i:/WORK/g03_top_IO/u_g03_soc/u_perips_top/u_uart/rx_clk_cnt_reg[8]

  Ref  DFF        Name(Last) r:/WORK/g03_top_IO/u_g03_soc/u_perips_top/u_uart/rx_clk_cnt_reg[9]
  Impl DFF        Name(Last) i:/WORK/g03_top_IO/u_g03_soc/u_perips_top/u_uart/rx_clk_cnt_reg[9]

  Ref  DFF        Name(Last) r:/WORK/g03_top_IO/u_g03_soc/u_perips_top/u_uart/rx_clk_edge_cnt_reg[0]
  Impl DFF        Name(Last) i:/WORK/g03_top_IO/u_g03_soc/u_perips_top/u_uart/rx_clk_edge_cnt_reg[0]

  Ref  DFF        Name(Last) r:/WORK/g03_top_IO/u_g03_soc/u_perips_top/u_uart/rx_clk_edge_cnt_reg[1]
  Impl DFF        Name(Last) i:/WORK/g03_top_IO/u_g03_soc/u_perips_top/u_uart/rx_clk_edge_cnt_reg[1]

  Ref  DFF        Name(Last) r:/WORK/g03_top_IO/u_g03_soc/u_perips_top/u_uart/rx_clk_edge_cnt_reg[2]
  Impl DFF        Name(Last) i:/WORK/g03_top_IO/u_g03_soc/u_perips_top/u_uart/rx_clk_edge_cnt_reg[2]

  Ref  DFF        Name(Last) r:/WORK/g03_top_IO/u_g03_soc/u_perips_top/u_uart/rx_clk_edge_cnt_reg[3]
  Impl DFF        Name(Last) i:/WORK/g03_top_IO/u_g03_soc/u_perips_top/u_uart/rx_clk_edge_cnt_reg[3]

  Ref  DFF        Name(Last) r:/WORK/g03_top_IO/u_g03_soc/u_perips_top/u_uart/rx_clk_edge_level_reg
  Impl DFF        Name(Last) i:/WORK/g03_top_IO/u_g03_soc/u_perips_top/u_uart/rx_clk_edge_level_reg

  Ref  DFF        Name(Last) r:/WORK/g03_top_IO/u_g03_soc/u_perips_top/u_uart/rx_data_reg[0]
  Impl DFF        Name(Last) i:/WORK/g03_top_IO/u_g03_soc/u_perips_top/u_uart/rx_data_reg[0]

  Ref  DFF        Name(Last) r:/WORK/g03_top_IO/u_g03_soc/u_perips_top/u_uart/rx_data_reg[1]
  Impl DFF        Name(Last) i:/WORK/g03_top_IO/u_g03_soc/u_perips_top/u_uart/rx_data_reg[1]

  Ref  DFF        Name(Last) r:/WORK/g03_top_IO/u_g03_soc/u_perips_top/u_uart/rx_data_reg[2]
  Impl DFF        Name(Last) i:/WORK/g03_top_IO/u_g03_soc/u_perips_top/u_uart/rx_data_reg[2]

  Ref  DFF        Name(Last) r:/WORK/g03_top_IO/u_g03_soc/u_perips_top/u_uart/rx_data_reg[3]
  Impl DFF        Name(Last) i:/WORK/g03_top_IO/u_g03_soc/u_perips_top/u_uart/rx_data_reg[3]

  Ref  DFF        Name(Last) r:/WORK/g03_top_IO/u_g03_soc/u_perips_top/u_uart/rx_data_reg[4]
  Impl DFF        Name(Last) i:/WORK/g03_top_IO/u_g03_soc/u_perips_top/u_uart/rx_data_reg[4]

  Ref  DFF        Name(Last) r:/WORK/g03_top_IO/u_g03_soc/u_perips_top/u_uart/rx_data_reg[5]
  Impl DFF        Name(Last) i:/WORK/g03_top_IO/u_g03_soc/u_perips_top/u_uart/rx_data_reg[5]

  Ref  DFF        Name(Last) r:/WORK/g03_top_IO/u_g03_soc/u_perips_top/u_uart/rx_data_reg[6]
  Impl DFF        Name(Last) i:/WORK/g03_top_IO/u_g03_soc/u_perips_top/u_uart/rx_data_reg[6]

  Ref  DFF        Name(Last) r:/WORK/g03_top_IO/u_g03_soc/u_perips_top/u_uart/rx_data_reg[7]
  Impl DFF        Name(Last) i:/WORK/g03_top_IO/u_g03_soc/u_perips_top/u_uart/rx_data_reg[7]

  Ref  DFF        Name(Last) r:/WORK/g03_top_IO/u_g03_soc/u_perips_top/u_uart/rx_div_cnt_reg[0]
  Impl DFF        Name(Last) i:/WORK/g03_top_IO/u_g03_soc/u_perips_top/u_uart/rx_div_cnt_reg[0]

  Ref  DFF        Name(Last) r:/WORK/g03_top_IO/u_g03_soc/u_perips_top/u_uart/rx_div_cnt_reg[10]
  Impl DFF        Name(Last) i:/WORK/g03_top_IO/u_g03_soc/u_perips_top/u_uart/rx_div_cnt_reg[10]

  Ref  DFF        Name(Last) r:/WORK/g03_top_IO/u_g03_soc/u_perips_top/u_uart/rx_div_cnt_reg[11]
  Impl DFF        Name(Last) i:/WORK/g03_top_IO/u_g03_soc/u_perips_top/u_uart/rx_div_cnt_reg[11]

  Ref  DFF        Name(Last) r:/WORK/g03_top_IO/u_g03_soc/u_perips_top/u_uart/rx_div_cnt_reg[12]
  Impl DFF        Name(Last) i:/WORK/g03_top_IO/u_g03_soc/u_perips_top/u_uart/rx_div_cnt_reg[12]

  Ref  DFF        Name(Last) r:/WORK/g03_top_IO/u_g03_soc/u_perips_top/u_uart/rx_div_cnt_reg[13]
  Impl DFF        Name(Last) i:/WORK/g03_top_IO/u_g03_soc/u_perips_top/u_uart/rx_div_cnt_reg[13]

  Ref  DFF        Name(Last) r:/WORK/g03_top_IO/u_g03_soc/u_perips_top/u_uart/rx_div_cnt_reg[14]
  Impl DFF        Name(Last) i:/WORK/g03_top_IO/u_g03_soc/u_perips_top/u_uart/rx_div_cnt_reg[14]

  Ref  DFF        Name(Last) r:/WORK/g03_top_IO/u_g03_soc/u_perips_top/u_uart/rx_div_cnt_reg[15]
  Impl DFF        Name(Last) i:/WORK/g03_top_IO/u_g03_soc/u_perips_top/u_uart/rx_div_cnt_reg[15]

  Ref  DFF        Name(Last) r:/WORK/g03_top_IO/u_g03_soc/u_perips_top/u_uart/rx_div_cnt_reg[1]
  Impl DFF        Name(Last) i:/WORK/g03_top_IO/u_g03_soc/u_perips_top/u_uart/rx_div_cnt_reg[1]

  Ref  DFF        Name(Last) r:/WORK/g03_top_IO/u_g03_soc/u_perips_top/u_uart/rx_div_cnt_reg[2]
  Impl DFF        Name(Last) i:/WORK/g03_top_IO/u_g03_soc/u_perips_top/u_uart/rx_div_cnt_reg[2]

  Ref  DFF        Name(Last) r:/WORK/g03_top_IO/u_g03_soc/u_perips_top/u_uart/rx_div_cnt_reg[3]
  Impl DFF        Name(Last) i:/WORK/g03_top_IO/u_g03_soc/u_perips_top/u_uart/rx_div_cnt_reg[3]

  Ref  DFF        Name(Last) r:/WORK/g03_top_IO/u_g03_soc/u_perips_top/u_uart/rx_div_cnt_reg[4]
  Impl DFF        Name(Last) i:/WORK/g03_top_IO/u_g03_soc/u_perips_top/u_uart/rx_div_cnt_reg[4]

  Ref  DFF        Name(Last) r:/WORK/g03_top_IO/u_g03_soc/u_perips_top/u_uart/rx_div_cnt_reg[5]
  Impl DFF        Name(Last) i:/WORK/g03_top_IO/u_g03_soc/u_perips_top/u_uart/rx_div_cnt_reg[5]

  Ref  DFF        Name(Last) r:/WORK/g03_top_IO/u_g03_soc/u_perips_top/u_uart/rx_div_cnt_reg[6]
  Impl DFF        Name(Last) i:/WORK/g03_top_IO/u_g03_soc/u_perips_top/u_uart/rx_div_cnt_reg[6]

  Ref  DFF        Name(Last) r:/WORK/g03_top_IO/u_g03_soc/u_perips_top/u_uart/rx_div_cnt_reg[7]
  Impl DFF        Name(Last) i:/WORK/g03_top_IO/u_g03_soc/u_perips_top/u_uart/rx_div_cnt_reg[7]

  Ref  DFF        Name(Last) r:/WORK/g03_top_IO/u_g03_soc/u_perips_top/u_uart/rx_div_cnt_reg[8]
  Impl DFF        Name(Last) i:/WORK/g03_top_IO/u_g03_soc/u_perips_top/u_uart/rx_div_cnt_reg[8]

  Ref  DFF        Name(Last) r:/WORK/g03_top_IO/u_g03_soc/u_perips_top/u_uart/rx_div_cnt_reg[9]
  Impl DFF        Name(Last) i:/WORK/g03_top_IO/u_g03_soc/u_perips_top/u_uart/rx_div_cnt_reg[9]

  Ref  DFF        Name(Last) r:/WORK/g03_top_IO/u_g03_soc/u_perips_top/u_uart/rx_over_reg
  Impl DFF        Name(Last) i:/WORK/g03_top_IO/u_g03_soc/u_perips_top/u_uart/rx_over_reg

  Ref  DFF        Name(Last) r:/WORK/g03_top_IO/u_g03_soc/u_perips_top/u_uart/rx_q0_reg
  Impl DFF        Name(Last) i:/WORK/g03_top_IO/u_g03_soc/u_perips_top/u_uart/rx_q0_reg

  Ref  DFF        Name(Last) r:/WORK/g03_top_IO/u_g03_soc/u_perips_top/u_uart/rx_q1_reg
  Impl DFF        Name(Last) i:/WORK/g03_top_IO/u_g03_soc/u_perips_top/u_uart/rx_q1_reg

  Ref  DFF        Name(Last) r:/WORK/g03_top_IO/u_g03_soc/u_perips_top/u_uart/rx_start_reg
  Impl DFF        Name(Last) i:/WORK/g03_top_IO/u_g03_soc/u_perips_top/u_uart/rx_start_reg

  Ref  DFF        Name(Last) r:/WORK/g03_top_IO/u_g03_soc/u_perips_top/u_uart/state_reg[0]
  Impl DFF        Name(Last) i:/WORK/g03_top_IO/u_g03_soc/u_perips_top/u_uart/state_reg[0]

  Ref  DFF        Name(Last) r:/WORK/g03_top_IO/u_g03_soc/u_perips_top/u_uart/state_reg[1]
  Impl DFF        Name(Last) i:/WORK/g03_top_IO/u_g03_soc/u_perips_top/u_uart/state_reg[1]

  Ref  DFF        Name(Last) r:/WORK/g03_top_IO/u_g03_soc/u_perips_top/u_uart/state_reg[2]
  Impl DFF        Name(Last) i:/WORK/g03_top_IO/u_g03_soc/u_perips_top/u_uart/state_reg[2]

  Ref  DFF        Name(Last) r:/WORK/g03_top_IO/u_g03_soc/u_perips_top/u_uart/state_reg[3]
  Impl DFF        Name(Last) i:/WORK/g03_top_IO/u_g03_soc/u_perips_top/u_uart/state_reg[3]

  Ref  DFF        Name(Last) r:/WORK/g03_top_IO/u_g03_soc/u_perips_top/u_uart/tx_bit_reg
  Impl DFF        Name(Last) i:/WORK/g03_top_IO/u_g03_soc/u_perips_top/u_uart/tx_bit_reg

  Ref  DFF        Name(Last) r:/WORK/g03_top_IO/u_g03_soc/u_perips_top/u_uart/u_vld_rdy/vld_dff/qout_r_reg[0]
  Impl DFF        Name(Last) i:/WORK/g03_top_IO/u_g03_soc/u_perips_top/u_uart/u_vld_rdy/vld_dff/qout_r_reg[0]

  Ref  DFF        Name(Last) r:/WORK/g03_top_IO/u_g03_soc/u_perips_top/u_uart/uart_baud_reg[0]
  Impl DFF        Name(Last) i:/WORK/g03_top_IO/u_g03_soc/u_perips_top/u_uart/uart_baud_reg[0]

  Ref  DFF        Name(Last) r:/WORK/g03_top_IO/u_g03_soc/u_perips_top/u_uart/uart_baud_reg[10]
  Impl DFF        Name(Last) i:/WORK/g03_top_IO/u_g03_soc/u_perips_top/u_uart/uart_baud_reg[10]

  Ref  DFF        Name(Last) r:/WORK/g03_top_IO/u_g03_soc/u_perips_top/u_uart/uart_baud_reg[11]
  Impl DFF        Name(Last) i:/WORK/g03_top_IO/u_g03_soc/u_perips_top/u_uart/uart_baud_reg[11]

  Ref  DFF        Name(Last) r:/WORK/g03_top_IO/u_g03_soc/u_perips_top/u_uart/uart_baud_reg[12]
  Impl DFF        Name(Last) i:/WORK/g03_top_IO/u_g03_soc/u_perips_top/u_uart/uart_baud_reg[12]

  Ref  DFF        Name(Last) r:/WORK/g03_top_IO/u_g03_soc/u_perips_top/u_uart/uart_baud_reg[13]
  Impl DFF        Name(Last) i:/WORK/g03_top_IO/u_g03_soc/u_perips_top/u_uart/uart_baud_reg[13]

  Ref  DFF        Name(Last) r:/WORK/g03_top_IO/u_g03_soc/u_perips_top/u_uart/uart_baud_reg[14]
  Impl DFF        Name(Last) i:/WORK/g03_top_IO/u_g03_soc/u_perips_top/u_uart/uart_baud_reg[14]

  Ref  DFF        Name(Last) r:/WORK/g03_top_IO/u_g03_soc/u_perips_top/u_uart/uart_baud_reg[15]
  Impl DFF        Name(Last) i:/WORK/g03_top_IO/u_g03_soc/u_perips_top/u_uart/uart_baud_reg[15]

  Ref  DFF        Name(Last) r:/WORK/g03_top_IO/u_g03_soc/u_perips_top/u_uart/uart_baud_reg[1]
  Impl DFF        Name(Last) i:/WORK/g03_top_IO/u_g03_soc/u_perips_top/u_uart/uart_baud_reg[1]

  Ref  DFF        Name(Last) r:/WORK/g03_top_IO/u_g03_soc/u_perips_top/u_uart/uart_baud_reg[2]
  Impl DFF        Name(Last) i:/WORK/g03_top_IO/u_g03_soc/u_perips_top/u_uart/uart_baud_reg[2]

  Ref  DFF        Name(Last) r:/WORK/g03_top_IO/u_g03_soc/u_perips_top/u_uart/uart_baud_reg[3]
  Impl DFF        Name(Last) i:/WORK/g03_top_IO/u_g03_soc/u_perips_top/u_uart/uart_baud_reg[3]

  Ref  DFF        Name(Last) r:/WORK/g03_top_IO/u_g03_soc/u_perips_top/u_uart/uart_baud_reg[4]
  Impl DFF        Name(Last) i:/WORK/g03_top_IO/u_g03_soc/u_perips_top/u_uart/uart_baud_reg[4]

  Ref  DFF        Name(Last) r:/WORK/g03_top_IO/u_g03_soc/u_perips_top/u_uart/uart_baud_reg[5]
  Impl DFF        Name(Last) i:/WORK/g03_top_IO/u_g03_soc/u_perips_top/u_uart/uart_baud_reg[5]

  Ref  DFF        Name(Last) r:/WORK/g03_top_IO/u_g03_soc/u_perips_top/u_uart/uart_baud_reg[6]
  Impl DFF        Name(Last) i:/WORK/g03_top_IO/u_g03_soc/u_perips_top/u_uart/uart_baud_reg[6]

  Ref  DFF        Name(Last) r:/WORK/g03_top_IO/u_g03_soc/u_perips_top/u_uart/uart_baud_reg[7]
  Impl DFF        Name(Last) i:/WORK/g03_top_IO/u_g03_soc/u_perips_top/u_uart/uart_baud_reg[7]

  Ref  DFF        Name(Last) r:/WORK/g03_top_IO/u_g03_soc/u_perips_top/u_uart/uart_baud_reg[8]
  Impl DFF        Name(Last) i:/WORK/g03_top_IO/u_g03_soc/u_perips_top/u_uart/uart_baud_reg[8]

  Ref  DFF        Name(Last) r:/WORK/g03_top_IO/u_g03_soc/u_perips_top/u_uart/uart_baud_reg[9]
  Impl DFF        Name(Last) i:/WORK/g03_top_IO/u_g03_soc/u_perips_top/u_uart/uart_baud_reg[9]

  Ref  DFF        Name(Last) r:/WORK/g03_top_IO/u_g03_soc/u_perips_top/u_uart/uart_ctrl_reg[0]
  Impl DFF        Name(Last) i:/WORK/g03_top_IO/u_g03_soc/u_perips_top/u_uart/uart_ctrl_reg[0]

  Ref  DFF        Name(Last) r:/WORK/g03_top_IO/u_g03_soc/u_perips_top/u_uart/uart_ctrl_reg[1]
  Impl DFF        Name(Last) i:/WORK/g03_top_IO/u_g03_soc/u_perips_top/u_uart/uart_ctrl_reg[1]

  Ref  DFF        Name(Last) r:/WORK/g03_top_IO/u_g03_soc/u_perips_top/u_uart/uart_ctrl_reg[2]
  Impl DFF        Name(Last) i:/WORK/g03_top_IO/u_g03_soc/u_perips_top/u_uart/uart_ctrl_reg[2]

  Ref  DFF        Name(Last) r:/WORK/g03_top_IO/u_g03_soc/u_perips_top/u_uart/uart_ctrl_reg[3]
  Impl DFF        Name(Last) i:/WORK/g03_top_IO/u_g03_soc/u_perips_top/u_uart/uart_ctrl_reg[3]

  Ref  DFF        Name(Last) r:/WORK/g03_top_IO/u_g03_soc/u_perips_top/u_uart/uart_ctrl_reg[4]
  Impl DFF        Name(Last) i:/WORK/g03_top_IO/u_g03_soc/u_perips_top/u_uart/uart_ctrl_reg[4]

  Ref  DFF        Name(Last) r:/WORK/g03_top_IO/u_g03_soc/u_perips_top/u_uart/uart_ctrl_reg[5]
  Impl DFF        Name(Last) i:/WORK/g03_top_IO/u_g03_soc/u_perips_top/u_uart/uart_ctrl_reg[5]

  Ref  DFF        Name(Last) r:/WORK/g03_top_IO/u_g03_soc/u_perips_top/u_uart/uart_ctrl_reg[6]
  Impl DFF        Name(Last) i:/WORK/g03_top_IO/u_g03_soc/u_perips_top/u_uart/uart_ctrl_reg[6]

  Ref  DFF        Name(Last) r:/WORK/g03_top_IO/u_g03_soc/u_perips_top/u_uart/uart_ctrl_reg[7]
  Impl DFF        Name(Last) i:/WORK/g03_top_IO/u_g03_soc/u_perips_top/u_uart/uart_ctrl_reg[7]

  Ref  DFF        Name(Last) r:/WORK/g03_top_IO/u_g03_soc/u_perips_top/u_uart/uart_rx_reg[0]
  Impl DFF        Name(Last) i:/WORK/g03_top_IO/u_g03_soc/u_perips_top/u_uart/uart_rx_reg[0]

  Ref  DFF        Name(Last) r:/WORK/g03_top_IO/u_g03_soc/u_perips_top/u_uart/uart_rx_reg[1]
  Impl DFF        Name(Last) i:/WORK/g03_top_IO/u_g03_soc/u_perips_top/u_uart/uart_rx_reg[1]

  Ref  DFF        Name(Last) r:/WORK/g03_top_IO/u_g03_soc/u_perips_top/u_uart/uart_rx_reg[2]
  Impl DFF        Name(Last) i:/WORK/g03_top_IO/u_g03_soc/u_perips_top/u_uart/uart_rx_reg[2]

  Ref  DFF        Name(Last) r:/WORK/g03_top_IO/u_g03_soc/u_perips_top/u_uart/uart_rx_reg[3]
  Impl DFF        Name(Last) i:/WORK/g03_top_IO/u_g03_soc/u_perips_top/u_uart/uart_rx_reg[3]

  Ref  DFF        Name(Last) r:/WORK/g03_top_IO/u_g03_soc/u_perips_top/u_uart/uart_rx_reg[4]
  Impl DFF        Name(Last) i:/WORK/g03_top_IO/u_g03_soc/u_perips_top/u_uart/uart_rx_reg[4]

  Ref  DFF        Name(Last) r:/WORK/g03_top_IO/u_g03_soc/u_perips_top/u_uart/uart_rx_reg[5]
  Impl DFF        Name(Last) i:/WORK/g03_top_IO/u_g03_soc/u_perips_top/u_uart/uart_rx_reg[5]

  Ref  DFF        Name(Last) r:/WORK/g03_top_IO/u_g03_soc/u_perips_top/u_uart/uart_rx_reg[6]
  Impl DFF        Name(Last) i:/WORK/g03_top_IO/u_g03_soc/u_perips_top/u_uart/uart_rx_reg[6]

  Ref  DFF        Name(Last) r:/WORK/g03_top_IO/u_g03_soc/u_perips_top/u_uart/uart_rx_reg[7]
  Impl DFF        Name(Last) i:/WORK/g03_top_IO/u_g03_soc/u_perips_top/u_uart/uart_rx_reg[7]

  Ref  DFF        Name(Last) r:/WORK/g03_top_IO/u_g03_soc/u_perips_top/u_uart/uart_status_reg[0]
  Impl DFF        Name(Last) i:/WORK/g03_top_IO/u_g03_soc/u_perips_top/u_uart/uart_status_reg[0]

  Ref  DFF        Name(Last) r:/WORK/g03_top_IO/u_g03_soc/u_perips_top/u_uart/uart_status_reg[1]
  Impl DFF        Name(Last) i:/WORK/g03_top_IO/u_g03_soc/u_perips_top/u_uart/uart_status_reg[1]

  Ref  DFF        Name(Last) r:/WORK/g03_top_IO/u_g03_soc/u_perips_top/u_uart/uart_tx_reg[0]
  Impl DFF        Name(Last) i:/WORK/g03_top_IO/u_g03_soc/u_perips_top/u_uart/uart_tx_reg[0]

  Ref  DFF        Name(Last) r:/WORK/g03_top_IO/u_g03_soc/u_perips_top/u_uart/uart_tx_reg[1]
  Impl DFF        Name(Last) i:/WORK/g03_top_IO/u_g03_soc/u_perips_top/u_uart/uart_tx_reg[1]

  Ref  DFF        Name(Last) r:/WORK/g03_top_IO/u_g03_soc/u_perips_top/u_uart/uart_tx_reg[2]
  Impl DFF        Name(Last) i:/WORK/g03_top_IO/u_g03_soc/u_perips_top/u_uart/uart_tx_reg[2]

  Ref  DFF        Name(Last) r:/WORK/g03_top_IO/u_g03_soc/u_perips_top/u_uart/uart_tx_reg[3]
  Impl DFF        Name(Last) i:/WORK/g03_top_IO/u_g03_soc/u_perips_top/u_uart/uart_tx_reg[3]

  Ref  DFF        Name(Last) r:/WORK/g03_top_IO/u_g03_soc/u_perips_top/u_uart/uart_tx_reg[4]
  Impl DFF        Name(Last) i:/WORK/g03_top_IO/u_g03_soc/u_perips_top/u_uart/uart_tx_reg[4]

  Ref  DFF        Name(Last) r:/WORK/g03_top_IO/u_g03_soc/u_perips_top/u_uart/uart_tx_reg[5]
  Impl DFF        Name(Last) i:/WORK/g03_top_IO/u_g03_soc/u_perips_top/u_uart/uart_tx_reg[5]

  Ref  DFF        Name(Last) r:/WORK/g03_top_IO/u_g03_soc/u_perips_top/u_uart/uart_tx_reg[6]
  Impl DFF        Name(Last) i:/WORK/g03_top_IO/u_g03_soc/u_perips_top/u_uart/uart_tx_reg[6]

  Ref  DFF        Name(Last) r:/WORK/g03_top_IO/u_g03_soc/u_perips_top/u_uart/uart_tx_reg[7]
  Impl DFF        Name(Last) i:/WORK/g03_top_IO/u_g03_soc/u_perips_top/u_uart/uart_tx_reg[7]

  Ref  DFF        Name(Last) r:/WORK/g03_top_IO/u_g03_soc/u_perips_top/u_uart_debug/bus_addr_reg[16]
  Impl DFF        Name(Last) i:/WORK/g03_top_IO/u_g03_soc/u_perips_top/u_uart_debug/bus_addr_reg[16]

  Ref  DFF        Name(Last) r:/WORK/g03_top_IO/u_g03_soc/u_perips_top/u_uart_debug/bus_addr_reg[17]
  Impl DFF        Name(Last) i:/WORK/g03_top_IO/u_g03_soc/u_perips_top/u_uart_debug/bus_addr_reg[17]

  Ref  DFF        Name(Last) r:/WORK/g03_top_IO/u_g03_soc/u_perips_top/u_uart_debug/bus_addr_reg[18]
  Impl DFF        Name(Last) i:/WORK/g03_top_IO/u_g03_soc/u_perips_top/u_uart_debug/bus_addr_reg[18]

  Ref  DFF        Name(Last) r:/WORK/g03_top_IO/u_g03_soc/u_perips_top/u_uart_debug/bus_addr_reg[19]
  Impl DFF        Name(Last) i:/WORK/g03_top_IO/u_g03_soc/u_perips_top/u_uart_debug/bus_addr_reg[19]

  Ref  DFF        Name(Last) r:/WORK/g03_top_IO/u_g03_soc/u_perips_top/u_uart_debug/bus_addr_reg[20]
  Impl DFF        Name(Last) i:/WORK/g03_top_IO/u_g03_soc/u_perips_top/u_uart_debug/bus_addr_reg[20]

  Ref  DFF        Name(Last) r:/WORK/g03_top_IO/u_g03_soc/u_perips_top/u_uart_debug/bus_addr_reg[21]
  Impl DFF        Name(Last) i:/WORK/g03_top_IO/u_g03_soc/u_perips_top/u_uart_debug/bus_addr_reg[21]

  Ref  DFF        Name(Last) r:/WORK/g03_top_IO/u_g03_soc/u_perips_top/u_uart_debug/bus_addr_reg[22]
  Impl DFF        Name(Last) i:/WORK/g03_top_IO/u_g03_soc/u_perips_top/u_uart_debug/bus_addr_reg[22]

  Ref  DFF        Name(Last) r:/WORK/g03_top_IO/u_g03_soc/u_perips_top/u_uart_debug/bus_addr_reg[23]
  Impl DFF        Name(Last) i:/WORK/g03_top_IO/u_g03_soc/u_perips_top/u_uart_debug/bus_addr_reg[23]

  Ref  DFF        Name(Last) r:/WORK/g03_top_IO/u_g03_soc/u_perips_top/u_uart_debug/bus_addr_reg[28]
  Impl DFF        Name(Last) i:/WORK/g03_top_IO/u_g03_soc/u_perips_top/u_uart_debug/bus_addr_reg[28]

  Ref  DFF        Name(Last) r:/WORK/g03_top_IO/u_g03_soc/u_perips_top/u_uart_debug/bus_addr_reg[29]
  Impl DFF        Name(Last) i:/WORK/g03_top_IO/u_g03_soc/u_perips_top/u_uart_debug/bus_addr_reg[29]

  Ref  DFF        Name(Last) r:/WORK/g03_top_IO/u_g03_soc/u_perips_top/u_uart_debug/bus_addr_reg[2]
  Impl DFF        Name(Last) i:/WORK/g03_top_IO/u_g03_soc/u_perips_top/u_uart_debug/bus_addr_reg[2]

  Ref  DFF        Name(Last) r:/WORK/g03_top_IO/u_g03_soc/u_perips_top/u_uart_debug/bus_addr_reg[30]
  Impl DFF        Name(Last) i:/WORK/g03_top_IO/u_g03_soc/u_perips_top/u_uart_debug/bus_addr_reg[30]

  Ref  DFF        Name(Last) r:/WORK/g03_top_IO/u_g03_soc/u_perips_top/u_uart_debug/bus_addr_reg[31]
  Impl DFF        Name(Last) i:/WORK/g03_top_IO/u_g03_soc/u_perips_top/u_uart_debug/bus_addr_reg[31]

  Ref  DFF        Name(Last) r:/WORK/g03_top_IO/u_g03_soc/u_perips_top/u_uart_debug/bus_addr_reg[3]
  Impl DFF        Name(Last) i:/WORK/g03_top_IO/u_g03_soc/u_perips_top/u_uart_debug/bus_addr_reg[3]

  Ref  DFF        Name(Last) r:/WORK/g03_top_IO/u_g03_soc/u_perips_top/u_uart_debug/bus_addr_reg[4]
  Impl DFF        Name(Last) i:/WORK/g03_top_IO/u_g03_soc/u_perips_top/u_uart_debug/bus_addr_reg[4]

  Ref  DFF        Name(Last) r:/WORK/g03_top_IO/u_g03_soc/u_perips_top/u_uart_debug/bus_addr_reg[5]
  Impl DFF        Name(Last) i:/WORK/g03_top_IO/u_g03_soc/u_perips_top/u_uart_debug/bus_addr_reg[5]

  Ref  DFF        Name(Last) r:/WORK/g03_top_IO/u_g03_soc/u_perips_top/u_uart_debug/bus_addr_reg[6]
  Impl DFF        Name(Last) i:/WORK/g03_top_IO/u_g03_soc/u_perips_top/u_uart_debug/bus_addr_reg[6]

  Ref  DFF        Name(Last) r:/WORK/g03_top_IO/u_g03_soc/u_perips_top/u_uart_debug/bus_addr_reg[7]
  Impl DFF        Name(Last) i:/WORK/g03_top_IO/u_g03_soc/u_perips_top/u_uart_debug/bus_addr_reg[7]

  Ref  DFF        Name(Last) r:/WORK/g03_top_IO/u_g03_soc/u_perips_top/u_uart_debug/bus_addr_reg[8]
  Impl DFF        Name(Last) i:/WORK/g03_top_IO/u_g03_soc/u_perips_top/u_uart_debug/bus_addr_reg[8]

  Ref  DFF        Name(Last) r:/WORK/g03_top_IO/u_g03_soc/u_perips_top/u_uart_debug/bus_addr_reg[9]
  Impl DFF        Name(Last) i:/WORK/g03_top_IO/u_g03_soc/u_perips_top/u_uart_debug/bus_addr_reg[9]

  Ref  DFF        Name(Last) r:/WORK/g03_top_IO/u_g03_soc/u_perips_top/u_uart_debug/bus_done_reg
  Impl DFF        Name(Last) i:/WORK/g03_top_IO/u_g03_soc/u_perips_top/u_uart_debug/bus_done_reg

  Ref  DFF        Name(Last) r:/WORK/g03_top_IO/u_g03_soc/u_perips_top/u_uart_debug/bus_rdata_reg[0]
  Impl DFF        Name(Last) i:/WORK/g03_top_IO/u_g03_soc/u_perips_top/u_uart_debug/bus_rdata_reg[0]

  Ref  DFF        Name(Last) r:/WORK/g03_top_IO/u_g03_soc/u_perips_top/u_uart_debug/bus_rdata_reg[1]
  Impl DFF        Name(Last) i:/WORK/g03_top_IO/u_g03_soc/u_perips_top/u_uart_debug/bus_rdata_reg[1]

  Ref  DFF        Name(Last) r:/WORK/g03_top_IO/u_g03_soc/u_perips_top/u_uart_debug/bus_rdata_reg[2]
  Impl DFF        Name(Last) i:/WORK/g03_top_IO/u_g03_soc/u_perips_top/u_uart_debug/bus_rdata_reg[2]

  Ref  DFF        Name(Last) r:/WORK/g03_top_IO/u_g03_soc/u_perips_top/u_uart_debug/bus_rdata_reg[3]
  Impl DFF        Name(Last) i:/WORK/g03_top_IO/u_g03_soc/u_perips_top/u_uart_debug/bus_rdata_reg[3]

  Ref  DFF        Name(Last) r:/WORK/g03_top_IO/u_g03_soc/u_perips_top/u_uart_debug/bus_rdata_reg[4]
  Impl DFF        Name(Last) i:/WORK/g03_top_IO/u_g03_soc/u_perips_top/u_uart_debug/bus_rdata_reg[4]

  Ref  DFF        Name(Last) r:/WORK/g03_top_IO/u_g03_soc/u_perips_top/u_uart_debug/bus_rdata_reg[5]
  Impl DFF        Name(Last) i:/WORK/g03_top_IO/u_g03_soc/u_perips_top/u_uart_debug/bus_rdata_reg[5]

  Ref  DFF        Name(Last) r:/WORK/g03_top_IO/u_g03_soc/u_perips_top/u_uart_debug/bus_rdata_reg[6]
  Impl DFF        Name(Last) i:/WORK/g03_top_IO/u_g03_soc/u_perips_top/u_uart_debug/bus_rdata_reg[6]

  Ref  DFF        Name(Last) r:/WORK/g03_top_IO/u_g03_soc/u_perips_top/u_uart_debug/bus_rdata_reg[7]
  Impl DFF        Name(Last) i:/WORK/g03_top_IO/u_g03_soc/u_perips_top/u_uart_debug/bus_rdata_reg[7]

  Ref  DFF        Name(Last) r:/WORK/g03_top_IO/u_g03_soc/u_perips_top/u_uart_debug/bus_sel_reg[0]
  Impl DFF        Name(Last) i:/WORK/g03_top_IO/u_g03_soc/u_perips_top/u_uart_debug/bus_sel_reg[0]

  Ref  DFF        Name(Last) r:/WORK/g03_top_IO/u_g03_soc/u_perips_top/u_uart_debug/bus_sel_reg[1]
  Impl DFF        Name(Last) i:/WORK/g03_top_IO/u_g03_soc/u_perips_top/u_uart_debug/bus_sel_reg[1]

  Ref  DFF        Name(Last) r:/WORK/g03_top_IO/u_g03_soc/u_perips_top/u_uart_debug/bus_sel_reg[2]
  Impl DFF        Name(Last) i:/WORK/g03_top_IO/u_g03_soc/u_perips_top/u_uart_debug/bus_sel_reg[2]

  Ref  DFF        Name(Last) r:/WORK/g03_top_IO/u_g03_soc/u_perips_top/u_uart_debug/bus_sel_reg[3]
  Impl DFF        Name(Last) i:/WORK/g03_top_IO/u_g03_soc/u_perips_top/u_uart_debug/bus_sel_reg[3]

  Ref  DFF        Name(Last) r:/WORK/g03_top_IO/u_g03_soc/u_perips_top/u_uart_debug/bus_start_reg
  Impl DFF        Name(Last) i:/WORK/g03_top_IO/u_g03_soc/u_perips_top/u_uart_debug/bus_start_reg

  Ref  DFF        Name(Last) r:/WORK/g03_top_IO/u_g03_soc/u_perips_top/u_uart_debug/bus_state_reg[0]
  Impl DFF        Name(Last) i:/WORK/g03_top_IO/u_g03_soc/u_perips_top/u_uart_debug/bus_state_reg[0]

  Ref  DFF        Name(Last) r:/WORK/g03_top_IO/u_g03_soc/u_perips_top/u_uart_debug/bus_state_reg[1]
  Impl DFF        Name(Last) i:/WORK/g03_top_IO/u_g03_soc/u_perips_top/u_uart_debug/bus_state_reg[1]

  Ref  DFF        Name(Last) r:/WORK/g03_top_IO/u_g03_soc/u_perips_top/u_uart_debug/bus_wdata_reg[0]
  Impl DFF        Name(Last) i:/WORK/g03_top_IO/u_g03_soc/u_perips_top/u_uart_debug/bus_wdata_reg[0]

  Ref  DFF        Name(Last) r:/WORK/g03_top_IO/u_g03_soc/u_perips_top/u_uart_debug/bus_wdata_reg[10]
  Impl DFF        Name(Last) i:/WORK/g03_top_IO/u_g03_soc/u_perips_top/u_uart_debug/bus_wdata_reg[10]

  Ref  DFF        Name(Last) r:/WORK/g03_top_IO/u_g03_soc/u_perips_top/u_uart_debug/bus_wdata_reg[11]
  Impl DFF        Name(Last) i:/WORK/g03_top_IO/u_g03_soc/u_perips_top/u_uart_debug/bus_wdata_reg[11]

  Ref  DFF        Name(Last) r:/WORK/g03_top_IO/u_g03_soc/u_perips_top/u_uart_debug/bus_wdata_reg[12]
  Impl DFF        Name(Last) i:/WORK/g03_top_IO/u_g03_soc/u_perips_top/u_uart_debug/bus_wdata_reg[12]

  Ref  DFF        Name(Last) r:/WORK/g03_top_IO/u_g03_soc/u_perips_top/u_uart_debug/bus_wdata_reg[13]
  Impl DFF        Name(Last) i:/WORK/g03_top_IO/u_g03_soc/u_perips_top/u_uart_debug/bus_wdata_reg[13]

  Ref  DFF        Name(Last) r:/WORK/g03_top_IO/u_g03_soc/u_perips_top/u_uart_debug/bus_wdata_reg[14]
  Impl DFF        Name(Last) i:/WORK/g03_top_IO/u_g03_soc/u_perips_top/u_uart_debug/bus_wdata_reg[14]

  Ref  DFF        Name(Last) r:/WORK/g03_top_IO/u_g03_soc/u_perips_top/u_uart_debug/bus_wdata_reg[15]
  Impl DFF        Name(Last) i:/WORK/g03_top_IO/u_g03_soc/u_perips_top/u_uart_debug/bus_wdata_reg[15]

  Ref  DFF        Name(Last) r:/WORK/g03_top_IO/u_g03_soc/u_perips_top/u_uart_debug/bus_wdata_reg[16]
  Impl DFF        Name(Last) i:/WORK/g03_top_IO/u_g03_soc/u_perips_top/u_uart_debug/bus_wdata_reg[16]

  Ref  DFF        Name(Last) r:/WORK/g03_top_IO/u_g03_soc/u_perips_top/u_uart_debug/bus_wdata_reg[17]
  Impl DFF        Name(Last) i:/WORK/g03_top_IO/u_g03_soc/u_perips_top/u_uart_debug/bus_wdata_reg[17]

  Ref  DFF        Name(Last) r:/WORK/g03_top_IO/u_g03_soc/u_perips_top/u_uart_debug/bus_wdata_reg[18]
  Impl DFF        Name(Last) i:/WORK/g03_top_IO/u_g03_soc/u_perips_top/u_uart_debug/bus_wdata_reg[18]

  Ref  DFF        Name(Last) r:/WORK/g03_top_IO/u_g03_soc/u_perips_top/u_uart_debug/bus_wdata_reg[19]
  Impl DFF        Name(Last) i:/WORK/g03_top_IO/u_g03_soc/u_perips_top/u_uart_debug/bus_wdata_reg[19]

  Ref  DFF        Name(Last) r:/WORK/g03_top_IO/u_g03_soc/u_perips_top/u_uart_debug/bus_wdata_reg[1]
  Impl DFF        Name(Last) i:/WORK/g03_top_IO/u_g03_soc/u_perips_top/u_uart_debug/bus_wdata_reg[1]

  Ref  DFF        Name(Last) r:/WORK/g03_top_IO/u_g03_soc/u_perips_top/u_uart_debug/bus_wdata_reg[20]
  Impl DFF        Name(Last) i:/WORK/g03_top_IO/u_g03_soc/u_perips_top/u_uart_debug/bus_wdata_reg[20]

  Ref  DFF        Name(Last) r:/WORK/g03_top_IO/u_g03_soc/u_perips_top/u_uart_debug/bus_wdata_reg[21]
  Impl DFF        Name(Last) i:/WORK/g03_top_IO/u_g03_soc/u_perips_top/u_uart_debug/bus_wdata_reg[21]

  Ref  DFF        Name(Last) r:/WORK/g03_top_IO/u_g03_soc/u_perips_top/u_uart_debug/bus_wdata_reg[22]
  Impl DFF        Name(Last) i:/WORK/g03_top_IO/u_g03_soc/u_perips_top/u_uart_debug/bus_wdata_reg[22]

  Ref  DFF        Name(Last) r:/WORK/g03_top_IO/u_g03_soc/u_perips_top/u_uart_debug/bus_wdata_reg[23]
  Impl DFF        Name(Last) i:/WORK/g03_top_IO/u_g03_soc/u_perips_top/u_uart_debug/bus_wdata_reg[23]

  Ref  DFF        Name(Last) r:/WORK/g03_top_IO/u_g03_soc/u_perips_top/u_uart_debug/bus_wdata_reg[24]
  Impl DFF        Name(Last) i:/WORK/g03_top_IO/u_g03_soc/u_perips_top/u_uart_debug/bus_wdata_reg[24]

  Ref  DFF        Name(Last) r:/WORK/g03_top_IO/u_g03_soc/u_perips_top/u_uart_debug/bus_wdata_reg[25]
  Impl DFF        Name(Last) i:/WORK/g03_top_IO/u_g03_soc/u_perips_top/u_uart_debug/bus_wdata_reg[25]

  Ref  DFF        Name(Last) r:/WORK/g03_top_IO/u_g03_soc/u_perips_top/u_uart_debug/bus_wdata_reg[26]
  Impl DFF        Name(Last) i:/WORK/g03_top_IO/u_g03_soc/u_perips_top/u_uart_debug/bus_wdata_reg[26]

  Ref  DFF        Name(Last) r:/WORK/g03_top_IO/u_g03_soc/u_perips_top/u_uart_debug/bus_wdata_reg[27]
  Impl DFF        Name(Last) i:/WORK/g03_top_IO/u_g03_soc/u_perips_top/u_uart_debug/bus_wdata_reg[27]

  Ref  DFF        Name(Last) r:/WORK/g03_top_IO/u_g03_soc/u_perips_top/u_uart_debug/bus_wdata_reg[28]
  Impl DFF        Name(Last) i:/WORK/g03_top_IO/u_g03_soc/u_perips_top/u_uart_debug/bus_wdata_reg[28]

  Ref  DFF        Name(Last) r:/WORK/g03_top_IO/u_g03_soc/u_perips_top/u_uart_debug/bus_wdata_reg[29]
  Impl DFF        Name(Last) i:/WORK/g03_top_IO/u_g03_soc/u_perips_top/u_uart_debug/bus_wdata_reg[29]

  Ref  DFF        Name(Last) r:/WORK/g03_top_IO/u_g03_soc/u_perips_top/u_uart_debug/bus_wdata_reg[2]
  Impl DFF        Name(Last) i:/WORK/g03_top_IO/u_g03_soc/u_perips_top/u_uart_debug/bus_wdata_reg[2]

  Ref  DFF        Name(Last) r:/WORK/g03_top_IO/u_g03_soc/u_perips_top/u_uart_debug/bus_wdata_reg[30]
  Impl DFF        Name(Last) i:/WORK/g03_top_IO/u_g03_soc/u_perips_top/u_uart_debug/bus_wdata_reg[30]

  Ref  DFF        Name(Last) r:/WORK/g03_top_IO/u_g03_soc/u_perips_top/u_uart_debug/bus_wdata_reg[31]
  Impl DFF        Name(Last) i:/WORK/g03_top_IO/u_g03_soc/u_perips_top/u_uart_debug/bus_wdata_reg[31]

  Ref  DFF        Name(Last) r:/WORK/g03_top_IO/u_g03_soc/u_perips_top/u_uart_debug/bus_wdata_reg[3]
  Impl DFF        Name(Last) i:/WORK/g03_top_IO/u_g03_soc/u_perips_top/u_uart_debug/bus_wdata_reg[3]

  Ref  DFF        Name(Last) r:/WORK/g03_top_IO/u_g03_soc/u_perips_top/u_uart_debug/bus_wdata_reg[4]
  Impl DFF        Name(Last) i:/WORK/g03_top_IO/u_g03_soc/u_perips_top/u_uart_debug/bus_wdata_reg[4]

  Ref  DFF        Name(Last) r:/WORK/g03_top_IO/u_g03_soc/u_perips_top/u_uart_debug/bus_wdata_reg[5]
  Impl DFF        Name(Last) i:/WORK/g03_top_IO/u_g03_soc/u_perips_top/u_uart_debug/bus_wdata_reg[5]

  Ref  DFF        Name(Last) r:/WORK/g03_top_IO/u_g03_soc/u_perips_top/u_uart_debug/bus_wdata_reg[6]
  Impl DFF        Name(Last) i:/WORK/g03_top_IO/u_g03_soc/u_perips_top/u_uart_debug/bus_wdata_reg[6]

  Ref  DFF        Name(Last) r:/WORK/g03_top_IO/u_g03_soc/u_perips_top/u_uart_debug/bus_wdata_reg[7]
  Impl DFF        Name(Last) i:/WORK/g03_top_IO/u_g03_soc/u_perips_top/u_uart_debug/bus_wdata_reg[7]

  Ref  DFF        Name(Last) r:/WORK/g03_top_IO/u_g03_soc/u_perips_top/u_uart_debug/bus_wdata_reg[8]
  Impl DFF        Name(Last) i:/WORK/g03_top_IO/u_g03_soc/u_perips_top/u_uart_debug/bus_wdata_reg[8]

  Ref  DFF        Name(Last) r:/WORK/g03_top_IO/u_g03_soc/u_perips_top/u_uart_debug/bus_wdata_reg[9]
  Impl DFF        Name(Last) i:/WORK/g03_top_IO/u_g03_soc/u_perips_top/u_uart_debug/bus_wdata_reg[9]

  Ref  DFF        Name(Last) r:/WORK/g03_top_IO/u_g03_soc/u_perips_top/u_uart_debug/bus_we_reg
  Impl DFF        Name(Last) i:/WORK/g03_top_IO/u_g03_soc/u_perips_top/u_uart_debug/bus_we_reg

  Ref  DFF        Name(Last) r:/WORK/g03_top_IO/u_g03_soc/u_perips_top/u_uart_debug/crc_bit_index_reg[0]
  Impl DFF        Name(Last) i:/WORK/g03_top_IO/u_g03_soc/u_perips_top/u_uart_debug/crc_bit_index_reg[0]

  Ref  DFF        Name(Last) r:/WORK/g03_top_IO/u_g03_soc/u_perips_top/u_uart_debug/crc_bit_index_reg[1]
  Impl DFF        Name(Last) i:/WORK/g03_top_IO/u_g03_soc/u_perips_top/u_uart_debug/crc_bit_index_reg[1]

  Ref  DFF        Name(Last) r:/WORK/g03_top_IO/u_g03_soc/u_perips_top/u_uart_debug/crc_bit_index_reg[2]
  Impl DFF        Name(Last) i:/WORK/g03_top_IO/u_g03_soc/u_perips_top/u_uart_debug/crc_bit_index_reg[2]

  Ref  DFF        Name(Last) r:/WORK/g03_top_IO/u_g03_soc/u_perips_top/u_uart_debug/crc_bit_index_reg[3]
  Impl DFF        Name(Last) i:/WORK/g03_top_IO/u_g03_soc/u_perips_top/u_uart_debug/crc_bit_index_reg[3]

  Ref  DFF        Name(Last) r:/WORK/g03_top_IO/u_g03_soc/u_perips_top/u_uart_debug/crc_byte_index_reg[0]
  Impl DFF        Name(Last) i:/WORK/g03_top_IO/u_g03_soc/u_perips_top/u_uart_debug/crc_byte_index_reg[0]

  Ref  DFF        Name(Last) r:/WORK/g03_top_IO/u_g03_soc/u_perips_top/u_uart_debug/crc_byte_index_reg[1]
  Impl DFF        Name(Last) i:/WORK/g03_top_IO/u_g03_soc/u_perips_top/u_uart_debug/crc_byte_index_reg[1]

  Ref  DFF        Name(Last) r:/WORK/g03_top_IO/u_g03_soc/u_perips_top/u_uart_debug/crc_byte_index_reg[2]
  Impl DFF        Name(Last) i:/WORK/g03_top_IO/u_g03_soc/u_perips_top/u_uart_debug/crc_byte_index_reg[2]

  Ref  DFF        Name(Last) r:/WORK/g03_top_IO/u_g03_soc/u_perips_top/u_uart_debug/crc_byte_index_reg[3]
  Impl DFF        Name(Last) i:/WORK/g03_top_IO/u_g03_soc/u_perips_top/u_uart_debug/crc_byte_index_reg[3]

  Ref  DFF        Name(Last) r:/WORK/g03_top_IO/u_g03_soc/u_perips_top/u_uart_debug/crc_byte_index_reg[4]
  Impl DFF        Name(Last) i:/WORK/g03_top_IO/u_g03_soc/u_perips_top/u_uart_debug/crc_byte_index_reg[4]

  Ref  DFF        Name(Last) r:/WORK/g03_top_IO/u_g03_soc/u_perips_top/u_uart_debug/crc_byte_index_reg[5]
  Impl DFF        Name(Last) i:/WORK/g03_top_IO/u_g03_soc/u_perips_top/u_uart_debug/crc_byte_index_reg[5]

  Ref  DFF        Name(Last) r:/WORK/g03_top_IO/u_g03_soc/u_perips_top/u_uart_debug/crc_byte_index_reg[6]
  Impl DFF        Name(Last) i:/WORK/g03_top_IO/u_g03_soc/u_perips_top/u_uart_debug/crc_byte_index_reg[6]

  Ref  DFF        Name(Last) r:/WORK/g03_top_IO/u_g03_soc/u_perips_top/u_uart_debug/crc_byte_index_reg[7]
  Impl DFF        Name(Last) i:/WORK/g03_top_IO/u_g03_soc/u_perips_top/u_uart_debug/crc_byte_index_reg[7]

  Ref  DFF        Name(Last) r:/WORK/g03_top_IO/u_g03_soc/u_perips_top/u_uart_debug/crc_result_reg[0]
  Impl DFF        Name(Last) i:/WORK/g03_top_IO/u_g03_soc/u_perips_top/u_uart_debug/crc_result_reg[0]

  Ref  DFF        Name(Last) r:/WORK/g03_top_IO/u_g03_soc/u_perips_top/u_uart_debug/crc_result_reg[10]
  Impl DFF        Name(Last) i:/WORK/g03_top_IO/u_g03_soc/u_perips_top/u_uart_debug/crc_result_reg[10]

  Ref  DFF        Name(Last) r:/WORK/g03_top_IO/u_g03_soc/u_perips_top/u_uart_debug/crc_result_reg[11]
  Impl DFF        Name(Last) i:/WORK/g03_top_IO/u_g03_soc/u_perips_top/u_uart_debug/crc_result_reg[11]

  Ref  DFF        Name(Last) r:/WORK/g03_top_IO/u_g03_soc/u_perips_top/u_uart_debug/crc_result_reg[12]
  Impl DFF        Name(Last) i:/WORK/g03_top_IO/u_g03_soc/u_perips_top/u_uart_debug/crc_result_reg[12]

  Ref  DFF        Name(Last) r:/WORK/g03_top_IO/u_g03_soc/u_perips_top/u_uart_debug/crc_result_reg[13]
  Impl DFF        Name(Last) i:/WORK/g03_top_IO/u_g03_soc/u_perips_top/u_uart_debug/crc_result_reg[13]

  Ref  DFF        Name(Last) r:/WORK/g03_top_IO/u_g03_soc/u_perips_top/u_uart_debug/crc_result_reg[14]
  Impl DFF        Name(Last) i:/WORK/g03_top_IO/u_g03_soc/u_perips_top/u_uart_debug/crc_result_reg[14]

  Ref  DFF        Name(Last) r:/WORK/g03_top_IO/u_g03_soc/u_perips_top/u_uart_debug/crc_result_reg[15]
  Impl DFF        Name(Last) i:/WORK/g03_top_IO/u_g03_soc/u_perips_top/u_uart_debug/crc_result_reg[15]

  Ref  DFF        Name(Last) r:/WORK/g03_top_IO/u_g03_soc/u_perips_top/u_uart_debug/crc_result_reg[1]
  Impl DFF        Name(Last) i:/WORK/g03_top_IO/u_g03_soc/u_perips_top/u_uart_debug/crc_result_reg[1]

  Ref  DFF        Name(Last) r:/WORK/g03_top_IO/u_g03_soc/u_perips_top/u_uart_debug/crc_result_reg[2]
  Impl DFF        Name(Last) i:/WORK/g03_top_IO/u_g03_soc/u_perips_top/u_uart_debug/crc_result_reg[2]

  Ref  DFF        Name(Last) r:/WORK/g03_top_IO/u_g03_soc/u_perips_top/u_uart_debug/crc_result_reg[3]
  Impl DFF        Name(Last) i:/WORK/g03_top_IO/u_g03_soc/u_perips_top/u_uart_debug/crc_result_reg[3]

  Ref  DFF        Name(Last) r:/WORK/g03_top_IO/u_g03_soc/u_perips_top/u_uart_debug/crc_result_reg[4]
  Impl DFF        Name(Last) i:/WORK/g03_top_IO/u_g03_soc/u_perips_top/u_uart_debug/crc_result_reg[4]

  Ref  DFF        Name(Last) r:/WORK/g03_top_IO/u_g03_soc/u_perips_top/u_uart_debug/crc_result_reg[5]
  Impl DFF        Name(Last) i:/WORK/g03_top_IO/u_g03_soc/u_perips_top/u_uart_debug/crc_result_reg[5]

  Ref  DFF        Name(Last) r:/WORK/g03_top_IO/u_g03_soc/u_perips_top/u_uart_debug/crc_result_reg[6]
  Impl DFF        Name(Last) i:/WORK/g03_top_IO/u_g03_soc/u_perips_top/u_uart_debug/crc_result_reg[6]

  Ref  DFF        Name(Last) r:/WORK/g03_top_IO/u_g03_soc/u_perips_top/u_uart_debug/crc_result_reg[7]
  Impl DFF        Name(Last) i:/WORK/g03_top_IO/u_g03_soc/u_perips_top/u_uart_debug/crc_result_reg[7]

  Ref  DFF        Name(Last) r:/WORK/g03_top_IO/u_g03_soc/u_perips_top/u_uart_debug/crc_result_reg[8]
  Impl DFF        Name(Last) i:/WORK/g03_top_IO/u_g03_soc/u_perips_top/u_uart_debug/crc_result_reg[8]

  Ref  DFF        Name(Last) r:/WORK/g03_top_IO/u_g03_soc/u_perips_top/u_uart_debug/crc_result_reg[9]
  Impl DFF        Name(Last) i:/WORK/g03_top_IO/u_g03_soc/u_perips_top/u_uart_debug/crc_result_reg[9]

  Ref  DFF        Name(Last) r:/WORK/g03_top_IO/u_g03_soc/u_perips_top/u_uart_debug/current_is_first_packet_reg
  Impl DFF        Name(Last) i:/WORK/g03_top_IO/u_g03_soc/u_perips_top/u_uart_debug/current_is_first_packet_reg

  Ref  DFF        Name(Last) r:/WORK/g03_top_IO/u_g03_soc/u_perips_top/u_uart_debug/fw_file_size_reg[0]
  Impl DFF        Name(Last) i:/WORK/g03_top_IO/u_g03_soc/u_perips_top/u_uart_debug/fw_file_size_reg[0]

  Ref  DFF        Name(Last) r:/WORK/g03_top_IO/u_g03_soc/u_perips_top/u_uart_debug/fw_file_size_reg[10]
  Impl DFF        Name(Last) i:/WORK/g03_top_IO/u_g03_soc/u_perips_top/u_uart_debug/fw_file_size_reg[10]

  Ref  DFF        Name(Last) r:/WORK/g03_top_IO/u_g03_soc/u_perips_top/u_uart_debug/fw_file_size_reg[11]
  Impl DFF        Name(Last) i:/WORK/g03_top_IO/u_g03_soc/u_perips_top/u_uart_debug/fw_file_size_reg[11]

  Ref  DFF        Name(Last) r:/WORK/g03_top_IO/u_g03_soc/u_perips_top/u_uart_debug/fw_file_size_reg[12]
  Impl DFF        Name(Last) i:/WORK/g03_top_IO/u_g03_soc/u_perips_top/u_uart_debug/fw_file_size_reg[12]

  Ref  DFF        Name(Last) r:/WORK/g03_top_IO/u_g03_soc/u_perips_top/u_uart_debug/fw_file_size_reg[13]
  Impl DFF        Name(Last) i:/WORK/g03_top_IO/u_g03_soc/u_perips_top/u_uart_debug/fw_file_size_reg[13]

  Ref  DFF        Name(Last) r:/WORK/g03_top_IO/u_g03_soc/u_perips_top/u_uart_debug/fw_file_size_reg[14]
  Impl DFF        Name(Last) i:/WORK/g03_top_IO/u_g03_soc/u_perips_top/u_uart_debug/fw_file_size_reg[14]

  Ref  DFF        Name(Last) r:/WORK/g03_top_IO/u_g03_soc/u_perips_top/u_uart_debug/fw_file_size_reg[15]
  Impl DFF        Name(Last) i:/WORK/g03_top_IO/u_g03_soc/u_perips_top/u_uart_debug/fw_file_size_reg[15]

  Ref  DFF        Name(Last) r:/WORK/g03_top_IO/u_g03_soc/u_perips_top/u_uart_debug/fw_file_size_reg[16]
  Impl DFF        Name(Last) i:/WORK/g03_top_IO/u_g03_soc/u_perips_top/u_uart_debug/fw_file_size_reg[16]

  Ref  DFF        Name(Last) r:/WORK/g03_top_IO/u_g03_soc/u_perips_top/u_uart_debug/fw_file_size_reg[17]
  Impl DFF        Name(Last) i:/WORK/g03_top_IO/u_g03_soc/u_perips_top/u_uart_debug/fw_file_size_reg[17]

  Ref  DFF        Name(Last) r:/WORK/g03_top_IO/u_g03_soc/u_perips_top/u_uart_debug/fw_file_size_reg[18]
  Impl DFF        Name(Last) i:/WORK/g03_top_IO/u_g03_soc/u_perips_top/u_uart_debug/fw_file_size_reg[18]

  Ref  DFF        Name(Last) r:/WORK/g03_top_IO/u_g03_soc/u_perips_top/u_uart_debug/fw_file_size_reg[19]
  Impl DFF        Name(Last) i:/WORK/g03_top_IO/u_g03_soc/u_perips_top/u_uart_debug/fw_file_size_reg[19]

  Ref  DFF        Name(Last) r:/WORK/g03_top_IO/u_g03_soc/u_perips_top/u_uart_debug/fw_file_size_reg[1]
  Impl DFF        Name(Last) i:/WORK/g03_top_IO/u_g03_soc/u_perips_top/u_uart_debug/fw_file_size_reg[1]

  Ref  DFF        Name(Last) r:/WORK/g03_top_IO/u_g03_soc/u_perips_top/u_uart_debug/fw_file_size_reg[20]
  Impl DFF        Name(Last) i:/WORK/g03_top_IO/u_g03_soc/u_perips_top/u_uart_debug/fw_file_size_reg[20]

  Ref  DFF        Name(Last) r:/WORK/g03_top_IO/u_g03_soc/u_perips_top/u_uart_debug/fw_file_size_reg[2]
  Impl DFF        Name(Last) i:/WORK/g03_top_IO/u_g03_soc/u_perips_top/u_uart_debug/fw_file_size_reg[2]

  Ref  DFF        Name(Last) r:/WORK/g03_top_IO/u_g03_soc/u_perips_top/u_uart_debug/fw_file_size_reg[3]
  Impl DFF        Name(Last) i:/WORK/g03_top_IO/u_g03_soc/u_perips_top/u_uart_debug/fw_file_size_reg[3]

  Ref  DFF        Name(Last) r:/WORK/g03_top_IO/u_g03_soc/u_perips_top/u_uart_debug/fw_file_size_reg[4]
  Impl DFF        Name(Last) i:/WORK/g03_top_IO/u_g03_soc/u_perips_top/u_uart_debug/fw_file_size_reg[4]

  Ref  DFF        Name(Last) r:/WORK/g03_top_IO/u_g03_soc/u_perips_top/u_uart_debug/fw_file_size_reg[5]
  Impl DFF        Name(Last) i:/WORK/g03_top_IO/u_g03_soc/u_perips_top/u_uart_debug/fw_file_size_reg[5]

  Ref  DFF        Name(Last) r:/WORK/g03_top_IO/u_g03_soc/u_perips_top/u_uart_debug/fw_file_size_reg[6]
  Impl DFF        Name(Last) i:/WORK/g03_top_IO/u_g03_soc/u_perips_top/u_uart_debug/fw_file_size_reg[6]

  Ref  DFF        Name(Last) r:/WORK/g03_top_IO/u_g03_soc/u_perips_top/u_uart_debug/fw_file_size_reg[7]
  Impl DFF        Name(Last) i:/WORK/g03_top_IO/u_g03_soc/u_perips_top/u_uart_debug/fw_file_size_reg[7]

  Ref  DFF        Name(Last) r:/WORK/g03_top_IO/u_g03_soc/u_perips_top/u_uart_debug/fw_file_size_reg[8]
  Impl DFF        Name(Last) i:/WORK/g03_top_IO/u_g03_soc/u_perips_top/u_uart_debug/fw_file_size_reg[8]

  Ref  DFF        Name(Last) r:/WORK/g03_top_IO/u_g03_soc/u_perips_top/u_uart_debug/fw_file_size_reg[9]
  Impl DFF        Name(Last) i:/WORK/g03_top_IO/u_g03_soc/u_perips_top/u_uart_debug/fw_file_size_reg[9]

  Ref  DFF        Name(Last) r:/WORK/g03_top_IO/u_g03_soc/u_perips_top/u_uart_debug/mem_addr_o_reg[16]
  Impl DFF        Name(Last) i:/WORK/g03_top_IO/u_g03_soc/u_perips_top/u_uart_debug/mem_addr_o_reg[16]

  Ref  DFF        Name(Last) r:/WORK/g03_top_IO/u_g03_soc/u_perips_top/u_uart_debug/mem_addr_o_reg[17]
  Impl DFF        Name(Last) i:/WORK/g03_top_IO/u_g03_soc/u_perips_top/u_uart_debug/mem_addr_o_reg[17]

  Ref  DFF        Name(Last) r:/WORK/g03_top_IO/u_g03_soc/u_perips_top/u_uart_debug/mem_addr_o_reg[18]
  Impl DFF        Name(Last) i:/WORK/g03_top_IO/u_g03_soc/u_perips_top/u_uart_debug/mem_addr_o_reg[18]

  Ref  DFF        Name(Last) r:/WORK/g03_top_IO/u_g03_soc/u_perips_top/u_uart_debug/mem_addr_o_reg[19]
  Impl DFF        Name(Last) i:/WORK/g03_top_IO/u_g03_soc/u_perips_top/u_uart_debug/mem_addr_o_reg[19]

  Ref  DFF        Name(Last) r:/WORK/g03_top_IO/u_g03_soc/u_perips_top/u_uart_debug/mem_addr_o_reg[20]
  Impl DFF        Name(Last) i:/WORK/g03_top_IO/u_g03_soc/u_perips_top/u_uart_debug/mem_addr_o_reg[20]

  Ref  DFF        Name(Last) r:/WORK/g03_top_IO/u_g03_soc/u_perips_top/u_uart_debug/mem_addr_o_reg[21]
  Impl DFF        Name(Last) i:/WORK/g03_top_IO/u_g03_soc/u_perips_top/u_uart_debug/mem_addr_o_reg[21]

  Ref  DFF        Name(Last) r:/WORK/g03_top_IO/u_g03_soc/u_perips_top/u_uart_debug/mem_addr_o_reg[22]
  Impl DFF        Name(Last) i:/WORK/g03_top_IO/u_g03_soc/u_perips_top/u_uart_debug/mem_addr_o_reg[22]

  Ref  DFF        Name(Last) r:/WORK/g03_top_IO/u_g03_soc/u_perips_top/u_uart_debug/mem_addr_o_reg[23]
  Impl DFF        Name(Last) i:/WORK/g03_top_IO/u_g03_soc/u_perips_top/u_uart_debug/mem_addr_o_reg[23]

  Ref  DFF        Name(Last) r:/WORK/g03_top_IO/u_g03_soc/u_perips_top/u_uart_debug/mem_addr_o_reg[28]
  Impl DFF        Name(Last) i:/WORK/g03_top_IO/u_g03_soc/u_perips_top/u_uart_debug/mem_addr_o_reg[28]

  Ref  DFF        Name(Last) r:/WORK/g03_top_IO/u_g03_soc/u_perips_top/u_uart_debug/mem_addr_o_reg[29]
  Impl DFF        Name(Last) i:/WORK/g03_top_IO/u_g03_soc/u_perips_top/u_uart_debug/mem_addr_o_reg[29]

  Ref  DFF        Name(Last) r:/WORK/g03_top_IO/u_g03_soc/u_perips_top/u_uart_debug/mem_addr_o_reg[2]
  Impl DFF        Name(Last) i:/WORK/g03_top_IO/u_g03_soc/u_perips_top/u_uart_debug/mem_addr_o_reg[2]

  Ref  DFF        Name(Last) r:/WORK/g03_top_IO/u_g03_soc/u_perips_top/u_uart_debug/mem_addr_o_reg[30]
  Impl DFF        Name(Last) i:/WORK/g03_top_IO/u_g03_soc/u_perips_top/u_uart_debug/mem_addr_o_reg[30]

  Ref  DFF        Name(Last) r:/WORK/g03_top_IO/u_g03_soc/u_perips_top/u_uart_debug/mem_addr_o_reg[31]
  Impl DFF        Name(Last) i:/WORK/g03_top_IO/u_g03_soc/u_perips_top/u_uart_debug/mem_addr_o_reg[31]

  Ref  DFF        Name(Last) r:/WORK/g03_top_IO/u_g03_soc/u_perips_top/u_uart_debug/mem_addr_o_reg[3]
  Impl DFF        Name(Last) i:/WORK/g03_top_IO/u_g03_soc/u_perips_top/u_uart_debug/mem_addr_o_reg[3]

  Ref  DFF        Name(Last) r:/WORK/g03_top_IO/u_g03_soc/u_perips_top/u_uart_debug/mem_addr_o_reg[4]
  Impl DFF        Name(Last) i:/WORK/g03_top_IO/u_g03_soc/u_perips_top/u_uart_debug/mem_addr_o_reg[4]

  Ref  DFF        Name(Last) r:/WORK/g03_top_IO/u_g03_soc/u_perips_top/u_uart_debug/mem_addr_o_reg[5]
  Impl DFF        Name(Last) i:/WORK/g03_top_IO/u_g03_soc/u_perips_top/u_uart_debug/mem_addr_o_reg[5]

  Ref  DFF        Name(Last) r:/WORK/g03_top_IO/u_g03_soc/u_perips_top/u_uart_debug/mem_addr_o_reg[6]
  Impl DFF        Name(Last) i:/WORK/g03_top_IO/u_g03_soc/u_perips_top/u_uart_debug/mem_addr_o_reg[6]

  Ref  DFF        Name(Last) r:/WORK/g03_top_IO/u_g03_soc/u_perips_top/u_uart_debug/mem_addr_o_reg[7]
  Impl DFF        Name(Last) i:/WORK/g03_top_IO/u_g03_soc/u_perips_top/u_uart_debug/mem_addr_o_reg[7]

  Ref  DFF        Name(Last) r:/WORK/g03_top_IO/u_g03_soc/u_perips_top/u_uart_debug/mem_addr_o_reg[8]
  Impl DFF        Name(Last) i:/WORK/g03_top_IO/u_g03_soc/u_perips_top/u_uart_debug/mem_addr_o_reg[8]

  Ref  DFF        Name(Last) r:/WORK/g03_top_IO/u_g03_soc/u_perips_top/u_uart_debug/mem_addr_o_reg[9]
  Impl DFF        Name(Last) i:/WORK/g03_top_IO/u_g03_soc/u_perips_top/u_uart_debug/mem_addr_o_reg[9]

  Ref  DFF        Name(Last) r:/WORK/g03_top_IO/u_g03_soc/u_perips_top/u_uart_debug/mem_sel_o_reg[0]
  Impl DFF        Name(Last) i:/WORK/g03_top_IO/u_g03_soc/u_perips_top/u_uart_debug/mem_sel_o_reg[0]

  Ref  DFF        Name(Last) r:/WORK/g03_top_IO/u_g03_soc/u_perips_top/u_uart_debug/mem_sel_o_reg[1]
  Impl DFF        Name(Last) i:/WORK/g03_top_IO/u_g03_soc/u_perips_top/u_uart_debug/mem_sel_o_reg[1]

  Ref  DFF        Name(Last) r:/WORK/g03_top_IO/u_g03_soc/u_perips_top/u_uart_debug/mem_sel_o_reg[2]
  Impl DFF        Name(Last) i:/WORK/g03_top_IO/u_g03_soc/u_perips_top/u_uart_debug/mem_sel_o_reg[2]

  Ref  DFF        Name(Last) r:/WORK/g03_top_IO/u_g03_soc/u_perips_top/u_uart_debug/mem_sel_o_reg[3]
  Impl DFF        Name(Last) i:/WORK/g03_top_IO/u_g03_soc/u_perips_top/u_uart_debug/mem_sel_o_reg[3]

  Ref  DFF        Name(Last) r:/WORK/g03_top_IO/u_g03_soc/u_perips_top/u_uart_debug/mem_wdata_o_reg[0]
  Impl DFF        Name(Last) i:/WORK/g03_top_IO/u_g03_soc/u_perips_top/u_uart_debug/mem_wdata_o_reg[0]

  Ref  DFF        Name(Last) r:/WORK/g03_top_IO/u_g03_soc/u_perips_top/u_uart_debug/mem_wdata_o_reg[10]
  Impl DFF        Name(Last) i:/WORK/g03_top_IO/u_g03_soc/u_perips_top/u_uart_debug/mem_wdata_o_reg[10]

  Ref  DFF        Name(Last) r:/WORK/g03_top_IO/u_g03_soc/u_perips_top/u_uart_debug/mem_wdata_o_reg[11]
  Impl DFF        Name(Last) i:/WORK/g03_top_IO/u_g03_soc/u_perips_top/u_uart_debug/mem_wdata_o_reg[11]

  Ref  DFF        Name(Last) r:/WORK/g03_top_IO/u_g03_soc/u_perips_top/u_uart_debug/mem_wdata_o_reg[12]
  Impl DFF        Name(Last) i:/WORK/g03_top_IO/u_g03_soc/u_perips_top/u_uart_debug/mem_wdata_o_reg[12]

  Ref  DFF        Name(Last) r:/WORK/g03_top_IO/u_g03_soc/u_perips_top/u_uart_debug/mem_wdata_o_reg[13]
  Impl DFF        Name(Last) i:/WORK/g03_top_IO/u_g03_soc/u_perips_top/u_uart_debug/mem_wdata_o_reg[13]

  Ref  DFF        Name(Last) r:/WORK/g03_top_IO/u_g03_soc/u_perips_top/u_uart_debug/mem_wdata_o_reg[14]
  Impl DFF        Name(Last) i:/WORK/g03_top_IO/u_g03_soc/u_perips_top/u_uart_debug/mem_wdata_o_reg[14]

  Ref  DFF        Name(Last) r:/WORK/g03_top_IO/u_g03_soc/u_perips_top/u_uart_debug/mem_wdata_o_reg[15]
  Impl DFF        Name(Last) i:/WORK/g03_top_IO/u_g03_soc/u_perips_top/u_uart_debug/mem_wdata_o_reg[15]

  Ref  DFF        Name(Last) r:/WORK/g03_top_IO/u_g03_soc/u_perips_top/u_uart_debug/mem_wdata_o_reg[16]
  Impl DFF        Name(Last) i:/WORK/g03_top_IO/u_g03_soc/u_perips_top/u_uart_debug/mem_wdata_o_reg[16]

  Ref  DFF        Name(Last) r:/WORK/g03_top_IO/u_g03_soc/u_perips_top/u_uart_debug/mem_wdata_o_reg[17]
  Impl DFF        Name(Last) i:/WORK/g03_top_IO/u_g03_soc/u_perips_top/u_uart_debug/mem_wdata_o_reg[17]

  Ref  DFF        Name(Last) r:/WORK/g03_top_IO/u_g03_soc/u_perips_top/u_uart_debug/mem_wdata_o_reg[18]
  Impl DFF        Name(Last) i:/WORK/g03_top_IO/u_g03_soc/u_perips_top/u_uart_debug/mem_wdata_o_reg[18]

  Ref  DFF        Name(Last) r:/WORK/g03_top_IO/u_g03_soc/u_perips_top/u_uart_debug/mem_wdata_o_reg[19]
  Impl DFF        Name(Last) i:/WORK/g03_top_IO/u_g03_soc/u_perips_top/u_uart_debug/mem_wdata_o_reg[19]

  Ref  DFF        Name(Last) r:/WORK/g03_top_IO/u_g03_soc/u_perips_top/u_uart_debug/mem_wdata_o_reg[1]
  Impl DFF        Name(Last) i:/WORK/g03_top_IO/u_g03_soc/u_perips_top/u_uart_debug/mem_wdata_o_reg[1]

  Ref  DFF        Name(Last) r:/WORK/g03_top_IO/u_g03_soc/u_perips_top/u_uart_debug/mem_wdata_o_reg[20]
  Impl DFF        Name(Last) i:/WORK/g03_top_IO/u_g03_soc/u_perips_top/u_uart_debug/mem_wdata_o_reg[20]

  Ref  DFF        Name(Last) r:/WORK/g03_top_IO/u_g03_soc/u_perips_top/u_uart_debug/mem_wdata_o_reg[21]
  Impl DFF        Name(Last) i:/WORK/g03_top_IO/u_g03_soc/u_perips_top/u_uart_debug/mem_wdata_o_reg[21]

  Ref  DFF        Name(Last) r:/WORK/g03_top_IO/u_g03_soc/u_perips_top/u_uart_debug/mem_wdata_o_reg[22]
  Impl DFF        Name(Last) i:/WORK/g03_top_IO/u_g03_soc/u_perips_top/u_uart_debug/mem_wdata_o_reg[22]

  Ref  DFF        Name(Last) r:/WORK/g03_top_IO/u_g03_soc/u_perips_top/u_uart_debug/mem_wdata_o_reg[23]
  Impl DFF        Name(Last) i:/WORK/g03_top_IO/u_g03_soc/u_perips_top/u_uart_debug/mem_wdata_o_reg[23]

  Ref  DFF        Name(Last) r:/WORK/g03_top_IO/u_g03_soc/u_perips_top/u_uart_debug/mem_wdata_o_reg[24]
  Impl DFF        Name(Last) i:/WORK/g03_top_IO/u_g03_soc/u_perips_top/u_uart_debug/mem_wdata_o_reg[24]

  Ref  DFF        Name(Last) r:/WORK/g03_top_IO/u_g03_soc/u_perips_top/u_uart_debug/mem_wdata_o_reg[25]
  Impl DFF        Name(Last) i:/WORK/g03_top_IO/u_g03_soc/u_perips_top/u_uart_debug/mem_wdata_o_reg[25]

  Ref  DFF        Name(Last) r:/WORK/g03_top_IO/u_g03_soc/u_perips_top/u_uart_debug/mem_wdata_o_reg[26]
  Impl DFF        Name(Last) i:/WORK/g03_top_IO/u_g03_soc/u_perips_top/u_uart_debug/mem_wdata_o_reg[26]

  Ref  DFF        Name(Last) r:/WORK/g03_top_IO/u_g03_soc/u_perips_top/u_uart_debug/mem_wdata_o_reg[27]
  Impl DFF        Name(Last) i:/WORK/g03_top_IO/u_g03_soc/u_perips_top/u_uart_debug/mem_wdata_o_reg[27]

  Ref  DFF        Name(Last) r:/WORK/g03_top_IO/u_g03_soc/u_perips_top/u_uart_debug/mem_wdata_o_reg[28]
  Impl DFF        Name(Last) i:/WORK/g03_top_IO/u_g03_soc/u_perips_top/u_uart_debug/mem_wdata_o_reg[28]

  Ref  DFF        Name(Last) r:/WORK/g03_top_IO/u_g03_soc/u_perips_top/u_uart_debug/mem_wdata_o_reg[29]
  Impl DFF        Name(Last) i:/WORK/g03_top_IO/u_g03_soc/u_perips_top/u_uart_debug/mem_wdata_o_reg[29]

  Ref  DFF        Name(Last) r:/WORK/g03_top_IO/u_g03_soc/u_perips_top/u_uart_debug/mem_wdata_o_reg[2]
  Impl DFF        Name(Last) i:/WORK/g03_top_IO/u_g03_soc/u_perips_top/u_uart_debug/mem_wdata_o_reg[2]

  Ref  DFF        Name(Last) r:/WORK/g03_top_IO/u_g03_soc/u_perips_top/u_uart_debug/mem_wdata_o_reg[30]
  Impl DFF        Name(Last) i:/WORK/g03_top_IO/u_g03_soc/u_perips_top/u_uart_debug/mem_wdata_o_reg[30]

  Ref  DFF        Name(Last) r:/WORK/g03_top_IO/u_g03_soc/u_perips_top/u_uart_debug/mem_wdata_o_reg[31]
  Impl DFF        Name(Last) i:/WORK/g03_top_IO/u_g03_soc/u_perips_top/u_uart_debug/mem_wdata_o_reg[31]

  Ref  DFF        Name(Last) r:/WORK/g03_top_IO/u_g03_soc/u_perips_top/u_uart_debug/mem_wdata_o_reg[3]
  Impl DFF        Name(Last) i:/WORK/g03_top_IO/u_g03_soc/u_perips_top/u_uart_debug/mem_wdata_o_reg[3]

  Ref  DFF        Name(Last) r:/WORK/g03_top_IO/u_g03_soc/u_perips_top/u_uart_debug/mem_wdata_o_reg[4]
  Impl DFF        Name(Last) i:/WORK/g03_top_IO/u_g03_soc/u_perips_top/u_uart_debug/mem_wdata_o_reg[4]

  Ref  DFF        Name(Last) r:/WORK/g03_top_IO/u_g03_soc/u_perips_top/u_uart_debug/mem_wdata_o_reg[5]
  Impl DFF        Name(Last) i:/WORK/g03_top_IO/u_g03_soc/u_perips_top/u_uart_debug/mem_wdata_o_reg[5]

  Ref  DFF        Name(Last) r:/WORK/g03_top_IO/u_g03_soc/u_perips_top/u_uart_debug/mem_wdata_o_reg[6]
  Impl DFF        Name(Last) i:/WORK/g03_top_IO/u_g03_soc/u_perips_top/u_uart_debug/mem_wdata_o_reg[6]

  Ref  DFF        Name(Last) r:/WORK/g03_top_IO/u_g03_soc/u_perips_top/u_uart_debug/mem_wdata_o_reg[7]
  Impl DFF        Name(Last) i:/WORK/g03_top_IO/u_g03_soc/u_perips_top/u_uart_debug/mem_wdata_o_reg[7]

  Ref  DFF        Name(Last) r:/WORK/g03_top_IO/u_g03_soc/u_perips_top/u_uart_debug/mem_wdata_o_reg[8]
  Impl DFF        Name(Last) i:/WORK/g03_top_IO/u_g03_soc/u_perips_top/u_uart_debug/mem_wdata_o_reg[8]

  Ref  DFF        Name(Last) r:/WORK/g03_top_IO/u_g03_soc/u_perips_top/u_uart_debug/mem_wdata_o_reg[9]
  Impl DFF        Name(Last) i:/WORK/g03_top_IO/u_g03_soc/u_perips_top/u_uart_debug/mem_wdata_o_reg[9]

  Ref  DFF        Name(Last) r:/WORK/g03_top_IO/u_g03_soc/u_perips_top/u_uart_debug/mem_we_o_reg
  Impl DFF        Name(Last) i:/WORK/g03_top_IO/u_g03_soc/u_perips_top/u_uart_debug/mem_we_o_reg

  Ref  DFF        Name(Last) r:/WORK/g03_top_IO/u_g03_soc/u_perips_top/u_uart_debug/rec_bytes_index_reg[0]
  Impl DFF        Name(Last) i:/WORK/g03_top_IO/u_g03_soc/u_perips_top/u_uart_debug/rec_bytes_index_reg[0]

  Ref  DFF        Name(Last) r:/WORK/g03_top_IO/u_g03_soc/u_perips_top/u_uart_debug/rec_bytes_index_reg[1]
  Impl DFF        Name(Last) i:/WORK/g03_top_IO/u_g03_soc/u_perips_top/u_uart_debug/rec_bytes_index_reg[1]

  Ref  DFF        Name(Last) r:/WORK/g03_top_IO/u_g03_soc/u_perips_top/u_uart_debug/rec_bytes_index_reg[2]
  Impl DFF        Name(Last) i:/WORK/g03_top_IO/u_g03_soc/u_perips_top/u_uart_debug/rec_bytes_index_reg[2]

  Ref  DFF        Name(Last) r:/WORK/g03_top_IO/u_g03_soc/u_perips_top/u_uart_debug/rec_bytes_index_reg[3]
  Impl DFF        Name(Last) i:/WORK/g03_top_IO/u_g03_soc/u_perips_top/u_uart_debug/rec_bytes_index_reg[3]

  Ref  DFF        Name(Last) r:/WORK/g03_top_IO/u_g03_soc/u_perips_top/u_uart_debug/rec_bytes_index_reg[4]
  Impl DFF        Name(Last) i:/WORK/g03_top_IO/u_g03_soc/u_perips_top/u_uart_debug/rec_bytes_index_reg[4]

  Ref  DFF        Name(Last) r:/WORK/g03_top_IO/u_g03_soc/u_perips_top/u_uart_debug/rec_bytes_index_reg[5]
  Impl DFF        Name(Last) i:/WORK/g03_top_IO/u_g03_soc/u_perips_top/u_uart_debug/rec_bytes_index_reg[5]

  Ref  DFF        Name(Last) r:/WORK/g03_top_IO/u_g03_soc/u_perips_top/u_uart_debug/rec_bytes_index_reg[6]
  Impl DFF        Name(Last) i:/WORK/g03_top_IO/u_g03_soc/u_perips_top/u_uart_debug/rec_bytes_index_reg[6]

  Ref  DFF        Name(Last) r:/WORK/g03_top_IO/u_g03_soc/u_perips_top/u_uart_debug/rec_bytes_index_reg[7]
  Impl DFF        Name(Last) i:/WORK/g03_top_IO/u_g03_soc/u_perips_top/u_uart_debug/rec_bytes_index_reg[7]

  Ref  DFF        Name(Last) r:/WORK/g03_top_IO/u_g03_soc/u_perips_top/u_uart_debug/remain_packet_count_reg[0]
  Impl DFF        Name(Last) i:/WORK/g03_top_IO/u_g03_soc/u_perips_top/u_uart_debug/remain_packet_count_reg[0]

  Ref  DFF        Name(Last) r:/WORK/g03_top_IO/u_g03_soc/u_perips_top/u_uart_debug/remain_packet_count_reg[10]
  Impl DFF        Name(Last) i:/WORK/g03_top_IO/u_g03_soc/u_perips_top/u_uart_debug/remain_packet_count_reg[10]

  Ref  DFF        Name(Last) r:/WORK/g03_top_IO/u_g03_soc/u_perips_top/u_uart_debug/remain_packet_count_reg[11]
  Impl DFF        Name(Last) i:/WORK/g03_top_IO/u_g03_soc/u_perips_top/u_uart_debug/remain_packet_count_reg[11]

  Ref  DFF        Name(Last) r:/WORK/g03_top_IO/u_g03_soc/u_perips_top/u_uart_debug/remain_packet_count_reg[12]
  Impl DFF        Name(Last) i:/WORK/g03_top_IO/u_g03_soc/u_perips_top/u_uart_debug/remain_packet_count_reg[12]

  Ref  DFF        Name(Last) r:/WORK/g03_top_IO/u_g03_soc/u_perips_top/u_uart_debug/remain_packet_count_reg[13]
  Impl DFF        Name(Last) i:/WORK/g03_top_IO/u_g03_soc/u_perips_top/u_uart_debug/remain_packet_count_reg[13]

  Ref  DFF        Name(Last) r:/WORK/g03_top_IO/u_g03_soc/u_perips_top/u_uart_debug/remain_packet_count_reg[14]
  Impl DFF        Name(Last) i:/WORK/g03_top_IO/u_g03_soc/u_perips_top/u_uart_debug/remain_packet_count_reg[14]

  Ref  DFF        Name(Last) r:/WORK/g03_top_IO/u_g03_soc/u_perips_top/u_uart_debug/remain_packet_count_reg[15]
  Impl DFF        Name(Last) i:/WORK/g03_top_IO/u_g03_soc/u_perips_top/u_uart_debug/remain_packet_count_reg[15]

  Ref  DFF        Name(Last) r:/WORK/g03_top_IO/u_g03_soc/u_perips_top/u_uart_debug/remain_packet_count_reg[1]
  Impl DFF        Name(Last) i:/WORK/g03_top_IO/u_g03_soc/u_perips_top/u_uart_debug/remain_packet_count_reg[1]

  Ref  DFF        Name(Last) r:/WORK/g03_top_IO/u_g03_soc/u_perips_top/u_uart_debug/remain_packet_count_reg[2]
  Impl DFF        Name(Last) i:/WORK/g03_top_IO/u_g03_soc/u_perips_top/u_uart_debug/remain_packet_count_reg[2]

  Ref  DFF        Name(Last) r:/WORK/g03_top_IO/u_g03_soc/u_perips_top/u_uart_debug/remain_packet_count_reg[3]
  Impl DFF        Name(Last) i:/WORK/g03_top_IO/u_g03_soc/u_perips_top/u_uart_debug/remain_packet_count_reg[3]

  Ref  DFF        Name(Last) r:/WORK/g03_top_IO/u_g03_soc/u_perips_top/u_uart_debug/remain_packet_count_reg[4]
  Impl DFF        Name(Last) i:/WORK/g03_top_IO/u_g03_soc/u_perips_top/u_uart_debug/remain_packet_count_reg[4]

  Ref  DFF        Name(Last) r:/WORK/g03_top_IO/u_g03_soc/u_perips_top/u_uart_debug/remain_packet_count_reg[5]
  Impl DFF        Name(Last) i:/WORK/g03_top_IO/u_g03_soc/u_perips_top/u_uart_debug/remain_packet_count_reg[5]

  Ref  DFF        Name(Last) r:/WORK/g03_top_IO/u_g03_soc/u_perips_top/u_uart_debug/remain_packet_count_reg[6]
  Impl DFF        Name(Last) i:/WORK/g03_top_IO/u_g03_soc/u_perips_top/u_uart_debug/remain_packet_count_reg[6]

  Ref  DFF        Name(Last) r:/WORK/g03_top_IO/u_g03_soc/u_perips_top/u_uart_debug/remain_packet_count_reg[7]
  Impl DFF        Name(Last) i:/WORK/g03_top_IO/u_g03_soc/u_perips_top/u_uart_debug/remain_packet_count_reg[7]

  Ref  DFF        Name(Last) r:/WORK/g03_top_IO/u_g03_soc/u_perips_top/u_uart_debug/remain_packet_count_reg[8]
  Impl DFF        Name(Last) i:/WORK/g03_top_IO/u_g03_soc/u_perips_top/u_uart_debug/remain_packet_count_reg[8]

  Ref  DFF        Name(Last) r:/WORK/g03_top_IO/u_g03_soc/u_perips_top/u_uart_debug/remain_packet_count_reg[9]
  Impl DFF        Name(Last) i:/WORK/g03_top_IO/u_g03_soc/u_perips_top/u_uart_debug/remain_packet_count_reg[9]

  Ref  DFF        Name(Last) r:/WORK/g03_top_IO/u_g03_soc/u_perips_top/u_uart_debug/req_valid_o_reg
  Impl DFF        Name(Last) i:/WORK/g03_top_IO/u_g03_soc/u_perips_top/u_uart_debug/req_valid_o_reg

  Ref  DFF        Name(Last) r:/WORK/g03_top_IO/u_g03_soc/u_perips_top/u_uart_debug/rsp_ready_o_reg
  Impl DFF        Name(Last) i:/WORK/g03_top_IO/u_g03_soc/u_perips_top/u_uart_debug/rsp_ready_o_reg

  Ref  DFF        Name(Last) r:/WORK/g03_top_IO/u_g03_soc/u_perips_top/u_uart_debug/rx_data_reg[0][0]
  Impl DFF        Name(Last) i:/WORK/g03_top_IO/u_g03_soc/u_perips_top/u_uart_debug/rx_data_reg[0][0]

  Ref  DFF        Name(Last) r:/WORK/g03_top_IO/u_g03_soc/u_perips_top/u_uart_debug/rx_data_reg[0][1]
  Impl DFF        Name(Last) i:/WORK/g03_top_IO/u_g03_soc/u_perips_top/u_uart_debug/rx_data_reg[0][1]

  Ref  DFF        Name(Last) r:/WORK/g03_top_IO/u_g03_soc/u_perips_top/u_uart_debug/rx_data_reg[0][2]
  Impl DFF        Name(Last) i:/WORK/g03_top_IO/u_g03_soc/u_perips_top/u_uart_debug/rx_data_reg[0][2]

  Ref  DFF        Name(Last) r:/WORK/g03_top_IO/u_g03_soc/u_perips_top/u_uart_debug/rx_data_reg[0][3]
  Impl DFF        Name(Last) i:/WORK/g03_top_IO/u_g03_soc/u_perips_top/u_uart_debug/rx_data_reg[0][3]

  Ref  DFF        Name(Last) r:/WORK/g03_top_IO/u_g03_soc/u_perips_top/u_uart_debug/rx_data_reg[0][4]
  Impl DFF        Name(Last) i:/WORK/g03_top_IO/u_g03_soc/u_perips_top/u_uart_debug/rx_data_reg[0][4]

  Ref  DFF        Name(Last) r:/WORK/g03_top_IO/u_g03_soc/u_perips_top/u_uart_debug/rx_data_reg[0][5]
  Impl DFF        Name(Last) i:/WORK/g03_top_IO/u_g03_soc/u_perips_top/u_uart_debug/rx_data_reg[0][5]

  Ref  DFF        Name(Last) r:/WORK/g03_top_IO/u_g03_soc/u_perips_top/u_uart_debug/rx_data_reg[0][6]
  Impl DFF        Name(Last) i:/WORK/g03_top_IO/u_g03_soc/u_perips_top/u_uart_debug/rx_data_reg[0][6]

  Ref  DFF        Name(Last) r:/WORK/g03_top_IO/u_g03_soc/u_perips_top/u_uart_debug/rx_data_reg[0][7]
  Impl DFF        Name(Last) i:/WORK/g03_top_IO/u_g03_soc/u_perips_top/u_uart_debug/rx_data_reg[0][7]

  Ref  DFF        Name(Last) r:/WORK/g03_top_IO/u_g03_soc/u_perips_top/u_uart_debug/rx_data_reg[10][0]
  Impl DFF        Name(Last) i:/WORK/g03_top_IO/u_g03_soc/u_perips_top/u_uart_debug/rx_data_reg[10][0]

  Ref  DFF        Name(Last) r:/WORK/g03_top_IO/u_g03_soc/u_perips_top/u_uart_debug/rx_data_reg[10][1]
  Impl DFF        Name(Last) i:/WORK/g03_top_IO/u_g03_soc/u_perips_top/u_uart_debug/rx_data_reg[10][1]

  Ref  DFF        Name(Last) r:/WORK/g03_top_IO/u_g03_soc/u_perips_top/u_uart_debug/rx_data_reg[10][2]
  Impl DFF        Name(Last) i:/WORK/g03_top_IO/u_g03_soc/u_perips_top/u_uart_debug/rx_data_reg[10][2]

  Ref  DFF        Name(Last) r:/WORK/g03_top_IO/u_g03_soc/u_perips_top/u_uart_debug/rx_data_reg[10][3]
  Impl DFF        Name(Last) i:/WORK/g03_top_IO/u_g03_soc/u_perips_top/u_uart_debug/rx_data_reg[10][3]

  Ref  DFF        Name(Last) r:/WORK/g03_top_IO/u_g03_soc/u_perips_top/u_uart_debug/rx_data_reg[10][4]
  Impl DFF        Name(Last) i:/WORK/g03_top_IO/u_g03_soc/u_perips_top/u_uart_debug/rx_data_reg[10][4]

  Ref  DFF        Name(Last) r:/WORK/g03_top_IO/u_g03_soc/u_perips_top/u_uart_debug/rx_data_reg[10][5]
  Impl DFF        Name(Last) i:/WORK/g03_top_IO/u_g03_soc/u_perips_top/u_uart_debug/rx_data_reg[10][5]

  Ref  DFF        Name(Last) r:/WORK/g03_top_IO/u_g03_soc/u_perips_top/u_uart_debug/rx_data_reg[10][6]
  Impl DFF        Name(Last) i:/WORK/g03_top_IO/u_g03_soc/u_perips_top/u_uart_debug/rx_data_reg[10][6]

  Ref  DFF        Name(Last) r:/WORK/g03_top_IO/u_g03_soc/u_perips_top/u_uart_debug/rx_data_reg[10][7]
  Impl DFF        Name(Last) i:/WORK/g03_top_IO/u_g03_soc/u_perips_top/u_uart_debug/rx_data_reg[10][7]

  Ref  DFF        Name(Last) r:/WORK/g03_top_IO/u_g03_soc/u_perips_top/u_uart_debug/rx_data_reg[11][0]
  Impl DFF        Name(Last) i:/WORK/g03_top_IO/u_g03_soc/u_perips_top/u_uart_debug/rx_data_reg[11][0]

  Ref  DFF        Name(Last) r:/WORK/g03_top_IO/u_g03_soc/u_perips_top/u_uart_debug/rx_data_reg[11][1]
  Impl DFF        Name(Last) i:/WORK/g03_top_IO/u_g03_soc/u_perips_top/u_uart_debug/rx_data_reg[11][1]

  Ref  DFF        Name(Last) r:/WORK/g03_top_IO/u_g03_soc/u_perips_top/u_uart_debug/rx_data_reg[11][2]
  Impl DFF        Name(Last) i:/WORK/g03_top_IO/u_g03_soc/u_perips_top/u_uart_debug/rx_data_reg[11][2]

  Ref  DFF        Name(Last) r:/WORK/g03_top_IO/u_g03_soc/u_perips_top/u_uart_debug/rx_data_reg[11][3]
  Impl DFF        Name(Last) i:/WORK/g03_top_IO/u_g03_soc/u_perips_top/u_uart_debug/rx_data_reg[11][3]

  Ref  DFF        Name(Last) r:/WORK/g03_top_IO/u_g03_soc/u_perips_top/u_uart_debug/rx_data_reg[11][4]
  Impl DFF        Name(Last) i:/WORK/g03_top_IO/u_g03_soc/u_perips_top/u_uart_debug/rx_data_reg[11][4]

  Ref  DFF        Name(Last) r:/WORK/g03_top_IO/u_g03_soc/u_perips_top/u_uart_debug/rx_data_reg[11][5]
  Impl DFF        Name(Last) i:/WORK/g03_top_IO/u_g03_soc/u_perips_top/u_uart_debug/rx_data_reg[11][5]

  Ref  DFF        Name(Last) r:/WORK/g03_top_IO/u_g03_soc/u_perips_top/u_uart_debug/rx_data_reg[11][6]
  Impl DFF        Name(Last) i:/WORK/g03_top_IO/u_g03_soc/u_perips_top/u_uart_debug/rx_data_reg[11][6]

  Ref  DFF        Name(Last) r:/WORK/g03_top_IO/u_g03_soc/u_perips_top/u_uart_debug/rx_data_reg[11][7]
  Impl DFF        Name(Last) i:/WORK/g03_top_IO/u_g03_soc/u_perips_top/u_uart_debug/rx_data_reg[11][7]

  Ref  DFF        Name(Last) r:/WORK/g03_top_IO/u_g03_soc/u_perips_top/u_uart_debug/rx_data_reg[12][0]
  Impl DFF        Name(Last) i:/WORK/g03_top_IO/u_g03_soc/u_perips_top/u_uart_debug/rx_data_reg[12][0]

  Ref  DFF        Name(Last) r:/WORK/g03_top_IO/u_g03_soc/u_perips_top/u_uart_debug/rx_data_reg[12][1]
  Impl DFF        Name(Last) i:/WORK/g03_top_IO/u_g03_soc/u_perips_top/u_uart_debug/rx_data_reg[12][1]

  Ref  DFF        Name(Last) r:/WORK/g03_top_IO/u_g03_soc/u_perips_top/u_uart_debug/rx_data_reg[12][2]
  Impl DFF        Name(Last) i:/WORK/g03_top_IO/u_g03_soc/u_perips_top/u_uart_debug/rx_data_reg[12][2]

  Ref  DFF        Name(Last) r:/WORK/g03_top_IO/u_g03_soc/u_perips_top/u_uart_debug/rx_data_reg[12][3]
  Impl DFF        Name(Last) i:/WORK/g03_top_IO/u_g03_soc/u_perips_top/u_uart_debug/rx_data_reg[12][3]

  Ref  DFF        Name(Last) r:/WORK/g03_top_IO/u_g03_soc/u_perips_top/u_uart_debug/rx_data_reg[12][4]
  Impl DFF        Name(Last) i:/WORK/g03_top_IO/u_g03_soc/u_perips_top/u_uart_debug/rx_data_reg[12][4]

  Ref  DFF        Name(Last) r:/WORK/g03_top_IO/u_g03_soc/u_perips_top/u_uart_debug/rx_data_reg[12][5]
  Impl DFF        Name(Last) i:/WORK/g03_top_IO/u_g03_soc/u_perips_top/u_uart_debug/rx_data_reg[12][5]

  Ref  DFF        Name(Last) r:/WORK/g03_top_IO/u_g03_soc/u_perips_top/u_uart_debug/rx_data_reg[12][6]
  Impl DFF        Name(Last) i:/WORK/g03_top_IO/u_g03_soc/u_perips_top/u_uart_debug/rx_data_reg[12][6]

  Ref  DFF        Name(Last) r:/WORK/g03_top_IO/u_g03_soc/u_perips_top/u_uart_debug/rx_data_reg[12][7]
  Impl DFF        Name(Last) i:/WORK/g03_top_IO/u_g03_soc/u_perips_top/u_uart_debug/rx_data_reg[12][7]

  Ref  DFF        Name(Last) r:/WORK/g03_top_IO/u_g03_soc/u_perips_top/u_uart_debug/rx_data_reg[13][0]
  Impl DFF        Name(Last) i:/WORK/g03_top_IO/u_g03_soc/u_perips_top/u_uart_debug/rx_data_reg[13][0]

  Ref  DFF        Name(Last) r:/WORK/g03_top_IO/u_g03_soc/u_perips_top/u_uart_debug/rx_data_reg[13][1]
  Impl DFF        Name(Last) i:/WORK/g03_top_IO/u_g03_soc/u_perips_top/u_uart_debug/rx_data_reg[13][1]

  Ref  DFF        Name(Last) r:/WORK/g03_top_IO/u_g03_soc/u_perips_top/u_uart_debug/rx_data_reg[13][2]
  Impl DFF        Name(Last) i:/WORK/g03_top_IO/u_g03_soc/u_perips_top/u_uart_debug/rx_data_reg[13][2]

  Ref  DFF        Name(Last) r:/WORK/g03_top_IO/u_g03_soc/u_perips_top/u_uart_debug/rx_data_reg[13][3]
  Impl DFF        Name(Last) i:/WORK/g03_top_IO/u_g03_soc/u_perips_top/u_uart_debug/rx_data_reg[13][3]

  Ref  DFF        Name(Last) r:/WORK/g03_top_IO/u_g03_soc/u_perips_top/u_uart_debug/rx_data_reg[13][4]
  Impl DFF        Name(Last) i:/WORK/g03_top_IO/u_g03_soc/u_perips_top/u_uart_debug/rx_data_reg[13][4]

  Ref  DFF        Name(Last) r:/WORK/g03_top_IO/u_g03_soc/u_perips_top/u_uart_debug/rx_data_reg[13][5]
  Impl DFF        Name(Last) i:/WORK/g03_top_IO/u_g03_soc/u_perips_top/u_uart_debug/rx_data_reg[13][5]

  Ref  DFF        Name(Last) r:/WORK/g03_top_IO/u_g03_soc/u_perips_top/u_uart_debug/rx_data_reg[13][6]
  Impl DFF        Name(Last) i:/WORK/g03_top_IO/u_g03_soc/u_perips_top/u_uart_debug/rx_data_reg[13][6]

  Ref  DFF        Name(Last) r:/WORK/g03_top_IO/u_g03_soc/u_perips_top/u_uart_debug/rx_data_reg[13][7]
  Impl DFF        Name(Last) i:/WORK/g03_top_IO/u_g03_soc/u_perips_top/u_uart_debug/rx_data_reg[13][7]

  Ref  DFF        Name(Last) r:/WORK/g03_top_IO/u_g03_soc/u_perips_top/u_uart_debug/rx_data_reg[14][0]
  Impl DFF        Name(Last) i:/WORK/g03_top_IO/u_g03_soc/u_perips_top/u_uart_debug/rx_data_reg[14][0]

  Ref  DFF        Name(Last) r:/WORK/g03_top_IO/u_g03_soc/u_perips_top/u_uart_debug/rx_data_reg[14][1]
  Impl DFF        Name(Last) i:/WORK/g03_top_IO/u_g03_soc/u_perips_top/u_uart_debug/rx_data_reg[14][1]

  Ref  DFF        Name(Last) r:/WORK/g03_top_IO/u_g03_soc/u_perips_top/u_uart_debug/rx_data_reg[14][2]
  Impl DFF        Name(Last) i:/WORK/g03_top_IO/u_g03_soc/u_perips_top/u_uart_debug/rx_data_reg[14][2]

  Ref  DFF        Name(Last) r:/WORK/g03_top_IO/u_g03_soc/u_perips_top/u_uart_debug/rx_data_reg[14][3]
  Impl DFF        Name(Last) i:/WORK/g03_top_IO/u_g03_soc/u_perips_top/u_uart_debug/rx_data_reg[14][3]

  Ref  DFF        Name(Last) r:/WORK/g03_top_IO/u_g03_soc/u_perips_top/u_uart_debug/rx_data_reg[14][4]
  Impl DFF        Name(Last) i:/WORK/g03_top_IO/u_g03_soc/u_perips_top/u_uart_debug/rx_data_reg[14][4]

  Ref  DFF        Name(Last) r:/WORK/g03_top_IO/u_g03_soc/u_perips_top/u_uart_debug/rx_data_reg[14][5]
  Impl DFF        Name(Last) i:/WORK/g03_top_IO/u_g03_soc/u_perips_top/u_uart_debug/rx_data_reg[14][5]

  Ref  DFF        Name(Last) r:/WORK/g03_top_IO/u_g03_soc/u_perips_top/u_uart_debug/rx_data_reg[14][6]
  Impl DFF        Name(Last) i:/WORK/g03_top_IO/u_g03_soc/u_perips_top/u_uart_debug/rx_data_reg[14][6]

  Ref  DFF        Name(Last) r:/WORK/g03_top_IO/u_g03_soc/u_perips_top/u_uart_debug/rx_data_reg[14][7]
  Impl DFF        Name(Last) i:/WORK/g03_top_IO/u_g03_soc/u_perips_top/u_uart_debug/rx_data_reg[14][7]

  Ref  DFF        Name(Last) r:/WORK/g03_top_IO/u_g03_soc/u_perips_top/u_uart_debug/rx_data_reg[15][0]
  Impl DFF        Name(Last) i:/WORK/g03_top_IO/u_g03_soc/u_perips_top/u_uart_debug/rx_data_reg[15][0]

  Ref  DFF        Name(Last) r:/WORK/g03_top_IO/u_g03_soc/u_perips_top/u_uart_debug/rx_data_reg[15][1]
  Impl DFF        Name(Last) i:/WORK/g03_top_IO/u_g03_soc/u_perips_top/u_uart_debug/rx_data_reg[15][1]

  Ref  DFF        Name(Last) r:/WORK/g03_top_IO/u_g03_soc/u_perips_top/u_uart_debug/rx_data_reg[15][2]
  Impl DFF        Name(Last) i:/WORK/g03_top_IO/u_g03_soc/u_perips_top/u_uart_debug/rx_data_reg[15][2]

  Ref  DFF        Name(Last) r:/WORK/g03_top_IO/u_g03_soc/u_perips_top/u_uart_debug/rx_data_reg[15][3]
  Impl DFF        Name(Last) i:/WORK/g03_top_IO/u_g03_soc/u_perips_top/u_uart_debug/rx_data_reg[15][3]

  Ref  DFF        Name(Last) r:/WORK/g03_top_IO/u_g03_soc/u_perips_top/u_uart_debug/rx_data_reg[15][4]
  Impl DFF        Name(Last) i:/WORK/g03_top_IO/u_g03_soc/u_perips_top/u_uart_debug/rx_data_reg[15][4]

  Ref  DFF        Name(Last) r:/WORK/g03_top_IO/u_g03_soc/u_perips_top/u_uart_debug/rx_data_reg[15][5]
  Impl DFF        Name(Last) i:/WORK/g03_top_IO/u_g03_soc/u_perips_top/u_uart_debug/rx_data_reg[15][5]

  Ref  DFF        Name(Last) r:/WORK/g03_top_IO/u_g03_soc/u_perips_top/u_uart_debug/rx_data_reg[15][6]
  Impl DFF        Name(Last) i:/WORK/g03_top_IO/u_g03_soc/u_perips_top/u_uart_debug/rx_data_reg[15][6]

  Ref  DFF        Name(Last) r:/WORK/g03_top_IO/u_g03_soc/u_perips_top/u_uart_debug/rx_data_reg[15][7]
  Impl DFF        Name(Last) i:/WORK/g03_top_IO/u_g03_soc/u_perips_top/u_uart_debug/rx_data_reg[15][7]

  Ref  DFF        Name(Last) r:/WORK/g03_top_IO/u_g03_soc/u_perips_top/u_uart_debug/rx_data_reg[16][0]
  Impl DFF        Name(Last) i:/WORK/g03_top_IO/u_g03_soc/u_perips_top/u_uart_debug/rx_data_reg[16][0]

  Ref  DFF        Name(Last) r:/WORK/g03_top_IO/u_g03_soc/u_perips_top/u_uart_debug/rx_data_reg[16][1]
  Impl DFF        Name(Last) i:/WORK/g03_top_IO/u_g03_soc/u_perips_top/u_uart_debug/rx_data_reg[16][1]

  Ref  DFF        Name(Last) r:/WORK/g03_top_IO/u_g03_soc/u_perips_top/u_uart_debug/rx_data_reg[16][2]
  Impl DFF        Name(Last) i:/WORK/g03_top_IO/u_g03_soc/u_perips_top/u_uart_debug/rx_data_reg[16][2]

  Ref  DFF        Name(Last) r:/WORK/g03_top_IO/u_g03_soc/u_perips_top/u_uart_debug/rx_data_reg[16][3]
  Impl DFF        Name(Last) i:/WORK/g03_top_IO/u_g03_soc/u_perips_top/u_uart_debug/rx_data_reg[16][3]

  Ref  DFF        Name(Last) r:/WORK/g03_top_IO/u_g03_soc/u_perips_top/u_uart_debug/rx_data_reg[16][4]
  Impl DFF        Name(Last) i:/WORK/g03_top_IO/u_g03_soc/u_perips_top/u_uart_debug/rx_data_reg[16][4]

  Ref  DFF        Name(Last) r:/WORK/g03_top_IO/u_g03_soc/u_perips_top/u_uart_debug/rx_data_reg[16][5]
  Impl DFF        Name(Last) i:/WORK/g03_top_IO/u_g03_soc/u_perips_top/u_uart_debug/rx_data_reg[16][5]

  Ref  DFF        Name(Last) r:/WORK/g03_top_IO/u_g03_soc/u_perips_top/u_uart_debug/rx_data_reg[16][6]
  Impl DFF        Name(Last) i:/WORK/g03_top_IO/u_g03_soc/u_perips_top/u_uart_debug/rx_data_reg[16][6]

  Ref  DFF        Name(Last) r:/WORK/g03_top_IO/u_g03_soc/u_perips_top/u_uart_debug/rx_data_reg[16][7]
  Impl DFF        Name(Last) i:/WORK/g03_top_IO/u_g03_soc/u_perips_top/u_uart_debug/rx_data_reg[16][7]

  Ref  DFF        Name(Last) r:/WORK/g03_top_IO/u_g03_soc/u_perips_top/u_uart_debug/rx_data_reg[17][0]
  Impl DFF        Name(Last) i:/WORK/g03_top_IO/u_g03_soc/u_perips_top/u_uart_debug/rx_data_reg[17][0]

  Ref  DFF        Name(Last) r:/WORK/g03_top_IO/u_g03_soc/u_perips_top/u_uart_debug/rx_data_reg[17][1]
  Impl DFF        Name(Last) i:/WORK/g03_top_IO/u_g03_soc/u_perips_top/u_uart_debug/rx_data_reg[17][1]

  Ref  DFF        Name(Last) r:/WORK/g03_top_IO/u_g03_soc/u_perips_top/u_uart_debug/rx_data_reg[17][2]
  Impl DFF        Name(Last) i:/WORK/g03_top_IO/u_g03_soc/u_perips_top/u_uart_debug/rx_data_reg[17][2]

  Ref  DFF        Name(Last) r:/WORK/g03_top_IO/u_g03_soc/u_perips_top/u_uart_debug/rx_data_reg[17][3]
  Impl DFF        Name(Last) i:/WORK/g03_top_IO/u_g03_soc/u_perips_top/u_uart_debug/rx_data_reg[17][3]

  Ref  DFF        Name(Last) r:/WORK/g03_top_IO/u_g03_soc/u_perips_top/u_uart_debug/rx_data_reg[17][4]
  Impl DFF        Name(Last) i:/WORK/g03_top_IO/u_g03_soc/u_perips_top/u_uart_debug/rx_data_reg[17][4]

  Ref  DFF        Name(Last) r:/WORK/g03_top_IO/u_g03_soc/u_perips_top/u_uart_debug/rx_data_reg[17][5]
  Impl DFF        Name(Last) i:/WORK/g03_top_IO/u_g03_soc/u_perips_top/u_uart_debug/rx_data_reg[17][5]

  Ref  DFF        Name(Last) r:/WORK/g03_top_IO/u_g03_soc/u_perips_top/u_uart_debug/rx_data_reg[17][6]
  Impl DFF        Name(Last) i:/WORK/g03_top_IO/u_g03_soc/u_perips_top/u_uart_debug/rx_data_reg[17][6]

  Ref  DFF        Name(Last) r:/WORK/g03_top_IO/u_g03_soc/u_perips_top/u_uart_debug/rx_data_reg[17][7]
  Impl DFF        Name(Last) i:/WORK/g03_top_IO/u_g03_soc/u_perips_top/u_uart_debug/rx_data_reg[17][7]

  Ref  DFF        Name(Last) r:/WORK/g03_top_IO/u_g03_soc/u_perips_top/u_uart_debug/rx_data_reg[18][0]
  Impl DFF        Name(Last) i:/WORK/g03_top_IO/u_g03_soc/u_perips_top/u_uart_debug/rx_data_reg[18][0]

  Ref  DFF        Name(Last) r:/WORK/g03_top_IO/u_g03_soc/u_perips_top/u_uart_debug/rx_data_reg[18][1]
  Impl DFF        Name(Last) i:/WORK/g03_top_IO/u_g03_soc/u_perips_top/u_uart_debug/rx_data_reg[18][1]

  Ref  DFF        Name(Last) r:/WORK/g03_top_IO/u_g03_soc/u_perips_top/u_uart_debug/rx_data_reg[18][2]
  Impl DFF        Name(Last) i:/WORK/g03_top_IO/u_g03_soc/u_perips_top/u_uart_debug/rx_data_reg[18][2]

  Ref  DFF        Name(Last) r:/WORK/g03_top_IO/u_g03_soc/u_perips_top/u_uart_debug/rx_data_reg[18][3]
  Impl DFF        Name(Last) i:/WORK/g03_top_IO/u_g03_soc/u_perips_top/u_uart_debug/rx_data_reg[18][3]

  Ref  DFF        Name(Last) r:/WORK/g03_top_IO/u_g03_soc/u_perips_top/u_uart_debug/rx_data_reg[18][4]
  Impl DFF        Name(Last) i:/WORK/g03_top_IO/u_g03_soc/u_perips_top/u_uart_debug/rx_data_reg[18][4]

  Ref  DFF        Name(Last) r:/WORK/g03_top_IO/u_g03_soc/u_perips_top/u_uart_debug/rx_data_reg[18][5]
  Impl DFF        Name(Last) i:/WORK/g03_top_IO/u_g03_soc/u_perips_top/u_uart_debug/rx_data_reg[18][5]

  Ref  DFF        Name(Last) r:/WORK/g03_top_IO/u_g03_soc/u_perips_top/u_uart_debug/rx_data_reg[18][6]
  Impl DFF        Name(Last) i:/WORK/g03_top_IO/u_g03_soc/u_perips_top/u_uart_debug/rx_data_reg[18][6]

  Ref  DFF        Name(Last) r:/WORK/g03_top_IO/u_g03_soc/u_perips_top/u_uart_debug/rx_data_reg[18][7]
  Impl DFF        Name(Last) i:/WORK/g03_top_IO/u_g03_soc/u_perips_top/u_uart_debug/rx_data_reg[18][7]

  Ref  DFF        Name(Last) r:/WORK/g03_top_IO/u_g03_soc/u_perips_top/u_uart_debug/rx_data_reg[19][0]
  Impl DFF        Name(Last) i:/WORK/g03_top_IO/u_g03_soc/u_perips_top/u_uart_debug/rx_data_reg[19][0]

  Ref  DFF        Name(Last) r:/WORK/g03_top_IO/u_g03_soc/u_perips_top/u_uart_debug/rx_data_reg[19][1]
  Impl DFF        Name(Last) i:/WORK/g03_top_IO/u_g03_soc/u_perips_top/u_uart_debug/rx_data_reg[19][1]

  Ref  DFF        Name(Last) r:/WORK/g03_top_IO/u_g03_soc/u_perips_top/u_uart_debug/rx_data_reg[19][2]
  Impl DFF        Name(Last) i:/WORK/g03_top_IO/u_g03_soc/u_perips_top/u_uart_debug/rx_data_reg[19][2]

  Ref  DFF        Name(Last) r:/WORK/g03_top_IO/u_g03_soc/u_perips_top/u_uart_debug/rx_data_reg[19][3]
  Impl DFF        Name(Last) i:/WORK/g03_top_IO/u_g03_soc/u_perips_top/u_uart_debug/rx_data_reg[19][3]

  Ref  DFF        Name(Last) r:/WORK/g03_top_IO/u_g03_soc/u_perips_top/u_uart_debug/rx_data_reg[19][4]
  Impl DFF        Name(Last) i:/WORK/g03_top_IO/u_g03_soc/u_perips_top/u_uart_debug/rx_data_reg[19][4]

  Ref  DFF        Name(Last) r:/WORK/g03_top_IO/u_g03_soc/u_perips_top/u_uart_debug/rx_data_reg[19][5]
  Impl DFF        Name(Last) i:/WORK/g03_top_IO/u_g03_soc/u_perips_top/u_uart_debug/rx_data_reg[19][5]

  Ref  DFF        Name(Last) r:/WORK/g03_top_IO/u_g03_soc/u_perips_top/u_uart_debug/rx_data_reg[19][6]
  Impl DFF        Name(Last) i:/WORK/g03_top_IO/u_g03_soc/u_perips_top/u_uart_debug/rx_data_reg[19][6]

  Ref  DFF        Name(Last) r:/WORK/g03_top_IO/u_g03_soc/u_perips_top/u_uart_debug/rx_data_reg[19][7]
  Impl DFF        Name(Last) i:/WORK/g03_top_IO/u_g03_soc/u_perips_top/u_uart_debug/rx_data_reg[19][7]

  Ref  DFF        Name(Last) r:/WORK/g03_top_IO/u_g03_soc/u_perips_top/u_uart_debug/rx_data_reg[1][0]
  Impl DFF        Name(Last) i:/WORK/g03_top_IO/u_g03_soc/u_perips_top/u_uart_debug/rx_data_reg[1][0]

  Ref  DFF        Name(Last) r:/WORK/g03_top_IO/u_g03_soc/u_perips_top/u_uart_debug/rx_data_reg[1][1]
  Impl DFF        Name(Last) i:/WORK/g03_top_IO/u_g03_soc/u_perips_top/u_uart_debug/rx_data_reg[1][1]

  Ref  DFF        Name(Last) r:/WORK/g03_top_IO/u_g03_soc/u_perips_top/u_uart_debug/rx_data_reg[1][2]
  Impl DFF        Name(Last) i:/WORK/g03_top_IO/u_g03_soc/u_perips_top/u_uart_debug/rx_data_reg[1][2]

  Ref  DFF        Name(Last) r:/WORK/g03_top_IO/u_g03_soc/u_perips_top/u_uart_debug/rx_data_reg[1][3]
  Impl DFF        Name(Last) i:/WORK/g03_top_IO/u_g03_soc/u_perips_top/u_uart_debug/rx_data_reg[1][3]

  Ref  DFF        Name(Last) r:/WORK/g03_top_IO/u_g03_soc/u_perips_top/u_uart_debug/rx_data_reg[1][4]
  Impl DFF        Name(Last) i:/WORK/g03_top_IO/u_g03_soc/u_perips_top/u_uart_debug/rx_data_reg[1][4]

  Ref  DFF        Name(Last) r:/WORK/g03_top_IO/u_g03_soc/u_perips_top/u_uart_debug/rx_data_reg[1][5]
  Impl DFF        Name(Last) i:/WORK/g03_top_IO/u_g03_soc/u_perips_top/u_uart_debug/rx_data_reg[1][5]

  Ref  DFF        Name(Last) r:/WORK/g03_top_IO/u_g03_soc/u_perips_top/u_uart_debug/rx_data_reg[1][6]
  Impl DFF        Name(Last) i:/WORK/g03_top_IO/u_g03_soc/u_perips_top/u_uart_debug/rx_data_reg[1][6]

  Ref  DFF        Name(Last) r:/WORK/g03_top_IO/u_g03_soc/u_perips_top/u_uart_debug/rx_data_reg[1][7]
  Impl DFF        Name(Last) i:/WORK/g03_top_IO/u_g03_soc/u_perips_top/u_uart_debug/rx_data_reg[1][7]

  Ref  DFF        Name(Last) r:/WORK/g03_top_IO/u_g03_soc/u_perips_top/u_uart_debug/rx_data_reg[20][0]
  Impl DFF        Name(Last) i:/WORK/g03_top_IO/u_g03_soc/u_perips_top/u_uart_debug/rx_data_reg[20][0]

  Ref  DFF        Name(Last) r:/WORK/g03_top_IO/u_g03_soc/u_perips_top/u_uart_debug/rx_data_reg[20][1]
  Impl DFF        Name(Last) i:/WORK/g03_top_IO/u_g03_soc/u_perips_top/u_uart_debug/rx_data_reg[20][1]

  Ref  DFF        Name(Last) r:/WORK/g03_top_IO/u_g03_soc/u_perips_top/u_uart_debug/rx_data_reg[20][2]
  Impl DFF        Name(Last) i:/WORK/g03_top_IO/u_g03_soc/u_perips_top/u_uart_debug/rx_data_reg[20][2]

  Ref  DFF        Name(Last) r:/WORK/g03_top_IO/u_g03_soc/u_perips_top/u_uart_debug/rx_data_reg[20][3]
  Impl DFF        Name(Last) i:/WORK/g03_top_IO/u_g03_soc/u_perips_top/u_uart_debug/rx_data_reg[20][3]

  Ref  DFF        Name(Last) r:/WORK/g03_top_IO/u_g03_soc/u_perips_top/u_uart_debug/rx_data_reg[20][4]
  Impl DFF        Name(Last) i:/WORK/g03_top_IO/u_g03_soc/u_perips_top/u_uart_debug/rx_data_reg[20][4]

  Ref  DFF        Name(Last) r:/WORK/g03_top_IO/u_g03_soc/u_perips_top/u_uart_debug/rx_data_reg[20][5]
  Impl DFF        Name(Last) i:/WORK/g03_top_IO/u_g03_soc/u_perips_top/u_uart_debug/rx_data_reg[20][5]

  Ref  DFF        Name(Last) r:/WORK/g03_top_IO/u_g03_soc/u_perips_top/u_uart_debug/rx_data_reg[20][6]
  Impl DFF        Name(Last) i:/WORK/g03_top_IO/u_g03_soc/u_perips_top/u_uart_debug/rx_data_reg[20][6]

  Ref  DFF        Name(Last) r:/WORK/g03_top_IO/u_g03_soc/u_perips_top/u_uart_debug/rx_data_reg[20][7]
  Impl DFF        Name(Last) i:/WORK/g03_top_IO/u_g03_soc/u_perips_top/u_uart_debug/rx_data_reg[20][7]

  Ref  DFF        Name(Last) r:/WORK/g03_top_IO/u_g03_soc/u_perips_top/u_uart_debug/rx_data_reg[21][0]
  Impl DFF        Name(Last) i:/WORK/g03_top_IO/u_g03_soc/u_perips_top/u_uart_debug/rx_data_reg[21][0]

  Ref  DFF        Name(Last) r:/WORK/g03_top_IO/u_g03_soc/u_perips_top/u_uart_debug/rx_data_reg[21][1]
  Impl DFF        Name(Last) i:/WORK/g03_top_IO/u_g03_soc/u_perips_top/u_uart_debug/rx_data_reg[21][1]

  Ref  DFF        Name(Last) r:/WORK/g03_top_IO/u_g03_soc/u_perips_top/u_uart_debug/rx_data_reg[21][2]
  Impl DFF        Name(Last) i:/WORK/g03_top_IO/u_g03_soc/u_perips_top/u_uart_debug/rx_data_reg[21][2]

  Ref  DFF        Name(Last) r:/WORK/g03_top_IO/u_g03_soc/u_perips_top/u_uart_debug/rx_data_reg[21][3]
  Impl DFF        Name(Last) i:/WORK/g03_top_IO/u_g03_soc/u_perips_top/u_uart_debug/rx_data_reg[21][3]

  Ref  DFF        Name(Last) r:/WORK/g03_top_IO/u_g03_soc/u_perips_top/u_uart_debug/rx_data_reg[21][4]
  Impl DFF        Name(Last) i:/WORK/g03_top_IO/u_g03_soc/u_perips_top/u_uart_debug/rx_data_reg[21][4]

  Ref  DFF        Name(Last) r:/WORK/g03_top_IO/u_g03_soc/u_perips_top/u_uart_debug/rx_data_reg[21][5]
  Impl DFF        Name(Last) i:/WORK/g03_top_IO/u_g03_soc/u_perips_top/u_uart_debug/rx_data_reg[21][5]

  Ref  DFF        Name(Last) r:/WORK/g03_top_IO/u_g03_soc/u_perips_top/u_uart_debug/rx_data_reg[21][6]
  Impl DFF        Name(Last) i:/WORK/g03_top_IO/u_g03_soc/u_perips_top/u_uart_debug/rx_data_reg[21][6]

  Ref  DFF        Name(Last) r:/WORK/g03_top_IO/u_g03_soc/u_perips_top/u_uart_debug/rx_data_reg[21][7]
  Impl DFF        Name(Last) i:/WORK/g03_top_IO/u_g03_soc/u_perips_top/u_uart_debug/rx_data_reg[21][7]

  Ref  DFF        Name(Last) r:/WORK/g03_top_IO/u_g03_soc/u_perips_top/u_uart_debug/rx_data_reg[22][0]
  Impl DFF        Name(Last) i:/WORK/g03_top_IO/u_g03_soc/u_perips_top/u_uart_debug/rx_data_reg[22][0]

  Ref  DFF        Name(Last) r:/WORK/g03_top_IO/u_g03_soc/u_perips_top/u_uart_debug/rx_data_reg[22][1]
  Impl DFF        Name(Last) i:/WORK/g03_top_IO/u_g03_soc/u_perips_top/u_uart_debug/rx_data_reg[22][1]

  Ref  DFF        Name(Last) r:/WORK/g03_top_IO/u_g03_soc/u_perips_top/u_uart_debug/rx_data_reg[22][2]
  Impl DFF        Name(Last) i:/WORK/g03_top_IO/u_g03_soc/u_perips_top/u_uart_debug/rx_data_reg[22][2]

  Ref  DFF        Name(Last) r:/WORK/g03_top_IO/u_g03_soc/u_perips_top/u_uart_debug/rx_data_reg[22][3]
  Impl DFF        Name(Last) i:/WORK/g03_top_IO/u_g03_soc/u_perips_top/u_uart_debug/rx_data_reg[22][3]

  Ref  DFF        Name(Last) r:/WORK/g03_top_IO/u_g03_soc/u_perips_top/u_uart_debug/rx_data_reg[22][4]
  Impl DFF        Name(Last) i:/WORK/g03_top_IO/u_g03_soc/u_perips_top/u_uart_debug/rx_data_reg[22][4]

  Ref  DFF        Name(Last) r:/WORK/g03_top_IO/u_g03_soc/u_perips_top/u_uart_debug/rx_data_reg[22][5]
  Impl DFF        Name(Last) i:/WORK/g03_top_IO/u_g03_soc/u_perips_top/u_uart_debug/rx_data_reg[22][5]

  Ref  DFF        Name(Last) r:/WORK/g03_top_IO/u_g03_soc/u_perips_top/u_uart_debug/rx_data_reg[22][6]
  Impl DFF        Name(Last) i:/WORK/g03_top_IO/u_g03_soc/u_perips_top/u_uart_debug/rx_data_reg[22][6]

  Ref  DFF        Name(Last) r:/WORK/g03_top_IO/u_g03_soc/u_perips_top/u_uart_debug/rx_data_reg[22][7]
  Impl DFF        Name(Last) i:/WORK/g03_top_IO/u_g03_soc/u_perips_top/u_uart_debug/rx_data_reg[22][7]

  Ref  DFF        Name(Last) r:/WORK/g03_top_IO/u_g03_soc/u_perips_top/u_uart_debug/rx_data_reg[23][0]
  Impl DFF        Name(Last) i:/WORK/g03_top_IO/u_g03_soc/u_perips_top/u_uart_debug/rx_data_reg[23][0]

  Ref  DFF        Name(Last) r:/WORK/g03_top_IO/u_g03_soc/u_perips_top/u_uart_debug/rx_data_reg[23][1]
  Impl DFF        Name(Last) i:/WORK/g03_top_IO/u_g03_soc/u_perips_top/u_uart_debug/rx_data_reg[23][1]

  Ref  DFF        Name(Last) r:/WORK/g03_top_IO/u_g03_soc/u_perips_top/u_uart_debug/rx_data_reg[23][2]
  Impl DFF        Name(Last) i:/WORK/g03_top_IO/u_g03_soc/u_perips_top/u_uart_debug/rx_data_reg[23][2]

  Ref  DFF        Name(Last) r:/WORK/g03_top_IO/u_g03_soc/u_perips_top/u_uart_debug/rx_data_reg[23][3]
  Impl DFF        Name(Last) i:/WORK/g03_top_IO/u_g03_soc/u_perips_top/u_uart_debug/rx_data_reg[23][3]

  Ref  DFF        Name(Last) r:/WORK/g03_top_IO/u_g03_soc/u_perips_top/u_uart_debug/rx_data_reg[23][4]
  Impl DFF        Name(Last) i:/WORK/g03_top_IO/u_g03_soc/u_perips_top/u_uart_debug/rx_data_reg[23][4]

  Ref  DFF        Name(Last) r:/WORK/g03_top_IO/u_g03_soc/u_perips_top/u_uart_debug/rx_data_reg[23][5]
  Impl DFF        Name(Last) i:/WORK/g03_top_IO/u_g03_soc/u_perips_top/u_uart_debug/rx_data_reg[23][5]

  Ref  DFF        Name(Last) r:/WORK/g03_top_IO/u_g03_soc/u_perips_top/u_uart_debug/rx_data_reg[23][6]
  Impl DFF        Name(Last) i:/WORK/g03_top_IO/u_g03_soc/u_perips_top/u_uart_debug/rx_data_reg[23][6]

  Ref  DFF        Name(Last) r:/WORK/g03_top_IO/u_g03_soc/u_perips_top/u_uart_debug/rx_data_reg[23][7]
  Impl DFF        Name(Last) i:/WORK/g03_top_IO/u_g03_soc/u_perips_top/u_uart_debug/rx_data_reg[23][7]

  Ref  DFF        Name(Last) r:/WORK/g03_top_IO/u_g03_soc/u_perips_top/u_uart_debug/rx_data_reg[24][0]
  Impl DFF        Name(Last) i:/WORK/g03_top_IO/u_g03_soc/u_perips_top/u_uart_debug/rx_data_reg[24][0]

  Ref  DFF        Name(Last) r:/WORK/g03_top_IO/u_g03_soc/u_perips_top/u_uart_debug/rx_data_reg[24][1]
  Impl DFF        Name(Last) i:/WORK/g03_top_IO/u_g03_soc/u_perips_top/u_uart_debug/rx_data_reg[24][1]

  Ref  DFF        Name(Last) r:/WORK/g03_top_IO/u_g03_soc/u_perips_top/u_uart_debug/rx_data_reg[24][2]
  Impl DFF        Name(Last) i:/WORK/g03_top_IO/u_g03_soc/u_perips_top/u_uart_debug/rx_data_reg[24][2]

  Ref  DFF        Name(Last) r:/WORK/g03_top_IO/u_g03_soc/u_perips_top/u_uart_debug/rx_data_reg[24][3]
  Impl DFF        Name(Last) i:/WORK/g03_top_IO/u_g03_soc/u_perips_top/u_uart_debug/rx_data_reg[24][3]

  Ref  DFF        Name(Last) r:/WORK/g03_top_IO/u_g03_soc/u_perips_top/u_uart_debug/rx_data_reg[24][4]
  Impl DFF        Name(Last) i:/WORK/g03_top_IO/u_g03_soc/u_perips_top/u_uart_debug/rx_data_reg[24][4]

  Ref  DFF        Name(Last) r:/WORK/g03_top_IO/u_g03_soc/u_perips_top/u_uart_debug/rx_data_reg[24][5]
  Impl DFF        Name(Last) i:/WORK/g03_top_IO/u_g03_soc/u_perips_top/u_uart_debug/rx_data_reg[24][5]

  Ref  DFF        Name(Last) r:/WORK/g03_top_IO/u_g03_soc/u_perips_top/u_uart_debug/rx_data_reg[24][6]
  Impl DFF        Name(Last) i:/WORK/g03_top_IO/u_g03_soc/u_perips_top/u_uart_debug/rx_data_reg[24][6]

  Ref  DFF        Name(Last) r:/WORK/g03_top_IO/u_g03_soc/u_perips_top/u_uart_debug/rx_data_reg[24][7]
  Impl DFF        Name(Last) i:/WORK/g03_top_IO/u_g03_soc/u_perips_top/u_uart_debug/rx_data_reg[24][7]

  Ref  DFF        Name(Last) r:/WORK/g03_top_IO/u_g03_soc/u_perips_top/u_uart_debug/rx_data_reg[25][0]
  Impl DFF        Name(Last) i:/WORK/g03_top_IO/u_g03_soc/u_perips_top/u_uart_debug/rx_data_reg[25][0]

  Ref  DFF        Name(Last) r:/WORK/g03_top_IO/u_g03_soc/u_perips_top/u_uart_debug/rx_data_reg[25][1]
  Impl DFF        Name(Last) i:/WORK/g03_top_IO/u_g03_soc/u_perips_top/u_uart_debug/rx_data_reg[25][1]

  Ref  DFF        Name(Last) r:/WORK/g03_top_IO/u_g03_soc/u_perips_top/u_uart_debug/rx_data_reg[25][2]
  Impl DFF        Name(Last) i:/WORK/g03_top_IO/u_g03_soc/u_perips_top/u_uart_debug/rx_data_reg[25][2]

  Ref  DFF        Name(Last) r:/WORK/g03_top_IO/u_g03_soc/u_perips_top/u_uart_debug/rx_data_reg[25][3]
  Impl DFF        Name(Last) i:/WORK/g03_top_IO/u_g03_soc/u_perips_top/u_uart_debug/rx_data_reg[25][3]

  Ref  DFF        Name(Last) r:/WORK/g03_top_IO/u_g03_soc/u_perips_top/u_uart_debug/rx_data_reg[25][4]
  Impl DFF        Name(Last) i:/WORK/g03_top_IO/u_g03_soc/u_perips_top/u_uart_debug/rx_data_reg[25][4]

  Ref  DFF        Name(Last) r:/WORK/g03_top_IO/u_g03_soc/u_perips_top/u_uart_debug/rx_data_reg[25][5]
  Impl DFF        Name(Last) i:/WORK/g03_top_IO/u_g03_soc/u_perips_top/u_uart_debug/rx_data_reg[25][5]

  Ref  DFF        Name(Last) r:/WORK/g03_top_IO/u_g03_soc/u_perips_top/u_uart_debug/rx_data_reg[25][6]
  Impl DFF        Name(Last) i:/WORK/g03_top_IO/u_g03_soc/u_perips_top/u_uart_debug/rx_data_reg[25][6]

  Ref  DFF        Name(Last) r:/WORK/g03_top_IO/u_g03_soc/u_perips_top/u_uart_debug/rx_data_reg[25][7]
  Impl DFF        Name(Last) i:/WORK/g03_top_IO/u_g03_soc/u_perips_top/u_uart_debug/rx_data_reg[25][7]

  Ref  DFF        Name(Last) r:/WORK/g03_top_IO/u_g03_soc/u_perips_top/u_uart_debug/rx_data_reg[26][0]
  Impl DFF        Name(Last) i:/WORK/g03_top_IO/u_g03_soc/u_perips_top/u_uart_debug/rx_data_reg[26][0]

  Ref  DFF        Name(Last) r:/WORK/g03_top_IO/u_g03_soc/u_perips_top/u_uart_debug/rx_data_reg[26][1]
  Impl DFF        Name(Last) i:/WORK/g03_top_IO/u_g03_soc/u_perips_top/u_uart_debug/rx_data_reg[26][1]

  Ref  DFF        Name(Last) r:/WORK/g03_top_IO/u_g03_soc/u_perips_top/u_uart_debug/rx_data_reg[26][2]
  Impl DFF        Name(Last) i:/WORK/g03_top_IO/u_g03_soc/u_perips_top/u_uart_debug/rx_data_reg[26][2]

  Ref  DFF        Name(Last) r:/WORK/g03_top_IO/u_g03_soc/u_perips_top/u_uart_debug/rx_data_reg[26][3]
  Impl DFF        Name(Last) i:/WORK/g03_top_IO/u_g03_soc/u_perips_top/u_uart_debug/rx_data_reg[26][3]

  Ref  DFF        Name(Last) r:/WORK/g03_top_IO/u_g03_soc/u_perips_top/u_uart_debug/rx_data_reg[26][4]
  Impl DFF        Name(Last) i:/WORK/g03_top_IO/u_g03_soc/u_perips_top/u_uart_debug/rx_data_reg[26][4]

  Ref  DFF        Name(Last) r:/WORK/g03_top_IO/u_g03_soc/u_perips_top/u_uart_debug/rx_data_reg[26][5]
  Impl DFF        Name(Last) i:/WORK/g03_top_IO/u_g03_soc/u_perips_top/u_uart_debug/rx_data_reg[26][5]

  Ref  DFF        Name(Last) r:/WORK/g03_top_IO/u_g03_soc/u_perips_top/u_uart_debug/rx_data_reg[26][6]
  Impl DFF        Name(Last) i:/WORK/g03_top_IO/u_g03_soc/u_perips_top/u_uart_debug/rx_data_reg[26][6]

  Ref  DFF        Name(Last) r:/WORK/g03_top_IO/u_g03_soc/u_perips_top/u_uart_debug/rx_data_reg[26][7]
  Impl DFF        Name(Last) i:/WORK/g03_top_IO/u_g03_soc/u_perips_top/u_uart_debug/rx_data_reg[26][7]

  Ref  DFF        Name(Last) r:/WORK/g03_top_IO/u_g03_soc/u_perips_top/u_uart_debug/rx_data_reg[27][0]
  Impl DFF        Name(Last) i:/WORK/g03_top_IO/u_g03_soc/u_perips_top/u_uart_debug/rx_data_reg[27][0]

  Ref  DFF        Name(Last) r:/WORK/g03_top_IO/u_g03_soc/u_perips_top/u_uart_debug/rx_data_reg[27][1]
  Impl DFF        Name(Last) i:/WORK/g03_top_IO/u_g03_soc/u_perips_top/u_uart_debug/rx_data_reg[27][1]

  Ref  DFF        Name(Last) r:/WORK/g03_top_IO/u_g03_soc/u_perips_top/u_uart_debug/rx_data_reg[27][2]
  Impl DFF        Name(Last) i:/WORK/g03_top_IO/u_g03_soc/u_perips_top/u_uart_debug/rx_data_reg[27][2]

  Ref  DFF        Name(Last) r:/WORK/g03_top_IO/u_g03_soc/u_perips_top/u_uart_debug/rx_data_reg[27][3]
  Impl DFF        Name(Last) i:/WORK/g03_top_IO/u_g03_soc/u_perips_top/u_uart_debug/rx_data_reg[27][3]

  Ref  DFF        Name(Last) r:/WORK/g03_top_IO/u_g03_soc/u_perips_top/u_uart_debug/rx_data_reg[27][4]
  Impl DFF        Name(Last) i:/WORK/g03_top_IO/u_g03_soc/u_perips_top/u_uart_debug/rx_data_reg[27][4]

  Ref  DFF        Name(Last) r:/WORK/g03_top_IO/u_g03_soc/u_perips_top/u_uart_debug/rx_data_reg[27][5]
  Impl DFF        Name(Last) i:/WORK/g03_top_IO/u_g03_soc/u_perips_top/u_uart_debug/rx_data_reg[27][5]

  Ref  DFF        Name(Last) r:/WORK/g03_top_IO/u_g03_soc/u_perips_top/u_uart_debug/rx_data_reg[27][6]
  Impl DFF        Name(Last) i:/WORK/g03_top_IO/u_g03_soc/u_perips_top/u_uart_debug/rx_data_reg[27][6]

  Ref  DFF        Name(Last) r:/WORK/g03_top_IO/u_g03_soc/u_perips_top/u_uart_debug/rx_data_reg[27][7]
  Impl DFF        Name(Last) i:/WORK/g03_top_IO/u_g03_soc/u_perips_top/u_uart_debug/rx_data_reg[27][7]

  Ref  DFF        Name(Last) r:/WORK/g03_top_IO/u_g03_soc/u_perips_top/u_uart_debug/rx_data_reg[28][0]
  Impl DFF        Name(Last) i:/WORK/g03_top_IO/u_g03_soc/u_perips_top/u_uart_debug/rx_data_reg[28][0]

  Ref  DFF        Name(Last) r:/WORK/g03_top_IO/u_g03_soc/u_perips_top/u_uart_debug/rx_data_reg[28][1]
  Impl DFF        Name(Last) i:/WORK/g03_top_IO/u_g03_soc/u_perips_top/u_uart_debug/rx_data_reg[28][1]

  Ref  DFF        Name(Last) r:/WORK/g03_top_IO/u_g03_soc/u_perips_top/u_uart_debug/rx_data_reg[28][2]
  Impl DFF        Name(Last) i:/WORK/g03_top_IO/u_g03_soc/u_perips_top/u_uart_debug/rx_data_reg[28][2]

  Ref  DFF        Name(Last) r:/WORK/g03_top_IO/u_g03_soc/u_perips_top/u_uart_debug/rx_data_reg[28][3]
  Impl DFF        Name(Last) i:/WORK/g03_top_IO/u_g03_soc/u_perips_top/u_uart_debug/rx_data_reg[28][3]

  Ref  DFF        Name(Last) r:/WORK/g03_top_IO/u_g03_soc/u_perips_top/u_uart_debug/rx_data_reg[28][4]
  Impl DFF        Name(Last) i:/WORK/g03_top_IO/u_g03_soc/u_perips_top/u_uart_debug/rx_data_reg[28][4]

  Ref  DFF        Name(Last) r:/WORK/g03_top_IO/u_g03_soc/u_perips_top/u_uart_debug/rx_data_reg[28][5]
  Impl DFF        Name(Last) i:/WORK/g03_top_IO/u_g03_soc/u_perips_top/u_uart_debug/rx_data_reg[28][5]

  Ref  DFF        Name(Last) r:/WORK/g03_top_IO/u_g03_soc/u_perips_top/u_uart_debug/rx_data_reg[28][6]
  Impl DFF        Name(Last) i:/WORK/g03_top_IO/u_g03_soc/u_perips_top/u_uart_debug/rx_data_reg[28][6]

  Ref  DFF        Name(Last) r:/WORK/g03_top_IO/u_g03_soc/u_perips_top/u_uart_debug/rx_data_reg[28][7]
  Impl DFF        Name(Last) i:/WORK/g03_top_IO/u_g03_soc/u_perips_top/u_uart_debug/rx_data_reg[28][7]

  Ref  DFF        Name(Last) r:/WORK/g03_top_IO/u_g03_soc/u_perips_top/u_uart_debug/rx_data_reg[29][0]
  Impl DFF        Name(Last) i:/WORK/g03_top_IO/u_g03_soc/u_perips_top/u_uart_debug/rx_data_reg[29][0]

  Ref  DFF        Name(Last) r:/WORK/g03_top_IO/u_g03_soc/u_perips_top/u_uart_debug/rx_data_reg[29][1]
  Impl DFF        Name(Last) i:/WORK/g03_top_IO/u_g03_soc/u_perips_top/u_uart_debug/rx_data_reg[29][1]

  Ref  DFF        Name(Last) r:/WORK/g03_top_IO/u_g03_soc/u_perips_top/u_uart_debug/rx_data_reg[29][2]
  Impl DFF        Name(Last) i:/WORK/g03_top_IO/u_g03_soc/u_perips_top/u_uart_debug/rx_data_reg[29][2]

  Ref  DFF        Name(Last) r:/WORK/g03_top_IO/u_g03_soc/u_perips_top/u_uart_debug/rx_data_reg[29][3]
  Impl DFF        Name(Last) i:/WORK/g03_top_IO/u_g03_soc/u_perips_top/u_uart_debug/rx_data_reg[29][3]

  Ref  DFF        Name(Last) r:/WORK/g03_top_IO/u_g03_soc/u_perips_top/u_uart_debug/rx_data_reg[29][4]
  Impl DFF        Name(Last) i:/WORK/g03_top_IO/u_g03_soc/u_perips_top/u_uart_debug/rx_data_reg[29][4]

  Ref  DFF        Name(Last) r:/WORK/g03_top_IO/u_g03_soc/u_perips_top/u_uart_debug/rx_data_reg[29][5]
  Impl DFF        Name(Last) i:/WORK/g03_top_IO/u_g03_soc/u_perips_top/u_uart_debug/rx_data_reg[29][5]

  Ref  DFF        Name(Last) r:/WORK/g03_top_IO/u_g03_soc/u_perips_top/u_uart_debug/rx_data_reg[29][6]
  Impl DFF        Name(Last) i:/WORK/g03_top_IO/u_g03_soc/u_perips_top/u_uart_debug/rx_data_reg[29][6]

  Ref  DFF        Name(Last) r:/WORK/g03_top_IO/u_g03_soc/u_perips_top/u_uart_debug/rx_data_reg[29][7]
  Impl DFF        Name(Last) i:/WORK/g03_top_IO/u_g03_soc/u_perips_top/u_uart_debug/rx_data_reg[29][7]

  Ref  DFF        Name(Last) r:/WORK/g03_top_IO/u_g03_soc/u_perips_top/u_uart_debug/rx_data_reg[2][0]
  Impl DFF        Name(Last) i:/WORK/g03_top_IO/u_g03_soc/u_perips_top/u_uart_debug/rx_data_reg[2][0]

  Ref  DFF        Name(Last) r:/WORK/g03_top_IO/u_g03_soc/u_perips_top/u_uart_debug/rx_data_reg[2][1]
  Impl DFF        Name(Last) i:/WORK/g03_top_IO/u_g03_soc/u_perips_top/u_uart_debug/rx_data_reg[2][1]

  Ref  DFF        Name(Last) r:/WORK/g03_top_IO/u_g03_soc/u_perips_top/u_uart_debug/rx_data_reg[2][2]
  Impl DFF        Name(Last) i:/WORK/g03_top_IO/u_g03_soc/u_perips_top/u_uart_debug/rx_data_reg[2][2]

  Ref  DFF        Name(Last) r:/WORK/g03_top_IO/u_g03_soc/u_perips_top/u_uart_debug/rx_data_reg[2][3]
  Impl DFF        Name(Last) i:/WORK/g03_top_IO/u_g03_soc/u_perips_top/u_uart_debug/rx_data_reg[2][3]

  Ref  DFF        Name(Last) r:/WORK/g03_top_IO/u_g03_soc/u_perips_top/u_uart_debug/rx_data_reg[2][4]
  Impl DFF        Name(Last) i:/WORK/g03_top_IO/u_g03_soc/u_perips_top/u_uart_debug/rx_data_reg[2][4]

  Ref  DFF        Name(Last) r:/WORK/g03_top_IO/u_g03_soc/u_perips_top/u_uart_debug/rx_data_reg[2][5]
  Impl DFF        Name(Last) i:/WORK/g03_top_IO/u_g03_soc/u_perips_top/u_uart_debug/rx_data_reg[2][5]

  Ref  DFF        Name(Last) r:/WORK/g03_top_IO/u_g03_soc/u_perips_top/u_uart_debug/rx_data_reg[2][6]
  Impl DFF        Name(Last) i:/WORK/g03_top_IO/u_g03_soc/u_perips_top/u_uart_debug/rx_data_reg[2][6]

  Ref  DFF        Name(Last) r:/WORK/g03_top_IO/u_g03_soc/u_perips_top/u_uart_debug/rx_data_reg[2][7]
  Impl DFF        Name(Last) i:/WORK/g03_top_IO/u_g03_soc/u_perips_top/u_uart_debug/rx_data_reg[2][7]

  Ref  DFF        Name(Last) r:/WORK/g03_top_IO/u_g03_soc/u_perips_top/u_uart_debug/rx_data_reg[30][0]
  Impl DFF        Name(Last) i:/WORK/g03_top_IO/u_g03_soc/u_perips_top/u_uart_debug/rx_data_reg[30][0]

  Ref  DFF        Name(Last) r:/WORK/g03_top_IO/u_g03_soc/u_perips_top/u_uart_debug/rx_data_reg[30][1]
  Impl DFF        Name(Last) i:/WORK/g03_top_IO/u_g03_soc/u_perips_top/u_uart_debug/rx_data_reg[30][1]

  Ref  DFF        Name(Last) r:/WORK/g03_top_IO/u_g03_soc/u_perips_top/u_uart_debug/rx_data_reg[30][2]
  Impl DFF        Name(Last) i:/WORK/g03_top_IO/u_g03_soc/u_perips_top/u_uart_debug/rx_data_reg[30][2]

  Ref  DFF        Name(Last) r:/WORK/g03_top_IO/u_g03_soc/u_perips_top/u_uart_debug/rx_data_reg[30][3]
  Impl DFF        Name(Last) i:/WORK/g03_top_IO/u_g03_soc/u_perips_top/u_uart_debug/rx_data_reg[30][3]

  Ref  DFF        Name(Last) r:/WORK/g03_top_IO/u_g03_soc/u_perips_top/u_uart_debug/rx_data_reg[30][4]
  Impl DFF        Name(Last) i:/WORK/g03_top_IO/u_g03_soc/u_perips_top/u_uart_debug/rx_data_reg[30][4]

  Ref  DFF        Name(Last) r:/WORK/g03_top_IO/u_g03_soc/u_perips_top/u_uart_debug/rx_data_reg[30][5]
  Impl DFF        Name(Last) i:/WORK/g03_top_IO/u_g03_soc/u_perips_top/u_uart_debug/rx_data_reg[30][5]

  Ref  DFF        Name(Last) r:/WORK/g03_top_IO/u_g03_soc/u_perips_top/u_uart_debug/rx_data_reg[30][6]
  Impl DFF        Name(Last) i:/WORK/g03_top_IO/u_g03_soc/u_perips_top/u_uart_debug/rx_data_reg[30][6]

  Ref  DFF        Name(Last) r:/WORK/g03_top_IO/u_g03_soc/u_perips_top/u_uart_debug/rx_data_reg[30][7]
  Impl DFF        Name(Last) i:/WORK/g03_top_IO/u_g03_soc/u_perips_top/u_uart_debug/rx_data_reg[30][7]

  Ref  DFF        Name(Last) r:/WORK/g03_top_IO/u_g03_soc/u_perips_top/u_uart_debug/rx_data_reg[31][0]
  Impl DFF        Name(Last) i:/WORK/g03_top_IO/u_g03_soc/u_perips_top/u_uart_debug/rx_data_reg[31][0]

  Ref  DFF        Name(Last) r:/WORK/g03_top_IO/u_g03_soc/u_perips_top/u_uart_debug/rx_data_reg[31][1]
  Impl DFF        Name(Last) i:/WORK/g03_top_IO/u_g03_soc/u_perips_top/u_uart_debug/rx_data_reg[31][1]

  Ref  DFF        Name(Last) r:/WORK/g03_top_IO/u_g03_soc/u_perips_top/u_uart_debug/rx_data_reg[31][2]
  Impl DFF        Name(Last) i:/WORK/g03_top_IO/u_g03_soc/u_perips_top/u_uart_debug/rx_data_reg[31][2]

  Ref  DFF        Name(Last) r:/WORK/g03_top_IO/u_g03_soc/u_perips_top/u_uart_debug/rx_data_reg[31][3]
  Impl DFF        Name(Last) i:/WORK/g03_top_IO/u_g03_soc/u_perips_top/u_uart_debug/rx_data_reg[31][3]

  Ref  DFF        Name(Last) r:/WORK/g03_top_IO/u_g03_soc/u_perips_top/u_uart_debug/rx_data_reg[31][4]
  Impl DFF        Name(Last) i:/WORK/g03_top_IO/u_g03_soc/u_perips_top/u_uart_debug/rx_data_reg[31][4]

  Ref  DFF        Name(Last) r:/WORK/g03_top_IO/u_g03_soc/u_perips_top/u_uart_debug/rx_data_reg[31][5]
  Impl DFF        Name(Last) i:/WORK/g03_top_IO/u_g03_soc/u_perips_top/u_uart_debug/rx_data_reg[31][5]

  Ref  DFF        Name(Last) r:/WORK/g03_top_IO/u_g03_soc/u_perips_top/u_uart_debug/rx_data_reg[31][6]
  Impl DFF        Name(Last) i:/WORK/g03_top_IO/u_g03_soc/u_perips_top/u_uart_debug/rx_data_reg[31][6]

  Ref  DFF        Name(Last) r:/WORK/g03_top_IO/u_g03_soc/u_perips_top/u_uart_debug/rx_data_reg[31][7]
  Impl DFF        Name(Last) i:/WORK/g03_top_IO/u_g03_soc/u_perips_top/u_uart_debug/rx_data_reg[31][7]

  Ref  DFF        Name(Last) r:/WORK/g03_top_IO/u_g03_soc/u_perips_top/u_uart_debug/rx_data_reg[32][0]
  Impl DFF        Name(Last) i:/WORK/g03_top_IO/u_g03_soc/u_perips_top/u_uart_debug/rx_data_reg[32][0]

  Ref  DFF        Name(Last) r:/WORK/g03_top_IO/u_g03_soc/u_perips_top/u_uart_debug/rx_data_reg[32][1]
  Impl DFF        Name(Last) i:/WORK/g03_top_IO/u_g03_soc/u_perips_top/u_uart_debug/rx_data_reg[32][1]

  Ref  DFF        Name(Last) r:/WORK/g03_top_IO/u_g03_soc/u_perips_top/u_uart_debug/rx_data_reg[32][2]
  Impl DFF        Name(Last) i:/WORK/g03_top_IO/u_g03_soc/u_perips_top/u_uart_debug/rx_data_reg[32][2]

  Ref  DFF        Name(Last) r:/WORK/g03_top_IO/u_g03_soc/u_perips_top/u_uart_debug/rx_data_reg[32][3]
  Impl DFF        Name(Last) i:/WORK/g03_top_IO/u_g03_soc/u_perips_top/u_uart_debug/rx_data_reg[32][3]

  Ref  DFF        Name(Last) r:/WORK/g03_top_IO/u_g03_soc/u_perips_top/u_uart_debug/rx_data_reg[32][4]
  Impl DFF        Name(Last) i:/WORK/g03_top_IO/u_g03_soc/u_perips_top/u_uart_debug/rx_data_reg[32][4]

  Ref  DFF        Name(Last) r:/WORK/g03_top_IO/u_g03_soc/u_perips_top/u_uart_debug/rx_data_reg[32][5]
  Impl DFF        Name(Last) i:/WORK/g03_top_IO/u_g03_soc/u_perips_top/u_uart_debug/rx_data_reg[32][5]

  Ref  DFF        Name(Last) r:/WORK/g03_top_IO/u_g03_soc/u_perips_top/u_uart_debug/rx_data_reg[32][6]
  Impl DFF        Name(Last) i:/WORK/g03_top_IO/u_g03_soc/u_perips_top/u_uart_debug/rx_data_reg[32][6]

  Ref  DFF        Name(Last) r:/WORK/g03_top_IO/u_g03_soc/u_perips_top/u_uart_debug/rx_data_reg[32][7]
  Impl DFF        Name(Last) i:/WORK/g03_top_IO/u_g03_soc/u_perips_top/u_uart_debug/rx_data_reg[32][7]

  Ref  DFF        Name(Last) r:/WORK/g03_top_IO/u_g03_soc/u_perips_top/u_uart_debug/rx_data_reg[33][0]
  Impl DFF        Name(Last) i:/WORK/g03_top_IO/u_g03_soc/u_perips_top/u_uart_debug/rx_data_reg[33][0]

  Ref  DFF        Name(Last) r:/WORK/g03_top_IO/u_g03_soc/u_perips_top/u_uart_debug/rx_data_reg[33][1]
  Impl DFF        Name(Last) i:/WORK/g03_top_IO/u_g03_soc/u_perips_top/u_uart_debug/rx_data_reg[33][1]

  Ref  DFF        Name(Last) r:/WORK/g03_top_IO/u_g03_soc/u_perips_top/u_uart_debug/rx_data_reg[33][2]
  Impl DFF        Name(Last) i:/WORK/g03_top_IO/u_g03_soc/u_perips_top/u_uart_debug/rx_data_reg[33][2]

  Ref  DFF        Name(Last) r:/WORK/g03_top_IO/u_g03_soc/u_perips_top/u_uart_debug/rx_data_reg[33][3]
  Impl DFF        Name(Last) i:/WORK/g03_top_IO/u_g03_soc/u_perips_top/u_uart_debug/rx_data_reg[33][3]

  Ref  DFF        Name(Last) r:/WORK/g03_top_IO/u_g03_soc/u_perips_top/u_uart_debug/rx_data_reg[33][4]
  Impl DFF        Name(Last) i:/WORK/g03_top_IO/u_g03_soc/u_perips_top/u_uart_debug/rx_data_reg[33][4]

  Ref  DFF        Name(Last) r:/WORK/g03_top_IO/u_g03_soc/u_perips_top/u_uart_debug/rx_data_reg[33][5]
  Impl DFF        Name(Last) i:/WORK/g03_top_IO/u_g03_soc/u_perips_top/u_uart_debug/rx_data_reg[33][5]

  Ref  DFF        Name(Last) r:/WORK/g03_top_IO/u_g03_soc/u_perips_top/u_uart_debug/rx_data_reg[33][6]
  Impl DFF        Name(Last) i:/WORK/g03_top_IO/u_g03_soc/u_perips_top/u_uart_debug/rx_data_reg[33][6]

  Ref  DFF        Name(Last) r:/WORK/g03_top_IO/u_g03_soc/u_perips_top/u_uart_debug/rx_data_reg[33][7]
  Impl DFF        Name(Last) i:/WORK/g03_top_IO/u_g03_soc/u_perips_top/u_uart_debug/rx_data_reg[33][7]

  Ref  DFF        Name(Last) r:/WORK/g03_top_IO/u_g03_soc/u_perips_top/u_uart_debug/rx_data_reg[34][0]
  Impl DFF        Name(Last) i:/WORK/g03_top_IO/u_g03_soc/u_perips_top/u_uart_debug/rx_data_reg[34][0]

  Ref  DFF        Name(Last) r:/WORK/g03_top_IO/u_g03_soc/u_perips_top/u_uart_debug/rx_data_reg[34][1]
  Impl DFF        Name(Last) i:/WORK/g03_top_IO/u_g03_soc/u_perips_top/u_uart_debug/rx_data_reg[34][1]

  Ref  DFF        Name(Last) r:/WORK/g03_top_IO/u_g03_soc/u_perips_top/u_uart_debug/rx_data_reg[34][2]
  Impl DFF        Name(Last) i:/WORK/g03_top_IO/u_g03_soc/u_perips_top/u_uart_debug/rx_data_reg[34][2]

  Ref  DFF        Name(Last) r:/WORK/g03_top_IO/u_g03_soc/u_perips_top/u_uart_debug/rx_data_reg[34][3]
  Impl DFF        Name(Last) i:/WORK/g03_top_IO/u_g03_soc/u_perips_top/u_uart_debug/rx_data_reg[34][3]

  Ref  DFF        Name(Last) r:/WORK/g03_top_IO/u_g03_soc/u_perips_top/u_uart_debug/rx_data_reg[34][4]
  Impl DFF        Name(Last) i:/WORK/g03_top_IO/u_g03_soc/u_perips_top/u_uart_debug/rx_data_reg[34][4]

  Ref  DFF        Name(Last) r:/WORK/g03_top_IO/u_g03_soc/u_perips_top/u_uart_debug/rx_data_reg[34][5]
  Impl DFF        Name(Last) i:/WORK/g03_top_IO/u_g03_soc/u_perips_top/u_uart_debug/rx_data_reg[34][5]

  Ref  DFF        Name(Last) r:/WORK/g03_top_IO/u_g03_soc/u_perips_top/u_uart_debug/rx_data_reg[34][6]
  Impl DFF        Name(Last) i:/WORK/g03_top_IO/u_g03_soc/u_perips_top/u_uart_debug/rx_data_reg[34][6]

  Ref  DFF        Name(Last) r:/WORK/g03_top_IO/u_g03_soc/u_perips_top/u_uart_debug/rx_data_reg[34][7]
  Impl DFF        Name(Last) i:/WORK/g03_top_IO/u_g03_soc/u_perips_top/u_uart_debug/rx_data_reg[34][7]

  Ref  DFF        Name(Last) r:/WORK/g03_top_IO/u_g03_soc/u_perips_top/u_uart_debug/rx_data_reg[3][0]
  Impl DFF        Name(Last) i:/WORK/g03_top_IO/u_g03_soc/u_perips_top/u_uart_debug/rx_data_reg[3][0]

  Ref  DFF        Name(Last) r:/WORK/g03_top_IO/u_g03_soc/u_perips_top/u_uart_debug/rx_data_reg[3][1]
  Impl DFF        Name(Last) i:/WORK/g03_top_IO/u_g03_soc/u_perips_top/u_uart_debug/rx_data_reg[3][1]

  Ref  DFF        Name(Last) r:/WORK/g03_top_IO/u_g03_soc/u_perips_top/u_uart_debug/rx_data_reg[3][2]
  Impl DFF        Name(Last) i:/WORK/g03_top_IO/u_g03_soc/u_perips_top/u_uart_debug/rx_data_reg[3][2]

  Ref  DFF        Name(Last) r:/WORK/g03_top_IO/u_g03_soc/u_perips_top/u_uart_debug/rx_data_reg[3][3]
  Impl DFF        Name(Last) i:/WORK/g03_top_IO/u_g03_soc/u_perips_top/u_uart_debug/rx_data_reg[3][3]

  Ref  DFF        Name(Last) r:/WORK/g03_top_IO/u_g03_soc/u_perips_top/u_uart_debug/rx_data_reg[3][4]
  Impl DFF        Name(Last) i:/WORK/g03_top_IO/u_g03_soc/u_perips_top/u_uart_debug/rx_data_reg[3][4]

  Ref  DFF        Name(Last) r:/WORK/g03_top_IO/u_g03_soc/u_perips_top/u_uart_debug/rx_data_reg[3][5]
  Impl DFF        Name(Last) i:/WORK/g03_top_IO/u_g03_soc/u_perips_top/u_uart_debug/rx_data_reg[3][5]

  Ref  DFF        Name(Last) r:/WORK/g03_top_IO/u_g03_soc/u_perips_top/u_uart_debug/rx_data_reg[3][6]
  Impl DFF        Name(Last) i:/WORK/g03_top_IO/u_g03_soc/u_perips_top/u_uart_debug/rx_data_reg[3][6]

  Ref  DFF        Name(Last) r:/WORK/g03_top_IO/u_g03_soc/u_perips_top/u_uart_debug/rx_data_reg[3][7]
  Impl DFF        Name(Last) i:/WORK/g03_top_IO/u_g03_soc/u_perips_top/u_uart_debug/rx_data_reg[3][7]

  Ref  DFF        Name(Last) r:/WORK/g03_top_IO/u_g03_soc/u_perips_top/u_uart_debug/rx_data_reg[4][0]
  Impl DFF        Name(Last) i:/WORK/g03_top_IO/u_g03_soc/u_perips_top/u_uart_debug/rx_data_reg[4][0]

  Ref  DFF        Name(Last) r:/WORK/g03_top_IO/u_g03_soc/u_perips_top/u_uart_debug/rx_data_reg[4][1]
  Impl DFF        Name(Last) i:/WORK/g03_top_IO/u_g03_soc/u_perips_top/u_uart_debug/rx_data_reg[4][1]

  Ref  DFF        Name(Last) r:/WORK/g03_top_IO/u_g03_soc/u_perips_top/u_uart_debug/rx_data_reg[4][2]
  Impl DFF        Name(Last) i:/WORK/g03_top_IO/u_g03_soc/u_perips_top/u_uart_debug/rx_data_reg[4][2]

  Ref  DFF        Name(Last) r:/WORK/g03_top_IO/u_g03_soc/u_perips_top/u_uart_debug/rx_data_reg[4][3]
  Impl DFF        Name(Last) i:/WORK/g03_top_IO/u_g03_soc/u_perips_top/u_uart_debug/rx_data_reg[4][3]

  Ref  DFF        Name(Last) r:/WORK/g03_top_IO/u_g03_soc/u_perips_top/u_uart_debug/rx_data_reg[4][4]
  Impl DFF        Name(Last) i:/WORK/g03_top_IO/u_g03_soc/u_perips_top/u_uart_debug/rx_data_reg[4][4]

  Ref  DFF        Name(Last) r:/WORK/g03_top_IO/u_g03_soc/u_perips_top/u_uart_debug/rx_data_reg[4][5]
  Impl DFF        Name(Last) i:/WORK/g03_top_IO/u_g03_soc/u_perips_top/u_uart_debug/rx_data_reg[4][5]

  Ref  DFF        Name(Last) r:/WORK/g03_top_IO/u_g03_soc/u_perips_top/u_uart_debug/rx_data_reg[4][6]
  Impl DFF        Name(Last) i:/WORK/g03_top_IO/u_g03_soc/u_perips_top/u_uart_debug/rx_data_reg[4][6]

  Ref  DFF        Name(Last) r:/WORK/g03_top_IO/u_g03_soc/u_perips_top/u_uart_debug/rx_data_reg[4][7]
  Impl DFF        Name(Last) i:/WORK/g03_top_IO/u_g03_soc/u_perips_top/u_uart_debug/rx_data_reg[4][7]

  Ref  DFF        Name(Last) r:/WORK/g03_top_IO/u_g03_soc/u_perips_top/u_uart_debug/rx_data_reg[5][0]
  Impl DFF        Name(Last) i:/WORK/g03_top_IO/u_g03_soc/u_perips_top/u_uart_debug/rx_data_reg[5][0]

  Ref  DFF        Name(Last) r:/WORK/g03_top_IO/u_g03_soc/u_perips_top/u_uart_debug/rx_data_reg[5][1]
  Impl DFF        Name(Last) i:/WORK/g03_top_IO/u_g03_soc/u_perips_top/u_uart_debug/rx_data_reg[5][1]

  Ref  DFF        Name(Last) r:/WORK/g03_top_IO/u_g03_soc/u_perips_top/u_uart_debug/rx_data_reg[5][2]
  Impl DFF        Name(Last) i:/WORK/g03_top_IO/u_g03_soc/u_perips_top/u_uart_debug/rx_data_reg[5][2]

  Ref  DFF        Name(Last) r:/WORK/g03_top_IO/u_g03_soc/u_perips_top/u_uart_debug/rx_data_reg[5][3]
  Impl DFF        Name(Last) i:/WORK/g03_top_IO/u_g03_soc/u_perips_top/u_uart_debug/rx_data_reg[5][3]

  Ref  DFF        Name(Last) r:/WORK/g03_top_IO/u_g03_soc/u_perips_top/u_uart_debug/rx_data_reg[5][4]
  Impl DFF        Name(Last) i:/WORK/g03_top_IO/u_g03_soc/u_perips_top/u_uart_debug/rx_data_reg[5][4]

  Ref  DFF        Name(Last) r:/WORK/g03_top_IO/u_g03_soc/u_perips_top/u_uart_debug/rx_data_reg[5][5]
  Impl DFF        Name(Last) i:/WORK/g03_top_IO/u_g03_soc/u_perips_top/u_uart_debug/rx_data_reg[5][5]

  Ref  DFF        Name(Last) r:/WORK/g03_top_IO/u_g03_soc/u_perips_top/u_uart_debug/rx_data_reg[5][6]
  Impl DFF        Name(Last) i:/WORK/g03_top_IO/u_g03_soc/u_perips_top/u_uart_debug/rx_data_reg[5][6]

  Ref  DFF        Name(Last) r:/WORK/g03_top_IO/u_g03_soc/u_perips_top/u_uart_debug/rx_data_reg[5][7]
  Impl DFF        Name(Last) i:/WORK/g03_top_IO/u_g03_soc/u_perips_top/u_uart_debug/rx_data_reg[5][7]

  Ref  DFF        Name(Last) r:/WORK/g03_top_IO/u_g03_soc/u_perips_top/u_uart_debug/rx_data_reg[6][0]
  Impl DFF        Name(Last) i:/WORK/g03_top_IO/u_g03_soc/u_perips_top/u_uart_debug/rx_data_reg[6][0]

  Ref  DFF        Name(Last) r:/WORK/g03_top_IO/u_g03_soc/u_perips_top/u_uart_debug/rx_data_reg[6][1]
  Impl DFF        Name(Last) i:/WORK/g03_top_IO/u_g03_soc/u_perips_top/u_uart_debug/rx_data_reg[6][1]

  Ref  DFF        Name(Last) r:/WORK/g03_top_IO/u_g03_soc/u_perips_top/u_uart_debug/rx_data_reg[6][2]
  Impl DFF        Name(Last) i:/WORK/g03_top_IO/u_g03_soc/u_perips_top/u_uart_debug/rx_data_reg[6][2]

  Ref  DFF        Name(Last) r:/WORK/g03_top_IO/u_g03_soc/u_perips_top/u_uart_debug/rx_data_reg[6][3]
  Impl DFF        Name(Last) i:/WORK/g03_top_IO/u_g03_soc/u_perips_top/u_uart_debug/rx_data_reg[6][3]

  Ref  DFF        Name(Last) r:/WORK/g03_top_IO/u_g03_soc/u_perips_top/u_uart_debug/rx_data_reg[6][4]
  Impl DFF        Name(Last) i:/WORK/g03_top_IO/u_g03_soc/u_perips_top/u_uart_debug/rx_data_reg[6][4]

  Ref  DFF        Name(Last) r:/WORK/g03_top_IO/u_g03_soc/u_perips_top/u_uart_debug/rx_data_reg[6][5]
  Impl DFF        Name(Last) i:/WORK/g03_top_IO/u_g03_soc/u_perips_top/u_uart_debug/rx_data_reg[6][5]

  Ref  DFF        Name(Last) r:/WORK/g03_top_IO/u_g03_soc/u_perips_top/u_uart_debug/rx_data_reg[6][6]
  Impl DFF        Name(Last) i:/WORK/g03_top_IO/u_g03_soc/u_perips_top/u_uart_debug/rx_data_reg[6][6]

  Ref  DFF        Name(Last) r:/WORK/g03_top_IO/u_g03_soc/u_perips_top/u_uart_debug/rx_data_reg[6][7]
  Impl DFF        Name(Last) i:/WORK/g03_top_IO/u_g03_soc/u_perips_top/u_uart_debug/rx_data_reg[6][7]

  Ref  DFF        Name(Last) r:/WORK/g03_top_IO/u_g03_soc/u_perips_top/u_uart_debug/rx_data_reg[7][0]
  Impl DFF        Name(Last) i:/WORK/g03_top_IO/u_g03_soc/u_perips_top/u_uart_debug/rx_data_reg[7][0]

  Ref  DFF        Name(Last) r:/WORK/g03_top_IO/u_g03_soc/u_perips_top/u_uart_debug/rx_data_reg[7][1]
  Impl DFF        Name(Last) i:/WORK/g03_top_IO/u_g03_soc/u_perips_top/u_uart_debug/rx_data_reg[7][1]

  Ref  DFF        Name(Last) r:/WORK/g03_top_IO/u_g03_soc/u_perips_top/u_uart_debug/rx_data_reg[7][2]
  Impl DFF        Name(Last) i:/WORK/g03_top_IO/u_g03_soc/u_perips_top/u_uart_debug/rx_data_reg[7][2]

  Ref  DFF        Name(Last) r:/WORK/g03_top_IO/u_g03_soc/u_perips_top/u_uart_debug/rx_data_reg[7][3]
  Impl DFF        Name(Last) i:/WORK/g03_top_IO/u_g03_soc/u_perips_top/u_uart_debug/rx_data_reg[7][3]

  Ref  DFF        Name(Last) r:/WORK/g03_top_IO/u_g03_soc/u_perips_top/u_uart_debug/rx_data_reg[7][4]
  Impl DFF        Name(Last) i:/WORK/g03_top_IO/u_g03_soc/u_perips_top/u_uart_debug/rx_data_reg[7][4]

  Ref  DFF        Name(Last) r:/WORK/g03_top_IO/u_g03_soc/u_perips_top/u_uart_debug/rx_data_reg[7][5]
  Impl DFF        Name(Last) i:/WORK/g03_top_IO/u_g03_soc/u_perips_top/u_uart_debug/rx_data_reg[7][5]

  Ref  DFF        Name(Last) r:/WORK/g03_top_IO/u_g03_soc/u_perips_top/u_uart_debug/rx_data_reg[7][6]
  Impl DFF        Name(Last) i:/WORK/g03_top_IO/u_g03_soc/u_perips_top/u_uart_debug/rx_data_reg[7][6]

  Ref  DFF        Name(Last) r:/WORK/g03_top_IO/u_g03_soc/u_perips_top/u_uart_debug/rx_data_reg[7][7]
  Impl DFF        Name(Last) i:/WORK/g03_top_IO/u_g03_soc/u_perips_top/u_uart_debug/rx_data_reg[7][7]

  Ref  DFF        Name(Last) r:/WORK/g03_top_IO/u_g03_soc/u_perips_top/u_uart_debug/rx_data_reg[8][0]
  Impl DFF        Name(Last) i:/WORK/g03_top_IO/u_g03_soc/u_perips_top/u_uart_debug/rx_data_reg[8][0]

  Ref  DFF        Name(Last) r:/WORK/g03_top_IO/u_g03_soc/u_perips_top/u_uart_debug/rx_data_reg[8][1]
  Impl DFF        Name(Last) i:/WORK/g03_top_IO/u_g03_soc/u_perips_top/u_uart_debug/rx_data_reg[8][1]

  Ref  DFF        Name(Last) r:/WORK/g03_top_IO/u_g03_soc/u_perips_top/u_uart_debug/rx_data_reg[8][2]
  Impl DFF        Name(Last) i:/WORK/g03_top_IO/u_g03_soc/u_perips_top/u_uart_debug/rx_data_reg[8][2]

  Ref  DFF        Name(Last) r:/WORK/g03_top_IO/u_g03_soc/u_perips_top/u_uart_debug/rx_data_reg[8][3]
  Impl DFF        Name(Last) i:/WORK/g03_top_IO/u_g03_soc/u_perips_top/u_uart_debug/rx_data_reg[8][3]

  Ref  DFF        Name(Last) r:/WORK/g03_top_IO/u_g03_soc/u_perips_top/u_uart_debug/rx_data_reg[8][4]
  Impl DFF        Name(Last) i:/WORK/g03_top_IO/u_g03_soc/u_perips_top/u_uart_debug/rx_data_reg[8][4]

  Ref  DFF        Name(Last) r:/WORK/g03_top_IO/u_g03_soc/u_perips_top/u_uart_debug/rx_data_reg[8][5]
  Impl DFF        Name(Last) i:/WORK/g03_top_IO/u_g03_soc/u_perips_top/u_uart_debug/rx_data_reg[8][5]

  Ref  DFF        Name(Last) r:/WORK/g03_top_IO/u_g03_soc/u_perips_top/u_uart_debug/rx_data_reg[8][6]
  Impl DFF        Name(Last) i:/WORK/g03_top_IO/u_g03_soc/u_perips_top/u_uart_debug/rx_data_reg[8][6]

  Ref  DFF        Name(Last) r:/WORK/g03_top_IO/u_g03_soc/u_perips_top/u_uart_debug/rx_data_reg[8][7]
  Impl DFF        Name(Last) i:/WORK/g03_top_IO/u_g03_soc/u_perips_top/u_uart_debug/rx_data_reg[8][7]

  Ref  DFF        Name(Last) r:/WORK/g03_top_IO/u_g03_soc/u_perips_top/u_uart_debug/rx_data_reg[9][0]
  Impl DFF        Name(Last) i:/WORK/g03_top_IO/u_g03_soc/u_perips_top/u_uart_debug/rx_data_reg[9][0]

  Ref  DFF        Name(Last) r:/WORK/g03_top_IO/u_g03_soc/u_perips_top/u_uart_debug/rx_data_reg[9][1]
  Impl DFF        Name(Last) i:/WORK/g03_top_IO/u_g03_soc/u_perips_top/u_uart_debug/rx_data_reg[9][1]

  Ref  DFF        Name(Last) r:/WORK/g03_top_IO/u_g03_soc/u_perips_top/u_uart_debug/rx_data_reg[9][2]
  Impl DFF        Name(Last) i:/WORK/g03_top_IO/u_g03_soc/u_perips_top/u_uart_debug/rx_data_reg[9][2]

  Ref  DFF        Name(Last) r:/WORK/g03_top_IO/u_g03_soc/u_perips_top/u_uart_debug/rx_data_reg[9][3]
  Impl DFF        Name(Last) i:/WORK/g03_top_IO/u_g03_soc/u_perips_top/u_uart_debug/rx_data_reg[9][3]

  Ref  DFF        Name(Last) r:/WORK/g03_top_IO/u_g03_soc/u_perips_top/u_uart_debug/rx_data_reg[9][4]
  Impl DFF        Name(Last) i:/WORK/g03_top_IO/u_g03_soc/u_perips_top/u_uart_debug/rx_data_reg[9][4]

  Ref  DFF        Name(Last) r:/WORK/g03_top_IO/u_g03_soc/u_perips_top/u_uart_debug/rx_data_reg[9][5]
  Impl DFF        Name(Last) i:/WORK/g03_top_IO/u_g03_soc/u_perips_top/u_uart_debug/rx_data_reg[9][5]

  Ref  DFF        Name(Last) r:/WORK/g03_top_IO/u_g03_soc/u_perips_top/u_uart_debug/rx_data_reg[9][6]
  Impl DFF        Name(Last) i:/WORK/g03_top_IO/u_g03_soc/u_perips_top/u_uart_debug/rx_data_reg[9][6]

  Ref  DFF        Name(Last) r:/WORK/g03_top_IO/u_g03_soc/u_perips_top/u_uart_debug/rx_data_reg[9][7]
  Impl DFF        Name(Last) i:/WORK/g03_top_IO/u_g03_soc/u_perips_top/u_uart_debug/rx_data_reg[9][7]

  Ref  DFF        Name(Last) r:/WORK/g03_top_IO/u_g03_soc/u_perips_top/u_uart_debug/state_reg[0]
  Impl DFF        Name(Last) i:/WORK/g03_top_IO/u_g03_soc/u_perips_top/u_uart_debug/state_reg[0]

  Ref  DFF        Name(Last) r:/WORK/g03_top_IO/u_g03_soc/u_perips_top/u_uart_debug/state_reg[1]
  Impl DFF        Name(Last) i:/WORK/g03_top_IO/u_g03_soc/u_perips_top/u_uart_debug/state_reg[1]

  Ref  DFF        Name(Last) r:/WORK/g03_top_IO/u_g03_soc/u_perips_top/u_uart_debug/state_reg[2]
  Impl DFF        Name(Last) i:/WORK/g03_top_IO/u_g03_soc/u_perips_top/u_uart_debug/state_reg[2]

  Ref  DFF        Name(Last) r:/WORK/g03_top_IO/u_g03_soc/u_perips_top/u_uart_debug/state_reg[3]
  Impl DFF        Name(Last) i:/WORK/g03_top_IO/u_g03_soc/u_perips_top/u_uart_debug/state_reg[3]

  Ref  DFF        Name(Last) r:/WORK/g03_top_IO/u_g03_soc/u_perips_top/u_uart_debug/state_reg[4]
  Impl DFF        Name(Last) i:/WORK/g03_top_IO/u_g03_soc/u_perips_top/u_uart_debug/state_reg[4]

  Ref  DFF        Name(Last) r:/WORK/g03_top_IO/u_g03_soc/u_perips_top/u_uart_debug/write_mem_addr_reg[10]
  Impl DFF        Name(Last) i:/WORK/g03_top_IO/u_g03_soc/u_perips_top/u_uart_debug/write_mem_addr_reg[10]

  Ref  DFF        Name(Last) r:/WORK/g03_top_IO/u_g03_soc/u_perips_top/u_uart_debug/write_mem_addr_reg[11]
  Impl DFF        Name(Last) i:/WORK/g03_top_IO/u_g03_soc/u_perips_top/u_uart_debug/write_mem_addr_reg[11]

  Ref  DFF        Name(Last) r:/WORK/g03_top_IO/u_g03_soc/u_perips_top/u_uart_debug/write_mem_addr_reg[12]
  Impl DFF        Name(Last) i:/WORK/g03_top_IO/u_g03_soc/u_perips_top/u_uart_debug/write_mem_addr_reg[12]

  Ref  DFF        Name(Last) r:/WORK/g03_top_IO/u_g03_soc/u_perips_top/u_uart_debug/write_mem_addr_reg[13]
  Impl DFF        Name(Last) i:/WORK/g03_top_IO/u_g03_soc/u_perips_top/u_uart_debug/write_mem_addr_reg[13]

  Ref  DFF        Name(Last) r:/WORK/g03_top_IO/u_g03_soc/u_perips_top/u_uart_debug/write_mem_addr_reg[14]
  Impl DFF        Name(Last) i:/WORK/g03_top_IO/u_g03_soc/u_perips_top/u_uart_debug/write_mem_addr_reg[14]

  Ref  DFF        Name(Last) r:/WORK/g03_top_IO/u_g03_soc/u_perips_top/u_uart_debug/write_mem_addr_reg[15]
  Impl DFF        Name(Last) i:/WORK/g03_top_IO/u_g03_soc/u_perips_top/u_uart_debug/write_mem_addr_reg[15]

  Ref  DFF        Name(Last) r:/WORK/g03_top_IO/u_g03_soc/u_perips_top/u_uart_debug/write_mem_addr_reg[16]
  Impl DFF        Name(Last) i:/WORK/g03_top_IO/u_g03_soc/u_perips_top/u_uart_debug/write_mem_addr_reg[16]

  Ref  DFF        Name(Last) r:/WORK/g03_top_IO/u_g03_soc/u_perips_top/u_uart_debug/write_mem_addr_reg[17]
  Impl DFF        Name(Last) i:/WORK/g03_top_IO/u_g03_soc/u_perips_top/u_uart_debug/write_mem_addr_reg[17]

  Ref  DFF        Name(Last) r:/WORK/g03_top_IO/u_g03_soc/u_perips_top/u_uart_debug/write_mem_addr_reg[18]
  Impl DFF        Name(Last) i:/WORK/g03_top_IO/u_g03_soc/u_perips_top/u_uart_debug/write_mem_addr_reg[18]

  Ref  DFF        Name(Last) r:/WORK/g03_top_IO/u_g03_soc/u_perips_top/u_uart_debug/write_mem_addr_reg[19]
  Impl DFF        Name(Last) i:/WORK/g03_top_IO/u_g03_soc/u_perips_top/u_uart_debug/write_mem_addr_reg[19]

  Ref  DFF        Name(Last) r:/WORK/g03_top_IO/u_g03_soc/u_perips_top/u_uart_debug/write_mem_addr_reg[20]
  Impl DFF        Name(Last) i:/WORK/g03_top_IO/u_g03_soc/u_perips_top/u_uart_debug/write_mem_addr_reg[20]

  Ref  DFF        Name(Last) r:/WORK/g03_top_IO/u_g03_soc/u_perips_top/u_uart_debug/write_mem_addr_reg[21]
  Impl DFF        Name(Last) i:/WORK/g03_top_IO/u_g03_soc/u_perips_top/u_uart_debug/write_mem_addr_reg[21]

  Ref  DFF        Name(Last) r:/WORK/g03_top_IO/u_g03_soc/u_perips_top/u_uart_debug/write_mem_addr_reg[22]
  Impl DFF        Name(Last) i:/WORK/g03_top_IO/u_g03_soc/u_perips_top/u_uart_debug/write_mem_addr_reg[22]

  Ref  DFF        Name(Last) r:/WORK/g03_top_IO/u_g03_soc/u_perips_top/u_uart_debug/write_mem_addr_reg[23]
  Impl DFF        Name(Last) i:/WORK/g03_top_IO/u_g03_soc/u_perips_top/u_uart_debug/write_mem_addr_reg[23]

  Ref  DFF        Name(Last) r:/WORK/g03_top_IO/u_g03_soc/u_perips_top/u_uart_debug/write_mem_addr_reg[24]
  Impl DFF        Name(Last) i:/WORK/g03_top_IO/u_g03_soc/u_perips_top/u_uart_debug/write_mem_addr_reg[24]

  Ref  DFF        Name(Last) r:/WORK/g03_top_IO/u_g03_soc/u_perips_top/u_uart_debug/write_mem_addr_reg[25]
  Impl DFF        Name(Last) i:/WORK/g03_top_IO/u_g03_soc/u_perips_top/u_uart_debug/write_mem_addr_reg[25]

  Ref  DFF        Name(Last) r:/WORK/g03_top_IO/u_g03_soc/u_perips_top/u_uart_debug/write_mem_addr_reg[26]
  Impl DFF        Name(Last) i:/WORK/g03_top_IO/u_g03_soc/u_perips_top/u_uart_debug/write_mem_addr_reg[26]

  Ref  DFF        Name(Last) r:/WORK/g03_top_IO/u_g03_soc/u_perips_top/u_uart_debug/write_mem_addr_reg[27]
  Impl DFF        Name(Last) i:/WORK/g03_top_IO/u_g03_soc/u_perips_top/u_uart_debug/write_mem_addr_reg[27]

  Ref  DFF        Name(Last) r:/WORK/g03_top_IO/u_g03_soc/u_perips_top/u_uart_debug/write_mem_addr_reg[28]
  Impl DFF        Name(Last) i:/WORK/g03_top_IO/u_g03_soc/u_perips_top/u_uart_debug/write_mem_addr_reg[28]

  Ref  DFF        Name(Last) r:/WORK/g03_top_IO/u_g03_soc/u_perips_top/u_uart_debug/write_mem_addr_reg[29]
  Impl DFF        Name(Last) i:/WORK/g03_top_IO/u_g03_soc/u_perips_top/u_uart_debug/write_mem_addr_reg[29]

  Ref  DFF        Name(Last) r:/WORK/g03_top_IO/u_g03_soc/u_perips_top/u_uart_debug/write_mem_addr_reg[2]
  Impl DFF        Name(Last) i:/WORK/g03_top_IO/u_g03_soc/u_perips_top/u_uart_debug/write_mem_addr_reg[2]

  Ref  DFF        Name(Last) r:/WORK/g03_top_IO/u_g03_soc/u_perips_top/u_uart_debug/write_mem_addr_reg[30]
  Impl DFF        Name(Last) i:/WORK/g03_top_IO/u_g03_soc/u_perips_top/u_uart_debug/write_mem_addr_reg[30]

  Ref  DFF        Name(Last) r:/WORK/g03_top_IO/u_g03_soc/u_perips_top/u_uart_debug/write_mem_addr_reg[31]
  Impl DFF        Name(Last) i:/WORK/g03_top_IO/u_g03_soc/u_perips_top/u_uart_debug/write_mem_addr_reg[31]

  Ref  DFF        Name(Last) r:/WORK/g03_top_IO/u_g03_soc/u_perips_top/u_uart_debug/write_mem_addr_reg[3]
  Impl DFF        Name(Last) i:/WORK/g03_top_IO/u_g03_soc/u_perips_top/u_uart_debug/write_mem_addr_reg[3]

  Ref  DFF        Name(Last) r:/WORK/g03_top_IO/u_g03_soc/u_perips_top/u_uart_debug/write_mem_addr_reg[4]
  Impl DFF        Name(Last) i:/WORK/g03_top_IO/u_g03_soc/u_perips_top/u_uart_debug/write_mem_addr_reg[4]

  Ref  DFF        Name(Last) r:/WORK/g03_top_IO/u_g03_soc/u_perips_top/u_uart_debug/write_mem_addr_reg[5]
  Impl DFF        Name(Last) i:/WORK/g03_top_IO/u_g03_soc/u_perips_top/u_uart_debug/write_mem_addr_reg[5]

  Ref  DFF        Name(Last) r:/WORK/g03_top_IO/u_g03_soc/u_perips_top/u_uart_debug/write_mem_addr_reg[6]
  Impl DFF        Name(Last) i:/WORK/g03_top_IO/u_g03_soc/u_perips_top/u_uart_debug/write_mem_addr_reg[6]

  Ref  DFF        Name(Last) r:/WORK/g03_top_IO/u_g03_soc/u_perips_top/u_uart_debug/write_mem_addr_reg[7]
  Impl DFF        Name(Last) i:/WORK/g03_top_IO/u_g03_soc/u_perips_top/u_uart_debug/write_mem_addr_reg[7]

  Ref  DFF        Name(Last) r:/WORK/g03_top_IO/u_g03_soc/u_perips_top/u_uart_debug/write_mem_addr_reg[8]
  Impl DFF        Name(Last) i:/WORK/g03_top_IO/u_g03_soc/u_perips_top/u_uart_debug/write_mem_addr_reg[8]

  Ref  DFF        Name(Last) r:/WORK/g03_top_IO/u_g03_soc/u_perips_top/u_uart_debug/write_mem_addr_reg[9]
  Impl DFF        Name(Last) i:/WORK/g03_top_IO/u_g03_soc/u_perips_top/u_uart_debug/write_mem_addr_reg[9]

  Ref  DFF        Name(Last) r:/WORK/g03_top_IO/u_g03_soc/u_perips_top/u_uart_debug/write_mem_byte_index0_reg[0]
  Impl DFF        Name(Last) i:/WORK/g03_top_IO/u_g03_soc/u_perips_top/u_uart_debug/write_mem_byte_index0_reg[0]

  Ref  DFF        Name(Last) r:/WORK/g03_top_IO/u_g03_soc/u_perips_top/u_uart_debug/write_mem_byte_index0_reg[2]
  Impl DFF        Name(Last) i:/WORK/g03_top_IO/u_g03_soc/u_perips_top/u_uart_debug/write_mem_byte_index0_reg[2]

  Ref  DFF        Name(Last) r:/WORK/g03_top_IO/u_g03_soc/u_perips_top/u_uart_debug/write_mem_byte_index0_reg[3]
  Impl DFF        Name(Last) i:/WORK/g03_top_IO/u_g03_soc/u_perips_top/u_uart_debug/write_mem_byte_index0_reg[3]

  Ref  DFF        Name(Last) r:/WORK/g03_top_IO/u_g03_soc/u_perips_top/u_uart_debug/write_mem_byte_index0_reg[4]
  Impl DFF        Name(Last) i:/WORK/g03_top_IO/u_g03_soc/u_perips_top/u_uart_debug/write_mem_byte_index0_reg[4]

  Ref  DFF        Name(Last) r:/WORK/g03_top_IO/u_g03_soc/u_perips_top/u_uart_debug/write_mem_byte_index0_reg[5]
  Impl DFF        Name(Last) i:/WORK/g03_top_IO/u_g03_soc/u_perips_top/u_uart_debug/write_mem_byte_index0_reg[5]

  Ref  DFF        Name(Last) r:/WORK/g03_top_IO/u_g03_soc/u_perips_top/u_uart_debug/write_mem_byte_index0_reg[6]
  Impl DFF        Name(Last) i:/WORK/g03_top_IO/u_g03_soc/u_perips_top/u_uart_debug/write_mem_byte_index0_reg[6]

  Ref  DFF        Name(Last) r:/WORK/g03_top_IO/u_g03_soc/u_perips_top/u_uart_debug/write_mem_byte_index0_reg[7]
  Impl DFF        Name(Last) i:/WORK/g03_top_IO/u_g03_soc/u_perips_top/u_uart_debug/write_mem_byte_index0_reg[7]

  Ref  DFF        Name(Last) r:/WORK/g03_top_IO/u_g03_soc/u_perips_top/u_uart_debug/write_mem_byte_index1_reg[1]
  Impl DFF        Name(Last) i:/WORK/g03_top_IO/u_g03_soc/u_perips_top/u_uart_debug/write_mem_byte_index1_reg[1]

  Ref  DFF        Name(Last) r:/WORK/g03_top_IO/u_g03_soc/u_perips_top/u_uart_debug/write_mem_byte_index1_reg[2]
  Impl DFF        Name(Last) i:/WORK/g03_top_IO/u_g03_soc/u_perips_top/u_uart_debug/write_mem_byte_index1_reg[2]

  Ref  DFF        Name(Last) r:/WORK/g03_top_IO/u_g03_soc/u_perips_top/u_uart_debug/write_mem_byte_index1_reg[3]
  Impl DFF        Name(Last) i:/WORK/g03_top_IO/u_g03_soc/u_perips_top/u_uart_debug/write_mem_byte_index1_reg[3]

  Ref  DFF        Name(Last) r:/WORK/g03_top_IO/u_g03_soc/u_perips_top/u_uart_debug/write_mem_byte_index1_reg[4]
  Impl DFF        Name(Last) i:/WORK/g03_top_IO/u_g03_soc/u_perips_top/u_uart_debug/write_mem_byte_index1_reg[4]

  Ref  DFF        Name(Last) r:/WORK/g03_top_IO/u_g03_soc/u_perips_top/u_uart_debug/write_mem_byte_index1_reg[5]
  Impl DFF        Name(Last) i:/WORK/g03_top_IO/u_g03_soc/u_perips_top/u_uart_debug/write_mem_byte_index1_reg[5]

  Ref  DFF        Name(Last) r:/WORK/g03_top_IO/u_g03_soc/u_perips_top/u_uart_debug/write_mem_byte_index1_reg[6]
  Impl DFF        Name(Last) i:/WORK/g03_top_IO/u_g03_soc/u_perips_top/u_uart_debug/write_mem_byte_index1_reg[6]

  Ref  DFF        Name(Last) r:/WORK/g03_top_IO/u_g03_soc/u_perips_top/u_uart_debug/write_mem_byte_index1_reg[7]
  Impl DFF        Name(Last) i:/WORK/g03_top_IO/u_g03_soc/u_perips_top/u_uart_debug/write_mem_byte_index1_reg[7]

  Ref  DFF        Name(Last) r:/WORK/g03_top_IO/u_g03_soc/u_perips_top/u_uart_debug/write_mem_byte_index2_reg[0]
  Impl DFF        Name(Last) i:/WORK/g03_top_IO/u_g03_soc/u_perips_top/u_uart_debug/write_mem_byte_index2_reg[0]

  Ref  DFF        Name(Last) r:/WORK/g03_top_IO/u_g03_soc/u_perips_top/u_uart_debug/write_mem_byte_index2_reg[1]
  Impl DFF        Name(Last) i:/WORK/g03_top_IO/u_g03_soc/u_perips_top/u_uart_debug/write_mem_byte_index2_reg[1]

  Ref  DFF        Name(Last) r:/WORK/g03_top_IO/u_g03_soc/u_perips_top/u_uart_debug/write_mem_byte_index2_reg[2]
  Impl DFF        Name(Last) i:/WORK/g03_top_IO/u_g03_soc/u_perips_top/u_uart_debug/write_mem_byte_index2_reg[2]

  Ref  DFF        Name(Last) r:/WORK/g03_top_IO/u_g03_soc/u_perips_top/u_uart_debug/write_mem_byte_index2_reg[3]
  Impl DFF        Name(Last) i:/WORK/g03_top_IO/u_g03_soc/u_perips_top/u_uart_debug/write_mem_byte_index2_reg[3]

  Ref  DFF        Name(Last) r:/WORK/g03_top_IO/u_g03_soc/u_perips_top/u_uart_debug/write_mem_byte_index2_reg[4]
  Impl DFF        Name(Last) i:/WORK/g03_top_IO/u_g03_soc/u_perips_top/u_uart_debug/write_mem_byte_index2_reg[4]

  Ref  DFF        Name(Last) r:/WORK/g03_top_IO/u_g03_soc/u_perips_top/u_uart_debug/write_mem_byte_index2_reg[5]
  Impl DFF        Name(Last) i:/WORK/g03_top_IO/u_g03_soc/u_perips_top/u_uart_debug/write_mem_byte_index2_reg[5]

  Ref  DFF        Name(Last) r:/WORK/g03_top_IO/u_g03_soc/u_perips_top/u_uart_debug/write_mem_byte_index2_reg[6]
  Impl DFF        Name(Last) i:/WORK/g03_top_IO/u_g03_soc/u_perips_top/u_uart_debug/write_mem_byte_index2_reg[6]

  Ref  DFF        Name(Last) r:/WORK/g03_top_IO/u_g03_soc/u_perips_top/u_uart_debug/write_mem_byte_index2_reg[7]
  Impl DFF        Name(Last) i:/WORK/g03_top_IO/u_g03_soc/u_perips_top/u_uart_debug/write_mem_byte_index2_reg[7]

  Ref  DFF        Name(Last) r:/WORK/g03_top_IO/u_g03_soc/u_perips_top/u_uart_debug/write_mem_byte_index3_reg[2]
  Impl DFF        Name(Last) i:/WORK/g03_top_IO/u_g03_soc/u_perips_top/u_uart_debug/write_mem_byte_index3_reg[2]

  Ref  DFF        Name(Last) r:/WORK/g03_top_IO/u_g03_soc/u_perips_top/u_uart_debug/write_mem_byte_index3_reg[3]
  Impl DFF        Name(Last) i:/WORK/g03_top_IO/u_g03_soc/u_perips_top/u_uart_debug/write_mem_byte_index3_reg[3]

  Ref  DFF        Name(Last) r:/WORK/g03_top_IO/u_g03_soc/u_perips_top/u_uart_debug/write_mem_byte_index3_reg[4]
  Impl DFF        Name(Last) i:/WORK/g03_top_IO/u_g03_soc/u_perips_top/u_uart_debug/write_mem_byte_index3_reg[4]

  Ref  DFF        Name(Last) r:/WORK/g03_top_IO/u_g03_soc/u_perips_top/u_uart_debug/write_mem_byte_index3_reg[5]
  Impl DFF        Name(Last) i:/WORK/g03_top_IO/u_g03_soc/u_perips_top/u_uart_debug/write_mem_byte_index3_reg[5]

  Ref  DFF        Name(Last) r:/WORK/g03_top_IO/u_g03_soc/u_perips_top/u_uart_debug/write_mem_byte_index3_reg[6]
  Impl DFF        Name(Last) i:/WORK/g03_top_IO/u_g03_soc/u_perips_top/u_uart_debug/write_mem_byte_index3_reg[6]

  Ref  DFF        Name(Last) r:/WORK/g03_top_IO/u_g03_soc/u_perips_top/u_uart_debug/write_mem_byte_index3_reg[7]
  Impl DFF        Name(Last) i:/WORK/g03_top_IO/u_g03_soc/u_perips_top/u_uart_debug/write_mem_byte_index3_reg[7]

  Ref  DFF        Name(Last) r:/WORK/g03_top_IO/u_g03_soc/u_perips_top/u_uart_debug/write_mem_data_reg[0]
  Impl DFF        Name(Last) i:/WORK/g03_top_IO/u_g03_soc/u_perips_top/u_uart_debug/write_mem_data_reg[0]

  Ref  DFF        Name(Last) r:/WORK/g03_top_IO/u_g03_soc/u_perips_top/u_uart_debug/write_mem_data_reg[10]
  Impl DFF        Name(Last) i:/WORK/g03_top_IO/u_g03_soc/u_perips_top/u_uart_debug/write_mem_data_reg[10]

  Ref  DFF        Name(Last) r:/WORK/g03_top_IO/u_g03_soc/u_perips_top/u_uart_debug/write_mem_data_reg[11]
  Impl DFF        Name(Last) i:/WORK/g03_top_IO/u_g03_soc/u_perips_top/u_uart_debug/write_mem_data_reg[11]

  Ref  DFF        Name(Last) r:/WORK/g03_top_IO/u_g03_soc/u_perips_top/u_uart_debug/write_mem_data_reg[12]
  Impl DFF        Name(Last) i:/WORK/g03_top_IO/u_g03_soc/u_perips_top/u_uart_debug/write_mem_data_reg[12]

  Ref  DFF        Name(Last) r:/WORK/g03_top_IO/u_g03_soc/u_perips_top/u_uart_debug/write_mem_data_reg[13]
  Impl DFF        Name(Last) i:/WORK/g03_top_IO/u_g03_soc/u_perips_top/u_uart_debug/write_mem_data_reg[13]

  Ref  DFF        Name(Last) r:/WORK/g03_top_IO/u_g03_soc/u_perips_top/u_uart_debug/write_mem_data_reg[14]
  Impl DFF        Name(Last) i:/WORK/g03_top_IO/u_g03_soc/u_perips_top/u_uart_debug/write_mem_data_reg[14]

  Ref  DFF        Name(Last) r:/WORK/g03_top_IO/u_g03_soc/u_perips_top/u_uart_debug/write_mem_data_reg[15]
  Impl DFF        Name(Last) i:/WORK/g03_top_IO/u_g03_soc/u_perips_top/u_uart_debug/write_mem_data_reg[15]

  Ref  DFF        Name(Last) r:/WORK/g03_top_IO/u_g03_soc/u_perips_top/u_uart_debug/write_mem_data_reg[16]
  Impl DFF        Name(Last) i:/WORK/g03_top_IO/u_g03_soc/u_perips_top/u_uart_debug/write_mem_data_reg[16]

  Ref  DFF        Name(Last) r:/WORK/g03_top_IO/u_g03_soc/u_perips_top/u_uart_debug/write_mem_data_reg[17]
  Impl DFF        Name(Last) i:/WORK/g03_top_IO/u_g03_soc/u_perips_top/u_uart_debug/write_mem_data_reg[17]

  Ref  DFF        Name(Last) r:/WORK/g03_top_IO/u_g03_soc/u_perips_top/u_uart_debug/write_mem_data_reg[18]
  Impl DFF        Name(Last) i:/WORK/g03_top_IO/u_g03_soc/u_perips_top/u_uart_debug/write_mem_data_reg[18]

  Ref  DFF        Name(Last) r:/WORK/g03_top_IO/u_g03_soc/u_perips_top/u_uart_debug/write_mem_data_reg[19]
  Impl DFF        Name(Last) i:/WORK/g03_top_IO/u_g03_soc/u_perips_top/u_uart_debug/write_mem_data_reg[19]

  Ref  DFF        Name(Last) r:/WORK/g03_top_IO/u_g03_soc/u_perips_top/u_uart_debug/write_mem_data_reg[1]
  Impl DFF        Name(Last) i:/WORK/g03_top_IO/u_g03_soc/u_perips_top/u_uart_debug/write_mem_data_reg[1]

  Ref  DFF        Name(Last) r:/WORK/g03_top_IO/u_g03_soc/u_perips_top/u_uart_debug/write_mem_data_reg[20]
  Impl DFF        Name(Last) i:/WORK/g03_top_IO/u_g03_soc/u_perips_top/u_uart_debug/write_mem_data_reg[20]

  Ref  DFF        Name(Last) r:/WORK/g03_top_IO/u_g03_soc/u_perips_top/u_uart_debug/write_mem_data_reg[21]
  Impl DFF        Name(Last) i:/WORK/g03_top_IO/u_g03_soc/u_perips_top/u_uart_debug/write_mem_data_reg[21]

  Ref  DFF        Name(Last) r:/WORK/g03_top_IO/u_g03_soc/u_perips_top/u_uart_debug/write_mem_data_reg[22]
  Impl DFF        Name(Last) i:/WORK/g03_top_IO/u_g03_soc/u_perips_top/u_uart_debug/write_mem_data_reg[22]

  Ref  DFF        Name(Last) r:/WORK/g03_top_IO/u_g03_soc/u_perips_top/u_uart_debug/write_mem_data_reg[23]
  Impl DFF        Name(Last) i:/WORK/g03_top_IO/u_g03_soc/u_perips_top/u_uart_debug/write_mem_data_reg[23]

  Ref  DFF        Name(Last) r:/WORK/g03_top_IO/u_g03_soc/u_perips_top/u_uart_debug/write_mem_data_reg[24]
  Impl DFF        Name(Last) i:/WORK/g03_top_IO/u_g03_soc/u_perips_top/u_uart_debug/write_mem_data_reg[24]

  Ref  DFF        Name(Last) r:/WORK/g03_top_IO/u_g03_soc/u_perips_top/u_uart_debug/write_mem_data_reg[25]
  Impl DFF        Name(Last) i:/WORK/g03_top_IO/u_g03_soc/u_perips_top/u_uart_debug/write_mem_data_reg[25]

  Ref  DFF        Name(Last) r:/WORK/g03_top_IO/u_g03_soc/u_perips_top/u_uart_debug/write_mem_data_reg[26]
  Impl DFF        Name(Last) i:/WORK/g03_top_IO/u_g03_soc/u_perips_top/u_uart_debug/write_mem_data_reg[26]

  Ref  DFF        Name(Last) r:/WORK/g03_top_IO/u_g03_soc/u_perips_top/u_uart_debug/write_mem_data_reg[27]
  Impl DFF        Name(Last) i:/WORK/g03_top_IO/u_g03_soc/u_perips_top/u_uart_debug/write_mem_data_reg[27]

  Ref  DFF        Name(Last) r:/WORK/g03_top_IO/u_g03_soc/u_perips_top/u_uart_debug/write_mem_data_reg[28]
  Impl DFF        Name(Last) i:/WORK/g03_top_IO/u_g03_soc/u_perips_top/u_uart_debug/write_mem_data_reg[28]

  Ref  DFF        Name(Last) r:/WORK/g03_top_IO/u_g03_soc/u_perips_top/u_uart_debug/write_mem_data_reg[29]
  Impl DFF        Name(Last) i:/WORK/g03_top_IO/u_g03_soc/u_perips_top/u_uart_debug/write_mem_data_reg[29]

  Ref  DFF        Name(Last) r:/WORK/g03_top_IO/u_g03_soc/u_perips_top/u_uart_debug/write_mem_data_reg[2]
  Impl DFF        Name(Last) i:/WORK/g03_top_IO/u_g03_soc/u_perips_top/u_uart_debug/write_mem_data_reg[2]

  Ref  DFF        Name(Last) r:/WORK/g03_top_IO/u_g03_soc/u_perips_top/u_uart_debug/write_mem_data_reg[30]
  Impl DFF        Name(Last) i:/WORK/g03_top_IO/u_g03_soc/u_perips_top/u_uart_debug/write_mem_data_reg[30]

  Ref  DFF        Name(Last) r:/WORK/g03_top_IO/u_g03_soc/u_perips_top/u_uart_debug/write_mem_data_reg[31]
  Impl DFF        Name(Last) i:/WORK/g03_top_IO/u_g03_soc/u_perips_top/u_uart_debug/write_mem_data_reg[31]

  Ref  DFF        Name(Last) r:/WORK/g03_top_IO/u_g03_soc/u_perips_top/u_uart_debug/write_mem_data_reg[3]
  Impl DFF        Name(Last) i:/WORK/g03_top_IO/u_g03_soc/u_perips_top/u_uart_debug/write_mem_data_reg[3]

  Ref  DFF        Name(Last) r:/WORK/g03_top_IO/u_g03_soc/u_perips_top/u_uart_debug/write_mem_data_reg[4]
  Impl DFF        Name(Last) i:/WORK/g03_top_IO/u_g03_soc/u_perips_top/u_uart_debug/write_mem_data_reg[4]

  Ref  DFF        Name(Last) r:/WORK/g03_top_IO/u_g03_soc/u_perips_top/u_uart_debug/write_mem_data_reg[5]
  Impl DFF        Name(Last) i:/WORK/g03_top_IO/u_g03_soc/u_perips_top/u_uart_debug/write_mem_data_reg[5]

  Ref  DFF        Name(Last) r:/WORK/g03_top_IO/u_g03_soc/u_perips_top/u_uart_debug/write_mem_data_reg[6]
  Impl DFF        Name(Last) i:/WORK/g03_top_IO/u_g03_soc/u_perips_top/u_uart_debug/write_mem_data_reg[6]

  Ref  DFF        Name(Last) r:/WORK/g03_top_IO/u_g03_soc/u_perips_top/u_uart_debug/write_mem_data_reg[7]
  Impl DFF        Name(Last) i:/WORK/g03_top_IO/u_g03_soc/u_perips_top/u_uart_debug/write_mem_data_reg[7]

  Ref  DFF        Name(Last) r:/WORK/g03_top_IO/u_g03_soc/u_perips_top/u_uart_debug/write_mem_data_reg[8]
  Impl DFF        Name(Last) i:/WORK/g03_top_IO/u_g03_soc/u_perips_top/u_uart_debug/write_mem_data_reg[8]

  Ref  DFF        Name(Last) r:/WORK/g03_top_IO/u_g03_soc/u_perips_top/u_uart_debug/write_mem_data_reg[9]
  Impl DFF        Name(Last) i:/WORK/g03_top_IO/u_g03_soc/u_perips_top/u_uart_debug/write_mem_data_reg[9]

  Ref  DFF        Name(Last) r:/WORK/g03_top_IO/u_g03_soc/u_rst_ctrl/ext_rst_sync/ticks_sync[0].dp_is_0.rst_0_dff/qout_r_reg[0]
  Impl DFF        Name(Last) i:/WORK/g03_top_IO/u_g03_soc/u_rst_ctrl/ext_rst_sync/ticks_sync[0].dp_is_0.rst_0_dff/qout_r_reg[0]

  Ref  DFF        Name(Last) r:/WORK/g03_top_IO/u_g03_soc/u_rst_ctrl/ext_rst_sync/ticks_sync[1].dp_is_not_0.rst_0_dff/qout_r_reg[0]
  Impl DFF        Name(Last) i:/WORK/g03_top_IO/u_g03_soc/u_rst_ctrl/ext_rst_sync/ticks_sync[1].dp_is_not_0.rst_0_dff/qout_r_reg[0]

  Ref  BBPin      Name(Last) r:/WORK/g03_top_IO/mclk/DS\*unread\*/IN
  Impl BBPin      Name(Last) i:/WORK/g03_top_IO/mclk/DS\*unread\*/IN

  Ref  BBPin      Name(Last) r:/WORK/g03_top_IO/mclk/PE\*unread\*/IN
  Impl BBPin      Name(Last) i:/WORK/g03_top_IO/mclk/PE\*unread\*/IN

  Ref  BBPin      Name(Last) r:/WORK/g03_top_IO/mfpga_mem_in0/DS\*unread\*/IN
  Impl BBPin      Name(Last) i:/WORK/g03_top_IO/mfpga_mem_in0/DS\*unread\*/IN

  Ref  BBPin      Name(Last) r:/WORK/g03_top_IO/mfpga_mem_in0/PE\*unread\*/IN
  Impl BBPin      Name(Last) i:/WORK/g03_top_IO/mfpga_mem_in0/PE\*unread\*/IN

  Ref  BBPin      Name(Last) r:/WORK/g03_top_IO/mfpga_mem_in1/DS\*unread\*/IN
  Impl BBPin      Name(Last) i:/WORK/g03_top_IO/mfpga_mem_in1/DS\*unread\*/IN

  Ref  BBPin      Name(Last) r:/WORK/g03_top_IO/mfpga_mem_in1/PE\*unread\*/IN
  Impl BBPin      Name(Last) i:/WORK/g03_top_IO/mfpga_mem_in1/PE\*unread\*/IN

  Ref  BBPin      Name(Last) r:/WORK/g03_top_IO/mfpga_mem_in2/DS\*unread\*/IN
  Impl BBPin      Name(Last) i:/WORK/g03_top_IO/mfpga_mem_in2/DS\*unread\*/IN

  Ref  BBPin      Name(Last) r:/WORK/g03_top_IO/mfpga_mem_in2/PE\*unread\*/IN
  Impl BBPin      Name(Last) i:/WORK/g03_top_IO/mfpga_mem_in2/PE\*unread\*/IN

  Ref  BBPin      Name(Last) r:/WORK/g03_top_IO/mfpga_mem_in3/DS\*unread\*/IN
  Impl BBPin      Name(Last) i:/WORK/g03_top_IO/mfpga_mem_in3/DS\*unread\*/IN

  Ref  BBPin      Name(Last) r:/WORK/g03_top_IO/mfpga_mem_in3/PE\*unread\*/IN
  Impl BBPin      Name(Last) i:/WORK/g03_top_IO/mfpga_mem_in3/PE\*unread\*/IN

  Ref  BBPin      Name(Last) r:/WORK/g03_top_IO/mfpga_mem_in4/DS\*unread\*/IN
  Impl BBPin      Name(Last) i:/WORK/g03_top_IO/mfpga_mem_in4/DS\*unread\*/IN

  Ref  BBPin      Name(Last) r:/WORK/g03_top_IO/mfpga_mem_in4/PE\*unread\*/IN
  Impl BBPin      Name(Last) i:/WORK/g03_top_IO/mfpga_mem_in4/PE\*unread\*/IN

  Ref  BBPin      Name(Last) r:/WORK/g03_top_IO/mfpga_mem_in5/DS\*unread\*/IN
  Impl BBPin      Name(Last) i:/WORK/g03_top_IO/mfpga_mem_in5/DS\*unread\*/IN

  Ref  BBPin      Name(Last) r:/WORK/g03_top_IO/mfpga_mem_in5/PE\*unread\*/IN
  Impl BBPin      Name(Last) i:/WORK/g03_top_IO/mfpga_mem_in5/PE\*unread\*/IN

  Ref  BBPin      Name(Last) r:/WORK/g03_top_IO/mfpga_mem_in6/DS\*unread\*/IN
  Impl BBPin      Name(Last) i:/WORK/g03_top_IO/mfpga_mem_in6/DS\*unread\*/IN

  Ref  BBPin      Name(Last) r:/WORK/g03_top_IO/mfpga_mem_in6/PE\*unread\*/IN
  Impl BBPin      Name(Last) i:/WORK/g03_top_IO/mfpga_mem_in6/PE\*unread\*/IN

  Ref  BBPin      Name(Last) r:/WORK/g03_top_IO/mfpga_mem_in7/DS\*unread\*/IN
  Impl BBPin      Name(Last) i:/WORK/g03_top_IO/mfpga_mem_in7/DS\*unread\*/IN

  Ref  BBPin      Name(Last) r:/WORK/g03_top_IO/mfpga_mem_in7/PE\*unread\*/IN
  Impl BBPin      Name(Last) i:/WORK/g03_top_IO/mfpga_mem_in7/PE\*unread\*/IN

  Ref  BBPin      Name(Last) r:/WORK/g03_top_IO/mfpga_mem_out0/DS\*unread\*/IN
  Impl BBPin      Name(Last) i:/WORK/g03_top_IO/mfpga_mem_out0/DS\*unread\*/IN

  Ref  BBPin      Name(Last) r:/WORK/g03_top_IO/mfpga_mem_out0/PE\*unread\*/IN
  Impl BBPin      Name(Last) i:/WORK/g03_top_IO/mfpga_mem_out0/PE\*unread\*/IN

  Ref  BBPin      Name(Last) r:/WORK/g03_top_IO/mfpga_mem_out1/DS\*unread\*/IN
  Impl BBPin      Name(Last) i:/WORK/g03_top_IO/mfpga_mem_out1/DS\*unread\*/IN

  Ref  BBPin      Name(Last) r:/WORK/g03_top_IO/mfpga_mem_out1/PE\*unread\*/IN
  Impl BBPin      Name(Last) i:/WORK/g03_top_IO/mfpga_mem_out1/PE\*unread\*/IN

  Ref  BBPin      Name(Last) r:/WORK/g03_top_IO/mfpga_mem_out2/DS\*unread\*/IN
  Impl BBPin      Name(Last) i:/WORK/g03_top_IO/mfpga_mem_out2/DS\*unread\*/IN

  Ref  BBPin      Name(Last) r:/WORK/g03_top_IO/mfpga_mem_out2/PE\*unread\*/IN
  Impl BBPin      Name(Last) i:/WORK/g03_top_IO/mfpga_mem_out2/PE\*unread\*/IN

  Ref  BBPin      Name(Last) r:/WORK/g03_top_IO/mfpga_mem_out3/DS\*unread\*/IN
  Impl BBPin      Name(Last) i:/WORK/g03_top_IO/mfpga_mem_out3/DS\*unread\*/IN

  Ref  BBPin      Name(Last) r:/WORK/g03_top_IO/mfpga_mem_out3/PE\*unread\*/IN
  Impl BBPin      Name(Last) i:/WORK/g03_top_IO/mfpga_mem_out3/PE\*unread\*/IN

  Ref  BBPin      Name(Last) r:/WORK/g03_top_IO/mfpga_mem_out4/DS\*unread\*/IN
  Impl BBPin      Name(Last) i:/WORK/g03_top_IO/mfpga_mem_out4/DS\*unread\*/IN

  Ref  BBPin      Name(Last) r:/WORK/g03_top_IO/mfpga_mem_out4/PE\*unread\*/IN
  Impl BBPin      Name(Last) i:/WORK/g03_top_IO/mfpga_mem_out4/PE\*unread\*/IN

  Ref  BBPin      Name(Last) r:/WORK/g03_top_IO/mfpga_mem_out5/DS\*unread\*/IN
  Impl BBPin      Name(Last) i:/WORK/g03_top_IO/mfpga_mem_out5/DS\*unread\*/IN

  Ref  BBPin      Name(Last) r:/WORK/g03_top_IO/mfpga_mem_out5/PE\*unread\*/IN
  Impl BBPin      Name(Last) i:/WORK/g03_top_IO/mfpga_mem_out5/PE\*unread\*/IN

  Ref  BBPin      Name(Last) r:/WORK/g03_top_IO/mfpga_mem_out6/DS\*unread\*/IN
  Impl BBPin      Name(Last) i:/WORK/g03_top_IO/mfpga_mem_out6/DS\*unread\*/IN

  Ref  BBPin      Name(Last) r:/WORK/g03_top_IO/mfpga_mem_out6/PE\*unread\*/IN
  Impl BBPin      Name(Last) i:/WORK/g03_top_IO/mfpga_mem_out6/PE\*unread\*/IN

  Ref  BBPin      Name(Last) r:/WORK/g03_top_IO/mfpga_mem_out7/DS\*unread\*/IN
  Impl BBPin      Name(Last) i:/WORK/g03_top_IO/mfpga_mem_out7/DS\*unread\*/IN

  Ref  BBPin      Name(Last) r:/WORK/g03_top_IO/mfpga_mem_out7/PE\*unread\*/IN
  Impl BBPin      Name(Last) i:/WORK/g03_top_IO/mfpga_mem_out7/PE\*unread\*/IN

  Ref  BBPin      Name(Last) r:/WORK/g03_top_IO/mpwm0/DS\*unread\*/IN
  Impl BBPin      Name(Last) i:/WORK/g03_top_IO/mpwm0/DS\*unread\*/IN

  Ref  BBPin      Name(Last) r:/WORK/g03_top_IO/mpwm0/PE\*unread\*/IN
  Impl BBPin      Name(Last) i:/WORK/g03_top_IO/mpwm0/PE\*unread\*/IN

  Ref  BBPin      Name(Last) r:/WORK/g03_top_IO/mpwm1/DS\*unread\*/IN
  Impl BBPin      Name(Last) i:/WORK/g03_top_IO/mpwm1/DS\*unread\*/IN

  Ref  BBPin      Name(Last) r:/WORK/g03_top_IO/mpwm1/PE\*unread\*/IN
  Impl BBPin      Name(Last) i:/WORK/g03_top_IO/mpwm1/PE\*unread\*/IN

  Ref  BBPin      Name(Last) r:/WORK/g03_top_IO/mpwm2/DS\*unread\*/IN
  Impl BBPin      Name(Last) i:/WORK/g03_top_IO/mpwm2/DS\*unread\*/IN

  Ref  BBPin      Name(Last) r:/WORK/g03_top_IO/mpwm2/PE\*unread\*/IN
  Impl BBPin      Name(Last) i:/WORK/g03_top_IO/mpwm2/PE\*unread\*/IN

  Ref  BBPin      Name(Last) r:/WORK/g03_top_IO/mpwm3/DS\*unread\*/IN
  Impl BBPin      Name(Last) i:/WORK/g03_top_IO/mpwm3/DS\*unread\*/IN

  Ref  BBPin      Name(Last) r:/WORK/g03_top_IO/mpwm3/PE\*unread\*/IN
  Impl BBPin      Name(Last) i:/WORK/g03_top_IO/mpwm3/PE\*unread\*/IN

  Ref  BBPin      Name(Last) r:/WORK/g03_top_IO/mrst/DS\*unread\*/IN
  Impl BBPin      Name(Last) i:/WORK/g03_top_IO/mrst/DS\*unread\*/IN

  Ref  BBPin      Name(Last) r:/WORK/g03_top_IO/mrst/PE\*unread\*/IN
  Impl BBPin      Name(Last) i:/WORK/g03_top_IO/mrst/PE\*unread\*/IN

  Ref  BBPin      Name(Last) r:/WORK/g03_top_IO/mscl/DS\*unread\*/IN
  Impl BBPin      Name(Last) i:/WORK/g03_top_IO/mscl/DS\*unread\*/IN

  Ref  BBPin      Name(Last) r:/WORK/g03_top_IO/mscl/PE\*unread\*/IN
  Impl BBPin      Name(Last) i:/WORK/g03_top_IO/mscl/PE\*unread\*/IN

  Ref  BBPin      Name(Last) r:/WORK/g03_top_IO/msda/DS\*unread\*/IN
  Impl BBPin      Name(Last) i:/WORK/g03_top_IO/msda/DS\*unread\*/IN

  Ref  BBPin      Name(Last) r:/WORK/g03_top_IO/msda/PE\*unread\*/IN
  Impl BBPin      Name(Last) i:/WORK/g03_top_IO/msda/PE\*unread\*/IN

  Ref  BBPin      Name(Last) r:/WORK/g03_top_IO/msel0/DS\*unread\*/IN
  Impl BBPin      Name(Last) i:/WORK/g03_top_IO/msel0/DS\*unread\*/IN

  Ref  BBPin      Name(Last) r:/WORK/g03_top_IO/msel0/PE\*unread\*/IN
  Impl BBPin      Name(Last) i:/WORK/g03_top_IO/msel0/PE\*unread\*/IN

  Ref  BBPin      Name(Last) r:/WORK/g03_top_IO/msel1/DS\*unread\*/IN
  Impl BBPin      Name(Last) i:/WORK/g03_top_IO/msel1/DS\*unread\*/IN

  Ref  BBPin      Name(Last) r:/WORK/g03_top_IO/msel1/PE\*unread\*/IN
  Impl BBPin      Name(Last) i:/WORK/g03_top_IO/msel1/PE\*unread\*/IN

  Ref  BBPin      Name(Last) r:/WORK/g03_top_IO/msucc/DS\*unread\*/IN
  Impl BBPin      Name(Last) i:/WORK/g03_top_IO/msucc/DS\*unread\*/IN

  Ref  BBPin      Name(Last) r:/WORK/g03_top_IO/msucc/PE\*unread\*/IN
  Impl BBPin      Name(Last) i:/WORK/g03_top_IO/msucc/PE\*unread\*/IN

  Ref  BBPin      Name(Last) r:/WORK/g03_top_IO/muart_d/DS\*unread\*/IN
  Impl BBPin      Name(Last) i:/WORK/g03_top_IO/muart_d/DS\*unread\*/IN

  Ref  BBPin      Name(Last) r:/WORK/g03_top_IO/muart_d/PE\*unread\*/IN
  Impl BBPin      Name(Last) i:/WORK/g03_top_IO/muart_d/PE\*unread\*/IN

  Ref  BBPin      Name(Last) r:/WORK/g03_top_IO/muart_rx/DS\*unread\*/IN
  Impl BBPin      Name(Last) i:/WORK/g03_top_IO/muart_rx/DS\*unread\*/IN

  Ref  BBPin      Name(Last) r:/WORK/g03_top_IO/muart_rx/PE\*unread\*/IN
  Impl BBPin      Name(Last) i:/WORK/g03_top_IO/muart_rx/PE\*unread\*/IN

  Ref  BBPin      Name(Last) r:/WORK/g03_top_IO/muart_tx/DS\*unread\*/IN
  Impl BBPin      Name(Last) i:/WORK/g03_top_IO/muart_tx/DS\*unread\*/IN

  Ref  BBPin      Name(Last) r:/WORK/g03_top_IO/muart_tx/PE\*unread\*/IN
  Impl BBPin      Name(Last) i:/WORK/g03_top_IO/muart_tx/PE\*unread\*/IN

  Ref  BBNet      Name(Last) r:/WORK/g03_top_IO/i2c_scl
  Impl BBNet      Name(Last) i:/WORK/g03_top_IO/i2c_scl

  Ref  BBNet      Name(Last) r:/WORK/g03_top_IO/i2c_sda
  Impl BBNet      Name(Last) i:/WORK/g03_top_IO/i2c_sda

  Ref  Port       Name(Last) r:/WORK/g03_top_IO/bridge_rx_data_i[0]
  Impl Port       Name(Last) i:/WORK/g03_top_IO/bridge_rx_data_i[0]

  Ref  Port       Name(Last) r:/WORK/g03_top_IO/bridge_rx_data_i[1]
  Impl Port       Name(Last) i:/WORK/g03_top_IO/bridge_rx_data_i[1]

  Ref  Port       Name(Last) r:/WORK/g03_top_IO/bridge_rx_data_i[2]
  Impl Port       Name(Last) i:/WORK/g03_top_IO/bridge_rx_data_i[2]

  Ref  Port       Name(Last) r:/WORK/g03_top_IO/bridge_rx_data_i[3]
  Impl Port       Name(Last) i:/WORK/g03_top_IO/bridge_rx_data_i[3]

  Ref  Port       Name(Last) r:/WORK/g03_top_IO/bridge_rx_data_i[4]
  Impl Port       Name(Last) i:/WORK/g03_top_IO/bridge_rx_data_i[4]

  Ref  Port       Name(Last) r:/WORK/g03_top_IO/bridge_rx_data_i[5]
  Impl Port       Name(Last) i:/WORK/g03_top_IO/bridge_rx_data_i[5]

  Ref  Port       Name(Last) r:/WORK/g03_top_IO/bridge_rx_data_i[6]
  Impl Port       Name(Last) i:/WORK/g03_top_IO/bridge_rx_data_i[6]

  Ref  Port       Name(Last) r:/WORK/g03_top_IO/bridge_rx_data_i[7]
  Impl Port       Name(Last) i:/WORK/g03_top_IO/bridge_rx_data_i[7]

  Ref  Port       Name(Last) r:/WORK/g03_top_IO/bridge_tx_data_o[0]
  Impl Port       Name(Last) i:/WORK/g03_top_IO/bridge_tx_data_o[0]

  Ref  Port       Name(Last) r:/WORK/g03_top_IO/bridge_tx_data_o[1]
  Impl Port       Name(Last) i:/WORK/g03_top_IO/bridge_tx_data_o[1]

  Ref  Port       Name(Last) r:/WORK/g03_top_IO/bridge_tx_data_o[2]
  Impl Port       Name(Last) i:/WORK/g03_top_IO/bridge_tx_data_o[2]

  Ref  Port       Name(Last) r:/WORK/g03_top_IO/bridge_tx_data_o[3]
  Impl Port       Name(Last) i:/WORK/g03_top_IO/bridge_tx_data_o[3]

  Ref  Port       Name(Last) r:/WORK/g03_top_IO/bridge_tx_data_o[4]
  Impl Port       Name(Last) i:/WORK/g03_top_IO/bridge_tx_data_o[4]

  Ref  Port       Name(Last) r:/WORK/g03_top_IO/bridge_tx_data_o[5]
  Impl Port       Name(Last) i:/WORK/g03_top_IO/bridge_tx_data_o[5]

  Ref  Port       Name(Last) r:/WORK/g03_top_IO/bridge_tx_data_o[6]
  Impl Port       Name(Last) i:/WORK/g03_top_IO/bridge_tx_data_o[6]

  Ref  Port       Name(Last) r:/WORK/g03_top_IO/bridge_tx_data_o[7]
  Impl Port       Name(Last) i:/WORK/g03_top_IO/bridge_tx_data_o[7]

  Ref  Port       Name(Last) r:/WORK/g03_top_IO/chip_sel_i[0]
  Impl Port       Name(Last) i:/WORK/g03_top_IO/chip_sel_i[0]

  Ref  Port       Name(Last) r:/WORK/g03_top_IO/chip_sel_i[1]
  Impl Port       Name(Last) i:/WORK/g03_top_IO/chip_sel_i[1]

  Ref  Port       Name(Last) r:/WORK/g03_top_IO/clk
  Impl Port       Name(Last) i:/WORK/g03_top_IO/clk

  Ref  Port       Name(Last) r:/WORK/g03_top_IO/debug_en_i
  Impl Port       Name(Last) i:/WORK/g03_top_IO/debug_en_i

  Ref  Port       Name(Last) r:/WORK/g03_top_IO/i2c_scl
  Impl Port       Name(Last) i:/WORK/g03_top_IO/i2c_scl

  Ref  Port       Name(Last) r:/WORK/g03_top_IO/i2c_sda
  Impl Port       Name(Last) i:/WORK/g03_top_IO/i2c_sda

  Ref  Port       Name(Last) r:/WORK/g03_top_IO/pwm_o[0]
  Impl Port       Name(Last) i:/WORK/g03_top_IO/pwm_o[0]

  Ref  Port       Name(Last) r:/WORK/g03_top_IO/pwm_o[1]
  Impl Port       Name(Last) i:/WORK/g03_top_IO/pwm_o[1]

  Ref  Port       Name(Last) r:/WORK/g03_top_IO/pwm_o[2]
  Impl Port       Name(Last) i:/WORK/g03_top_IO/pwm_o[2]

  Ref  Port       Name(Last) r:/WORK/g03_top_IO/pwm_o[3]
  Impl Port       Name(Last) i:/WORK/g03_top_IO/pwm_o[3]

  Ref  Port       Name(Last) r:/WORK/g03_top_IO/rst_n_i
  Impl Port       Name(Last) i:/WORK/g03_top_IO/rst_n_i

  Ref  Port       Name(Last) r:/WORK/g03_top_IO/succ
  Impl Port       Name(Last) i:/WORK/g03_top_IO/succ

  Ref  Port       Name(Last) r:/WORK/g03_top_IO/uart_rx_i
  Impl Port       Name(Last) i:/WORK/g03_top_IO/uart_rx_i

  Ref  Port       Name(Last) r:/WORK/g03_top_IO/uart_tx_o
  Impl Port       Name(Last) i:/WORK/g03_top_IO/uart_tx_o

 [BBNet: multiply-driven net
  BBox:  black-box
  BBPin: black-box pin
  Block: hierarchical block
  BlPin: hierarchical block pin
  Cut:   cut-point
  DFF:   non-constant DFF register
  DFF0:  constant 0 DFF register
  DFF1:  constant 1 DFF register
  DFFX:  constant X DFF register
  DFF0X: constrained 0X DFF register
  DFF1X: constrained 1X DFF register
  LAT:   non-constant latch register
  LAT0:  constant 0 latch register
  LAT1:  constant 1 latch register
  LATX:  constant X latch register
  LAT0X: constrained 0X latch register
  LAT1X: constrained 1X latch register
  LATCG: clock-gating latch register
  TLA:   transparent latch register
  TLA0X: transparent constrained 0X latch register
  TLA1X: transparent constrained 1X latch register
  Loop:  cycle break point
  Net:   matchable net
  Port:  primary (top-level) port
  Und:   undriven signal cut-point
  Unk:   unknown signal cut-point

  Func:  matched by function
  Name:  matched by name
  Topo:  matched by topology
  User:  matched by user

  Last:  matched during most recent matching]

1
